# Blender 4.4.3
# www.blender.org
mtllib Arrow.mtl
o Cylinder
v 0.000000 0.151119 -0.545705
v 0.000000 0.168000 -0.491135
v 0.000000 0.151384 -0.545699
v 0.000000 0.151649 -0.545679
v 0.000000 0.151914 -0.545645
v 0.000000 0.152179 -0.545598
v 0.000000 0.152443 -0.545537
v 0.000000 0.152708 -0.545463
v 0.000000 0.152971 -0.545376
v 0.000000 0.153235 -0.545275
v 0.000000 0.153497 -0.545161
v 0.000000 0.153760 -0.545034
v 0.000000 0.154021 -0.544893
v 0.000000 0.154282 -0.544739
v 0.000000 0.154542 -0.544572
v 0.000000 0.154801 -0.544391
v 0.000000 0.155060 -0.544198
v 0.000000 0.155317 -0.543991
v 0.000000 0.155573 -0.543771
v 0.000000 0.155829 -0.543539
v 0.000000 0.156083 -0.543293
v 0.000000 0.156336 -0.543035
v 0.000000 0.156587 -0.542763
v 0.000000 0.156837 -0.542479
v 0.000000 0.157086 -0.542183
v 0.000000 0.157333 -0.541873
v 0.000000 0.157579 -0.541552
v 0.000000 0.157823 -0.541217
v 0.000000 0.158066 -0.540871
v 0.000000 0.158307 -0.540512
v 0.000000 0.158546 -0.540141
v 0.000000 0.158783 -0.539758
v 0.000000 0.159018 -0.539363
v 0.000000 0.159252 -0.538956
v 0.000000 0.159483 -0.538537
v 0.000000 0.159712 -0.538106
v 0.000000 0.159939 -0.537664
v 0.000000 0.160164 -0.537210
v 0.000000 0.160387 -0.536745
v 0.000000 0.160608 -0.536269
v 0.000000 0.160826 -0.535782
v 0.000000 0.161041 -0.535283
v 0.000000 0.161255 -0.534774
v 0.000000 0.161466 -0.534254
v 0.000000 0.161674 -0.533723
v 0.000000 0.161879 -0.533182
v 0.000000 0.162082 -0.532631
v 0.000000 0.162283 -0.532069
v 0.000000 0.162480 -0.531497
v 0.000000 0.162675 -0.530915
v 0.000000 0.162867 -0.530324
v 0.000000 0.163056 -0.529722
v 0.000000 0.163242 -0.529111
v 0.000000 0.163425 -0.528491
v 0.000000 0.163605 -0.527862
v 0.000000 0.163782 -0.527223
v 0.000000 0.163956 -0.526576
v 0.000000 0.164126 -0.525919
v 0.000000 0.164294 -0.525255
v 0.000000 0.164458 -0.524582
v 0.000000 0.164619 -0.523900
v 0.000000 0.164776 -0.523211
v 0.000000 0.164930 -0.522513
v 0.000000 0.165081 -0.521808
v 0.000000 0.165228 -0.521095
v 0.000000 0.165372 -0.520375
v 0.000000 0.165513 -0.519648
v 0.000000 0.165649 -0.518914
v 0.000000 0.165783 -0.518172
v 0.000000 0.165912 -0.517425
v 0.000000 0.166038 -0.516670
v 0.000000 0.166160 -0.515909
v 0.000000 0.166279 -0.515143
v 0.000000 0.166394 -0.514370
v 0.000000 0.166505 -0.513592
v 0.000000 0.166612 -0.512808
v 0.000000 0.166715 -0.512018
v 0.000000 0.166815 -0.511224
v 0.000000 0.166910 -0.510424
v 0.000000 0.167002 -0.509620
v 0.000000 0.167090 -0.508811
v 0.000000 0.167174 -0.507998
v 0.000000 0.167254 -0.507181
v 0.000000 0.167330 -0.506360
v 0.000000 0.167402 -0.505535
v 0.000000 0.167470 -0.504706
v 0.000000 0.167534 -0.503874
v 0.000000 0.167594 -0.503039
v 0.000000 0.167649 -0.502201
v 0.000000 0.167701 -0.501360
v 0.000000 0.167749 -0.500517
v 0.000000 0.167792 -0.499672
v 0.000000 0.167832 -0.498824
v 0.000000 0.167867 -0.497974
v 0.000000 0.167898 -0.497123
v 0.000000 0.167925 -0.496270
v 0.000000 0.167948 -0.495416
v 0.000000 0.167967 -0.494561
v 0.000000 0.167981 -0.493706
v 0.000000 0.167992 -0.492849
v 0.000000 0.167998 -0.491992
v 0.000000 0.151119 0.545706
v 0.000000 0.168000 0.491135
v 0.000000 0.151384 0.545699
v 0.000000 0.151649 0.545679
v 0.000000 0.151914 0.545645
v 0.000000 0.152179 0.545598
v 0.000000 0.152443 0.545537
v 0.000000 0.152707 0.545463
v 0.000000 0.152971 0.545376
v 0.000000 0.153234 0.545275
v 0.000000 0.153497 0.545161
v 0.000000 0.153759 0.545034
v 0.000000 0.154021 0.544893
v 0.000000 0.154282 0.544739
v 0.000000 0.154542 0.544572
v 0.000000 0.154801 0.544391
v 0.000000 0.155059 0.544198
v 0.000000 0.155317 0.543991
v 0.000000 0.155573 0.543772
v 0.000000 0.155828 0.543539
v 0.000000 0.156082 0.543293
v 0.000000 0.156335 0.543035
v 0.000000 0.156587 0.542763
v 0.000000 0.156837 0.542479
v 0.000000 0.157086 0.542183
v 0.000000 0.157333 0.541873
v 0.000000 0.157579 0.541552
v 0.000000 0.157823 0.541217
v 0.000000 0.158065 0.540871
v 0.000000 0.158306 0.540512
v 0.000000 0.158545 0.540141
v 0.000000 0.158782 0.539758
v 0.000000 0.159018 0.539363
v 0.000000 0.159251 0.538956
v 0.000000 0.159483 0.538537
v 0.000000 0.159712 0.538106
v 0.000000 0.159939 0.537664
v 0.000000 0.160164 0.537211
v 0.000000 0.160387 0.536745
v 0.000000 0.160607 0.536269
v 0.000000 0.160825 0.535782
v 0.000000 0.161041 0.535284
v 0.000000 0.161254 0.534774
v 0.000000 0.161465 0.534254
v 0.000000 0.161673 0.533724
v 0.000000 0.161879 0.533182
v 0.000000 0.162082 0.532631
v 0.000000 0.162282 0.532069
v 0.000000 0.162480 0.531497
v 0.000000 0.162675 0.530915
v 0.000000 0.162866 0.530324
v 0.000000 0.163055 0.529722
v 0.000000 0.163241 0.529111
v 0.000000 0.163424 0.528491
v 0.000000 0.163604 0.527862
v 0.000000 0.163781 0.527223
v 0.000000 0.163955 0.526576
v 0.000000 0.164126 0.525920
v 0.000000 0.164293 0.525255
v 0.000000 0.164457 0.524582
v 0.000000 0.164618 0.523900
v 0.000000 0.164776 0.523211
v 0.000000 0.164930 0.522513
v 0.000000 0.165081 0.521808
v 0.000000 0.165228 0.521096
v 0.000000 0.165372 0.520375
v 0.000000 0.165512 0.519648
v 0.000000 0.165649 0.518914
v 0.000000 0.165782 0.518173
v 0.000000 0.165912 0.517425
v 0.000000 0.166038 0.516670
v 0.000000 0.166160 0.515910
v 0.000000 0.166278 0.515143
v 0.000000 0.166393 0.514370
v 0.000000 0.166504 0.513592
v 0.000000 0.166611 0.512808
v 0.000000 0.166715 0.512018
v 0.000000 0.166814 0.511224
v 0.000000 0.166910 0.510424
v 0.000000 0.167002 0.509620
v 0.000000 0.167090 0.508811
v 0.000000 0.167174 0.507998
v 0.000000 0.167254 0.507181
v 0.000000 0.167330 0.506360
v 0.000000 0.167402 0.505535
v 0.000000 0.167470 0.504706
v 0.000000 0.167533 0.503874
v 0.000000 0.167593 0.503039
v 0.000000 0.167649 0.502201
v 0.000000 0.167701 0.501361
v 0.000000 0.167748 0.500517
v 0.000000 0.167792 0.499672
v 0.000000 0.167831 0.498824
v 0.000000 0.167867 0.497975
v 0.000000 0.167898 0.497123
v 0.000000 0.167925 0.496271
v 0.000000 0.167948 0.495417
v 0.000000 0.167967 0.494562
v 0.000000 0.167981 0.493706
v 0.000000 0.167992 0.492849
v 0.000000 0.167998 0.491992
v 0.029482 0.148215 -0.545705
v 0.032775 0.164772 -0.491135
v 0.029534 0.148475 -0.545699
v 0.029585 0.148735 -0.545679
v 0.029637 0.148995 -0.545645
v 0.029689 0.149255 -0.545598
v 0.029740 0.149514 -0.545537
v 0.029792 0.149773 -0.545463
v 0.029843 0.150032 -0.545376
v 0.029895 0.150290 -0.545275
v 0.029946 0.150548 -0.545161
v 0.029997 0.150805 -0.545034
v 0.030048 0.151062 -0.544893
v 0.030099 0.151318 -0.544739
v 0.030150 0.151573 -0.544572
v 0.030200 0.151827 -0.544391
v 0.030251 0.152080 -0.544198
v 0.030301 0.152333 -0.543991
v 0.030351 0.152584 -0.543771
v 0.030401 0.152834 -0.543539
v 0.030450 0.153084 -0.543293
v 0.030499 0.153332 -0.543035
v 0.030549 0.153578 -0.542763
v 0.030597 0.153824 -0.542479
v 0.030646 0.154068 -0.542183
v 0.030694 0.154310 -0.541873
v 0.030742 0.154551 -0.541552
v 0.030790 0.154791 -0.541217
v 0.030837 0.155029 -0.540871
v 0.030884 0.155265 -0.540512
v 0.030931 0.155499 -0.540141
v 0.030977 0.155732 -0.539758
v 0.031023 0.155963 -0.539363
v 0.031068 0.156192 -0.538956
v 0.031114 0.156418 -0.538537
v 0.031158 0.156643 -0.538106
v 0.031203 0.156866 -0.537664
v 0.031246 0.157087 -0.537210
v 0.031290 0.157305 -0.536745
v 0.031333 0.157522 -0.536269
v 0.031376 0.157736 -0.535782
v 0.031418 0.157947 -0.535283
v 0.031459 0.158156 -0.534774
v 0.031500 0.158363 -0.534254
v 0.031541 0.158567 -0.533723
v 0.031581 0.158769 -0.533182
v 0.031621 0.158968 -0.532631
v 0.031660 0.159164 -0.532069
v 0.031698 0.159358 -0.531497
v 0.031736 0.159549 -0.530915
v 0.031774 0.159737 -0.530324
v 0.031811 0.159923 -0.529722
v 0.031847 0.160105 -0.529111
v 0.031883 0.160285 -0.528491
v 0.031918 0.160461 -0.527862
v 0.031952 0.160635 -0.527223
v 0.031986 0.160805 -0.526576
v 0.032019 0.160973 -0.525919
v 0.032052 0.161137 -0.525255
v 0.032084 0.161298 -0.524582
v 0.032115 0.161456 -0.523900
v 0.032146 0.161610 -0.523211
v 0.032176 0.161761 -0.522513
v 0.032206 0.161909 -0.521808
v 0.032234 0.162054 -0.521095
v 0.032262 0.162195 -0.520375
v 0.032290 0.162332 -0.519648
v 0.032317 0.162466 -0.518914
v 0.032343 0.162597 -0.518172
v 0.032368 0.162724 -0.517425
v 0.032392 0.162848 -0.516670
v 0.032416 0.162968 -0.515909
v 0.032439 0.163084 -0.515143
v 0.032462 0.163196 -0.514370
v 0.032483 0.163305 -0.513592
v 0.032504 0.163410 -0.512808
v 0.032524 0.163512 -0.512018
v 0.032544 0.163609 -0.511224
v 0.032563 0.163703 -0.510424
v 0.032580 0.163793 -0.509620
v 0.032598 0.163879 -0.508811
v 0.032614 0.163962 -0.507998
v 0.032630 0.164040 -0.507181
v 0.032644 0.164115 -0.506360
v 0.032658 0.164185 -0.505535
v 0.032672 0.164252 -0.504706
v 0.032684 0.164315 -0.503874
v 0.032696 0.164373 -0.503039
v 0.032707 0.164428 -0.502201
v 0.032717 0.164479 -0.501360
v 0.032726 0.164526 -0.500517
v 0.032735 0.164568 -0.499672
v 0.032742 0.164607 -0.498824
v 0.032749 0.164642 -0.497974
v 0.032755 0.164672 -0.497123
v 0.032761 0.164699 -0.496270
v 0.032765 0.164721 -0.495416
v 0.032769 0.164739 -0.494561
v 0.032772 0.164754 -0.493706
v 0.032774 0.164764 -0.492849
v 0.032775 0.164770 -0.491992
v 0.029482 0.148215 0.545706
v 0.032775 0.164772 0.491135
v 0.029534 0.148475 0.545699
v 0.029585 0.148735 0.545679
v 0.029637 0.148995 0.545645
v 0.029689 0.149254 0.545598
v 0.029740 0.149514 0.545537
v 0.029792 0.149773 0.545463
v 0.029843 0.150032 0.545376
v 0.029895 0.150290 0.545275
v 0.029946 0.150548 0.545161
v 0.029997 0.150805 0.545034
v 0.030048 0.151061 0.544893
v 0.030099 0.151317 0.544739
v 0.030150 0.151572 0.544572
v 0.030200 0.151827 0.544391
v 0.030251 0.152080 0.544198
v 0.030301 0.152332 0.543991
v 0.030351 0.152584 0.543772
v 0.030401 0.152834 0.543539
v 0.030450 0.153083 0.543293
v 0.030499 0.153331 0.543035
v 0.030549 0.153578 0.542763
v 0.030597 0.153823 0.542479
v 0.030646 0.154067 0.542183
v 0.030694 0.154310 0.541873
v 0.030742 0.154551 0.541552
v 0.030790 0.154790 0.541217
v 0.030837 0.155028 0.540871
v 0.030884 0.155264 0.540512
v 0.030931 0.155499 0.540141
v 0.030977 0.155732 0.539758
v 0.031023 0.155962 0.539363
v 0.031068 0.156191 0.538956
v 0.031114 0.156418 0.538537
v 0.031158 0.156643 0.538106
v 0.031203 0.156866 0.537664
v 0.031246 0.157086 0.537211
v 0.031290 0.157305 0.536745
v 0.031333 0.157521 0.536269
v 0.031376 0.157735 0.535782
v 0.031418 0.157947 0.535284
v 0.031459 0.158156 0.534774
v 0.031500 0.158363 0.534254
v 0.031541 0.158567 0.533724
v 0.031581 0.158769 0.533182
v 0.031621 0.158968 0.532631
v 0.031660 0.159164 0.532069
v 0.031698 0.159358 0.531497
v 0.031736 0.159549 0.530915
v 0.031774 0.159737 0.530324
v 0.031811 0.159922 0.529722
v 0.031847 0.160105 0.529111
v 0.031883 0.160284 0.528491
v 0.031918 0.160461 0.527862
v 0.031952 0.160634 0.527223
v 0.031986 0.160805 0.526576
v 0.032019 0.160972 0.525920
v 0.032052 0.161136 0.525255
v 0.032084 0.161297 0.524582
v 0.032115 0.161455 0.523900
v 0.032146 0.161610 0.523211
v 0.032176 0.161761 0.522513
v 0.032206 0.161909 0.521808
v 0.032234 0.162053 0.521096
v 0.032262 0.162194 0.520375
v 0.032290 0.162332 0.519648
v 0.032317 0.162466 0.518914
v 0.032343 0.162597 0.518173
v 0.032368 0.162724 0.517425
v 0.032392 0.162847 0.516670
v 0.032416 0.162967 0.515910
v 0.032439 0.163083 0.515143
v 0.032462 0.163196 0.514370
v 0.032483 0.163305 0.513592
v 0.032504 0.163410 0.512808
v 0.032524 0.163511 0.512018
v 0.032544 0.163609 0.511224
v 0.032563 0.163703 0.510424
v 0.032580 0.163793 0.509620
v 0.032598 0.163879 0.508811
v 0.032614 0.163961 0.507998
v 0.032630 0.164040 0.507181
v 0.032644 0.164114 0.506360
v 0.032658 0.164185 0.505535
v 0.032672 0.164252 0.504706
v 0.032684 0.164314 0.503874
v 0.032696 0.164373 0.503039
v 0.032707 0.164428 0.502201
v 0.032717 0.164478 0.501361
v 0.032726 0.164525 0.500517
v 0.032735 0.164568 0.499672
v 0.032742 0.164607 0.498824
v 0.032749 0.164641 0.497975
v 0.032755 0.164672 0.497123
v 0.032761 0.164698 0.496271
v 0.032765 0.164721 0.495417
v 0.032769 0.164739 0.494562
v 0.032772 0.164753 0.493706
v 0.032774 0.164764 0.492849
v 0.032775 0.164770 0.491992
v 0.057831 0.139616 -0.545705
v 0.064291 0.155212 -0.491135
v 0.057932 0.139861 -0.545699
v 0.058034 0.140106 -0.545679
v 0.058135 0.140350 -0.545645
v 0.058236 0.140595 -0.545598
v 0.058338 0.140839 -0.545537
v 0.058439 0.141083 -0.545463
v 0.058540 0.141327 -0.545376
v 0.058640 0.141570 -0.545275
v 0.058741 0.141813 -0.545161
v 0.058841 0.142055 -0.545034
v 0.058941 0.142297 -0.544893
v 0.059041 0.142538 -0.544739
v 0.059141 0.142778 -0.544572
v 0.059240 0.143018 -0.544391
v 0.059339 0.143257 -0.544198
v 0.059437 0.143494 -0.543991
v 0.059535 0.143731 -0.543771
v 0.059633 0.143967 -0.543539
v 0.059730 0.144202 -0.543293
v 0.059827 0.144435 -0.543035
v 0.059923 0.144668 -0.542763
v 0.060019 0.144899 -0.542479
v 0.060114 0.145129 -0.542183
v 0.060209 0.145357 -0.541873
v 0.060303 0.145584 -0.541552
v 0.060396 0.145810 -0.541217
v 0.060489 0.146034 -0.540871
v 0.060581 0.146256 -0.540512
v 0.060673 0.146477 -0.540141
v 0.060764 0.146696 -0.539758
v 0.060854 0.146914 -0.539363
v 0.060943 0.147129 -0.538956
v 0.061031 0.147343 -0.538537
v 0.061119 0.147555 -0.538106
v 0.061206 0.147765 -0.537664
v 0.061292 0.147973 -0.537210
v 0.061377 0.148178 -0.536745
v 0.061462 0.148382 -0.536269
v 0.061545 0.148584 -0.535782
v 0.061628 0.148783 -0.535283
v 0.061709 0.148980 -0.534774
v 0.061790 0.149175 -0.534254
v 0.061870 0.149367 -0.533723
v 0.061949 0.149557 -0.533182
v 0.062026 0.149745 -0.532631
v 0.062103 0.149930 -0.532069
v 0.062178 0.150112 -0.531497
v 0.062253 0.150292 -0.530915
v 0.062326 0.150469 -0.530324
v 0.062399 0.150644 -0.529722
v 0.062470 0.150816 -0.529111
v 0.062540 0.150985 -0.528491
v 0.062609 0.151151 -0.527862
v 0.062677 0.151315 -0.527223
v 0.062743 0.151475 -0.526576
v 0.062808 0.151633 -0.525919
v 0.062872 0.151787 -0.525255
v 0.062935 0.151939 -0.524582
v 0.062997 0.152088 -0.523900
v 0.063057 0.152233 -0.523211
v 0.063116 0.152376 -0.522513
v 0.063174 0.152515 -0.521808
v 0.063230 0.152651 -0.521095
v 0.063285 0.152784 -0.520375
v 0.063339 0.152914 -0.519648
v 0.063391 0.153040 -0.518914
v 0.063442 0.153163 -0.518172
v 0.063492 0.153283 -0.517425
v 0.063540 0.153399 -0.516670
v 0.063587 0.153512 -0.515909
v 0.063632 0.153622 -0.515143
v 0.063676 0.153728 -0.514370
v 0.063718 0.153830 -0.513592
v 0.063760 0.153929 -0.512808
v 0.063799 0.154025 -0.512018
v 0.063837 0.154117 -0.511224
v 0.063874 0.154205 -0.510424
v 0.063909 0.154290 -0.509620
v 0.063943 0.154371 -0.508811
v 0.063975 0.154449 -0.507998
v 0.064005 0.154522 -0.507181
v 0.064034 0.154593 -0.506360
v 0.064062 0.154659 -0.505535
v 0.064088 0.154722 -0.504706
v 0.064112 0.154781 -0.503874
v 0.064135 0.154836 -0.503039
v 0.064157 0.154888 -0.502201
v 0.064176 0.154936 -0.501360
v 0.064195 0.154980 -0.500517
v 0.064211 0.155020 -0.499672
v 0.064226 0.155056 -0.498824
v 0.064240 0.155089 -0.497974
v 0.064252 0.155118 -0.497123
v 0.064262 0.155143 -0.496270
v 0.064271 0.155164 -0.495416
v 0.064278 0.155181 -0.494561
v 0.064284 0.155195 -0.493706
v 0.064288 0.155204 -0.492849
v 0.064290 0.155210 -0.491992
v 0.057831 0.139615 0.545706
v 0.064291 0.155212 0.491135
v 0.057932 0.139860 0.545699
v 0.058034 0.140105 0.545679
v 0.058135 0.140350 0.545645
v 0.058236 0.140595 0.545598
v 0.058338 0.140839 0.545537
v 0.058439 0.141083 0.545463
v 0.058540 0.141327 0.545376
v 0.058640 0.141570 0.545275
v 0.058741 0.141813 0.545161
v 0.058841 0.142055 0.545034
v 0.058941 0.142297 0.544893
v 0.059041 0.142538 0.544739
v 0.059141 0.142778 0.544572
v 0.059240 0.143018 0.544391
v 0.059339 0.143256 0.544198
v 0.059437 0.143494 0.543991
v 0.059535 0.143731 0.543772
v 0.059633 0.143967 0.543539
v 0.059730 0.144201 0.543293
v 0.059827 0.144435 0.543035
v 0.059923 0.144667 0.542763
v 0.060019 0.144898 0.542479
v 0.060114 0.145128 0.542183
v 0.060209 0.145357 0.541873
v 0.060303 0.145584 0.541552
v 0.060396 0.145809 0.541217
v 0.060489 0.146033 0.540871
v 0.060581 0.146256 0.540512
v 0.060673 0.146477 0.540141
v 0.060764 0.146696 0.539758
v 0.060854 0.146913 0.539363
v 0.060943 0.147129 0.538956
v 0.061031 0.147343 0.538537
v 0.061119 0.147554 0.538106
v 0.061206 0.147764 0.537664
v 0.061292 0.147972 0.537211
v 0.061377 0.148178 0.536745
v 0.061462 0.148382 0.536269
v 0.061545 0.148583 0.535782
v 0.061628 0.148783 0.535284
v 0.061709 0.148980 0.534774
v 0.061790 0.149174 0.534254
v 0.061870 0.149367 0.533724
v 0.061949 0.149557 0.533182
v 0.062026 0.149744 0.532631
v 0.062103 0.149929 0.532069
v 0.062178 0.150112 0.531497
v 0.062253 0.150292 0.530915
v 0.062326 0.150469 0.530324
v 0.062399 0.150644 0.529722
v 0.062470 0.150815 0.529111
v 0.062540 0.150985 0.528491
v 0.062609 0.151151 0.527862
v 0.062677 0.151314 0.527223
v 0.062743 0.151475 0.526576
v 0.062808 0.151632 0.525920
v 0.062872 0.151787 0.525255
v 0.062935 0.151939 0.524582
v 0.062997 0.152087 0.523900
v 0.063057 0.152233 0.523211
v 0.063116 0.152375 0.522513
v 0.063174 0.152515 0.521808
v 0.063230 0.152651 0.521096
v 0.063285 0.152784 0.520375
v 0.063339 0.152913 0.519648
v 0.063391 0.153040 0.518914
v 0.063442 0.153163 0.518173
v 0.063492 0.153282 0.517425
v 0.063540 0.153399 0.516670
v 0.063587 0.153512 0.515910
v 0.063632 0.153621 0.515143
v 0.063676 0.153727 0.514370
v 0.063718 0.153830 0.513592
v 0.063760 0.153929 0.512808
v 0.063799 0.154024 0.512018
v 0.063837 0.154116 0.511224
v 0.063874 0.154205 0.510424
v 0.063909 0.154290 0.509620
v 0.063943 0.154371 0.508811
v 0.063975 0.154448 0.507998
v 0.064005 0.154522 0.507181
v 0.064034 0.154592 0.506360
v 0.064062 0.154659 0.505535
v 0.064088 0.154722 0.504706
v 0.064112 0.154781 0.503874
v 0.064135 0.154836 0.503039
v 0.064157 0.154888 0.502201
v 0.064176 0.154935 0.501361
v 0.064195 0.154979 0.500517
v 0.064211 0.155020 0.499672
v 0.064226 0.155056 0.498824
v 0.064240 0.155089 0.497975
v 0.064252 0.155117 0.497123
v 0.064262 0.155142 0.496271
v 0.064271 0.155164 0.495417
v 0.064278 0.155181 0.494562
v 0.064284 0.155194 0.493706
v 0.064288 0.155204 0.492849
v 0.064290 0.155210 0.491992
v 0.083957 0.125651 -0.545705
v 0.093336 0.139687 -0.491135
v 0.084104 0.125871 -0.545699
v 0.084252 0.126092 -0.545679
v 0.084399 0.126312 -0.545645
v 0.084546 0.126532 -0.545598
v 0.084693 0.126752 -0.545537
v 0.084840 0.126972 -0.545463
v 0.084986 0.127191 -0.545376
v 0.085133 0.127410 -0.545275
v 0.085279 0.127629 -0.545161
v 0.085424 0.127847 -0.545034
v 0.085570 0.128064 -0.544893
v 0.085714 0.128281 -0.544739
v 0.085859 0.128497 -0.544572
v 0.086003 0.128713 -0.544391
v 0.086146 0.128928 -0.544198
v 0.086289 0.129141 -0.543991
v 0.086432 0.129355 -0.543771
v 0.086574 0.129567 -0.543539
v 0.086715 0.129778 -0.543293
v 0.086855 0.129988 -0.543035
v 0.086995 0.130197 -0.542763
v 0.087134 0.130405 -0.542479
v 0.087272 0.130612 -0.542183
v 0.087410 0.130818 -0.541873
v 0.087546 0.131022 -0.541552
v 0.087682 0.131225 -0.541217
v 0.087817 0.131427 -0.540871
v 0.087950 0.131627 -0.540512
v 0.088083 0.131826 -0.540141
v 0.088215 0.132023 -0.539758
v 0.088346 0.132219 -0.539363
v 0.088475 0.132413 -0.538956
v 0.088604 0.132605 -0.538537
v 0.088731 0.132796 -0.538106
v 0.088857 0.132985 -0.537664
v 0.088982 0.133172 -0.537210
v 0.089106 0.133357 -0.536745
v 0.089229 0.133540 -0.536269
v 0.089350 0.133722 -0.535782
v 0.089470 0.133901 -0.535283
v 0.089588 0.134078 -0.534774
v 0.089705 0.134254 -0.534254
v 0.089821 0.134427 -0.533723
v 0.089935 0.134598 -0.533182
v 0.090048 0.134767 -0.532631
v 0.090159 0.134933 -0.532069
v 0.090269 0.135097 -0.531497
v 0.090377 0.135259 -0.530915
v 0.090484 0.135419 -0.530324
v 0.090589 0.135576 -0.529722
v 0.090692 0.135731 -0.529111
v 0.090794 0.135883 -0.528491
v 0.090894 0.136032 -0.527862
v 0.090992 0.136180 -0.527223
v 0.091089 0.136324 -0.526576
v 0.091184 0.136466 -0.525919
v 0.091277 0.136605 -0.525255
v 0.091368 0.136742 -0.524582
v 0.091457 0.136875 -0.523900
v 0.091545 0.137006 -0.523211
v 0.091630 0.137135 -0.522513
v 0.091714 0.137260 -0.521808
v 0.091796 0.137382 -0.521095
v 0.091876 0.137502 -0.520375
v 0.091954 0.137619 -0.519648
v 0.092030 0.137732 -0.518914
v 0.092104 0.137843 -0.518172
v 0.092176 0.137951 -0.517425
v 0.092246 0.138056 -0.516670
v 0.092314 0.138157 -0.515909
v 0.092379 0.138256 -0.515143
v 0.092443 0.138351 -0.514370
v 0.092505 0.138444 -0.513592
v 0.092564 0.138533 -0.512808
v 0.092622 0.138619 -0.512018
v 0.092677 0.138701 -0.511224
v 0.092730 0.138781 -0.510424
v 0.092781 0.138857 -0.509620
v 0.092830 0.138930 -0.508811
v 0.092877 0.139000 -0.507998
v 0.092921 0.139067 -0.507181
v 0.092963 0.139130 -0.506360
v 0.093003 0.139190 -0.505535
v 0.093041 0.139246 -0.504706
v 0.093077 0.139299 -0.503874
v 0.093110 0.139349 -0.503039
v 0.093141 0.139395 -0.502201
v 0.093170 0.139438 -0.501360
v 0.093196 0.139478 -0.500517
v 0.093220 0.139514 -0.499672
v 0.093242 0.139547 -0.498824
v 0.093262 0.139576 -0.497974
v 0.093279 0.139602 -0.497123
v 0.093294 0.139625 -0.496270
v 0.093307 0.139644 -0.495416
v 0.093317 0.139659 -0.494561
v 0.093325 0.139671 -0.493706
v 0.093331 0.139680 -0.492849
v 0.093335 0.139685 -0.491992
v 0.083957 0.125650 0.545706
v 0.093336 0.139687 0.491135
v 0.084104 0.125871 0.545699
v 0.084252 0.126091 0.545679
v 0.084399 0.126312 0.545645
v 0.084546 0.126532 0.545598
v 0.084693 0.126752 0.545537
v 0.084840 0.126971 0.545463
v 0.084986 0.127191 0.545376
v 0.085133 0.127410 0.545275
v 0.085279 0.127628 0.545161
v 0.085424 0.127846 0.545034
v 0.085570 0.128064 0.544893
v 0.085714 0.128281 0.544739
v 0.085859 0.128497 0.544572
v 0.086003 0.128712 0.544391
v 0.086146 0.128927 0.544198
v 0.086289 0.129141 0.543991
v 0.086432 0.129354 0.543772
v 0.086574 0.129566 0.543539
v 0.086715 0.129778 0.543293
v 0.086855 0.129988 0.543035
v 0.086995 0.130197 0.542763
v 0.087134 0.130405 0.542479
v 0.087272 0.130612 0.542183
v 0.087410 0.130818 0.541873
v 0.087546 0.131022 0.541552
v 0.087682 0.131225 0.541217
v 0.087817 0.131427 0.540871
v 0.087950 0.131627 0.540512
v 0.088083 0.131826 0.540141
v 0.088215 0.132023 0.539758
v 0.088346 0.132218 0.539363
v 0.088475 0.132412 0.538956
v 0.088604 0.132605 0.538537
v 0.088731 0.132796 0.538106
v 0.088857 0.132984 0.537664
v 0.088982 0.133171 0.537211
v 0.089106 0.133357 0.536745
v 0.089229 0.133540 0.536269
v 0.089350 0.133721 0.535782
v 0.089470 0.133901 0.535284
v 0.089588 0.134078 0.534774
v 0.089705 0.134253 0.534254
v 0.089821 0.134427 0.533724
v 0.089935 0.134598 0.533182
v 0.090048 0.134766 0.532631
v 0.090159 0.134933 0.532069
v 0.090269 0.135097 0.531497
v 0.090377 0.135259 0.530915
v 0.090484 0.135418 0.530324
v 0.090589 0.135576 0.529722
v 0.090692 0.135730 0.529111
v 0.090794 0.135882 0.528491
v 0.090894 0.136032 0.527862
v 0.090992 0.136179 0.527223
v 0.091089 0.136324 0.526576
v 0.091184 0.136466 0.525920
v 0.091277 0.136605 0.525255
v 0.091368 0.136741 0.524582
v 0.091457 0.136875 0.523900
v 0.091545 0.137006 0.523211
v 0.091630 0.137134 0.522513
v 0.091714 0.137260 0.521808
v 0.091796 0.137382 0.521096
v 0.091876 0.137502 0.520375
v 0.091954 0.137618 0.519648
v 0.092030 0.137732 0.518914
v 0.092104 0.137843 0.518173
v 0.092176 0.137951 0.517425
v 0.092246 0.138055 0.516670
v 0.092314 0.138157 0.515910
v 0.092379 0.138255 0.515143
v 0.092443 0.138351 0.514370
v 0.092505 0.138443 0.513592
v 0.092564 0.138532 0.512808
v 0.092622 0.138618 0.512018
v 0.092677 0.138701 0.511224
v 0.092730 0.138781 0.510424
v 0.092781 0.138857 0.509620
v 0.092830 0.138930 0.508811
v 0.092877 0.139000 0.507998
v 0.092921 0.139066 0.507181
v 0.092963 0.139129 0.506360
v 0.093003 0.139189 0.505535
v 0.093041 0.139246 0.504706
v 0.093077 0.139299 0.503874
v 0.093110 0.139349 0.503039
v 0.093141 0.139395 0.502201
v 0.093170 0.139438 0.501361
v 0.093196 0.139478 0.500517
v 0.093220 0.139514 0.499672
v 0.093242 0.139547 0.498824
v 0.093262 0.139576 0.497975
v 0.093279 0.139602 0.497123
v 0.093294 0.139624 0.496271
v 0.093307 0.139643 0.495417
v 0.093317 0.139659 0.494562
v 0.093325 0.139671 0.493706
v 0.093331 0.139680 0.492849
v 0.093335 0.139685 0.491992
v 0.106857 0.106857 -0.545705
v 0.118794 0.118794 -0.491135
v 0.107045 0.107045 -0.545699
v 0.107232 0.107232 -0.545679
v 0.107419 0.107420 -0.545645
v 0.107607 0.107607 -0.545598
v 0.107794 0.107794 -0.545537
v 0.107980 0.107981 -0.545463
v 0.108167 0.108167 -0.545376
v 0.108353 0.108353 -0.545275
v 0.108539 0.108539 -0.545161
v 0.108724 0.108725 -0.545034
v 0.108909 0.108910 -0.544893
v 0.109094 0.109094 -0.544739
v 0.109278 0.109278 -0.544572
v 0.109461 0.109461 -0.544391
v 0.109644 0.109644 -0.544198
v 0.109826 0.109826 -0.543991
v 0.110007 0.110007 -0.543771
v 0.110187 0.110188 -0.543539
v 0.110367 0.110367 -0.543293
v 0.110546 0.110546 -0.543035
v 0.110724 0.110724 -0.542763
v 0.110901 0.110901 -0.542479
v 0.111076 0.111077 -0.542183
v 0.111251 0.111252 -0.541873
v 0.111425 0.111425 -0.541552
v 0.111598 0.111598 -0.541217
v 0.111769 0.111769 -0.540871
v 0.111940 0.111940 -0.540512
v 0.112109 0.112109 -0.540141
v 0.112276 0.112276 -0.539758
v 0.112443 0.112443 -0.539363
v 0.112608 0.112608 -0.538956
v 0.112771 0.112771 -0.538537
v 0.112933 0.112934 -0.538106
v 0.113094 0.113094 -0.537664
v 0.113253 0.113253 -0.537210
v 0.113411 0.113411 -0.536745
v 0.113567 0.113567 -0.536269
v 0.113721 0.113721 -0.535782
v 0.113873 0.113874 -0.535283
v 0.114024 0.114024 -0.534774
v 0.114173 0.114173 -0.534254
v 0.114321 0.114321 -0.533723
v 0.114466 0.114466 -0.533182
v 0.114609 0.114610 -0.532631
v 0.114751 0.114751 -0.532069
v 0.114891 0.114891 -0.531497
v 0.115028 0.115029 -0.530915
v 0.115164 0.115164 -0.530324
v 0.115298 0.115298 -0.529722
v 0.115429 0.115429 -0.529111
v 0.115559 0.115559 -0.528491
v 0.115686 0.115686 -0.527862
v 0.115811 0.115811 -0.527223
v 0.115934 0.115934 -0.526576
v 0.116055 0.116055 -0.525919
v 0.116173 0.116173 -0.525255
v 0.116289 0.116289 -0.524582
v 0.116403 0.116403 -0.523900
v 0.116514 0.116514 -0.523211
v 0.116623 0.116623 -0.522513
v 0.116730 0.116730 -0.521808
v 0.116834 0.116834 -0.521095
v 0.116936 0.116936 -0.520375
v 0.117035 0.117035 -0.519648
v 0.117132 0.117132 -0.518914
v 0.117226 0.117226 -0.518172
v 0.117317 0.117318 -0.517425
v 0.117406 0.117407 -0.516670
v 0.117493 0.117493 -0.515909
v 0.117577 0.117577 -0.515143
v 0.117658 0.117658 -0.514370
v 0.117736 0.117737 -0.513592
v 0.117812 0.117812 -0.512808
v 0.117885 0.117885 -0.512018
v 0.117956 0.117956 -0.511224
v 0.118023 0.118024 -0.510424
v 0.118088 0.118088 -0.509620
v 0.118150 0.118151 -0.508811
v 0.118210 0.118210 -0.507998
v 0.118266 0.118266 -0.507181
v 0.118320 0.118320 -0.506360
v 0.118371 0.118371 -0.505535
v 0.118419 0.118419 -0.504706
v 0.118464 0.118464 -0.503874
v 0.118506 0.118507 -0.503039
v 0.118546 0.118546 -0.502201
v 0.118583 0.118583 -0.501360
v 0.118616 0.118616 -0.500517
v 0.118647 0.118647 -0.499672
v 0.118675 0.118675 -0.498824
v 0.118700 0.118700 -0.497974
v 0.118722 0.118722 -0.497123
v 0.118741 0.118741 -0.496271
v 0.118757 0.118757 -0.495417
v 0.118770 0.118771 -0.494561
v 0.118781 0.118781 -0.493706
v 0.118788 0.118788 -0.492849
v 0.118792 0.118793 -0.491992
v 0.106857 0.106857 0.545706
v 0.118794 0.118794 0.491135
v 0.107045 0.107044 0.545699
v 0.107232 0.107232 0.545679
v 0.107419 0.107419 0.545645
v 0.107607 0.107606 0.545598
v 0.107794 0.107793 0.545537
v 0.107980 0.107980 0.545463
v 0.108167 0.108167 0.545376
v 0.108353 0.108353 0.545275
v 0.108539 0.108539 0.545161
v 0.108724 0.108724 0.545034
v 0.108909 0.108909 0.544893
v 0.109094 0.109094 0.544739
v 0.109278 0.109278 0.544572
v 0.109461 0.109461 0.544391
v 0.109644 0.109643 0.544198
v 0.109826 0.109825 0.543991
v 0.110007 0.110007 0.543772
v 0.110187 0.110187 0.543539
v 0.110367 0.110367 0.543293
v 0.110546 0.110546 0.543035
v 0.110724 0.110723 0.542763
v 0.110901 0.110900 0.542479
v 0.111076 0.111076 0.542183
v 0.111251 0.111251 0.541873
v 0.111425 0.111425 0.541552
v 0.111598 0.111598 0.541217
v 0.111769 0.111769 0.540871
v 0.111940 0.111939 0.540512
v 0.112109 0.112108 0.540141
v 0.112276 0.112276 0.539758
v 0.112443 0.112443 0.539363
v 0.112608 0.112608 0.538956
v 0.112771 0.112771 0.538537
v 0.112933 0.112933 0.538106
v 0.113094 0.113094 0.537664
v 0.113253 0.113253 0.537211
v 0.113411 0.113411 0.536745
v 0.113567 0.113566 0.536269
v 0.113721 0.113721 0.535782
v 0.113873 0.113873 0.535284
v 0.114024 0.114024 0.534774
v 0.114173 0.114173 0.534254
v 0.114321 0.114320 0.533724
v 0.114466 0.114466 0.533182
v 0.114609 0.114609 0.532631
v 0.114751 0.114751 0.532069
v 0.114891 0.114891 0.531497
v 0.115028 0.115028 0.530915
v 0.115164 0.115164 0.530324
v 0.115298 0.115298 0.529722
v 0.115429 0.115429 0.529111
v 0.115559 0.115558 0.528491
v 0.115686 0.115686 0.527862
v 0.115811 0.115811 0.527223
v 0.115934 0.115934 0.526576
v 0.116055 0.116054 0.525920
v 0.116173 0.116173 0.525255
v 0.116289 0.116289 0.524582
v 0.116403 0.116403 0.523900
v 0.116514 0.116514 0.523211
v 0.116623 0.116623 0.522513
v 0.116730 0.116730 0.521808
v 0.116834 0.116834 0.521096
v 0.116936 0.116936 0.520375
v 0.117035 0.117035 0.519648
v 0.117132 0.117131 0.518914
v 0.117226 0.117226 0.518173
v 0.117317 0.117317 0.517425
v 0.117406 0.117406 0.516670
v 0.117493 0.117493 0.515910
v 0.117577 0.117577 0.515143
v 0.117658 0.117658 0.514370
v 0.117736 0.117736 0.513592
v 0.117812 0.117812 0.512808
v 0.117885 0.117885 0.512018
v 0.117956 0.117956 0.511224
v 0.118023 0.118023 0.510424
v 0.118088 0.118088 0.509620
v 0.118150 0.118150 0.508811
v 0.118210 0.118210 0.507998
v 0.118266 0.118266 0.507181
v 0.118320 0.118320 0.506360
v 0.118371 0.118371 0.505535
v 0.118419 0.118419 0.504706
v 0.118464 0.118464 0.503874
v 0.118506 0.118506 0.503039
v 0.118546 0.118546 0.502201
v 0.118583 0.118582 0.501361
v 0.118616 0.118616 0.500517
v 0.118647 0.118647 0.499672
v 0.118675 0.118675 0.498824
v 0.118700 0.118700 0.497975
v 0.118722 0.118722 0.497123
v 0.118741 0.118741 0.496271
v 0.118757 0.118757 0.495417
v 0.118770 0.118770 0.494562
v 0.118781 0.118781 0.493706
v 0.118788 0.118788 0.492849
v 0.118792 0.118792 0.491992
v 0.125651 0.083957 -0.545706
v 0.139687 0.093336 -0.491135
v 0.125871 0.084105 -0.545699
v 0.126092 0.084252 -0.545679
v 0.126312 0.084399 -0.545645
v 0.126532 0.084546 -0.545598
v 0.126752 0.084693 -0.545537
v 0.126972 0.084840 -0.545463
v 0.127191 0.084986 -0.545376
v 0.127410 0.085133 -0.545275
v 0.127628 0.085279 -0.545161
v 0.127846 0.085424 -0.545034
v 0.128064 0.085570 -0.544893
v 0.128281 0.085715 -0.544739
v 0.128497 0.085859 -0.544572
v 0.128713 0.086003 -0.544391
v 0.128927 0.086147 -0.544198
v 0.129141 0.086290 -0.543991
v 0.129354 0.086432 -0.543771
v 0.129567 0.086574 -0.543539
v 0.129778 0.086715 -0.543293
v 0.129988 0.086855 -0.543035
v 0.130197 0.086995 -0.542763
v 0.130405 0.087134 -0.542479
v 0.130612 0.087272 -0.542183
v 0.130818 0.087410 -0.541873
v 0.131022 0.087546 -0.541552
v 0.131225 0.087682 -0.541217
v 0.131427 0.087817 -0.540871
v 0.131627 0.087951 -0.540512
v 0.131826 0.088083 -0.540141
v 0.132023 0.088215 -0.539758
v 0.132219 0.088346 -0.539363
v 0.132413 0.088475 -0.538956
v 0.132605 0.088604 -0.538537
v 0.132796 0.088731 -0.538106
v 0.132985 0.088858 -0.537664
v 0.133172 0.088983 -0.537210
v 0.133357 0.089106 -0.536745
v 0.133540 0.089229 -0.536269
v 0.133722 0.089350 -0.535782
v 0.133901 0.089470 -0.535283
v 0.134078 0.089588 -0.534774
v 0.134254 0.089706 -0.534254
v 0.134427 0.089821 -0.533723
v 0.134598 0.089935 -0.533182
v 0.134766 0.090048 -0.532631
v 0.134933 0.090160 -0.532069
v 0.135097 0.090269 -0.531497
v 0.135259 0.090377 -0.530915
v 0.135419 0.090484 -0.530324
v 0.135576 0.090589 -0.529722
v 0.135730 0.090692 -0.529111
v 0.135883 0.090794 -0.528491
v 0.136032 0.090894 -0.527862
v 0.136179 0.090992 -0.527223
v 0.136324 0.091089 -0.526576
v 0.136466 0.091184 -0.525919
v 0.136605 0.091277 -0.525255
v 0.136741 0.091368 -0.524582
v 0.136875 0.091457 -0.523900
v 0.137006 0.091545 -0.523211
v 0.137134 0.091630 -0.522513
v 0.137260 0.091714 -0.521808
v 0.137382 0.091796 -0.521095
v 0.137502 0.091876 -0.520375
v 0.137619 0.091954 -0.519648
v 0.137732 0.092030 -0.518914
v 0.137843 0.092104 -0.518172
v 0.137951 0.092176 -0.517425
v 0.138055 0.092246 -0.516670
v 0.138157 0.092314 -0.515909
v 0.138256 0.092380 -0.515143
v 0.138351 0.092443 -0.514370
v 0.138443 0.092505 -0.513592
v 0.138532 0.092565 -0.512808
v 0.138618 0.092622 -0.512018
v 0.138701 0.092677 -0.511224
v 0.138781 0.092731 -0.510424
v 0.138857 0.092782 -0.509620
v 0.138930 0.092830 -0.508811
v 0.139000 0.092877 -0.507998
v 0.139066 0.092921 -0.507181
v 0.139130 0.092964 -0.506360
v 0.139189 0.093004 -0.505535
v 0.139246 0.093041 -0.504706
v 0.139299 0.093077 -0.503874
v 0.139349 0.093110 -0.503039
v 0.139395 0.093141 -0.502201
v 0.139438 0.093170 -0.501360
v 0.139478 0.093196 -0.500517
v 0.139514 0.093221 -0.499672
v 0.139547 0.093242 -0.498824
v 0.139576 0.093262 -0.497974
v 0.139602 0.093279 -0.497123
v 0.139625 0.093294 -0.496271
v 0.139644 0.093307 -0.495417
v 0.139659 0.093317 -0.494561
v 0.139671 0.093326 -0.493706
v 0.139680 0.093331 -0.492849
v 0.139685 0.093335 -0.491992
v 0.125651 0.083957 0.545706
v 0.139687 0.093336 0.491135
v 0.125871 0.084104 0.545699
v 0.126092 0.084251 0.545679
v 0.126312 0.084399 0.545645
v 0.126532 0.084546 0.545598
v 0.126752 0.084693 0.545537
v 0.126972 0.084839 0.545463
v 0.127191 0.084986 0.545376
v 0.127410 0.085132 0.545275
v 0.127628 0.085278 0.545161
v 0.127846 0.085424 0.545034
v 0.128064 0.085569 0.544893
v 0.128281 0.085714 0.544739
v 0.128497 0.085859 0.544572
v 0.128713 0.086003 0.544391
v 0.128927 0.086146 0.544198
v 0.129141 0.086289 0.543991
v 0.129354 0.086432 0.543771
v 0.129567 0.086573 0.543539
v 0.129778 0.086715 0.543293
v 0.129988 0.086855 0.543035
v 0.130197 0.086995 0.542763
v 0.130405 0.087134 0.542479
v 0.130612 0.087272 0.542183
v 0.130818 0.087409 0.541873
v 0.131022 0.087546 0.541552
v 0.131225 0.087682 0.541217
v 0.131427 0.087816 0.540871
v 0.131627 0.087950 0.540512
v 0.131826 0.088083 0.540141
v 0.132023 0.088215 0.539758
v 0.132219 0.088345 0.539363
v 0.132413 0.088475 0.538956
v 0.132605 0.088604 0.538537
v 0.132796 0.088731 0.538106
v 0.132985 0.088857 0.537664
v 0.133172 0.088982 0.537211
v 0.133357 0.089106 0.536745
v 0.133540 0.089229 0.536269
v 0.133722 0.089350 0.535782
v 0.133901 0.089470 0.535284
v 0.134078 0.089588 0.534774
v 0.134254 0.089705 0.534254
v 0.134427 0.089821 0.533724
v 0.134598 0.089935 0.533182
v 0.134766 0.090048 0.532631
v 0.134933 0.090159 0.532069
v 0.135097 0.090269 0.531497
v 0.135259 0.090377 0.530915
v 0.135419 0.090484 0.530324
v 0.135576 0.090589 0.529722
v 0.135730 0.090692 0.529111
v 0.135883 0.090794 0.528491
v 0.136032 0.090894 0.527862
v 0.136179 0.090992 0.527223
v 0.136324 0.091089 0.526576
v 0.136466 0.091183 0.525920
v 0.136605 0.091276 0.525255
v 0.136741 0.091368 0.524582
v 0.136875 0.091457 0.523900
v 0.137006 0.091544 0.523211
v 0.137134 0.091630 0.522513
v 0.137260 0.091714 0.521808
v 0.137382 0.091796 0.521096
v 0.137502 0.091876 0.520375
v 0.137619 0.091954 0.519648
v 0.137732 0.092030 0.518914
v 0.137843 0.092104 0.518173
v 0.137951 0.092176 0.517425
v 0.138055 0.092246 0.516670
v 0.138157 0.092313 0.515910
v 0.138256 0.092379 0.515143
v 0.138351 0.092443 0.514370
v 0.138443 0.092505 0.513592
v 0.138532 0.092564 0.512808
v 0.138618 0.092622 0.512018
v 0.138701 0.092677 0.511224
v 0.138781 0.092730 0.510424
v 0.138857 0.092781 0.509620
v 0.138930 0.092830 0.508811
v 0.139000 0.092877 0.507998
v 0.139066 0.092921 0.507181
v 0.139130 0.092963 0.506360
v 0.139189 0.093003 0.505535
v 0.139246 0.093041 0.504706
v 0.139299 0.093077 0.503874
v 0.139349 0.093110 0.503039
v 0.139395 0.093141 0.502201
v 0.139438 0.093170 0.501361
v 0.139478 0.093196 0.500517
v 0.139514 0.093220 0.499672
v 0.139547 0.093242 0.498824
v 0.139576 0.093262 0.497975
v 0.139602 0.093279 0.497123
v 0.139625 0.093294 0.496271
v 0.139644 0.093307 0.495417
v 0.139659 0.093317 0.494562
v 0.139671 0.093325 0.493706
v 0.139680 0.093331 0.492849
v 0.139685 0.093334 0.491992
v 0.139615 0.057831 -0.545706
v 0.155212 0.064291 -0.491135
v 0.139860 0.057932 -0.545699
v 0.140105 0.058034 -0.545679
v 0.140350 0.058135 -0.545645
v 0.140595 0.058236 -0.545598
v 0.140839 0.058338 -0.545537
v 0.141083 0.058439 -0.545463
v 0.141327 0.058540 -0.545376
v 0.141570 0.058641 -0.545275
v 0.141813 0.058741 -0.545161
v 0.142055 0.058841 -0.545034
v 0.142297 0.058942 -0.544893
v 0.142538 0.059041 -0.544739
v 0.142778 0.059141 -0.544572
v 0.143018 0.059240 -0.544391
v 0.143256 0.059339 -0.544198
v 0.143494 0.059437 -0.543991
v 0.143731 0.059536 -0.543771
v 0.143967 0.059633 -0.543539
v 0.144201 0.059730 -0.543293
v 0.144435 0.059827 -0.543035
v 0.144667 0.059923 -0.542763
v 0.144899 0.060019 -0.542479
v 0.145128 0.060114 -0.542183
v 0.145357 0.060209 -0.541873
v 0.145584 0.060303 -0.541552
v 0.145810 0.060396 -0.541217
v 0.146034 0.060489 -0.540871
v 0.146256 0.060581 -0.540512
v 0.146477 0.060673 -0.540141
v 0.146696 0.060764 -0.539758
v 0.146913 0.060854 -0.539363
v 0.147129 0.060943 -0.538956
v 0.147343 0.061032 -0.538537
v 0.147555 0.061119 -0.538106
v 0.147765 0.061206 -0.537664
v 0.147972 0.061292 -0.537210
v 0.148178 0.061378 -0.536745
v 0.148382 0.061462 -0.536269
v 0.148583 0.061545 -0.535782
v 0.148783 0.061628 -0.535284
v 0.148980 0.061710 -0.534774
v 0.149175 0.061790 -0.534254
v 0.149367 0.061870 -0.533724
v 0.149557 0.061949 -0.533182
v 0.149744 0.062026 -0.532631
v 0.149929 0.062103 -0.532069
v 0.150112 0.062179 -0.531497
v 0.150292 0.062253 -0.530915
v 0.150469 0.062327 -0.530324
v 0.150644 0.062399 -0.529722
v 0.150816 0.062470 -0.529111
v 0.150985 0.062540 -0.528491
v 0.151151 0.062609 -0.527862
v 0.151314 0.062677 -0.527223
v 0.151475 0.062743 -0.526576
v 0.151633 0.062808 -0.525920
v 0.151787 0.062873 -0.525255
v 0.151939 0.062935 -0.524582
v 0.152088 0.062997 -0.523900
v 0.152233 0.063057 -0.523211
v 0.152376 0.063116 -0.522513
v 0.152515 0.063174 -0.521808
v 0.152651 0.063230 -0.521096
v 0.152784 0.063285 -0.520375
v 0.152913 0.063339 -0.519648
v 0.153040 0.063391 -0.518914
v 0.153163 0.063442 -0.518172
v 0.153283 0.063492 -0.517425
v 0.153399 0.063540 -0.516670
v 0.153512 0.063587 -0.515909
v 0.153621 0.063632 -0.515143
v 0.153727 0.063676 -0.514370
v 0.153830 0.063719 -0.513592
v 0.153929 0.063760 -0.512808
v 0.154025 0.063799 -0.512018
v 0.154117 0.063837 -0.511224
v 0.154205 0.063874 -0.510424
v 0.154290 0.063909 -0.509620
v 0.154371 0.063943 -0.508811
v 0.154448 0.063975 -0.507998
v 0.154522 0.064005 -0.507181
v 0.154592 0.064034 -0.506360
v 0.154659 0.064062 -0.505535
v 0.154722 0.064088 -0.504706
v 0.154781 0.064113 -0.503874
v 0.154836 0.064135 -0.503039
v 0.154888 0.064157 -0.502201
v 0.154936 0.064177 -0.501360
v 0.154980 0.064195 -0.500517
v 0.155020 0.064211 -0.499672
v 0.155056 0.064227 -0.498824
v 0.155089 0.064240 -0.497974
v 0.155118 0.064252 -0.497123
v 0.155143 0.064262 -0.496271
v 0.155164 0.064271 -0.495417
v 0.155181 0.064278 -0.494561
v 0.155194 0.064284 -0.493706
v 0.155204 0.064288 -0.492849
v 0.155210 0.064290 -0.491992
v 0.139615 0.057830 0.545706
v 0.155212 0.064291 0.491135
v 0.139860 0.057932 0.545699
v 0.140105 0.058033 0.545679
v 0.140350 0.058135 0.545645
v 0.140595 0.058236 0.545598
v 0.140839 0.058337 0.545537
v 0.141083 0.058438 0.545463
v 0.141327 0.058539 0.545376
v 0.141570 0.058640 0.545275
v 0.141813 0.058741 0.545161
v 0.142055 0.058841 0.545034
v 0.142297 0.058941 0.544893
v 0.142538 0.059041 0.544739
v 0.142778 0.059141 0.544572
v 0.143018 0.059240 0.544391
v 0.143256 0.059339 0.544198
v 0.143494 0.059437 0.543991
v 0.143731 0.059535 0.543771
v 0.143967 0.059633 0.543539
v 0.144201 0.059730 0.543293
v 0.144435 0.059827 0.543035
v 0.144667 0.059923 0.542763
v 0.144899 0.060019 0.542479
v 0.145128 0.060114 0.542183
v 0.145357 0.060209 0.541873
v 0.145584 0.060303 0.541552
v 0.145810 0.060396 0.541217
v 0.146034 0.060489 0.540871
v 0.146256 0.060581 0.540512
v 0.146477 0.060673 0.540141
v 0.146696 0.060763 0.539758
v 0.146913 0.060853 0.539363
v 0.147129 0.060943 0.538956
v 0.147343 0.061031 0.538537
v 0.147555 0.061119 0.538106
v 0.147765 0.061206 0.537664
v 0.147972 0.061292 0.537210
v 0.148178 0.061377 0.536745
v 0.148382 0.061462 0.536269
v 0.148583 0.061545 0.535782
v 0.148783 0.061628 0.535284
v 0.148980 0.061709 0.534774
v 0.149175 0.061790 0.534254
v 0.149367 0.061870 0.533724
v 0.149557 0.061948 0.533182
v 0.149744 0.062026 0.532631
v 0.149929 0.062103 0.532069
v 0.150112 0.062178 0.531497
v 0.150292 0.062253 0.530915
v 0.150469 0.062326 0.530324
v 0.150644 0.062399 0.529722
v 0.150816 0.062470 0.529111
v 0.150985 0.062540 0.528491
v 0.151151 0.062609 0.527862
v 0.151314 0.062676 0.527223
v 0.151475 0.062743 0.526576
v 0.151633 0.062808 0.525920
v 0.151787 0.062872 0.525255
v 0.151939 0.062935 0.524582
v 0.152088 0.062997 0.523900
v 0.152233 0.063057 0.523211
v 0.152376 0.063116 0.522513
v 0.152515 0.063174 0.521808
v 0.152651 0.063230 0.521096
v 0.152784 0.063285 0.520375
v 0.152913 0.063339 0.519648
v 0.153040 0.063391 0.518914
v 0.153163 0.063442 0.518172
v 0.153283 0.063492 0.517425
v 0.153399 0.063540 0.516670
v 0.153512 0.063587 0.515909
v 0.153621 0.063632 0.515143
v 0.153727 0.063676 0.514370
v 0.153830 0.063718 0.513592
v 0.153929 0.063759 0.512808
v 0.154025 0.063799 0.512018
v 0.154117 0.063837 0.511224
v 0.154205 0.063874 0.510424
v 0.154290 0.063909 0.509620
v 0.154371 0.063942 0.508811
v 0.154448 0.063974 0.507998
v 0.154522 0.064005 0.507181
v 0.154592 0.064034 0.506360
v 0.154659 0.064062 0.505535
v 0.154722 0.064088 0.504706
v 0.154781 0.064112 0.503874
v 0.154836 0.064135 0.503039
v 0.154888 0.064156 0.502201
v 0.154936 0.064176 0.501360
v 0.154980 0.064194 0.500517
v 0.155020 0.064211 0.499672
v 0.155056 0.064226 0.498824
v 0.155089 0.064240 0.497975
v 0.155118 0.064252 0.497123
v 0.155143 0.064262 0.496271
v 0.155164 0.064271 0.495417
v 0.155181 0.064278 0.494562
v 0.155194 0.064283 0.493706
v 0.155204 0.064287 0.492849
v 0.155210 0.064290 0.491992
v 0.148215 0.029482 -0.545706
v 0.164772 0.032775 -0.491135
v 0.148475 0.029534 -0.545699
v 0.148735 0.029585 -0.545679
v 0.148995 0.029637 -0.545645
v 0.149255 0.029689 -0.545598
v 0.149514 0.029740 -0.545537
v 0.149773 0.029792 -0.545463
v 0.150032 0.029843 -0.545376
v 0.150290 0.029895 -0.545275
v 0.150548 0.029946 -0.545161
v 0.150805 0.029997 -0.545034
v 0.151062 0.030048 -0.544893
v 0.151317 0.030099 -0.544739
v 0.151573 0.030150 -0.544572
v 0.151827 0.030200 -0.544391
v 0.152080 0.030251 -0.544198
v 0.152333 0.030301 -0.543991
v 0.152584 0.030351 -0.543771
v 0.152834 0.030401 -0.543539
v 0.153083 0.030450 -0.543293
v 0.153331 0.030500 -0.543035
v 0.153578 0.030549 -0.542763
v 0.153823 0.030598 -0.542479
v 0.154067 0.030646 -0.542183
v 0.154310 0.030694 -0.541873
v 0.154551 0.030742 -0.541552
v 0.154791 0.030790 -0.541217
v 0.155028 0.030837 -0.540871
v 0.155265 0.030884 -0.540512
v 0.155499 0.030931 -0.540141
v 0.155732 0.030977 -0.539758
v 0.155962 0.031023 -0.539363
v 0.156191 0.031069 -0.538956
v 0.156418 0.031114 -0.538537
v 0.156643 0.031158 -0.538106
v 0.156866 0.031203 -0.537664
v 0.157087 0.031247 -0.537210
v 0.157305 0.031290 -0.536745
v 0.157521 0.031333 -0.536269
v 0.157735 0.031376 -0.535782
v 0.157947 0.031418 -0.535284
v 0.158156 0.031459 -0.534774
v 0.158363 0.031501 -0.534254
v 0.158567 0.031541 -0.533724
v 0.158769 0.031581 -0.533182
v 0.158968 0.031621 -0.532631
v 0.159164 0.031660 -0.532069
v 0.159358 0.031698 -0.531497
v 0.159549 0.031736 -0.530915
v 0.159737 0.031774 -0.530324
v 0.159923 0.031811 -0.529722
v 0.160105 0.031847 -0.529111
v 0.160284 0.031883 -0.528491
v 0.160461 0.031918 -0.527862
v 0.160635 0.031952 -0.527223
v 0.160805 0.031986 -0.526576
v 0.160972 0.032020 -0.525920
v 0.161137 0.032052 -0.525255
v 0.161298 0.032084 -0.524582
v 0.161455 0.032116 -0.523900
v 0.161610 0.032146 -0.523211
v 0.161761 0.032176 -0.522513
v 0.161909 0.032206 -0.521808
v 0.162053 0.032235 -0.521096
v 0.162194 0.032263 -0.520375
v 0.162332 0.032290 -0.519648
v 0.162466 0.032317 -0.518914
v 0.162597 0.032343 -0.518172
v 0.162724 0.032368 -0.517425
v 0.162847 0.032393 -0.516670
v 0.162967 0.032416 -0.515909
v 0.163084 0.032440 -0.515143
v 0.163196 0.032462 -0.514370
v 0.163305 0.032484 -0.513592
v 0.163410 0.032504 -0.512808
v 0.163512 0.032525 -0.512018
v 0.163609 0.032544 -0.511224
v 0.163703 0.032563 -0.510424
v 0.163793 0.032581 -0.509620
v 0.163879 0.032598 -0.508811
v 0.163962 0.032614 -0.507998
v 0.164040 0.032630 -0.507181
v 0.164115 0.032645 -0.506360
v 0.164185 0.032659 -0.505535
v 0.164252 0.032672 -0.504706
v 0.164314 0.032684 -0.503874
v 0.164373 0.032696 -0.503039
v 0.164428 0.032707 -0.502201
v 0.164479 0.032717 -0.501360
v 0.164525 0.032726 -0.500517
v 0.164568 0.032735 -0.499672
v 0.164607 0.032742 -0.498824
v 0.164641 0.032749 -0.497974
v 0.164672 0.032755 -0.497123
v 0.164698 0.032761 -0.496271
v 0.164721 0.032765 -0.495417
v 0.164739 0.032769 -0.494561
v 0.164754 0.032772 -0.493706
v 0.164764 0.032774 -0.492849
v 0.164770 0.032775 -0.491992
v 0.148215 0.029482 0.545706
v 0.164772 0.032775 0.491135
v 0.148475 0.029533 0.545699
v 0.148735 0.029585 0.545679
v 0.148995 0.029637 0.545645
v 0.149255 0.029688 0.545598
v 0.149514 0.029740 0.545537
v 0.149773 0.029792 0.545463
v 0.150032 0.029843 0.545376
v 0.150290 0.029894 0.545275
v 0.150548 0.029946 0.545161
v 0.150805 0.029997 0.545034
v 0.151062 0.030048 0.544893
v 0.151317 0.030099 0.544739
v 0.151573 0.030149 0.544572
v 0.151827 0.030200 0.544391
v 0.152080 0.030250 0.544198
v 0.152333 0.030301 0.543991
v 0.152584 0.030351 0.543771
v 0.152834 0.030400 0.543539
v 0.153083 0.030450 0.543293
v 0.153331 0.030499 0.543035
v 0.153578 0.030548 0.542763
v 0.153823 0.030597 0.542479
v 0.154067 0.030646 0.542183
v 0.154310 0.030694 0.541873
v 0.154551 0.030742 0.541552
v 0.154791 0.030790 0.541217
v 0.155028 0.030837 0.540871
v 0.155265 0.030884 0.540512
v 0.155499 0.030930 0.540141
v 0.155732 0.030977 0.539758
v 0.155962 0.031023 0.539363
v 0.156191 0.031068 0.538956
v 0.156418 0.031113 0.538537
v 0.156643 0.031158 0.538106
v 0.156866 0.031202 0.537664
v 0.157087 0.031246 0.537210
v 0.157305 0.031290 0.536745
v 0.157521 0.031333 0.536269
v 0.157735 0.031375 0.535782
v 0.157947 0.031417 0.535284
v 0.158156 0.031459 0.534774
v 0.158363 0.031500 0.534254
v 0.158567 0.031541 0.533724
v 0.158769 0.031581 0.533182
v 0.158968 0.031620 0.532631
v 0.159164 0.031660 0.532069
v 0.159358 0.031698 0.531497
v 0.159549 0.031736 0.530915
v 0.159737 0.031774 0.530324
v 0.159923 0.031810 0.529722
v 0.160105 0.031847 0.529111
v 0.160284 0.031882 0.528491
v 0.160461 0.031918 0.527862
v 0.160635 0.031952 0.527223
v 0.160805 0.031986 0.526576
v 0.160972 0.032019 0.525920
v 0.161137 0.032052 0.525255
v 0.161298 0.032084 0.524582
v 0.161455 0.032115 0.523900
v 0.161610 0.032146 0.523211
v 0.161761 0.032176 0.522513
v 0.161909 0.032206 0.521808
v 0.162053 0.032234 0.521096
v 0.162194 0.032262 0.520375
v 0.162332 0.032290 0.519648
v 0.162466 0.032316 0.518914
v 0.162597 0.032342 0.518172
v 0.162724 0.032368 0.517425
v 0.162847 0.032392 0.516670
v 0.162967 0.032416 0.515909
v 0.163084 0.032439 0.515143
v 0.163196 0.032462 0.514370
v 0.163305 0.032483 0.513592
v 0.163410 0.032504 0.512808
v 0.163512 0.032524 0.512018
v 0.163609 0.032544 0.511224
v 0.163703 0.032562 0.510424
v 0.163793 0.032580 0.509620
v 0.163879 0.032597 0.508811
v 0.163962 0.032614 0.507998
v 0.164040 0.032629 0.507181
v 0.164115 0.032644 0.506360
v 0.164185 0.032658 0.505535
v 0.164252 0.032672 0.504706
v 0.164314 0.032684 0.503874
v 0.164373 0.032696 0.503039
v 0.164428 0.032707 0.502201
v 0.164479 0.032717 0.501360
v 0.164525 0.032726 0.500517
v 0.164568 0.032734 0.499672
v 0.164607 0.032742 0.498824
v 0.164641 0.032749 0.497974
v 0.164672 0.032755 0.497123
v 0.164698 0.032760 0.496271
v 0.164721 0.032765 0.495417
v 0.164739 0.032769 0.494561
v 0.164754 0.032771 0.493706
v 0.164764 0.032773 0.492849
v 0.164770 0.032775 0.491992
v 0.151119 0.000000 -0.545706
v 0.168000 0.000000 -0.491135
v 0.151384 0.000000 -0.545699
v 0.151649 0.000000 -0.545679
v 0.151914 0.000000 -0.545645
v 0.152179 0.000000 -0.545598
v 0.152443 0.000000 -0.545537
v 0.152707 0.000000 -0.545463
v 0.152971 0.000000 -0.545376
v 0.153235 0.000000 -0.545275
v 0.153497 0.000000 -0.545161
v 0.153760 0.000000 -0.545034
v 0.154021 0.000000 -0.544893
v 0.154282 0.000000 -0.544739
v 0.154542 0.000000 -0.544572
v 0.154801 0.000000 -0.544391
v 0.155060 0.000000 -0.544198
v 0.155317 0.000000 -0.543991
v 0.155573 0.000000 -0.543771
v 0.155828 0.000000 -0.543539
v 0.156082 0.000000 -0.543293
v 0.156335 0.000000 -0.543035
v 0.156587 0.000000 -0.542763
v 0.156837 0.000000 -0.542479
v 0.157086 0.000000 -0.542183
v 0.157333 0.000000 -0.541873
v 0.157579 0.000000 -0.541552
v 0.157823 0.000000 -0.541217
v 0.158066 0.000000 -0.540871
v 0.158306 0.000000 -0.540512
v 0.158545 0.000000 -0.540141
v 0.158783 0.000000 -0.539758
v 0.159018 0.000000 -0.539363
v 0.159251 0.000000 -0.538956
v 0.159483 0.000000 -0.538537
v 0.159712 0.000000 -0.538106
v 0.159939 0.000000 -0.537664
v 0.160164 0.000000 -0.537210
v 0.160387 0.000000 -0.536745
v 0.160607 0.000000 -0.536269
v 0.160826 0.000000 -0.535782
v 0.161041 0.000000 -0.535284
v 0.161255 0.000000 -0.534774
v 0.161465 0.000000 -0.534254
v 0.161674 0.000000 -0.533724
v 0.161879 0.000000 -0.533182
v 0.162082 0.000000 -0.532631
v 0.162283 0.000000 -0.532069
v 0.162480 0.000000 -0.531497
v 0.162675 0.000000 -0.530915
v 0.162867 0.000000 -0.530324
v 0.163056 0.000000 -0.529722
v 0.163242 0.000000 -0.529111
v 0.163425 0.000000 -0.528491
v 0.163605 0.000000 -0.527862
v 0.163782 0.000000 -0.527223
v 0.163955 0.000000 -0.526576
v 0.164126 0.000000 -0.525920
v 0.164293 0.000000 -0.525255
v 0.164458 0.000000 -0.524582
v 0.164618 0.000000 -0.523900
v 0.164776 0.000000 -0.523211
v 0.164930 0.000000 -0.522513
v 0.165081 0.000000 -0.521808
v 0.165228 0.000000 -0.521096
v 0.165372 0.000000 -0.520375
v 0.165512 0.000000 -0.519648
v 0.165649 0.000000 -0.518914
v 0.165782 0.000000 -0.518172
v 0.165912 0.000000 -0.517425
v 0.166038 0.000000 -0.516670
v 0.166160 0.000000 -0.515909
v 0.166279 0.000000 -0.515143
v 0.166393 0.000000 -0.514370
v 0.166504 0.000000 -0.513592
v 0.166612 0.000000 -0.512808
v 0.166715 0.000000 -0.512018
v 0.166815 0.000000 -0.511224
v 0.166910 0.000000 -0.510424
v 0.167002 0.000000 -0.509620
v 0.167090 0.000000 -0.508811
v 0.167174 0.000000 -0.507998
v 0.167254 0.000000 -0.507181
v 0.167330 0.000000 -0.506360
v 0.167402 0.000000 -0.505535
v 0.167470 0.000000 -0.504706
v 0.167534 0.000000 -0.503874
v 0.167593 0.000000 -0.503039
v 0.167649 0.000000 -0.502201
v 0.167701 0.000000 -0.501360
v 0.167749 0.000000 -0.500517
v 0.167792 0.000000 -0.499672
v 0.167832 0.000000 -0.498824
v 0.167867 0.000000 -0.497974
v 0.167898 0.000000 -0.497123
v 0.167925 0.000000 -0.496271
v 0.167948 0.000000 -0.495417
v 0.167967 0.000000 -0.494561
v 0.167981 0.000000 -0.493706
v 0.167992 0.000000 -0.492849
v 0.167998 0.000000 -0.491992
v 0.151119 -0.000000 0.545706
v 0.168000 -0.000000 0.491135
v 0.151384 -0.000000 0.545699
v 0.151649 -0.000000 0.545679
v 0.151914 -0.000000 0.545645
v 0.152179 -0.000000 0.545598
v 0.152443 -0.000000 0.545537
v 0.152707 -0.000000 0.545463
v 0.152971 -0.000000 0.545376
v 0.153235 -0.000000 0.545275
v 0.153497 -0.000000 0.545161
v 0.153760 -0.000000 0.545034
v 0.154021 -0.000000 0.544893
v 0.154282 -0.000000 0.544739
v 0.154542 -0.000000 0.544572
v 0.154801 -0.000000 0.544391
v 0.155060 -0.000000 0.544198
v 0.155317 -0.000000 0.543991
v 0.155573 -0.000000 0.543771
v 0.155828 -0.000000 0.543539
v 0.156082 -0.000000 0.543293
v 0.156335 -0.000000 0.543035
v 0.156587 -0.000000 0.542763
v 0.156837 -0.000000 0.542479
v 0.157086 -0.000000 0.542183
v 0.157333 -0.000000 0.541873
v 0.157579 -0.000000 0.541552
v 0.157823 -0.000000 0.541217
v 0.158066 -0.000000 0.540871
v 0.158306 -0.000000 0.540512
v 0.158545 -0.000000 0.540141
v 0.158783 -0.000000 0.539758
v 0.159018 -0.000000 0.539363
v 0.159251 -0.000000 0.538956
v 0.159483 -0.000000 0.538537
v 0.159712 -0.000000 0.538106
v 0.159939 -0.000000 0.537664
v 0.160164 -0.000000 0.537210
v 0.160387 -0.000000 0.536745
v 0.160607 -0.000000 0.536269
v 0.160826 -0.000000 0.535782
v 0.161041 -0.000000 0.535284
v 0.161255 -0.000000 0.534774
v 0.161465 -0.000000 0.534254
v 0.161674 -0.000000 0.533724
v 0.161879 -0.000000 0.533182
v 0.162082 -0.000000 0.532631
v 0.162283 -0.000000 0.532069
v 0.162480 -0.000000 0.531497
v 0.162675 -0.000000 0.530915
v 0.162867 -0.000000 0.530324
v 0.163056 -0.000000 0.529722
v 0.163242 -0.000000 0.529111
v 0.163425 -0.000000 0.528491
v 0.163605 -0.000000 0.527862
v 0.163782 -0.000000 0.527223
v 0.163955 -0.000000 0.526576
v 0.164126 -0.000000 0.525920
v 0.164293 -0.000000 0.525255
v 0.164458 -0.000000 0.524582
v 0.164618 -0.000000 0.523900
v 0.164776 -0.000000 0.523211
v 0.164930 -0.000000 0.522513
v 0.165081 -0.000000 0.521808
v 0.165228 -0.000000 0.521096
v 0.165372 -0.000000 0.520375
v 0.165512 -0.000000 0.519648
v 0.165649 -0.000000 0.518914
v 0.165782 -0.000000 0.518172
v 0.165912 -0.000000 0.517425
v 0.166038 -0.000000 0.516670
v 0.166160 -0.000000 0.515909
v 0.166279 -0.000000 0.515143
v 0.166393 -0.000000 0.514370
v 0.166504 -0.000000 0.513592
v 0.166612 -0.000000 0.512808
v 0.166715 -0.000000 0.512018
v 0.166815 -0.000000 0.511224
v 0.166910 -0.000000 0.510424
v 0.167002 -0.000000 0.509620
v 0.167090 -0.000000 0.508811
v 0.167174 -0.000000 0.507998
v 0.167254 -0.000000 0.507181
v 0.167330 -0.000000 0.506360
v 0.167402 -0.000000 0.505535
v 0.167470 -0.000000 0.504706
v 0.167534 -0.000000 0.503874
v 0.167593 -0.000000 0.503039
v 0.167649 -0.000000 0.502201
v 0.167701 -0.000000 0.501360
v 0.167749 -0.000000 0.500517
v 0.167792 -0.000000 0.499672
v 0.167832 -0.000000 0.498824
v 0.167867 -0.000000 0.497974
v 0.167898 -0.000000 0.497123
v 0.167925 -0.000000 0.496271
v 0.167948 -0.000000 0.495417
v 0.167967 -0.000000 0.494561
v 0.167981 -0.000000 0.493706
v 0.167992 -0.000000 0.492849
v 0.167998 -0.000000 0.491992
v 0.148215 -0.029482 -0.545706
v 0.164772 -0.032775 -0.491135
v 0.148475 -0.029533 -0.545699
v 0.148735 -0.029585 -0.545679
v 0.148995 -0.029637 -0.545645
v 0.149255 -0.029688 -0.545598
v 0.149514 -0.029740 -0.545537
v 0.149773 -0.029792 -0.545463
v 0.150032 -0.029843 -0.545376
v 0.150290 -0.029894 -0.545275
v 0.150548 -0.029946 -0.545161
v 0.150805 -0.029997 -0.545034
v 0.151062 -0.030048 -0.544893
v 0.151317 -0.030099 -0.544739
v 0.151573 -0.030149 -0.544572
v 0.151827 -0.030200 -0.544391
v 0.152080 -0.030250 -0.544198
v 0.152333 -0.030301 -0.543991
v 0.152584 -0.030351 -0.543771
v 0.152834 -0.030400 -0.543539
v 0.153083 -0.030450 -0.543293
v 0.153331 -0.030499 -0.543035
v 0.153578 -0.030548 -0.542763
v 0.153823 -0.030597 -0.542479
v 0.154067 -0.030646 -0.542183
v 0.154310 -0.030694 -0.541873
v 0.154551 -0.030742 -0.541552
v 0.154791 -0.030790 -0.541217
v 0.155028 -0.030837 -0.540871
v 0.155265 -0.030884 -0.540512
v 0.155499 -0.030930 -0.540141
v 0.155732 -0.030977 -0.539758
v 0.155962 -0.031023 -0.539363
v 0.156191 -0.031068 -0.538956
v 0.156418 -0.031113 -0.538537
v 0.156643 -0.031158 -0.538106
v 0.156866 -0.031202 -0.537664
v 0.157087 -0.031246 -0.537210
v 0.157305 -0.031290 -0.536745
v 0.157521 -0.031333 -0.536269
v 0.157735 -0.031375 -0.535782
v 0.157947 -0.031417 -0.535284
v 0.158156 -0.031459 -0.534774
v 0.158363 -0.031500 -0.534254
v 0.158567 -0.031541 -0.533724
v 0.158769 -0.031581 -0.533182
v 0.158968 -0.031620 -0.532631
v 0.159164 -0.031660 -0.532069
v 0.159358 -0.031698 -0.531497
v 0.159549 -0.031736 -0.530915
v 0.159737 -0.031774 -0.530324
v 0.159923 -0.031810 -0.529722
v 0.160105 -0.031847 -0.529111
v 0.160284 -0.031882 -0.528491
v 0.160461 -0.031918 -0.527862
v 0.160635 -0.031952 -0.527223
v 0.160805 -0.031986 -0.526576
v 0.160972 -0.032019 -0.525920
v 0.161137 -0.032052 -0.525255
v 0.161298 -0.032084 -0.524582
v 0.161455 -0.032115 -0.523900
v 0.161610 -0.032146 -0.523211
v 0.161761 -0.032176 -0.522513
v 0.161909 -0.032206 -0.521808
v 0.162053 -0.032234 -0.521096
v 0.162194 -0.032262 -0.520375
v 0.162332 -0.032290 -0.519648
v 0.162466 -0.032316 -0.518914
v 0.162597 -0.032342 -0.518172
v 0.162724 -0.032368 -0.517425
v 0.162847 -0.032392 -0.516670
v 0.162967 -0.032416 -0.515909
v 0.163084 -0.032439 -0.515143
v 0.163196 -0.032462 -0.514370
v 0.163305 -0.032483 -0.513592
v 0.163410 -0.032504 -0.512808
v 0.163512 -0.032524 -0.512018
v 0.163609 -0.032544 -0.511224
v 0.163703 -0.032562 -0.510424
v 0.163793 -0.032580 -0.509620
v 0.163879 -0.032597 -0.508811
v 0.163962 -0.032614 -0.507998
v 0.164040 -0.032629 -0.507181
v 0.164115 -0.032644 -0.506360
v 0.164185 -0.032658 -0.505535
v 0.164252 -0.032672 -0.504706
v 0.164314 -0.032684 -0.503874
v 0.164373 -0.032696 -0.503039
v 0.164428 -0.032707 -0.502201
v 0.164479 -0.032717 -0.501360
v 0.164525 -0.032726 -0.500517
v 0.164568 -0.032734 -0.499672
v 0.164607 -0.032742 -0.498824
v 0.164641 -0.032749 -0.497974
v 0.164672 -0.032755 -0.497123
v 0.164698 -0.032760 -0.496271
v 0.164721 -0.032765 -0.495417
v 0.164739 -0.032769 -0.494561
v 0.164754 -0.032771 -0.493706
v 0.164764 -0.032773 -0.492849
v 0.164770 -0.032775 -0.491992
v 0.148215 -0.029482 0.545706
v 0.164772 -0.032775 0.491135
v 0.148475 -0.029534 0.545699
v 0.148735 -0.029585 0.545679
v 0.148995 -0.029637 0.545645
v 0.149255 -0.029689 0.545598
v 0.149514 -0.029740 0.545537
v 0.149773 -0.029792 0.545463
v 0.150032 -0.029843 0.545376
v 0.150290 -0.029895 0.545275
v 0.150548 -0.029946 0.545161
v 0.150805 -0.029997 0.545034
v 0.151062 -0.030048 0.544893
v 0.151317 -0.030099 0.544739
v 0.151573 -0.030150 0.544572
v 0.151827 -0.030200 0.544391
v 0.152080 -0.030251 0.544198
v 0.152333 -0.030301 0.543991
v 0.152584 -0.030351 0.543771
v 0.152834 -0.030401 0.543539
v 0.153083 -0.030450 0.543293
v 0.153331 -0.030500 0.543035
v 0.153578 -0.030549 0.542763
v 0.153823 -0.030598 0.542479
v 0.154067 -0.030646 0.542183
v 0.154310 -0.030694 0.541873
v 0.154551 -0.030742 0.541552
v 0.154791 -0.030790 0.541217
v 0.155028 -0.030837 0.540871
v 0.155265 -0.030884 0.540512
v 0.155499 -0.030931 0.540141
v 0.155732 -0.030977 0.539758
v 0.155962 -0.031023 0.539363
v 0.156191 -0.031069 0.538956
v 0.156418 -0.031114 0.538537
v 0.156643 -0.031158 0.538106
v 0.156866 -0.031203 0.537664
v 0.157087 -0.031247 0.537210
v 0.157305 -0.031290 0.536745
v 0.157521 -0.031333 0.536269
v 0.157735 -0.031376 0.535782
v 0.157947 -0.031418 0.535284
v 0.158156 -0.031459 0.534774
v 0.158363 -0.031501 0.534254
v 0.158567 -0.031541 0.533724
v 0.158769 -0.031581 0.533182
v 0.158968 -0.031621 0.532631
v 0.159164 -0.031660 0.532069
v 0.159358 -0.031698 0.531497
v 0.159549 -0.031736 0.530915
v 0.159737 -0.031774 0.530324
v 0.159923 -0.031811 0.529722
v 0.160105 -0.031847 0.529111
v 0.160284 -0.031883 0.528491
v 0.160461 -0.031918 0.527862
v 0.160635 -0.031952 0.527223
v 0.160805 -0.031986 0.526576
v 0.160972 -0.032020 0.525920
v 0.161137 -0.032052 0.525255
v 0.161298 -0.032084 0.524582
v 0.161455 -0.032116 0.523900
v 0.161610 -0.032146 0.523211
v 0.161761 -0.032176 0.522513
v 0.161909 -0.032206 0.521808
v 0.162053 -0.032235 0.521096
v 0.162194 -0.032263 0.520375
v 0.162332 -0.032290 0.519648
v 0.162466 -0.032317 0.518914
v 0.162597 -0.032343 0.518172
v 0.162724 -0.032368 0.517425
v 0.162847 -0.032393 0.516670
v 0.162967 -0.032416 0.515909
v 0.163084 -0.032440 0.515143
v 0.163196 -0.032462 0.514370
v 0.163305 -0.032484 0.513592
v 0.163410 -0.032504 0.512808
v 0.163512 -0.032525 0.512018
v 0.163609 -0.032544 0.511224
v 0.163703 -0.032563 0.510424
v 0.163793 -0.032581 0.509620
v 0.163879 -0.032598 0.508811
v 0.163962 -0.032614 0.507998
v 0.164040 -0.032630 0.507181
v 0.164115 -0.032645 0.506360
v 0.164185 -0.032659 0.505535
v 0.164252 -0.032672 0.504706
v 0.164314 -0.032684 0.503874
v 0.164373 -0.032696 0.503039
v 0.164428 -0.032707 0.502201
v 0.164479 -0.032717 0.501360
v 0.164525 -0.032726 0.500517
v 0.164568 -0.032735 0.499672
v 0.164607 -0.032742 0.498824
v 0.164641 -0.032749 0.497974
v 0.164672 -0.032755 0.497123
v 0.164698 -0.032761 0.496271
v 0.164721 -0.032765 0.495417
v 0.164739 -0.032769 0.494561
v 0.164754 -0.032772 0.493706
v 0.164764 -0.032774 0.492849
v 0.164770 -0.032775 0.491992
v 0.139615 -0.057830 -0.545706
v 0.155212 -0.064291 -0.491135
v 0.139860 -0.057932 -0.545699
v 0.140105 -0.058033 -0.545679
v 0.140350 -0.058135 -0.545645
v 0.140595 -0.058236 -0.545598
v 0.140839 -0.058337 -0.545537
v 0.141083 -0.058438 -0.545463
v 0.141327 -0.058539 -0.545376
v 0.141570 -0.058640 -0.545275
v 0.141813 -0.058741 -0.545161
v 0.142055 -0.058841 -0.545034
v 0.142297 -0.058941 -0.544893
v 0.142538 -0.059041 -0.544739
v 0.142778 -0.059141 -0.544572
v 0.143018 -0.059240 -0.544391
v 0.143256 -0.059339 -0.544198
v 0.143494 -0.059437 -0.543991
v 0.143731 -0.059535 -0.543771
v 0.143967 -0.059633 -0.543539
v 0.144201 -0.059730 -0.543293
v 0.144435 -0.059827 -0.543035
v 0.144667 -0.059923 -0.542763
v 0.144899 -0.060019 -0.542479
v 0.145128 -0.060114 -0.542183
v 0.145357 -0.060209 -0.541873
v 0.145584 -0.060303 -0.541552
v 0.145810 -0.060396 -0.541217
v 0.146034 -0.060489 -0.540871
v 0.146256 -0.060581 -0.540512
v 0.146477 -0.060673 -0.540141
v 0.146696 -0.060763 -0.539758
v 0.146913 -0.060853 -0.539363
v 0.147129 -0.060943 -0.538956
v 0.147343 -0.061031 -0.538537
v 0.147555 -0.061119 -0.538106
v 0.147765 -0.061206 -0.537664
v 0.147972 -0.061292 -0.537210
v 0.148178 -0.061377 -0.536745
v 0.148382 -0.061462 -0.536269
v 0.148583 -0.061545 -0.535782
v 0.148783 -0.061628 -0.535284
v 0.148980 -0.061709 -0.534774
v 0.149175 -0.061790 -0.534254
v 0.149367 -0.061870 -0.533724
v 0.149557 -0.061948 -0.533182
v 0.149744 -0.062026 -0.532631
v 0.149929 -0.062103 -0.532069
v 0.150112 -0.062178 -0.531497
v 0.150292 -0.062253 -0.530915
v 0.150469 -0.062326 -0.530324
v 0.150644 -0.062399 -0.529722
v 0.150816 -0.062470 -0.529111
v 0.150985 -0.062540 -0.528491
v 0.151151 -0.062609 -0.527862
v 0.151314 -0.062676 -0.527223
v 0.151475 -0.062743 -0.526576
v 0.151633 -0.062808 -0.525920
v 0.151787 -0.062872 -0.525255
v 0.151939 -0.062935 -0.524582
v 0.152088 -0.062997 -0.523900
v 0.152233 -0.063057 -0.523211
v 0.152376 -0.063116 -0.522513
v 0.152515 -0.063174 -0.521808
v 0.152651 -0.063230 -0.521096
v 0.152784 -0.063285 -0.520375
v 0.152913 -0.063339 -0.519648
v 0.153040 -0.063391 -0.518914
v 0.153163 -0.063442 -0.518172
v 0.153283 -0.063492 -0.517425
v 0.153399 -0.063540 -0.516670
v 0.153512 -0.063587 -0.515909
v 0.153621 -0.063632 -0.515143
v 0.153727 -0.063676 -0.514370
v 0.153830 -0.063718 -0.513592
v 0.153929 -0.063759 -0.512808
v 0.154025 -0.063799 -0.512018
v 0.154117 -0.063837 -0.511224
v 0.154205 -0.063874 -0.510424
v 0.154290 -0.063909 -0.509620
v 0.154371 -0.063942 -0.508811
v 0.154448 -0.063974 -0.507998
v 0.154522 -0.064005 -0.507181
v 0.154592 -0.064034 -0.506360
v 0.154659 -0.064062 -0.505535
v 0.154722 -0.064088 -0.504706
v 0.154781 -0.064112 -0.503874
v 0.154836 -0.064135 -0.503039
v 0.154888 -0.064156 -0.502201
v 0.154936 -0.064176 -0.501360
v 0.154980 -0.064194 -0.500517
v 0.155020 -0.064211 -0.499672
v 0.155056 -0.064226 -0.498824
v 0.155089 -0.064240 -0.497975
v 0.155118 -0.064252 -0.497123
v 0.155143 -0.064262 -0.496271
v 0.155164 -0.064271 -0.495417
v 0.155181 -0.064278 -0.494562
v 0.155194 -0.064283 -0.493706
v 0.155204 -0.064287 -0.492849
v 0.155210 -0.064290 -0.491992
v 0.139615 -0.057831 0.545706
v 0.155212 -0.064291 0.491135
v 0.139860 -0.057932 0.545699
v 0.140105 -0.058034 0.545679
v 0.140350 -0.058135 0.545645
v 0.140595 -0.058236 0.545598
v 0.140839 -0.058338 0.545537
v 0.141083 -0.058439 0.545463
v 0.141327 -0.058540 0.545376
v 0.141570 -0.058641 0.545275
v 0.141813 -0.058741 0.545161
v 0.142055 -0.058841 0.545034
v 0.142297 -0.058942 0.544893
v 0.142538 -0.059041 0.544739
v 0.142778 -0.059141 0.544572
v 0.143018 -0.059240 0.544391
v 0.143256 -0.059339 0.544198
v 0.143494 -0.059437 0.543991
v 0.143731 -0.059536 0.543771
v 0.143967 -0.059633 0.543539
v 0.144201 -0.059730 0.543293
v 0.144435 -0.059827 0.543035
v 0.144667 -0.059923 0.542763
v 0.144899 -0.060019 0.542479
v 0.145128 -0.060114 0.542183
v 0.145357 -0.060209 0.541873
v 0.145584 -0.060303 0.541552
v 0.145810 -0.060396 0.541217
v 0.146034 -0.060489 0.540871
v 0.146256 -0.060581 0.540512
v 0.146477 -0.060673 0.540141
v 0.146696 -0.060764 0.539758
v 0.146913 -0.060854 0.539363
v 0.147129 -0.060943 0.538956
v 0.147343 -0.061032 0.538537
v 0.147555 -0.061119 0.538106
v 0.147765 -0.061206 0.537664
v 0.147972 -0.061292 0.537210
v 0.148178 -0.061378 0.536745
v 0.148382 -0.061462 0.536269
v 0.148583 -0.061545 0.535782
v 0.148783 -0.061628 0.535284
v 0.148980 -0.061710 0.534774
v 0.149175 -0.061790 0.534254
v 0.149367 -0.061870 0.533724
v 0.149557 -0.061949 0.533182
v 0.149744 -0.062026 0.532631
v 0.149929 -0.062103 0.532069
v 0.150112 -0.062179 0.531497
v 0.150292 -0.062253 0.530915
v 0.150469 -0.062327 0.530324
v 0.150644 -0.062399 0.529722
v 0.150816 -0.062470 0.529111
v 0.150985 -0.062540 0.528491
v 0.151151 -0.062609 0.527862
v 0.151314 -0.062677 0.527223
v 0.151475 -0.062743 0.526576
v 0.151633 -0.062808 0.525920
v 0.151787 -0.062873 0.525255
v 0.151939 -0.062935 0.524582
v 0.152088 -0.062997 0.523900
v 0.152233 -0.063057 0.523211
v 0.152376 -0.063116 0.522513
v 0.152515 -0.063174 0.521808
v 0.152651 -0.063230 0.521096
v 0.152784 -0.063285 0.520375
v 0.152913 -0.063339 0.519648
v 0.153040 -0.063391 0.518914
v 0.153163 -0.063442 0.518172
v 0.153283 -0.063492 0.517425
v 0.153399 -0.063540 0.516670
v 0.153512 -0.063587 0.515909
v 0.153621 -0.063632 0.515143
v 0.153727 -0.063676 0.514370
v 0.153830 -0.063719 0.513592
v 0.153929 -0.063760 0.512808
v 0.154025 -0.063799 0.512018
v 0.154117 -0.063837 0.511224
v 0.154205 -0.063874 0.510424
v 0.154290 -0.063909 0.509620
v 0.154371 -0.063943 0.508811
v 0.154448 -0.063975 0.507998
v 0.154522 -0.064005 0.507181
v 0.154592 -0.064034 0.506360
v 0.154659 -0.064062 0.505535
v 0.154722 -0.064088 0.504706
v 0.154781 -0.064113 0.503874
v 0.154836 -0.064135 0.503039
v 0.154888 -0.064157 0.502201
v 0.154936 -0.064177 0.501360
v 0.154980 -0.064195 0.500517
v 0.155020 -0.064211 0.499672
v 0.155056 -0.064227 0.498824
v 0.155089 -0.064240 0.497974
v 0.155118 -0.064252 0.497123
v 0.155143 -0.064262 0.496271
v 0.155164 -0.064271 0.495417
v 0.155181 -0.064278 0.494561
v 0.155194 -0.064284 0.493706
v 0.155204 -0.064288 0.492849
v 0.155210 -0.064290 0.491992
v 0.125651 -0.083957 -0.545706
v 0.139687 -0.093336 -0.491135
v 0.125871 -0.084104 -0.545699
v 0.126092 -0.084251 -0.545679
v 0.126312 -0.084399 -0.545645
v 0.126532 -0.084546 -0.545598
v 0.126752 -0.084693 -0.545537
v 0.126972 -0.084839 -0.545463
v 0.127191 -0.084986 -0.545376
v 0.127410 -0.085132 -0.545275
v 0.127628 -0.085278 -0.545161
v 0.127846 -0.085424 -0.545034
v 0.128064 -0.085569 -0.544893
v 0.128281 -0.085714 -0.544739
v 0.128497 -0.085859 -0.544572
v 0.128713 -0.086003 -0.544391
v 0.128927 -0.086146 -0.544198
v 0.129141 -0.086289 -0.543991
v 0.129354 -0.086432 -0.543771
v 0.129567 -0.086573 -0.543539
v 0.129778 -0.086715 -0.543293
v 0.129988 -0.086855 -0.543035
v 0.130197 -0.086995 -0.542763
v 0.130405 -0.087134 -0.542479
v 0.130612 -0.087272 -0.542183
v 0.130818 -0.087409 -0.541873
v 0.131022 -0.087546 -0.541552
v 0.131225 -0.087682 -0.541217
v 0.131427 -0.087816 -0.540871
v 0.131627 -0.087950 -0.540512
v 0.131826 -0.088083 -0.540141
v 0.132023 -0.088215 -0.539758
v 0.132219 -0.088345 -0.539363
v 0.132413 -0.088475 -0.538956
v 0.132605 -0.088604 -0.538537
v 0.132796 -0.088731 -0.538106
v 0.132985 -0.088857 -0.537664
v 0.133172 -0.088982 -0.537211
v 0.133357 -0.089106 -0.536745
v 0.133540 -0.089229 -0.536269
v 0.133722 -0.089350 -0.535782
v 0.133901 -0.089470 -0.535284
v 0.134078 -0.089588 -0.534774
v 0.134254 -0.089705 -0.534254
v 0.134427 -0.089821 -0.533724
v 0.134598 -0.089935 -0.533182
v 0.134766 -0.090048 -0.532631
v 0.134933 -0.090159 -0.532069
v 0.135097 -0.090269 -0.531497
v 0.135259 -0.090377 -0.530915
v 0.135419 -0.090484 -0.530324
v 0.135576 -0.090589 -0.529722
v 0.135730 -0.090692 -0.529111
v 0.135883 -0.090794 -0.528491
v 0.136032 -0.090894 -0.527862
v 0.136179 -0.090992 -0.527223
v 0.136324 -0.091089 -0.526576
v 0.136466 -0.091183 -0.525920
v 0.136605 -0.091276 -0.525255
v 0.136741 -0.091368 -0.524582
v 0.136875 -0.091457 -0.523900
v 0.137006 -0.091544 -0.523211
v 0.137134 -0.091630 -0.522513
v 0.137260 -0.091714 -0.521808
v 0.137382 -0.091796 -0.521096
v 0.137502 -0.091876 -0.520375
v 0.137619 -0.091954 -0.519648
v 0.137732 -0.092030 -0.518914
v 0.137843 -0.092104 -0.518173
v 0.137951 -0.092176 -0.517425
v 0.138055 -0.092246 -0.516670
v 0.138157 -0.092313 -0.515910
v 0.138256 -0.092379 -0.515143
v 0.138351 -0.092443 -0.514370
v 0.138443 -0.092505 -0.513592
v 0.138532 -0.092564 -0.512808
v 0.138618 -0.092622 -0.512018
v 0.138701 -0.092677 -0.511224
v 0.138781 -0.092730 -0.510424
v 0.138857 -0.092781 -0.509620
v 0.138930 -0.092830 -0.508811
v 0.139000 -0.092877 -0.507998
v 0.139066 -0.092921 -0.507181
v 0.139130 -0.092963 -0.506360
v 0.139189 -0.093003 -0.505535
v 0.139246 -0.093041 -0.504706
v 0.139299 -0.093077 -0.503874
v 0.139349 -0.093110 -0.503039
v 0.139395 -0.093141 -0.502201
v 0.139438 -0.093170 -0.501361
v 0.139478 -0.093196 -0.500517
v 0.139514 -0.093220 -0.499672
v 0.139547 -0.093242 -0.498824
v 0.139576 -0.093262 -0.497975
v 0.139602 -0.093279 -0.497123
v 0.139625 -0.093294 -0.496271
v 0.139644 -0.093307 -0.495417
v 0.139659 -0.093317 -0.494562
v 0.139671 -0.093325 -0.493706
v 0.139680 -0.093331 -0.492849
v 0.139685 -0.093334 -0.491992
v 0.125651 -0.083957 0.545706
v 0.139687 -0.093336 0.491135
v 0.125871 -0.084105 0.545699
v 0.126092 -0.084252 0.545679
v 0.126312 -0.084399 0.545645
v 0.126532 -0.084546 0.545598
v 0.126752 -0.084693 0.545537
v 0.126972 -0.084840 0.545463
v 0.127191 -0.084986 0.545376
v 0.127410 -0.085133 0.545275
v 0.127628 -0.085279 0.545161
v 0.127846 -0.085424 0.545034
v 0.128064 -0.085570 0.544893
v 0.128281 -0.085715 0.544739
v 0.128497 -0.085859 0.544572
v 0.128713 -0.086003 0.544391
v 0.128927 -0.086147 0.544198
v 0.129141 -0.086290 0.543991
v 0.129354 -0.086432 0.543771
v 0.129567 -0.086574 0.543539
v 0.129778 -0.086715 0.543293
v 0.129988 -0.086855 0.543035
v 0.130197 -0.086995 0.542763
v 0.130405 -0.087134 0.542479
v 0.130612 -0.087272 0.542183
v 0.130818 -0.087410 0.541873
v 0.131022 -0.087546 0.541552
v 0.131225 -0.087682 0.541217
v 0.131427 -0.087817 0.540871
v 0.131627 -0.087951 0.540512
v 0.131826 -0.088083 0.540141
v 0.132023 -0.088215 0.539758
v 0.132219 -0.088346 0.539363
v 0.132413 -0.088475 0.538956
v 0.132605 -0.088604 0.538537
v 0.132796 -0.088731 0.538106
v 0.132985 -0.088858 0.537664
v 0.133172 -0.088983 0.537210
v 0.133357 -0.089106 0.536745
v 0.133540 -0.089229 0.536269
v 0.133722 -0.089350 0.535782
v 0.133901 -0.089470 0.535283
v 0.134078 -0.089588 0.534774
v 0.134254 -0.089706 0.534254
v 0.134427 -0.089821 0.533723
v 0.134598 -0.089935 0.533182
v 0.134766 -0.090048 0.532631
v 0.134933 -0.090160 0.532069
v 0.135097 -0.090269 0.531497
v 0.135259 -0.090377 0.530915
v 0.135419 -0.090484 0.530324
v 0.135576 -0.090589 0.529722
v 0.135730 -0.090692 0.529111
v 0.135883 -0.090794 0.528491
v 0.136032 -0.090894 0.527862
v 0.136179 -0.090992 0.527223
v 0.136324 -0.091089 0.526576
v 0.136466 -0.091184 0.525919
v 0.136605 -0.091277 0.525255
v 0.136741 -0.091368 0.524582
v 0.136875 -0.091457 0.523900
v 0.137006 -0.091545 0.523211
v 0.137134 -0.091630 0.522513
v 0.137260 -0.091714 0.521808
v 0.137382 -0.091796 0.521095
v 0.137502 -0.091876 0.520375
v 0.137619 -0.091954 0.519648
v 0.137732 -0.092030 0.518914
v 0.137843 -0.092104 0.518172
v 0.137951 -0.092176 0.517425
v 0.138055 -0.092246 0.516670
v 0.138157 -0.092314 0.515909
v 0.138256 -0.092380 0.515143
v 0.138351 -0.092443 0.514370
v 0.138443 -0.092505 0.513592
v 0.138532 -0.092565 0.512808
v 0.138618 -0.092622 0.512018
v 0.138701 -0.092677 0.511224
v 0.138781 -0.092731 0.510424
v 0.138857 -0.092782 0.509620
v 0.138930 -0.092830 0.508811
v 0.139000 -0.092877 0.507998
v 0.139066 -0.092921 0.507181
v 0.139130 -0.092964 0.506360
v 0.139189 -0.093004 0.505535
v 0.139246 -0.093041 0.504706
v 0.139299 -0.093077 0.503874
v 0.139349 -0.093110 0.503039
v 0.139395 -0.093141 0.502201
v 0.139438 -0.093170 0.501360
v 0.139478 -0.093196 0.500517
v 0.139514 -0.093221 0.499672
v 0.139547 -0.093242 0.498824
v 0.139576 -0.093262 0.497974
v 0.139602 -0.093279 0.497123
v 0.139625 -0.093294 0.496271
v 0.139644 -0.093307 0.495417
v 0.139659 -0.093317 0.494561
v 0.139671 -0.093326 0.493706
v 0.139680 -0.093331 0.492849
v 0.139685 -0.093335 0.491992
v 0.106857 -0.106857 -0.545706
v 0.118794 -0.118794 -0.491135
v 0.107045 -0.107044 -0.545699
v 0.107232 -0.107232 -0.545679
v 0.107419 -0.107419 -0.545645
v 0.107607 -0.107606 -0.545598
v 0.107794 -0.107793 -0.545537
v 0.107980 -0.107980 -0.545463
v 0.108167 -0.108167 -0.545376
v 0.108353 -0.108353 -0.545275
v 0.108539 -0.108539 -0.545161
v 0.108724 -0.108724 -0.545034
v 0.108909 -0.108909 -0.544893
v 0.109094 -0.109094 -0.544739
v 0.109278 -0.109278 -0.544572
v 0.109461 -0.109461 -0.544391
v 0.109644 -0.109643 -0.544198
v 0.109826 -0.109825 -0.543991
v 0.110007 -0.110007 -0.543772
v 0.110187 -0.110187 -0.543539
v 0.110367 -0.110367 -0.543293
v 0.110546 -0.110546 -0.543035
v 0.110724 -0.110723 -0.542763
v 0.110901 -0.110900 -0.542479
v 0.111076 -0.111076 -0.542183
v 0.111251 -0.111251 -0.541873
v 0.111425 -0.111425 -0.541552
v 0.111598 -0.111598 -0.541217
v 0.111769 -0.111769 -0.540871
v 0.111940 -0.111939 -0.540512
v 0.112109 -0.112108 -0.540141
v 0.112276 -0.112276 -0.539758
v 0.112443 -0.112443 -0.539363
v 0.112608 -0.112608 -0.538956
v 0.112771 -0.112771 -0.538537
v 0.112933 -0.112933 -0.538106
v 0.113094 -0.113094 -0.537664
v 0.113253 -0.113253 -0.537211
v 0.113411 -0.113411 -0.536745
v 0.113567 -0.113566 -0.536269
v 0.113721 -0.113721 -0.535782
v 0.113873 -0.113873 -0.535284
v 0.114024 -0.114024 -0.534774
v 0.114173 -0.114173 -0.534254
v 0.114321 -0.114320 -0.533724
v 0.114466 -0.114466 -0.533182
v 0.114609 -0.114609 -0.532631
v 0.114751 -0.114751 -0.532069
v 0.114891 -0.114891 -0.531497
v 0.115028 -0.115028 -0.530915
v 0.115164 -0.115164 -0.530324
v 0.115298 -0.115298 -0.529722
v 0.115429 -0.115429 -0.529111
v 0.115559 -0.115558 -0.528491
v 0.115686 -0.115686 -0.527862
v 0.115811 -0.115811 -0.527223
v 0.115934 -0.115934 -0.526576
v 0.116055 -0.116054 -0.525920
v 0.116173 -0.116173 -0.525255
v 0.116289 -0.116289 -0.524582
v 0.116403 -0.116403 -0.523900
v 0.116514 -0.116514 -0.523211
v 0.116623 -0.116623 -0.522513
v 0.116730 -0.116730 -0.521808
v 0.116834 -0.116834 -0.521096
v 0.116936 -0.116936 -0.520375
v 0.117035 -0.117035 -0.519648
v 0.117132 -0.117131 -0.518914
v 0.117226 -0.117226 -0.518173
v 0.117317 -0.117317 -0.517425
v 0.117406 -0.117406 -0.516670
v 0.117493 -0.117493 -0.515910
v 0.117577 -0.117577 -0.515143
v 0.117658 -0.117658 -0.514370
v 0.117736 -0.117736 -0.513592
v 0.117812 -0.117812 -0.512808
v 0.117885 -0.117885 -0.512018
v 0.117956 -0.117956 -0.511224
v 0.118023 -0.118023 -0.510424
v 0.118088 -0.118088 -0.509620
v 0.118150 -0.118150 -0.508811
v 0.118210 -0.118210 -0.507998
v 0.118266 -0.118266 -0.507181
v 0.118320 -0.118320 -0.506360
v 0.118371 -0.118371 -0.505535
v 0.118419 -0.118419 -0.504706
v 0.118464 -0.118464 -0.503874
v 0.118506 -0.118506 -0.503039
v 0.118546 -0.118546 -0.502201
v 0.118583 -0.118582 -0.501361
v 0.118616 -0.118616 -0.500517
v 0.118647 -0.118647 -0.499672
v 0.118675 -0.118675 -0.498824
v 0.118700 -0.118700 -0.497975
v 0.118722 -0.118722 -0.497123
v 0.118741 -0.118741 -0.496271
v 0.118757 -0.118757 -0.495417
v 0.118770 -0.118770 -0.494562
v 0.118781 -0.118781 -0.493706
v 0.118788 -0.118788 -0.492849
v 0.118792 -0.118792 -0.491992
v 0.106857 -0.106857 0.545705
v 0.118794 -0.118794 0.491135
v 0.107045 -0.107045 0.545699
v 0.107232 -0.107232 0.545679
v 0.107419 -0.107420 0.545645
v 0.107607 -0.107607 0.545598
v 0.107794 -0.107794 0.545537
v 0.107980 -0.107981 0.545463
v 0.108167 -0.108167 0.545376
v 0.108353 -0.108353 0.545275
v 0.108539 -0.108539 0.545161
v 0.108724 -0.108725 0.545034
v 0.108909 -0.108910 0.544893
v 0.109094 -0.109094 0.544739
v 0.109278 -0.109278 0.544572
v 0.109461 -0.109461 0.544391
v 0.109644 -0.109644 0.544198
v 0.109826 -0.109826 0.543991
v 0.110007 -0.110007 0.543771
v 0.110187 -0.110188 0.543539
v 0.110367 -0.110367 0.543293
v 0.110546 -0.110546 0.543035
v 0.110724 -0.110724 0.542763
v 0.110901 -0.110901 0.542479
v 0.111076 -0.111077 0.542183
v 0.111251 -0.111252 0.541873
v 0.111425 -0.111425 0.541552
v 0.111598 -0.111598 0.541217
v 0.111769 -0.111769 0.540871
v 0.111940 -0.111940 0.540512
v 0.112109 -0.112109 0.540141
v 0.112276 -0.112276 0.539758
v 0.112443 -0.112443 0.539363
v 0.112608 -0.112608 0.538956
v 0.112771 -0.112771 0.538537
v 0.112933 -0.112934 0.538106
v 0.113094 -0.113094 0.537664
v 0.113253 -0.113253 0.537210
v 0.113411 -0.113411 0.536745
v 0.113567 -0.113567 0.536269
v 0.113721 -0.113721 0.535782
v 0.113873 -0.113874 0.535283
v 0.114024 -0.114024 0.534774
v 0.114173 -0.114173 0.534254
v 0.114321 -0.114321 0.533723
v 0.114466 -0.114466 0.533182
v 0.114609 -0.114610 0.532631
v 0.114751 -0.114751 0.532069
v 0.114891 -0.114891 0.531497
v 0.115028 -0.115029 0.530915
v 0.115164 -0.115164 0.530324
v 0.115298 -0.115298 0.529722
v 0.115429 -0.115429 0.529111
v 0.115559 -0.115559 0.528491
v 0.115686 -0.115686 0.527862
v 0.115811 -0.115811 0.527223
v 0.115934 -0.115934 0.526576
v 0.116055 -0.116055 0.525919
v 0.116173 -0.116173 0.525255
v 0.116289 -0.116289 0.524582
v 0.116403 -0.116403 0.523900
v 0.116514 -0.116514 0.523211
v 0.116623 -0.116623 0.522513
v 0.116730 -0.116730 0.521808
v 0.116834 -0.116834 0.521095
v 0.116936 -0.116936 0.520375
v 0.117035 -0.117035 0.519648
v 0.117132 -0.117132 0.518914
v 0.117226 -0.117226 0.518172
v 0.117317 -0.117318 0.517425
v 0.117406 -0.117407 0.516670
v 0.117493 -0.117493 0.515909
v 0.117577 -0.117577 0.515143
v 0.117658 -0.117658 0.514370
v 0.117736 -0.117737 0.513592
v 0.117812 -0.117812 0.512808
v 0.117885 -0.117885 0.512018
v 0.117956 -0.117956 0.511224
v 0.118023 -0.118024 0.510424
v 0.118088 -0.118088 0.509620
v 0.118150 -0.118151 0.508811
v 0.118210 -0.118210 0.507998
v 0.118266 -0.118266 0.507181
v 0.118320 -0.118320 0.506360
v 0.118371 -0.118371 0.505535
v 0.118419 -0.118419 0.504706
v 0.118464 -0.118464 0.503874
v 0.118506 -0.118507 0.503039
v 0.118546 -0.118546 0.502201
v 0.118583 -0.118583 0.501360
v 0.118616 -0.118616 0.500517
v 0.118647 -0.118647 0.499672
v 0.118675 -0.118675 0.498824
v 0.118700 -0.118700 0.497974
v 0.118722 -0.118722 0.497123
v 0.118741 -0.118741 0.496271
v 0.118757 -0.118757 0.495417
v 0.118770 -0.118771 0.494561
v 0.118781 -0.118781 0.493706
v 0.118788 -0.118788 0.492849
v 0.118792 -0.118793 0.491992
v 0.083957 -0.125650 -0.545706
v 0.093336 -0.139687 -0.491135
v 0.084104 -0.125871 -0.545699
v 0.084252 -0.126091 -0.545679
v 0.084399 -0.126312 -0.545645
v 0.084546 -0.126532 -0.545598
v 0.084693 -0.126752 -0.545537
v 0.084840 -0.126971 -0.545463
v 0.084986 -0.127191 -0.545376
v 0.085133 -0.127410 -0.545275
v 0.085279 -0.127628 -0.545161
v 0.085424 -0.127846 -0.545034
v 0.085570 -0.128064 -0.544893
v 0.085714 -0.128281 -0.544739
v 0.085859 -0.128497 -0.544572
v 0.086003 -0.128712 -0.544391
v 0.086146 -0.128927 -0.544198
v 0.086289 -0.129141 -0.543991
v 0.086432 -0.129354 -0.543772
v 0.086574 -0.129566 -0.543539
v 0.086715 -0.129778 -0.543293
v 0.086855 -0.129988 -0.543035
v 0.086995 -0.130197 -0.542763
v 0.087134 -0.130405 -0.542479
v 0.087272 -0.130612 -0.542183
v 0.087410 -0.130818 -0.541873
v 0.087546 -0.131022 -0.541552
v 0.087682 -0.131225 -0.541217
v 0.087817 -0.131427 -0.540871
v 0.087950 -0.131627 -0.540512
v 0.088083 -0.131826 -0.540141
v 0.088215 -0.132023 -0.539758
v 0.088346 -0.132218 -0.539363
v 0.088475 -0.132412 -0.538956
v 0.088604 -0.132605 -0.538537
v 0.088731 -0.132796 -0.538106
v 0.088857 -0.132984 -0.537664
v 0.088982 -0.133171 -0.537211
v 0.089106 -0.133357 -0.536745
v 0.089229 -0.133540 -0.536269
v 0.089350 -0.133721 -0.535782
v 0.089470 -0.133901 -0.535284
v 0.089588 -0.134078 -0.534774
v 0.089705 -0.134253 -0.534254
v 0.089821 -0.134427 -0.533724
v 0.089935 -0.134598 -0.533182
v 0.090048 -0.134766 -0.532631
v 0.090159 -0.134933 -0.532069
v 0.090269 -0.135097 -0.531497
v 0.090377 -0.135259 -0.530915
v 0.090484 -0.135418 -0.530324
v 0.090589 -0.135576 -0.529722
v 0.090692 -0.135730 -0.529111
v 0.090794 -0.135882 -0.528491
v 0.090894 -0.136032 -0.527862
v 0.090992 -0.136179 -0.527223
v 0.091089 -0.136324 -0.526576
v 0.091184 -0.136466 -0.525920
v 0.091277 -0.136605 -0.525255
v 0.091368 -0.136741 -0.524582
v 0.091457 -0.136875 -0.523900
v 0.091545 -0.137006 -0.523211
v 0.091630 -0.137134 -0.522513
v 0.091714 -0.137260 -0.521808
v 0.091796 -0.137382 -0.521096
v 0.091876 -0.137502 -0.520375
v 0.091954 -0.137618 -0.519648
v 0.092030 -0.137732 -0.518914
v 0.092104 -0.137843 -0.518173
v 0.092176 -0.137951 -0.517425
v 0.092246 -0.138055 -0.516670
v 0.092314 -0.138157 -0.515910
v 0.092379 -0.138255 -0.515143
v 0.092443 -0.138351 -0.514370
v 0.092505 -0.138443 -0.513592
v 0.092564 -0.138532 -0.512808
v 0.092622 -0.138618 -0.512018
v 0.092677 -0.138701 -0.511224
v 0.092730 -0.138781 -0.510424
v 0.092781 -0.138857 -0.509620
v 0.092830 -0.138930 -0.508811
v 0.092877 -0.139000 -0.507998
v 0.092921 -0.139066 -0.507181
v 0.092963 -0.139129 -0.506360
v 0.093003 -0.139189 -0.505535
v 0.093041 -0.139246 -0.504706
v 0.093077 -0.139299 -0.503874
v 0.093110 -0.139349 -0.503039
v 0.093141 -0.139395 -0.502201
v 0.093170 -0.139438 -0.501361
v 0.093196 -0.139478 -0.500517
v 0.093220 -0.139514 -0.499672
v 0.093242 -0.139547 -0.498824
v 0.093262 -0.139576 -0.497975
v 0.093279 -0.139602 -0.497123
v 0.093294 -0.139624 -0.496271
v 0.093307 -0.139643 -0.495417
v 0.093317 -0.139659 -0.494562
v 0.093325 -0.139671 -0.493706
v 0.093331 -0.139680 -0.492849
v 0.093335 -0.139685 -0.491992
v 0.083957 -0.125651 0.545705
v 0.093336 -0.139687 0.491135
v 0.084104 -0.125871 0.545699
v 0.084252 -0.126092 0.545679
v 0.084399 -0.126312 0.545645
v 0.084546 -0.126532 0.545598
v 0.084693 -0.126752 0.545537
v 0.084840 -0.126972 0.545463
v 0.084986 -0.127191 0.545376
v 0.085133 -0.127410 0.545275
v 0.085279 -0.127629 0.545161
v 0.085424 -0.127847 0.545034
v 0.085570 -0.128064 0.544893
v 0.085714 -0.128281 0.544739
v 0.085859 -0.128497 0.544572
v 0.086003 -0.128713 0.544391
v 0.086146 -0.128928 0.544198
v 0.086289 -0.129141 0.543991
v 0.086432 -0.129355 0.543771
v 0.086574 -0.129567 0.543539
v 0.086715 -0.129778 0.543293
v 0.086855 -0.129988 0.543035
v 0.086995 -0.130197 0.542763
v 0.087134 -0.130405 0.542479
v 0.087272 -0.130612 0.542183
v 0.087410 -0.130818 0.541873
v 0.087546 -0.131022 0.541552
v 0.087682 -0.131225 0.541217
v 0.087817 -0.131427 0.540871
v 0.087950 -0.131627 0.540512
v 0.088083 -0.131826 0.540141
v 0.088215 -0.132023 0.539758
v 0.088346 -0.132219 0.539363
v 0.088475 -0.132413 0.538956
v 0.088604 -0.132605 0.538537
v 0.088731 -0.132796 0.538106
v 0.088857 -0.132985 0.537664
v 0.088982 -0.133172 0.537210
v 0.089106 -0.133357 0.536745
v 0.089229 -0.133540 0.536269
v 0.089350 -0.133722 0.535782
v 0.089470 -0.133901 0.535283
v 0.089588 -0.134078 0.534774
v 0.089705 -0.134254 0.534254
v 0.089821 -0.134427 0.533723
v 0.089935 -0.134598 0.533182
v 0.090048 -0.134767 0.532631
v 0.090159 -0.134933 0.532069
v 0.090269 -0.135097 0.531497
v 0.090377 -0.135259 0.530915
v 0.090484 -0.135419 0.530324
v 0.090589 -0.135576 0.529722
v 0.090692 -0.135731 0.529111
v 0.090794 -0.135883 0.528491
v 0.090894 -0.136032 0.527862
v 0.090992 -0.136180 0.527223
v 0.091089 -0.136324 0.526576
v 0.091184 -0.136466 0.525919
v 0.091277 -0.136605 0.525255
v 0.091368 -0.136742 0.524582
v 0.091457 -0.136875 0.523900
v 0.091545 -0.137006 0.523211
v 0.091630 -0.137135 0.522513
v 0.091714 -0.137260 0.521808
v 0.091796 -0.137382 0.521095
v 0.091876 -0.137502 0.520375
v 0.091954 -0.137619 0.519648
v 0.092030 -0.137732 0.518914
v 0.092104 -0.137843 0.518172
v 0.092176 -0.137951 0.517425
v 0.092246 -0.138056 0.516670
v 0.092314 -0.138157 0.515909
v 0.092379 -0.138256 0.515143
v 0.092443 -0.138351 0.514370
v 0.092505 -0.138444 0.513592
v 0.092564 -0.138533 0.512808
v 0.092622 -0.138619 0.512018
v 0.092677 -0.138701 0.511224
v 0.092730 -0.138781 0.510424
v 0.092781 -0.138857 0.509620
v 0.092830 -0.138930 0.508811
v 0.092877 -0.139000 0.507998
v 0.092921 -0.139067 0.507181
v 0.092963 -0.139130 0.506360
v 0.093003 -0.139190 0.505535
v 0.093041 -0.139246 0.504706
v 0.093077 -0.139299 0.503874
v 0.093110 -0.139349 0.503039
v 0.093141 -0.139395 0.502201
v 0.093170 -0.139438 0.501360
v 0.093196 -0.139478 0.500517
v 0.093220 -0.139514 0.499672
v 0.093242 -0.139547 0.498824
v 0.093262 -0.139576 0.497974
v 0.093279 -0.139602 0.497123
v 0.093294 -0.139625 0.496270
v 0.093307 -0.139644 0.495416
v 0.093317 -0.139659 0.494561
v 0.093325 -0.139671 0.493706
v 0.093331 -0.139680 0.492849
v 0.093335 -0.139685 0.491992
v 0.057831 -0.139615 -0.545706
v 0.064291 -0.155212 -0.491135
v 0.057932 -0.139860 -0.545699
v 0.058034 -0.140105 -0.545679
v 0.058135 -0.140350 -0.545645
v 0.058236 -0.140595 -0.545598
v 0.058338 -0.140839 -0.545537
v 0.058439 -0.141083 -0.545463
v 0.058540 -0.141327 -0.545376
v 0.058640 -0.141570 -0.545275
v 0.058741 -0.141813 -0.545161
v 0.058841 -0.142055 -0.545034
v 0.058941 -0.142297 -0.544893
v 0.059041 -0.142538 -0.544739
v 0.059141 -0.142778 -0.544572
v 0.059240 -0.143018 -0.544391
v 0.059339 -0.143256 -0.544198
v 0.059437 -0.143494 -0.543991
v 0.059535 -0.143731 -0.543772
v 0.059633 -0.143967 -0.543539
v 0.059730 -0.144201 -0.543293
v 0.059827 -0.144435 -0.543035
v 0.059923 -0.144667 -0.542763
v 0.060019 -0.144898 -0.542479
v 0.060114 -0.145128 -0.542183
v 0.060209 -0.145357 -0.541873
v 0.060303 -0.145584 -0.541552
v 0.060396 -0.145809 -0.541217
v 0.060489 -0.146033 -0.540871
v 0.060581 -0.146256 -0.540512
v 0.060673 -0.146477 -0.540141
v 0.060764 -0.146696 -0.539758
v 0.060854 -0.146913 -0.539363
v 0.060943 -0.147129 -0.538956
v 0.061031 -0.147343 -0.538537
v 0.061119 -0.147554 -0.538106
v 0.061206 -0.147764 -0.537664
v 0.061292 -0.147972 -0.537211
v 0.061377 -0.148178 -0.536745
v 0.061462 -0.148382 -0.536269
v 0.061545 -0.148583 -0.535782
v 0.061628 -0.148783 -0.535284
v 0.061709 -0.148980 -0.534774
v 0.061790 -0.149174 -0.534254
v 0.061870 -0.149367 -0.533724
v 0.061949 -0.149557 -0.533182
v 0.062026 -0.149744 -0.532631
v 0.062103 -0.149929 -0.532069
v 0.062178 -0.150112 -0.531497
v 0.062253 -0.150292 -0.530915
v 0.062326 -0.150469 -0.530324
v 0.062399 -0.150644 -0.529722
v 0.062470 -0.150815 -0.529111
v 0.062540 -0.150985 -0.528491
v 0.062609 -0.151151 -0.527862
v 0.062677 -0.151314 -0.527223
v 0.062743 -0.151475 -0.526576
v 0.062808 -0.151632 -0.525920
v 0.062872 -0.151787 -0.525255
v 0.062935 -0.151939 -0.524582
v 0.062997 -0.152087 -0.523900
v 0.063057 -0.152233 -0.523211
v 0.063116 -0.152375 -0.522513
v 0.063174 -0.152515 -0.521808
v 0.063230 -0.152651 -0.521096
v 0.063285 -0.152784 -0.520375
v 0.063339 -0.152913 -0.519648
v 0.063391 -0.153040 -0.518914
v 0.063442 -0.153163 -0.518173
v 0.063492 -0.153282 -0.517425
v 0.063540 -0.153399 -0.516670
v 0.063587 -0.153512 -0.515910
v 0.063632 -0.153621 -0.515143
v 0.063676 -0.153727 -0.514370
v 0.063718 -0.153830 -0.513592
v 0.063760 -0.153929 -0.512808
v 0.063799 -0.154024 -0.512018
v 0.063837 -0.154116 -0.511224
v 0.063874 -0.154205 -0.510424
v 0.063909 -0.154290 -0.509620
v 0.063943 -0.154371 -0.508811
v 0.063975 -0.154448 -0.507998
v 0.064005 -0.154522 -0.507181
v 0.064034 -0.154592 -0.506360
v 0.064062 -0.154659 -0.505535
v 0.064088 -0.154722 -0.504706
v 0.064112 -0.154781 -0.503874
v 0.064135 -0.154836 -0.503039
v 0.064157 -0.154888 -0.502201
v 0.064176 -0.154935 -0.501361
v 0.064195 -0.154979 -0.500517
v 0.064211 -0.155020 -0.499672
v 0.064226 -0.155056 -0.498824
v 0.064240 -0.155089 -0.497975
v 0.064252 -0.155117 -0.497123
v 0.064262 -0.155142 -0.496271
v 0.064271 -0.155164 -0.495417
v 0.064278 -0.155181 -0.494562
v 0.064284 -0.155194 -0.493706
v 0.064288 -0.155204 -0.492849
v 0.064290 -0.155210 -0.491992
v 0.057831 -0.139616 0.545705
v 0.064291 -0.155212 0.491135
v 0.057932 -0.139861 0.545699
v 0.058034 -0.140106 0.545679
v 0.058135 -0.140350 0.545645
v 0.058236 -0.140595 0.545598
v 0.058338 -0.140839 0.545537
v 0.058439 -0.141083 0.545463
v 0.058540 -0.141327 0.545376
v 0.058640 -0.141570 0.545275
v 0.058741 -0.141813 0.545161
v 0.058841 -0.142055 0.545034
v 0.058941 -0.142297 0.544893
v 0.059041 -0.142538 0.544739
v 0.059141 -0.142778 0.544572
v 0.059240 -0.143018 0.544391
v 0.059339 -0.143257 0.544198
v 0.059437 -0.143494 0.543991
v 0.059535 -0.143731 0.543771
v 0.059633 -0.143967 0.543539
v 0.059730 -0.144202 0.543293
v 0.059827 -0.144435 0.543035
v 0.059923 -0.144668 0.542763
v 0.060019 -0.144899 0.542479
v 0.060114 -0.145129 0.542183
v 0.060209 -0.145357 0.541873
v 0.060303 -0.145584 0.541552
v 0.060396 -0.145810 0.541217
v 0.060489 -0.146034 0.540871
v 0.060581 -0.146256 0.540512
v 0.060673 -0.146477 0.540141
v 0.060764 -0.146696 0.539758
v 0.060854 -0.146914 0.539363
v 0.060943 -0.147129 0.538956
v 0.061031 -0.147343 0.538537
v 0.061119 -0.147555 0.538106
v 0.061206 -0.147765 0.537664
v 0.061292 -0.147973 0.537210
v 0.061377 -0.148178 0.536745
v 0.061462 -0.148382 0.536269
v 0.061545 -0.148584 0.535782
v 0.061628 -0.148783 0.535283
v 0.061709 -0.148980 0.534774
v 0.061790 -0.149175 0.534254
v 0.061870 -0.149367 0.533723
v 0.061949 -0.149557 0.533182
v 0.062026 -0.149745 0.532631
v 0.062103 -0.149930 0.532069
v 0.062178 -0.150112 0.531497
v 0.062253 -0.150292 0.530915
v 0.062326 -0.150469 0.530324
v 0.062399 -0.150644 0.529722
v 0.062470 -0.150816 0.529111
v 0.062540 -0.150985 0.528491
v 0.062609 -0.151151 0.527862
v 0.062677 -0.151315 0.527223
v 0.062743 -0.151475 0.526576
v 0.062808 -0.151633 0.525919
v 0.062872 -0.151787 0.525255
v 0.062935 -0.151939 0.524582
v 0.062997 -0.152088 0.523900
v 0.063057 -0.152233 0.523211
v 0.063116 -0.152376 0.522513
v 0.063174 -0.152515 0.521808
v 0.063230 -0.152651 0.521095
v 0.063285 -0.152784 0.520375
v 0.063339 -0.152914 0.519648
v 0.063391 -0.153040 0.518914
v 0.063442 -0.153163 0.518172
v 0.063492 -0.153283 0.517425
v 0.063540 -0.153399 0.516670
v 0.063587 -0.153512 0.515909
v 0.063632 -0.153622 0.515143
v 0.063676 -0.153728 0.514370
v 0.063718 -0.153830 0.513592
v 0.063760 -0.153929 0.512808
v 0.063799 -0.154025 0.512018
v 0.063837 -0.154117 0.511224
v 0.063874 -0.154205 0.510424
v 0.063909 -0.154290 0.509620
v 0.063943 -0.154371 0.508811
v 0.063975 -0.154449 0.507998
v 0.064005 -0.154522 0.507181
v 0.064034 -0.154593 0.506360
v 0.064062 -0.154659 0.505535
v 0.064088 -0.154722 0.504706
v 0.064112 -0.154781 0.503874
v 0.064135 -0.154836 0.503039
v 0.064157 -0.154888 0.502201
v 0.064176 -0.154936 0.501360
v 0.064195 -0.154980 0.500517
v 0.064211 -0.155020 0.499672
v 0.064226 -0.155056 0.498824
v 0.064240 -0.155089 0.497974
v 0.064252 -0.155118 0.497123
v 0.064262 -0.155143 0.496270
v 0.064271 -0.155164 0.495416
v 0.064278 -0.155181 0.494561
v 0.064284 -0.155195 0.493706
v 0.064288 -0.155204 0.492849
v 0.064290 -0.155210 0.491992
v 0.029482 -0.148215 -0.545706
v 0.032775 -0.164772 -0.491135
v 0.029534 -0.148475 -0.545699
v 0.029585 -0.148735 -0.545679
v 0.029637 -0.148995 -0.545645
v 0.029689 -0.149254 -0.545598
v 0.029740 -0.149514 -0.545537
v 0.029792 -0.149773 -0.545463
v 0.029843 -0.150032 -0.545376
v 0.029895 -0.150290 -0.545275
v 0.029946 -0.150548 -0.545161
v 0.029997 -0.150805 -0.545034
v 0.030048 -0.151061 -0.544893
v 0.030099 -0.151317 -0.544739
v 0.030150 -0.151572 -0.544572
v 0.030200 -0.151827 -0.544391
v 0.030251 -0.152080 -0.544198
v 0.030301 -0.152332 -0.543991
v 0.030351 -0.152584 -0.543772
v 0.030401 -0.152834 -0.543539
v 0.030450 -0.153083 -0.543293
v 0.030499 -0.153331 -0.543035
v 0.030549 -0.153578 -0.542763
v 0.030597 -0.153823 -0.542479
v 0.030646 -0.154067 -0.542183
v 0.030694 -0.154310 -0.541873
v 0.030742 -0.154551 -0.541552
v 0.030790 -0.154790 -0.541217
v 0.030837 -0.155028 -0.540871
v 0.030884 -0.155264 -0.540512
v 0.030931 -0.155499 -0.540141
v 0.030977 -0.155732 -0.539758
v 0.031023 -0.155962 -0.539363
v 0.031068 -0.156191 -0.538956
v 0.031114 -0.156418 -0.538537
v 0.031158 -0.156643 -0.538106
v 0.031203 -0.156866 -0.537664
v 0.031246 -0.157086 -0.537211
v 0.031290 -0.157305 -0.536745
v 0.031333 -0.157521 -0.536269
v 0.031376 -0.157735 -0.535782
v 0.031418 -0.157947 -0.535284
v 0.031459 -0.158156 -0.534774
v 0.031500 -0.158363 -0.534254
v 0.031541 -0.158567 -0.533724
v 0.031581 -0.158769 -0.533182
v 0.031621 -0.158968 -0.532631
v 0.031660 -0.159164 -0.532069
v 0.031698 -0.159358 -0.531497
v 0.031736 -0.159549 -0.530915
v 0.031774 -0.159737 -0.530324
v 0.031811 -0.159922 -0.529722
v 0.031847 -0.160105 -0.529111
v 0.031883 -0.160284 -0.528491
v 0.031918 -0.160461 -0.527862
v 0.031952 -0.160634 -0.527223
v 0.031986 -0.160805 -0.526576
v 0.032019 -0.160972 -0.525920
v 0.032052 -0.161136 -0.525255
v 0.032084 -0.161297 -0.524582
v 0.032115 -0.161455 -0.523900
v 0.032146 -0.161610 -0.523211
v 0.032176 -0.161761 -0.522513
v 0.032206 -0.161909 -0.521808
v 0.032234 -0.162053 -0.521096
v 0.032262 -0.162194 -0.520375
v 0.032290 -0.162332 -0.519648
v 0.032317 -0.162466 -0.518914
v 0.032343 -0.162597 -0.518173
v 0.032368 -0.162724 -0.517425
v 0.032392 -0.162847 -0.516670
v 0.032416 -0.162967 -0.515910
v 0.032439 -0.163083 -0.515143
v 0.032462 -0.163196 -0.514370
v 0.032483 -0.163305 -0.513592
v 0.032504 -0.163410 -0.512808
v 0.032524 -0.163511 -0.512018
v 0.032544 -0.163609 -0.511224
v 0.032563 -0.163703 -0.510424
v 0.032580 -0.163793 -0.509620
v 0.032598 -0.163879 -0.508811
v 0.032614 -0.163961 -0.507998
v 0.032630 -0.164040 -0.507181
v 0.032644 -0.164114 -0.506360
v 0.032658 -0.164185 -0.505535
v 0.032672 -0.164252 -0.504706
v 0.032684 -0.164314 -0.503874
v 0.032696 -0.164373 -0.503039
v 0.032707 -0.164428 -0.502201
v 0.032717 -0.164478 -0.501361
v 0.032726 -0.164525 -0.500517
v 0.032735 -0.164568 -0.499672
v 0.032742 -0.164607 -0.498824
v 0.032749 -0.164641 -0.497975
v 0.032755 -0.164672 -0.497123
v 0.032761 -0.164698 -0.496271
v 0.032765 -0.164721 -0.495417
v 0.032769 -0.164739 -0.494562
v 0.032772 -0.164753 -0.493706
v 0.032774 -0.164764 -0.492849
v 0.032775 -0.164770 -0.491992
v 0.029482 -0.148215 0.545705
v 0.032775 -0.164772 0.491135
v 0.029534 -0.148475 0.545699
v 0.029585 -0.148735 0.545679
v 0.029637 -0.148995 0.545645
v 0.029689 -0.149255 0.545598
v 0.029740 -0.149514 0.545537
v 0.029792 -0.149773 0.545463
v 0.029843 -0.150032 0.545376
v 0.029895 -0.150290 0.545275
v 0.029946 -0.150548 0.545161
v 0.029997 -0.150805 0.545034
v 0.030048 -0.151062 0.544893
v 0.030099 -0.151318 0.544739
v 0.030150 -0.151573 0.544572
v 0.030200 -0.151827 0.544391
v 0.030251 -0.152080 0.544198
v 0.030301 -0.152333 0.543991
v 0.030351 -0.152584 0.543771
v 0.030401 -0.152834 0.543539
v 0.030450 -0.153084 0.543293
v 0.030499 -0.153332 0.543035
v 0.030549 -0.153578 0.542763
v 0.030597 -0.153824 0.542479
v 0.030646 -0.154068 0.542183
v 0.030694 -0.154310 0.541873
v 0.030742 -0.154551 0.541552
v 0.030790 -0.154791 0.541217
v 0.030837 -0.155029 0.540871
v 0.030884 -0.155265 0.540512
v 0.030931 -0.155499 0.540141
v 0.030977 -0.155732 0.539758
v 0.031023 -0.155963 0.539363
v 0.031068 -0.156192 0.538956
v 0.031114 -0.156418 0.538537
v 0.031158 -0.156643 0.538106
v 0.031203 -0.156866 0.537664
v 0.031246 -0.157087 0.537210
v 0.031290 -0.157305 0.536745
v 0.031333 -0.157522 0.536269
v 0.031376 -0.157736 0.535782
v 0.031418 -0.157947 0.535283
v 0.031459 -0.158156 0.534774
v 0.031500 -0.158363 0.534254
v 0.031541 -0.158567 0.533723
v 0.031581 -0.158769 0.533182
v 0.031621 -0.158968 0.532631
v 0.031660 -0.159164 0.532069
v 0.031698 -0.159358 0.531497
v 0.031736 -0.159549 0.530915
v 0.031774 -0.159737 0.530324
v 0.031811 -0.159923 0.529722
v 0.031847 -0.160105 0.529111
v 0.031883 -0.160285 0.528491
v 0.031918 -0.160461 0.527862
v 0.031952 -0.160635 0.527223
v 0.031986 -0.160805 0.526576
v 0.032019 -0.160973 0.525919
v 0.032052 -0.161137 0.525255
v 0.032084 -0.161298 0.524582
v 0.032115 -0.161456 0.523900
v 0.032146 -0.161610 0.523211
v 0.032176 -0.161761 0.522513
v 0.032206 -0.161909 0.521808
v 0.032234 -0.162054 0.521095
v 0.032262 -0.162195 0.520375
v 0.032290 -0.162332 0.519648
v 0.032317 -0.162466 0.518914
v 0.032343 -0.162597 0.518172
v 0.032368 -0.162724 0.517425
v 0.032392 -0.162848 0.516670
v 0.032416 -0.162968 0.515909
v 0.032439 -0.163084 0.515143
v 0.032462 -0.163196 0.514370
v 0.032483 -0.163305 0.513592
v 0.032504 -0.163410 0.512808
v 0.032524 -0.163512 0.512018
v 0.032544 -0.163609 0.511224
v 0.032563 -0.163703 0.510424
v 0.032580 -0.163793 0.509620
v 0.032598 -0.163879 0.508811
v 0.032614 -0.163962 0.507998
v 0.032630 -0.164040 0.507181
v 0.032644 -0.164115 0.506360
v 0.032658 -0.164185 0.505535
v 0.032672 -0.164252 0.504706
v 0.032684 -0.164315 0.503874
v 0.032696 -0.164373 0.503039
v 0.032707 -0.164428 0.502201
v 0.032717 -0.164479 0.501360
v 0.032726 -0.164526 0.500517
v 0.032735 -0.164568 0.499672
v 0.032742 -0.164607 0.498824
v 0.032749 -0.164642 0.497974
v 0.032755 -0.164672 0.497123
v 0.032761 -0.164699 0.496270
v 0.032765 -0.164721 0.495416
v 0.032769 -0.164739 0.494561
v 0.032772 -0.164754 0.493706
v 0.032774 -0.164764 0.492849
v 0.032775 -0.164770 0.491992
v 0.000000 -0.151119 -0.545706
v 0.000000 -0.168000 -0.491135
v 0.000000 -0.151384 -0.545699
v 0.000000 -0.151649 -0.545679
v 0.000000 -0.151914 -0.545645
v 0.000000 -0.152179 -0.545598
v 0.000000 -0.152443 -0.545537
v 0.000000 -0.152707 -0.545463
v 0.000000 -0.152971 -0.545376
v 0.000000 -0.153234 -0.545275
v 0.000000 -0.153497 -0.545161
v 0.000000 -0.153759 -0.545034
v 0.000000 -0.154021 -0.544893
v 0.000000 -0.154282 -0.544739
v 0.000000 -0.154542 -0.544572
v 0.000000 -0.154801 -0.544391
v 0.000000 -0.155059 -0.544198
v 0.000000 -0.155317 -0.543991
v 0.000000 -0.155573 -0.543772
v 0.000000 -0.155828 -0.543539
v 0.000000 -0.156082 -0.543293
v 0.000000 -0.156335 -0.543035
v 0.000000 -0.156587 -0.542763
v 0.000000 -0.156837 -0.542479
v 0.000000 -0.157086 -0.542183
v 0.000000 -0.157333 -0.541873
v 0.000000 -0.157579 -0.541552
v 0.000000 -0.157823 -0.541217
v 0.000000 -0.158065 -0.540871
v 0.000000 -0.158306 -0.540512
v 0.000000 -0.158545 -0.540141
v 0.000000 -0.158782 -0.539758
v 0.000000 -0.159018 -0.539363
v 0.000000 -0.159251 -0.538956
v 0.000000 -0.159483 -0.538537
v 0.000000 -0.159712 -0.538106
v 0.000000 -0.159939 -0.537664
v 0.000000 -0.160164 -0.537211
v 0.000000 -0.160387 -0.536745
v 0.000000 -0.160607 -0.536269
v 0.000000 -0.160825 -0.535782
v 0.000000 -0.161041 -0.535284
v 0.000000 -0.161254 -0.534774
v 0.000000 -0.161465 -0.534254
v 0.000000 -0.161673 -0.533724
v 0.000000 -0.161879 -0.533182
v 0.000000 -0.162082 -0.532631
v 0.000000 -0.162282 -0.532069
v 0.000000 -0.162480 -0.531497
v 0.000000 -0.162675 -0.530915
v 0.000000 -0.162866 -0.530324
v 0.000000 -0.163055 -0.529722
v 0.000000 -0.163241 -0.529111
v 0.000000 -0.163424 -0.528491
v 0.000000 -0.163604 -0.527862
v 0.000000 -0.163781 -0.527223
v 0.000000 -0.163955 -0.526576
v 0.000000 -0.164126 -0.525920
v 0.000000 -0.164293 -0.525255
v 0.000000 -0.164457 -0.524582
v 0.000000 -0.164618 -0.523900
v 0.000000 -0.164776 -0.523211
v 0.000000 -0.164930 -0.522513
v 0.000000 -0.165081 -0.521808
v 0.000000 -0.165228 -0.521096
v 0.000000 -0.165372 -0.520375
v 0.000000 -0.165512 -0.519648
v 0.000000 -0.165649 -0.518914
v 0.000000 -0.165782 -0.518173
v 0.000000 -0.165912 -0.517425
v 0.000000 -0.166038 -0.516670
v 0.000000 -0.166160 -0.515910
v 0.000000 -0.166278 -0.515143
v 0.000000 -0.166393 -0.514370
v 0.000000 -0.166504 -0.513592
v 0.000000 -0.166611 -0.512808
v 0.000000 -0.166715 -0.512018
v 0.000000 -0.166814 -0.511224
v 0.000000 -0.166910 -0.510424
v 0.000000 -0.167002 -0.509620
v 0.000000 -0.167090 -0.508811
v 0.000000 -0.167174 -0.507998
v 0.000000 -0.167254 -0.507181
v 0.000000 -0.167330 -0.506360
v 0.000000 -0.167402 -0.505535
v 0.000000 -0.167470 -0.504706
v 0.000000 -0.167533 -0.503874
v 0.000000 -0.167593 -0.503039
v 0.000000 -0.167649 -0.502201
v 0.000000 -0.167701 -0.501361
v 0.000000 -0.167748 -0.500517
v 0.000000 -0.167792 -0.499672
v 0.000000 -0.167831 -0.498824
v 0.000000 -0.167867 -0.497975
v 0.000000 -0.167898 -0.497123
v 0.000000 -0.167925 -0.496271
v 0.000000 -0.167948 -0.495417
v 0.000000 -0.167967 -0.494562
v 0.000000 -0.167981 -0.493706
v 0.000000 -0.167992 -0.492849
v 0.000000 -0.167998 -0.491992
v 0.000000 -0.151119 0.545705
v 0.000000 -0.168000 0.491135
v 0.000000 -0.151384 0.545699
v 0.000000 -0.151649 0.545679
v 0.000000 -0.151914 0.545645
v 0.000000 -0.152179 0.545598
v 0.000000 -0.152443 0.545537
v 0.000000 -0.152708 0.545463
v 0.000000 -0.152971 0.545376
v 0.000000 -0.153235 0.545275
v 0.000000 -0.153497 0.545161
v 0.000000 -0.153760 0.545034
v 0.000000 -0.154021 0.544893
v 0.000000 -0.154282 0.544739
v 0.000000 -0.154542 0.544572
v 0.000000 -0.154801 0.544391
v 0.000000 -0.155060 0.544198
v 0.000000 -0.155317 0.543991
v 0.000000 -0.155573 0.543771
v 0.000000 -0.155829 0.543539
v 0.000000 -0.156083 0.543293
v 0.000000 -0.156336 0.543035
v 0.000000 -0.156587 0.542763
v 0.000000 -0.156837 0.542479
v 0.000000 -0.157086 0.542183
v 0.000000 -0.157333 0.541873
v 0.000000 -0.157579 0.541552
v 0.000000 -0.157823 0.541217
v 0.000000 -0.158066 0.540871
v 0.000000 -0.158307 0.540512
v 0.000000 -0.158546 0.540141
v 0.000000 -0.158783 0.539758
v 0.000000 -0.159018 0.539363
v 0.000000 -0.159252 0.538956
v 0.000000 -0.159483 0.538537
v 0.000000 -0.159712 0.538106
v 0.000000 -0.159939 0.537664
v 0.000000 -0.160164 0.537210
v 0.000000 -0.160387 0.536745
v 0.000000 -0.160608 0.536269
v 0.000000 -0.160826 0.535782
v 0.000000 -0.161041 0.535283
v 0.000000 -0.161255 0.534774
v 0.000000 -0.161466 0.534254
v 0.000000 -0.161674 0.533723
v 0.000000 -0.161879 0.533182
v 0.000000 -0.162082 0.532631
v 0.000000 -0.162283 0.532069
v 0.000000 -0.162480 0.531497
v 0.000000 -0.162675 0.530915
v 0.000000 -0.162867 0.530324
v 0.000000 -0.163056 0.529722
v 0.000000 -0.163242 0.529111
v 0.000000 -0.163425 0.528491
v 0.000000 -0.163605 0.527862
v 0.000000 -0.163782 0.527223
v 0.000000 -0.163956 0.526576
v 0.000000 -0.164126 0.525919
v 0.000000 -0.164294 0.525255
v 0.000000 -0.164458 0.524582
v 0.000000 -0.164619 0.523900
v 0.000000 -0.164776 0.523211
v 0.000000 -0.164930 0.522513
v 0.000000 -0.165081 0.521808
v 0.000000 -0.165228 0.521095
v 0.000000 -0.165372 0.520375
v 0.000000 -0.165513 0.519648
v 0.000000 -0.165649 0.518914
v 0.000000 -0.165783 0.518172
v 0.000000 -0.165912 0.517425
v 0.000000 -0.166038 0.516670
v 0.000000 -0.166160 0.515909
v 0.000000 -0.166279 0.515143
v 0.000000 -0.166394 0.514370
v 0.000000 -0.166505 0.513592
v 0.000000 -0.166612 0.512808
v 0.000000 -0.166715 0.512018
v 0.000000 -0.166815 0.511224
v 0.000000 -0.166910 0.510424
v 0.000000 -0.167002 0.509620
v 0.000000 -0.167090 0.508811
v 0.000000 -0.167174 0.507998
v 0.000000 -0.167254 0.507181
v 0.000000 -0.167330 0.506360
v 0.000000 -0.167402 0.505535
v 0.000000 -0.167470 0.504706
v 0.000000 -0.167534 0.503874
v 0.000000 -0.167594 0.503039
v 0.000000 -0.167649 0.502201
v 0.000000 -0.167701 0.501360
v 0.000000 -0.167749 0.500517
v 0.000000 -0.167792 0.499672
v 0.000000 -0.167832 0.498824
v 0.000000 -0.167867 0.497974
v 0.000000 -0.167898 0.497123
v 0.000000 -0.167925 0.496270
v 0.000000 -0.167948 0.495416
v 0.000000 -0.167967 0.494561
v 0.000000 -0.167981 0.493706
v 0.000000 -0.167992 0.492849
v 0.000000 -0.167998 0.491992
v -0.029482 -0.148215 -0.545706
v -0.032775 -0.164772 -0.491135
v -0.029534 -0.148475 -0.545699
v -0.029585 -0.148735 -0.545679
v -0.029637 -0.148995 -0.545645
v -0.029689 -0.149254 -0.545598
v -0.029740 -0.149514 -0.545537
v -0.029792 -0.149773 -0.545463
v -0.029843 -0.150032 -0.545376
v -0.029895 -0.150290 -0.545275
v -0.029946 -0.150548 -0.545161
v -0.029997 -0.150805 -0.545034
v -0.030048 -0.151061 -0.544893
v -0.030099 -0.151317 -0.544739
v -0.030150 -0.151572 -0.544572
v -0.030200 -0.151827 -0.544391
v -0.030251 -0.152080 -0.544198
v -0.030301 -0.152332 -0.543991
v -0.030351 -0.152584 -0.543772
v -0.030401 -0.152834 -0.543539
v -0.030450 -0.153083 -0.543293
v -0.030499 -0.153331 -0.543035
v -0.030549 -0.153578 -0.542763
v -0.030597 -0.153823 -0.542479
v -0.030646 -0.154067 -0.542183
v -0.030694 -0.154310 -0.541873
v -0.030742 -0.154551 -0.541552
v -0.030790 -0.154790 -0.541217
v -0.030837 -0.155028 -0.540871
v -0.030884 -0.155264 -0.540512
v -0.030931 -0.155499 -0.540141
v -0.030977 -0.155732 -0.539758
v -0.031023 -0.155962 -0.539363
v -0.031068 -0.156191 -0.538956
v -0.031114 -0.156418 -0.538537
v -0.031158 -0.156643 -0.538106
v -0.031203 -0.156866 -0.537664
v -0.031246 -0.157086 -0.537211
v -0.031290 -0.157305 -0.536745
v -0.031333 -0.157521 -0.536269
v -0.031376 -0.157735 -0.535782
v -0.031418 -0.157947 -0.535284
v -0.031459 -0.158156 -0.534774
v -0.031500 -0.158363 -0.534254
v -0.031541 -0.158567 -0.533724
v -0.031581 -0.158769 -0.533182
v -0.031621 -0.158968 -0.532631
v -0.031660 -0.159164 -0.532069
v -0.031698 -0.159358 -0.531497
v -0.031736 -0.159549 -0.530915
v -0.031774 -0.159737 -0.530324
v -0.031811 -0.159922 -0.529722
v -0.031847 -0.160105 -0.529111
v -0.031883 -0.160284 -0.528491
v -0.031918 -0.160461 -0.527862
v -0.031952 -0.160634 -0.527223
v -0.031986 -0.160805 -0.526576
v -0.032019 -0.160972 -0.525920
v -0.032052 -0.161136 -0.525255
v -0.032084 -0.161297 -0.524582
v -0.032115 -0.161455 -0.523900
v -0.032146 -0.161610 -0.523211
v -0.032176 -0.161761 -0.522513
v -0.032206 -0.161909 -0.521808
v -0.032234 -0.162053 -0.521096
v -0.032262 -0.162194 -0.520375
v -0.032290 -0.162332 -0.519648
v -0.032317 -0.162466 -0.518914
v -0.032343 -0.162597 -0.518173
v -0.032368 -0.162724 -0.517425
v -0.032392 -0.162847 -0.516670
v -0.032416 -0.162967 -0.515910
v -0.032439 -0.163083 -0.515143
v -0.032462 -0.163196 -0.514370
v -0.032483 -0.163305 -0.513592
v -0.032504 -0.163410 -0.512808
v -0.032524 -0.163511 -0.512018
v -0.032544 -0.163609 -0.511224
v -0.032563 -0.163703 -0.510424
v -0.032580 -0.163793 -0.509620
v -0.032598 -0.163879 -0.508811
v -0.032614 -0.163961 -0.507998
v -0.032630 -0.164040 -0.507181
v -0.032644 -0.164114 -0.506360
v -0.032658 -0.164185 -0.505535
v -0.032672 -0.164252 -0.504706
v -0.032684 -0.164314 -0.503874
v -0.032696 -0.164373 -0.503039
v -0.032707 -0.164428 -0.502201
v -0.032717 -0.164478 -0.501361
v -0.032726 -0.164525 -0.500517
v -0.032735 -0.164568 -0.499672
v -0.032742 -0.164607 -0.498824
v -0.032749 -0.164641 -0.497975
v -0.032755 -0.164672 -0.497123
v -0.032761 -0.164698 -0.496271
v -0.032765 -0.164721 -0.495417
v -0.032769 -0.164739 -0.494562
v -0.032772 -0.164753 -0.493706
v -0.032774 -0.164764 -0.492849
v -0.032775 -0.164770 -0.491992
v -0.029482 -0.148215 0.545705
v -0.032775 -0.164772 0.491135
v -0.029534 -0.148475 0.545699
v -0.029585 -0.148735 0.545679
v -0.029637 -0.148995 0.545645
v -0.029689 -0.149255 0.545598
v -0.029740 -0.149514 0.545537
v -0.029792 -0.149773 0.545463
v -0.029843 -0.150032 0.545376
v -0.029895 -0.150290 0.545275
v -0.029946 -0.150548 0.545161
v -0.029997 -0.150805 0.545034
v -0.030048 -0.151062 0.544893
v -0.030099 -0.151318 0.544739
v -0.030150 -0.151573 0.544572
v -0.030200 -0.151827 0.544391
v -0.030251 -0.152080 0.544198
v -0.030301 -0.152333 0.543991
v -0.030351 -0.152584 0.543771
v -0.030401 -0.152834 0.543539
v -0.030450 -0.153084 0.543293
v -0.030499 -0.153332 0.543035
v -0.030549 -0.153578 0.542763
v -0.030597 -0.153824 0.542479
v -0.030646 -0.154068 0.542183
v -0.030694 -0.154310 0.541873
v -0.030742 -0.154551 0.541552
v -0.030790 -0.154791 0.541217
v -0.030837 -0.155029 0.540871
v -0.030884 -0.155265 0.540512
v -0.030931 -0.155499 0.540141
v -0.030977 -0.155732 0.539758
v -0.031023 -0.155963 0.539363
v -0.031068 -0.156192 0.538956
v -0.031114 -0.156418 0.538537
v -0.031158 -0.156643 0.538106
v -0.031203 -0.156866 0.537664
v -0.031246 -0.157087 0.537210
v -0.031290 -0.157305 0.536745
v -0.031333 -0.157522 0.536269
v -0.031376 -0.157736 0.535782
v -0.031418 -0.157947 0.535283
v -0.031459 -0.158156 0.534774
v -0.031500 -0.158363 0.534254
v -0.031541 -0.158567 0.533723
v -0.031581 -0.158769 0.533182
v -0.031621 -0.158968 0.532631
v -0.031660 -0.159164 0.532069
v -0.031698 -0.159358 0.531497
v -0.031736 -0.159549 0.530915
v -0.031774 -0.159737 0.530324
v -0.031811 -0.159923 0.529722
v -0.031847 -0.160105 0.529111
v -0.031883 -0.160285 0.528491
v -0.031918 -0.160461 0.527862
v -0.031952 -0.160635 0.527223
v -0.031986 -0.160805 0.526576
v -0.032019 -0.160973 0.525919
v -0.032052 -0.161137 0.525255
v -0.032084 -0.161298 0.524582
v -0.032115 -0.161456 0.523900
v -0.032146 -0.161610 0.523211
v -0.032176 -0.161761 0.522513
v -0.032206 -0.161909 0.521808
v -0.032234 -0.162054 0.521095
v -0.032262 -0.162195 0.520375
v -0.032290 -0.162332 0.519648
v -0.032317 -0.162466 0.518914
v -0.032343 -0.162597 0.518172
v -0.032368 -0.162724 0.517425
v -0.032392 -0.162848 0.516670
v -0.032416 -0.162968 0.515909
v -0.032439 -0.163084 0.515143
v -0.032462 -0.163196 0.514370
v -0.032483 -0.163305 0.513592
v -0.032504 -0.163410 0.512808
v -0.032524 -0.163512 0.512018
v -0.032544 -0.163609 0.511224
v -0.032563 -0.163703 0.510424
v -0.032580 -0.163793 0.509620
v -0.032598 -0.163879 0.508811
v -0.032614 -0.163962 0.507998
v -0.032630 -0.164040 0.507181
v -0.032644 -0.164115 0.506360
v -0.032658 -0.164185 0.505535
v -0.032672 -0.164252 0.504706
v -0.032684 -0.164315 0.503874
v -0.032696 -0.164373 0.503039
v -0.032707 -0.164428 0.502201
v -0.032717 -0.164479 0.501360
v -0.032726 -0.164526 0.500517
v -0.032735 -0.164568 0.499672
v -0.032742 -0.164607 0.498824
v -0.032749 -0.164642 0.497974
v -0.032755 -0.164672 0.497123
v -0.032761 -0.164699 0.496270
v -0.032765 -0.164721 0.495416
v -0.032769 -0.164739 0.494561
v -0.032772 -0.164754 0.493706
v -0.032774 -0.164764 0.492849
v -0.032775 -0.164770 0.491992
v -0.057831 -0.139615 -0.545706
v -0.064291 -0.155212 -0.491135
v -0.057932 -0.139860 -0.545699
v -0.058034 -0.140105 -0.545679
v -0.058135 -0.140350 -0.545645
v -0.058236 -0.140595 -0.545598
v -0.058338 -0.140839 -0.545537
v -0.058439 -0.141083 -0.545463
v -0.058540 -0.141327 -0.545376
v -0.058640 -0.141570 -0.545275
v -0.058741 -0.141813 -0.545161
v -0.058841 -0.142055 -0.545034
v -0.058941 -0.142297 -0.544893
v -0.059041 -0.142538 -0.544739
v -0.059141 -0.142778 -0.544572
v -0.059240 -0.143018 -0.544391
v -0.059339 -0.143256 -0.544198
v -0.059437 -0.143494 -0.543991
v -0.059535 -0.143731 -0.543772
v -0.059633 -0.143967 -0.543539
v -0.059730 -0.144201 -0.543293
v -0.059827 -0.144435 -0.543035
v -0.059923 -0.144667 -0.542763
v -0.060019 -0.144898 -0.542479
v -0.060114 -0.145128 -0.542183
v -0.060209 -0.145357 -0.541873
v -0.060303 -0.145584 -0.541552
v -0.060396 -0.145809 -0.541217
v -0.060489 -0.146033 -0.540871
v -0.060581 -0.146256 -0.540512
v -0.060673 -0.146477 -0.540141
v -0.060764 -0.146696 -0.539758
v -0.060854 -0.146913 -0.539363
v -0.060943 -0.147129 -0.538956
v -0.061031 -0.147343 -0.538537
v -0.061119 -0.147554 -0.538106
v -0.061206 -0.147764 -0.537664
v -0.061292 -0.147972 -0.537211
v -0.061377 -0.148178 -0.536745
v -0.061462 -0.148382 -0.536269
v -0.061545 -0.148583 -0.535782
v -0.061628 -0.148783 -0.535284
v -0.061709 -0.148980 -0.534774
v -0.061790 -0.149174 -0.534254
v -0.061870 -0.149367 -0.533724
v -0.061949 -0.149557 -0.533182
v -0.062026 -0.149744 -0.532631
v -0.062103 -0.149929 -0.532069
v -0.062178 -0.150112 -0.531497
v -0.062253 -0.150292 -0.530915
v -0.062326 -0.150469 -0.530324
v -0.062399 -0.150644 -0.529722
v -0.062470 -0.150815 -0.529111
v -0.062540 -0.150985 -0.528491
v -0.062609 -0.151151 -0.527862
v -0.062677 -0.151314 -0.527223
v -0.062743 -0.151475 -0.526576
v -0.062808 -0.151632 -0.525920
v -0.062872 -0.151787 -0.525255
v -0.062935 -0.151939 -0.524582
v -0.062997 -0.152087 -0.523900
v -0.063057 -0.152233 -0.523211
v -0.063116 -0.152375 -0.522513
v -0.063174 -0.152515 -0.521808
v -0.063230 -0.152651 -0.521096
v -0.063285 -0.152784 -0.520375
v -0.063339 -0.152913 -0.519648
v -0.063391 -0.153040 -0.518914
v -0.063442 -0.153163 -0.518173
v -0.063492 -0.153282 -0.517425
v -0.063540 -0.153399 -0.516670
v -0.063587 -0.153512 -0.515910
v -0.063632 -0.153621 -0.515143
v -0.063676 -0.153727 -0.514370
v -0.063718 -0.153830 -0.513592
v -0.063760 -0.153929 -0.512808
v -0.063799 -0.154024 -0.512018
v -0.063837 -0.154116 -0.511224
v -0.063874 -0.154205 -0.510424
v -0.063909 -0.154290 -0.509620
v -0.063943 -0.154371 -0.508811
v -0.063975 -0.154448 -0.507998
v -0.064005 -0.154522 -0.507181
v -0.064034 -0.154592 -0.506360
v -0.064062 -0.154659 -0.505535
v -0.064088 -0.154722 -0.504706
v -0.064112 -0.154781 -0.503874
v -0.064135 -0.154836 -0.503039
v -0.064157 -0.154888 -0.502201
v -0.064176 -0.154935 -0.501361
v -0.064195 -0.154979 -0.500517
v -0.064211 -0.155020 -0.499672
v -0.064226 -0.155056 -0.498824
v -0.064240 -0.155089 -0.497975
v -0.064252 -0.155117 -0.497123
v -0.064262 -0.155142 -0.496271
v -0.064271 -0.155164 -0.495417
v -0.064278 -0.155181 -0.494562
v -0.064284 -0.155194 -0.493706
v -0.064288 -0.155204 -0.492849
v -0.064290 -0.155210 -0.491992
v -0.057831 -0.139616 0.545705
v -0.064291 -0.155212 0.491135
v -0.057932 -0.139861 0.545699
v -0.058034 -0.140106 0.545679
v -0.058135 -0.140350 0.545645
v -0.058236 -0.140595 0.545598
v -0.058338 -0.140839 0.545537
v -0.058439 -0.141083 0.545463
v -0.058540 -0.141327 0.545376
v -0.058640 -0.141570 0.545275
v -0.058741 -0.141813 0.545161
v -0.058841 -0.142055 0.545034
v -0.058941 -0.142297 0.544893
v -0.059041 -0.142538 0.544739
v -0.059141 -0.142778 0.544572
v -0.059240 -0.143018 0.544391
v -0.059339 -0.143257 0.544198
v -0.059437 -0.143494 0.543991
v -0.059535 -0.143731 0.543771
v -0.059633 -0.143967 0.543539
v -0.059730 -0.144202 0.543293
v -0.059827 -0.144435 0.543035
v -0.059923 -0.144668 0.542763
v -0.060019 -0.144899 0.542479
v -0.060114 -0.145129 0.542183
v -0.060209 -0.145357 0.541873
v -0.060303 -0.145584 0.541552
v -0.060396 -0.145810 0.541217
v -0.060489 -0.146034 0.540871
v -0.060581 -0.146256 0.540512
v -0.060673 -0.146477 0.540141
v -0.060764 -0.146696 0.539758
v -0.060854 -0.146914 0.539363
v -0.060943 -0.147129 0.538956
v -0.061031 -0.147343 0.538537
v -0.061119 -0.147555 0.538106
v -0.061206 -0.147765 0.537664
v -0.061292 -0.147973 0.537210
v -0.061377 -0.148178 0.536745
v -0.061462 -0.148382 0.536269
v -0.061545 -0.148584 0.535782
v -0.061628 -0.148783 0.535283
v -0.061709 -0.148980 0.534774
v -0.061790 -0.149175 0.534254
v -0.061870 -0.149367 0.533723
v -0.061949 -0.149557 0.533182
v -0.062026 -0.149745 0.532631
v -0.062103 -0.149930 0.532069
v -0.062178 -0.150112 0.531497
v -0.062253 -0.150292 0.530915
v -0.062326 -0.150469 0.530324
v -0.062399 -0.150644 0.529722
v -0.062470 -0.150816 0.529111
v -0.062540 -0.150985 0.528491
v -0.062609 -0.151151 0.527862
v -0.062677 -0.151315 0.527223
v -0.062743 -0.151475 0.526576
v -0.062808 -0.151633 0.525919
v -0.062872 -0.151787 0.525255
v -0.062935 -0.151939 0.524582
v -0.062997 -0.152088 0.523900
v -0.063057 -0.152233 0.523211
v -0.063116 -0.152376 0.522513
v -0.063174 -0.152515 0.521808
v -0.063230 -0.152651 0.521095
v -0.063285 -0.152784 0.520375
v -0.063339 -0.152914 0.519648
v -0.063391 -0.153040 0.518914
v -0.063442 -0.153163 0.518172
v -0.063492 -0.153283 0.517425
v -0.063540 -0.153399 0.516670
v -0.063587 -0.153512 0.515909
v -0.063632 -0.153622 0.515143
v -0.063676 -0.153728 0.514370
v -0.063718 -0.153830 0.513592
v -0.063760 -0.153929 0.512808
v -0.063799 -0.154025 0.512018
v -0.063837 -0.154117 0.511224
v -0.063874 -0.154205 0.510424
v -0.063909 -0.154290 0.509620
v -0.063943 -0.154371 0.508811
v -0.063975 -0.154449 0.507998
v -0.064005 -0.154522 0.507181
v -0.064034 -0.154593 0.506360
v -0.064062 -0.154659 0.505535
v -0.064088 -0.154722 0.504706
v -0.064112 -0.154781 0.503874
v -0.064135 -0.154836 0.503039
v -0.064157 -0.154888 0.502201
v -0.064176 -0.154936 0.501360
v -0.064195 -0.154980 0.500517
v -0.064211 -0.155020 0.499672
v -0.064226 -0.155056 0.498824
v -0.064240 -0.155089 0.497974
v -0.064252 -0.155118 0.497123
v -0.064262 -0.155143 0.496270
v -0.064271 -0.155164 0.495416
v -0.064278 -0.155181 0.494561
v -0.064284 -0.155195 0.493706
v -0.064288 -0.155204 0.492849
v -0.064290 -0.155210 0.491992
v -0.083957 -0.125650 -0.545706
v -0.093336 -0.139687 -0.491135
v -0.084104 -0.125871 -0.545699
v -0.084252 -0.126091 -0.545679
v -0.084399 -0.126312 -0.545645
v -0.084546 -0.126532 -0.545598
v -0.084693 -0.126752 -0.545537
v -0.084840 -0.126971 -0.545463
v -0.084986 -0.127191 -0.545376
v -0.085133 -0.127410 -0.545275
v -0.085279 -0.127628 -0.545161
v -0.085424 -0.127846 -0.545034
v -0.085570 -0.128064 -0.544893
v -0.085714 -0.128281 -0.544739
v -0.085859 -0.128497 -0.544572
v -0.086003 -0.128712 -0.544391
v -0.086146 -0.128927 -0.544198
v -0.086289 -0.129141 -0.543991
v -0.086432 -0.129354 -0.543772
v -0.086574 -0.129566 -0.543539
v -0.086715 -0.129778 -0.543293
v -0.086855 -0.129988 -0.543035
v -0.086995 -0.130197 -0.542763
v -0.087134 -0.130405 -0.542479
v -0.087272 -0.130612 -0.542183
v -0.087410 -0.130818 -0.541873
v -0.087546 -0.131022 -0.541552
v -0.087682 -0.131225 -0.541217
v -0.087817 -0.131427 -0.540871
v -0.087950 -0.131627 -0.540512
v -0.088083 -0.131826 -0.540141
v -0.088215 -0.132023 -0.539758
v -0.088346 -0.132218 -0.539363
v -0.088475 -0.132412 -0.538956
v -0.088604 -0.132605 -0.538537
v -0.088731 -0.132796 -0.538106
v -0.088857 -0.132984 -0.537664
v -0.088982 -0.133171 -0.537211
v -0.089106 -0.133357 -0.536745
v -0.089229 -0.133540 -0.536269
v -0.089350 -0.133721 -0.535782
v -0.089470 -0.133901 -0.535284
v -0.089588 -0.134078 -0.534774
v -0.089705 -0.134253 -0.534254
v -0.089821 -0.134427 -0.533724
v -0.089935 -0.134598 -0.533182
v -0.090048 -0.134766 -0.532631
v -0.090159 -0.134933 -0.532069
v -0.090269 -0.135097 -0.531497
v -0.090377 -0.135259 -0.530915
v -0.090484 -0.135418 -0.530324
v -0.090589 -0.135576 -0.529722
v -0.090692 -0.135730 -0.529111
v -0.090794 -0.135882 -0.528491
v -0.090894 -0.136032 -0.527862
v -0.090992 -0.136179 -0.527223
v -0.091089 -0.136324 -0.526576
v -0.091184 -0.136466 -0.525920
v -0.091277 -0.136605 -0.525255
v -0.091368 -0.136741 -0.524582
v -0.091457 -0.136875 -0.523900
v -0.091545 -0.137006 -0.523211
v -0.091630 -0.137134 -0.522513
v -0.091714 -0.137260 -0.521808
v -0.091796 -0.137382 -0.521096
v -0.091876 -0.137502 -0.520375
v -0.091954 -0.137618 -0.519648
v -0.092030 -0.137732 -0.518914
v -0.092104 -0.137843 -0.518173
v -0.092176 -0.137951 -0.517425
v -0.092246 -0.138055 -0.516670
v -0.092314 -0.138157 -0.515910
v -0.092379 -0.138255 -0.515143
v -0.092443 -0.138351 -0.514370
v -0.092505 -0.138443 -0.513592
v -0.092564 -0.138532 -0.512808
v -0.092622 -0.138618 -0.512018
v -0.092677 -0.138701 -0.511224
v -0.092730 -0.138781 -0.510424
v -0.092781 -0.138857 -0.509620
v -0.092830 -0.138930 -0.508811
v -0.092877 -0.139000 -0.507998
v -0.092921 -0.139066 -0.507181
v -0.092963 -0.139129 -0.506360
v -0.093003 -0.139189 -0.505535
v -0.093041 -0.139246 -0.504706
v -0.093077 -0.139299 -0.503874
v -0.093110 -0.139349 -0.503039
v -0.093141 -0.139395 -0.502201
v -0.093170 -0.139438 -0.501361
v -0.093196 -0.139478 -0.500517
v -0.093220 -0.139514 -0.499672
v -0.093242 -0.139547 -0.498824
v -0.093262 -0.139576 -0.497975
v -0.093279 -0.139602 -0.497123
v -0.093294 -0.139624 -0.496271
v -0.093307 -0.139643 -0.495417
v -0.093317 -0.139659 -0.494562
v -0.093325 -0.139671 -0.493706
v -0.093331 -0.139680 -0.492849
v -0.093335 -0.139685 -0.491992
v -0.083957 -0.125651 0.545705
v -0.093336 -0.139687 0.491135
v -0.084104 -0.125871 0.545699
v -0.084252 -0.126092 0.545679
v -0.084399 -0.126312 0.545645
v -0.084546 -0.126532 0.545598
v -0.084693 -0.126752 0.545537
v -0.084840 -0.126972 0.545463
v -0.084986 -0.127191 0.545376
v -0.085133 -0.127410 0.545275
v -0.085279 -0.127629 0.545161
v -0.085424 -0.127847 0.545034
v -0.085570 -0.128064 0.544893
v -0.085714 -0.128281 0.544739
v -0.085859 -0.128497 0.544572
v -0.086003 -0.128713 0.544391
v -0.086146 -0.128928 0.544198
v -0.086289 -0.129141 0.543991
v -0.086432 -0.129355 0.543771
v -0.086574 -0.129567 0.543539
v -0.086715 -0.129778 0.543293
v -0.086855 -0.129988 0.543035
v -0.086995 -0.130197 0.542763
v -0.087134 -0.130405 0.542479
v -0.087272 -0.130612 0.542183
v -0.087410 -0.130818 0.541873
v -0.087546 -0.131022 0.541552
v -0.087682 -0.131225 0.541217
v -0.087817 -0.131427 0.540871
v -0.087950 -0.131627 0.540512
v -0.088083 -0.131826 0.540141
v -0.088215 -0.132023 0.539758
v -0.088346 -0.132219 0.539363
v -0.088475 -0.132413 0.538956
v -0.088604 -0.132605 0.538537
v -0.088731 -0.132796 0.538106
v -0.088857 -0.132985 0.537664
v -0.088982 -0.133172 0.537210
v -0.089106 -0.133357 0.536745
v -0.089229 -0.133540 0.536269
v -0.089350 -0.133722 0.535782
v -0.089470 -0.133901 0.535283
v -0.089588 -0.134078 0.534774
v -0.089705 -0.134254 0.534254
v -0.089821 -0.134427 0.533723
v -0.089935 -0.134598 0.533182
v -0.090048 -0.134767 0.532631
v -0.090159 -0.134933 0.532069
v -0.090269 -0.135097 0.531497
v -0.090377 -0.135259 0.530915
v -0.090484 -0.135419 0.530324
v -0.090589 -0.135576 0.529722
v -0.090692 -0.135731 0.529111
v -0.090794 -0.135883 0.528491
v -0.090894 -0.136032 0.527862
v -0.090992 -0.136180 0.527223
v -0.091089 -0.136324 0.526576
v -0.091184 -0.136466 0.525919
v -0.091277 -0.136605 0.525255
v -0.091368 -0.136742 0.524582
v -0.091457 -0.136875 0.523900
v -0.091545 -0.137006 0.523211
v -0.091630 -0.137135 0.522513
v -0.091714 -0.137260 0.521808
v -0.091796 -0.137382 0.521095
v -0.091876 -0.137502 0.520375
v -0.091954 -0.137619 0.519648
v -0.092030 -0.137732 0.518914
v -0.092104 -0.137843 0.518172
v -0.092176 -0.137951 0.517425
v -0.092246 -0.138056 0.516670
v -0.092314 -0.138157 0.515909
v -0.092379 -0.138256 0.515143
v -0.092443 -0.138351 0.514370
v -0.092505 -0.138444 0.513592
v -0.092564 -0.138533 0.512808
v -0.092622 -0.138619 0.512018
v -0.092677 -0.138701 0.511224
v -0.092730 -0.138781 0.510424
v -0.092781 -0.138857 0.509620
v -0.092830 -0.138930 0.508811
v -0.092877 -0.139000 0.507998
v -0.092921 -0.139067 0.507181
v -0.092963 -0.139130 0.506360
v -0.093003 -0.139190 0.505535
v -0.093041 -0.139246 0.504706
v -0.093077 -0.139299 0.503874
v -0.093110 -0.139349 0.503039
v -0.093141 -0.139395 0.502201
v -0.093170 -0.139438 0.501360
v -0.093196 -0.139478 0.500517
v -0.093220 -0.139514 0.499672
v -0.093242 -0.139547 0.498824
v -0.093262 -0.139576 0.497974
v -0.093279 -0.139602 0.497123
v -0.093294 -0.139625 0.496270
v -0.093307 -0.139644 0.495416
v -0.093317 -0.139659 0.494561
v -0.093325 -0.139671 0.493706
v -0.093331 -0.139680 0.492849
v -0.093335 -0.139685 0.491992
v -0.106857 -0.106857 -0.545706
v -0.118794 -0.118794 -0.491135
v -0.107045 -0.107044 -0.545699
v -0.107232 -0.107232 -0.545679
v -0.107419 -0.107419 -0.545645
v -0.107607 -0.107606 -0.545598
v -0.107794 -0.107793 -0.545537
v -0.107980 -0.107980 -0.545463
v -0.108167 -0.108167 -0.545376
v -0.108353 -0.108353 -0.545275
v -0.108539 -0.108539 -0.545161
v -0.108724 -0.108724 -0.545034
v -0.108909 -0.108909 -0.544893
v -0.109094 -0.109094 -0.544739
v -0.109278 -0.109278 -0.544572
v -0.109461 -0.109461 -0.544391
v -0.109644 -0.109643 -0.544198
v -0.109826 -0.109825 -0.543991
v -0.110007 -0.110007 -0.543772
v -0.110187 -0.110187 -0.543539
v -0.110367 -0.110367 -0.543293
v -0.110546 -0.110546 -0.543035
v -0.110724 -0.110723 -0.542763
v -0.110901 -0.110900 -0.542479
v -0.111076 -0.111076 -0.542183
v -0.111251 -0.111251 -0.541873
v -0.111425 -0.111425 -0.541552
v -0.111598 -0.111598 -0.541217
v -0.111769 -0.111769 -0.540871
v -0.111940 -0.111939 -0.540512
v -0.112109 -0.112108 -0.540141
v -0.112276 -0.112276 -0.539758
v -0.112443 -0.112443 -0.539363
v -0.112608 -0.112608 -0.538956
v -0.112771 -0.112771 -0.538537
v -0.112933 -0.112933 -0.538106
v -0.113094 -0.113094 -0.537664
v -0.113253 -0.113253 -0.537211
v -0.113411 -0.113411 -0.536745
v -0.113567 -0.113566 -0.536269
v -0.113721 -0.113721 -0.535782
v -0.113873 -0.113873 -0.535284
v -0.114024 -0.114024 -0.534774
v -0.114173 -0.114173 -0.534254
v -0.114321 -0.114320 -0.533724
v -0.114466 -0.114466 -0.533182
v -0.114609 -0.114609 -0.532631
v -0.114751 -0.114751 -0.532069
v -0.114891 -0.114891 -0.531497
v -0.115028 -0.115028 -0.530915
v -0.115164 -0.115164 -0.530324
v -0.115298 -0.115298 -0.529722
v -0.115429 -0.115429 -0.529111
v -0.115559 -0.115558 -0.528491
v -0.115686 -0.115686 -0.527862
v -0.115811 -0.115811 -0.527223
v -0.115934 -0.115934 -0.526576
v -0.116055 -0.116054 -0.525920
v -0.116173 -0.116173 -0.525255
v -0.116289 -0.116289 -0.524582
v -0.116403 -0.116403 -0.523900
v -0.116514 -0.116514 -0.523211
v -0.116623 -0.116623 -0.522513
v -0.116730 -0.116730 -0.521808
v -0.116834 -0.116834 -0.521096
v -0.116936 -0.116936 -0.520375
v -0.117035 -0.117035 -0.519648
v -0.117132 -0.117131 -0.518914
v -0.117226 -0.117226 -0.518173
v -0.117317 -0.117317 -0.517425
v -0.117406 -0.117406 -0.516670
v -0.117493 -0.117493 -0.515910
v -0.117577 -0.117577 -0.515143
v -0.117658 -0.117658 -0.514370
v -0.117736 -0.117736 -0.513592
v -0.117812 -0.117812 -0.512808
v -0.117885 -0.117885 -0.512018
v -0.117956 -0.117956 -0.511224
v -0.118023 -0.118023 -0.510424
v -0.118088 -0.118088 -0.509620
v -0.118150 -0.118150 -0.508811
v -0.118210 -0.118210 -0.507998
v -0.118266 -0.118266 -0.507181
v -0.118320 -0.118320 -0.506360
v -0.118371 -0.118371 -0.505535
v -0.118419 -0.118419 -0.504706
v -0.118464 -0.118464 -0.503874
v -0.118506 -0.118506 -0.503039
v -0.118546 -0.118546 -0.502201
v -0.118583 -0.118582 -0.501361
v -0.118616 -0.118616 -0.500517
v -0.118647 -0.118647 -0.499672
v -0.118675 -0.118675 -0.498824
v -0.118700 -0.118700 -0.497975
v -0.118722 -0.118722 -0.497123
v -0.118741 -0.118741 -0.496271
v -0.118757 -0.118757 -0.495417
v -0.118770 -0.118770 -0.494562
v -0.118781 -0.118781 -0.493706
v -0.118788 -0.118788 -0.492849
v -0.118792 -0.118792 -0.491992
v -0.106857 -0.106857 0.545705
v -0.118794 -0.118794 0.491135
v -0.107045 -0.107045 0.545699
v -0.107232 -0.107232 0.545679
v -0.107419 -0.107420 0.545645
v -0.107607 -0.107607 0.545598
v -0.107794 -0.107794 0.545537
v -0.107980 -0.107981 0.545463
v -0.108167 -0.108167 0.545376
v -0.108353 -0.108353 0.545275
v -0.108539 -0.108539 0.545161
v -0.108724 -0.108725 0.545034
v -0.108909 -0.108910 0.544893
v -0.109094 -0.109094 0.544739
v -0.109278 -0.109278 0.544572
v -0.109461 -0.109461 0.544391
v -0.109644 -0.109644 0.544198
v -0.109826 -0.109826 0.543991
v -0.110007 -0.110007 0.543771
v -0.110187 -0.110188 0.543539
v -0.110367 -0.110367 0.543293
v -0.110546 -0.110546 0.543035
v -0.110724 -0.110724 0.542763
v -0.110901 -0.110901 0.542479
v -0.111076 -0.111077 0.542183
v -0.111251 -0.111252 0.541873
v -0.111425 -0.111425 0.541552
v -0.111598 -0.111598 0.541217
v -0.111769 -0.111769 0.540871
v -0.111940 -0.111940 0.540512
v -0.112109 -0.112109 0.540141
v -0.112276 -0.112276 0.539758
v -0.112443 -0.112443 0.539363
v -0.112608 -0.112608 0.538956
v -0.112771 -0.112771 0.538537
v -0.112933 -0.112934 0.538106
v -0.113094 -0.113094 0.537664
v -0.113253 -0.113253 0.537210
v -0.113411 -0.113411 0.536745
v -0.113567 -0.113567 0.536269
v -0.113721 -0.113721 0.535782
v -0.113873 -0.113874 0.535283
v -0.114024 -0.114024 0.534774
v -0.114173 -0.114173 0.534254
v -0.114321 -0.114321 0.533723
v -0.114466 -0.114466 0.533182
v -0.114609 -0.114610 0.532631
v -0.114751 -0.114751 0.532069
v -0.114891 -0.114891 0.531497
v -0.115028 -0.115029 0.530915
v -0.115164 -0.115164 0.530324
v -0.115298 -0.115298 0.529722
v -0.115429 -0.115429 0.529111
v -0.115559 -0.115559 0.528491
v -0.115686 -0.115686 0.527862
v -0.115811 -0.115811 0.527223
v -0.115934 -0.115934 0.526576
v -0.116055 -0.116055 0.525919
v -0.116173 -0.116173 0.525255
v -0.116289 -0.116289 0.524582
v -0.116403 -0.116403 0.523900
v -0.116514 -0.116514 0.523211
v -0.116623 -0.116623 0.522513
v -0.116730 -0.116730 0.521808
v -0.116834 -0.116834 0.521095
v -0.116936 -0.116936 0.520375
v -0.117035 -0.117035 0.519648
v -0.117132 -0.117132 0.518914
v -0.117226 -0.117226 0.518172
v -0.117317 -0.117318 0.517425
v -0.117406 -0.117407 0.516670
v -0.117493 -0.117493 0.515909
v -0.117577 -0.117577 0.515143
v -0.117658 -0.117658 0.514370
v -0.117736 -0.117737 0.513592
v -0.117812 -0.117812 0.512808
v -0.117885 -0.117885 0.512018
v -0.117956 -0.117956 0.511224
v -0.118023 -0.118024 0.510424
v -0.118088 -0.118088 0.509620
v -0.118150 -0.118151 0.508811
v -0.118210 -0.118210 0.507998
v -0.118266 -0.118266 0.507181
v -0.118320 -0.118320 0.506360
v -0.118371 -0.118371 0.505535
v -0.118419 -0.118419 0.504706
v -0.118464 -0.118464 0.503874
v -0.118506 -0.118507 0.503039
v -0.118546 -0.118546 0.502201
v -0.118583 -0.118583 0.501360
v -0.118616 -0.118616 0.500517
v -0.118647 -0.118647 0.499672
v -0.118675 -0.118675 0.498824
v -0.118700 -0.118700 0.497974
v -0.118722 -0.118722 0.497123
v -0.118741 -0.118741 0.496271
v -0.118757 -0.118757 0.495417
v -0.118770 -0.118771 0.494561
v -0.118781 -0.118781 0.493706
v -0.118788 -0.118788 0.492849
v -0.118792 -0.118793 0.491992
v -0.125651 -0.083957 -0.545706
v -0.139687 -0.093336 -0.491135
v -0.125871 -0.084104 -0.545699
v -0.126092 -0.084251 -0.545679
v -0.126312 -0.084399 -0.545645
v -0.126532 -0.084546 -0.545598
v -0.126752 -0.084693 -0.545537
v -0.126972 -0.084839 -0.545463
v -0.127191 -0.084986 -0.545376
v -0.127410 -0.085132 -0.545275
v -0.127628 -0.085278 -0.545161
v -0.127846 -0.085424 -0.545034
v -0.128064 -0.085569 -0.544893
v -0.128281 -0.085714 -0.544739
v -0.128497 -0.085859 -0.544572
v -0.128713 -0.086003 -0.544391
v -0.128927 -0.086146 -0.544198
v -0.129141 -0.086289 -0.543991
v -0.129354 -0.086432 -0.543771
v -0.129567 -0.086573 -0.543539
v -0.129778 -0.086715 -0.543293
v -0.129988 -0.086855 -0.543035
v -0.130197 -0.086995 -0.542763
v -0.130405 -0.087134 -0.542479
v -0.130612 -0.087272 -0.542183
v -0.130818 -0.087409 -0.541873
v -0.131022 -0.087546 -0.541552
v -0.131225 -0.087682 -0.541217
v -0.131427 -0.087816 -0.540871
v -0.131627 -0.087950 -0.540512
v -0.131826 -0.088083 -0.540141
v -0.132023 -0.088215 -0.539758
v -0.132219 -0.088345 -0.539363
v -0.132413 -0.088475 -0.538956
v -0.132605 -0.088604 -0.538537
v -0.132796 -0.088731 -0.538106
v -0.132985 -0.088857 -0.537664
v -0.133172 -0.088982 -0.537211
v -0.133357 -0.089106 -0.536745
v -0.133540 -0.089229 -0.536269
v -0.133722 -0.089350 -0.535782
v -0.133901 -0.089470 -0.535284
v -0.134078 -0.089588 -0.534774
v -0.134254 -0.089705 -0.534254
v -0.134427 -0.089821 -0.533724
v -0.134598 -0.089935 -0.533182
v -0.134766 -0.090048 -0.532631
v -0.134933 -0.090159 -0.532069
v -0.135097 -0.090269 -0.531497
v -0.135259 -0.090377 -0.530915
v -0.135419 -0.090484 -0.530324
v -0.135576 -0.090589 -0.529722
v -0.135730 -0.090692 -0.529111
v -0.135883 -0.090794 -0.528491
v -0.136032 -0.090894 -0.527862
v -0.136179 -0.090992 -0.527223
v -0.136324 -0.091089 -0.526576
v -0.136466 -0.091183 -0.525920
v -0.136605 -0.091276 -0.525255
v -0.136741 -0.091368 -0.524582
v -0.136875 -0.091457 -0.523900
v -0.137006 -0.091544 -0.523211
v -0.137134 -0.091630 -0.522513
v -0.137260 -0.091714 -0.521808
v -0.137382 -0.091796 -0.521096
v -0.137502 -0.091876 -0.520375
v -0.137619 -0.091954 -0.519648
v -0.137732 -0.092030 -0.518914
v -0.137843 -0.092104 -0.518173
v -0.137951 -0.092176 -0.517425
v -0.138055 -0.092246 -0.516670
v -0.138157 -0.092313 -0.515910
v -0.138256 -0.092379 -0.515143
v -0.138351 -0.092443 -0.514370
v -0.138443 -0.092505 -0.513592
v -0.138532 -0.092564 -0.512808
v -0.138618 -0.092622 -0.512018
v -0.138701 -0.092677 -0.511224
v -0.138781 -0.092730 -0.510424
v -0.138857 -0.092781 -0.509620
v -0.138930 -0.092830 -0.508811
v -0.139000 -0.092877 -0.507998
v -0.139066 -0.092921 -0.507181
v -0.139130 -0.092963 -0.506360
v -0.139189 -0.093003 -0.505535
v -0.139246 -0.093041 -0.504706
v -0.139299 -0.093077 -0.503874
v -0.139349 -0.093110 -0.503039
v -0.139395 -0.093141 -0.502201
v -0.139438 -0.093170 -0.501361
v -0.139478 -0.093196 -0.500517
v -0.139514 -0.093220 -0.499672
v -0.139547 -0.093242 -0.498824
v -0.139576 -0.093262 -0.497975
v -0.139602 -0.093279 -0.497123
v -0.139625 -0.093294 -0.496271
v -0.139644 -0.093307 -0.495417
v -0.139659 -0.093317 -0.494562
v -0.139671 -0.093325 -0.493706
v -0.139680 -0.093331 -0.492849
v -0.139685 -0.093334 -0.491992
v -0.125651 -0.083957 0.545706
v -0.139687 -0.093336 0.491135
v -0.125871 -0.084105 0.545699
v -0.126092 -0.084252 0.545679
v -0.126312 -0.084399 0.545645
v -0.126532 -0.084546 0.545598
v -0.126752 -0.084693 0.545537
v -0.126972 -0.084840 0.545463
v -0.127191 -0.084986 0.545376
v -0.127410 -0.085133 0.545275
v -0.127628 -0.085279 0.545161
v -0.127846 -0.085424 0.545034
v -0.128064 -0.085570 0.544893
v -0.128281 -0.085715 0.544739
v -0.128497 -0.085859 0.544572
v -0.128713 -0.086003 0.544391
v -0.128927 -0.086147 0.544198
v -0.129141 -0.086290 0.543991
v -0.129354 -0.086432 0.543771
v -0.129567 -0.086574 0.543539
v -0.129778 -0.086715 0.543293
v -0.129988 -0.086855 0.543035
v -0.130197 -0.086995 0.542763
v -0.130405 -0.087134 0.542479
v -0.130612 -0.087272 0.542183
v -0.130818 -0.087410 0.541873
v -0.131022 -0.087546 0.541552
v -0.131225 -0.087682 0.541217
v -0.131427 -0.087817 0.540871
v -0.131627 -0.087951 0.540512
v -0.131826 -0.088083 0.540141
v -0.132023 -0.088215 0.539758
v -0.132219 -0.088346 0.539363
v -0.132413 -0.088475 0.538956
v -0.132605 -0.088604 0.538537
v -0.132796 -0.088731 0.538106
v -0.132985 -0.088858 0.537664
v -0.133172 -0.088983 0.537210
v -0.133357 -0.089106 0.536745
v -0.133540 -0.089229 0.536269
v -0.133722 -0.089350 0.535782
v -0.133901 -0.089470 0.535283
v -0.134078 -0.089588 0.534774
v -0.134254 -0.089706 0.534254
v -0.134427 -0.089821 0.533723
v -0.134598 -0.089935 0.533182
v -0.134766 -0.090048 0.532631
v -0.134933 -0.090160 0.532069
v -0.135097 -0.090269 0.531497
v -0.135259 -0.090377 0.530915
v -0.135419 -0.090484 0.530324
v -0.135576 -0.090589 0.529722
v -0.135730 -0.090692 0.529111
v -0.135883 -0.090794 0.528491
v -0.136032 -0.090894 0.527862
v -0.136179 -0.090992 0.527223
v -0.136324 -0.091089 0.526576
v -0.136466 -0.091184 0.525919
v -0.136605 -0.091277 0.525255
v -0.136741 -0.091368 0.524582
v -0.136875 -0.091457 0.523900
v -0.137006 -0.091545 0.523211
v -0.137134 -0.091630 0.522513
v -0.137260 -0.091714 0.521808
v -0.137382 -0.091796 0.521095
v -0.137502 -0.091876 0.520375
v -0.137619 -0.091954 0.519648
v -0.137732 -0.092030 0.518914
v -0.137843 -0.092104 0.518172
v -0.137951 -0.092176 0.517425
v -0.138055 -0.092246 0.516670
v -0.138157 -0.092314 0.515909
v -0.138256 -0.092380 0.515143
v -0.138351 -0.092443 0.514370
v -0.138443 -0.092505 0.513592
v -0.138532 -0.092565 0.512808
v -0.138618 -0.092622 0.512018
v -0.138701 -0.092677 0.511224
v -0.138781 -0.092731 0.510424
v -0.138857 -0.092782 0.509620
v -0.138930 -0.092830 0.508811
v -0.139000 -0.092877 0.507998
v -0.139066 -0.092921 0.507181
v -0.139130 -0.092964 0.506360
v -0.139189 -0.093004 0.505535
v -0.139246 -0.093041 0.504706
v -0.139299 -0.093077 0.503874
v -0.139349 -0.093110 0.503039
v -0.139395 -0.093141 0.502201
v -0.139438 -0.093170 0.501360
v -0.139478 -0.093196 0.500517
v -0.139514 -0.093221 0.499672
v -0.139547 -0.093242 0.498824
v -0.139576 -0.093262 0.497974
v -0.139602 -0.093279 0.497123
v -0.139625 -0.093294 0.496271
v -0.139644 -0.093307 0.495417
v -0.139659 -0.093317 0.494561
v -0.139671 -0.093326 0.493706
v -0.139680 -0.093331 0.492849
v -0.139685 -0.093335 0.491992
v -0.139615 -0.057830 -0.545706
v -0.155212 -0.064291 -0.491135
v -0.139860 -0.057932 -0.545699
v -0.140105 -0.058033 -0.545679
v -0.140350 -0.058135 -0.545645
v -0.140595 -0.058236 -0.545598
v -0.140839 -0.058337 -0.545537
v -0.141083 -0.058438 -0.545463
v -0.141327 -0.058539 -0.545376
v -0.141570 -0.058640 -0.545275
v -0.141813 -0.058741 -0.545161
v -0.142055 -0.058841 -0.545034
v -0.142297 -0.058941 -0.544893
v -0.142538 -0.059041 -0.544739
v -0.142778 -0.059141 -0.544572
v -0.143018 -0.059240 -0.544391
v -0.143256 -0.059339 -0.544198
v -0.143494 -0.059437 -0.543991
v -0.143731 -0.059535 -0.543771
v -0.143967 -0.059633 -0.543539
v -0.144201 -0.059730 -0.543293
v -0.144435 -0.059827 -0.543035
v -0.144667 -0.059923 -0.542763
v -0.144899 -0.060019 -0.542479
v -0.145128 -0.060114 -0.542183
v -0.145357 -0.060209 -0.541873
v -0.145584 -0.060303 -0.541552
v -0.145810 -0.060396 -0.541217
v -0.146034 -0.060489 -0.540871
v -0.146256 -0.060581 -0.540512
v -0.146477 -0.060673 -0.540141
v -0.146696 -0.060763 -0.539758
v -0.146913 -0.060853 -0.539363
v -0.147129 -0.060943 -0.538956
v -0.147343 -0.061031 -0.538537
v -0.147555 -0.061119 -0.538106
v -0.147765 -0.061206 -0.537664
v -0.147972 -0.061292 -0.537210
v -0.148178 -0.061377 -0.536745
v -0.148382 -0.061462 -0.536269
v -0.148583 -0.061545 -0.535782
v -0.148783 -0.061628 -0.535284
v -0.148980 -0.061709 -0.534774
v -0.149175 -0.061790 -0.534254
v -0.149367 -0.061870 -0.533724
v -0.149557 -0.061948 -0.533182
v -0.149744 -0.062026 -0.532631
v -0.149929 -0.062103 -0.532069
v -0.150112 -0.062178 -0.531497
v -0.150292 -0.062253 -0.530915
v -0.150469 -0.062326 -0.530324
v -0.150644 -0.062399 -0.529722
v -0.150816 -0.062470 -0.529111
v -0.150985 -0.062540 -0.528491
v -0.151151 -0.062609 -0.527862
v -0.151314 -0.062676 -0.527223
v -0.151475 -0.062743 -0.526576
v -0.151633 -0.062808 -0.525920
v -0.151787 -0.062872 -0.525255
v -0.151939 -0.062935 -0.524582
v -0.152088 -0.062997 -0.523900
v -0.152233 -0.063057 -0.523211
v -0.152376 -0.063116 -0.522513
v -0.152515 -0.063174 -0.521808
v -0.152651 -0.063230 -0.521096
v -0.152784 -0.063285 -0.520375
v -0.152913 -0.063339 -0.519648
v -0.153040 -0.063391 -0.518914
v -0.153163 -0.063442 -0.518172
v -0.153283 -0.063492 -0.517425
v -0.153399 -0.063540 -0.516670
v -0.153512 -0.063587 -0.515909
v -0.153621 -0.063632 -0.515143
v -0.153727 -0.063676 -0.514370
v -0.153830 -0.063718 -0.513592
v -0.153929 -0.063759 -0.512808
v -0.154025 -0.063799 -0.512018
v -0.154117 -0.063837 -0.511224
v -0.154205 -0.063874 -0.510424
v -0.154290 -0.063909 -0.509620
v -0.154371 -0.063942 -0.508811
v -0.154448 -0.063974 -0.507998
v -0.154522 -0.064005 -0.507181
v -0.154592 -0.064034 -0.506360
v -0.154659 -0.064062 -0.505535
v -0.154722 -0.064088 -0.504706
v -0.154781 -0.064112 -0.503874
v -0.154836 -0.064135 -0.503039
v -0.154888 -0.064156 -0.502201
v -0.154936 -0.064176 -0.501360
v -0.154980 -0.064194 -0.500517
v -0.155020 -0.064211 -0.499672
v -0.155056 -0.064226 -0.498824
v -0.155089 -0.064240 -0.497975
v -0.155118 -0.064252 -0.497123
v -0.155143 -0.064262 -0.496271
v -0.155164 -0.064271 -0.495417
v -0.155181 -0.064278 -0.494562
v -0.155194 -0.064283 -0.493706
v -0.155204 -0.064287 -0.492849
v -0.155210 -0.064290 -0.491992
v -0.139615 -0.057831 0.545706
v -0.155212 -0.064291 0.491135
v -0.139860 -0.057932 0.545699
v -0.140105 -0.058034 0.545679
v -0.140350 -0.058135 0.545645
v -0.140595 -0.058236 0.545598
v -0.140839 -0.058338 0.545537
v -0.141083 -0.058439 0.545463
v -0.141327 -0.058540 0.545376
v -0.141570 -0.058641 0.545275
v -0.141813 -0.058741 0.545161
v -0.142055 -0.058841 0.545034
v -0.142297 -0.058942 0.544893
v -0.142538 -0.059041 0.544739
v -0.142778 -0.059141 0.544572
v -0.143018 -0.059240 0.544391
v -0.143256 -0.059339 0.544198
v -0.143494 -0.059437 0.543991
v -0.143731 -0.059536 0.543771
v -0.143967 -0.059633 0.543539
v -0.144201 -0.059730 0.543293
v -0.144435 -0.059827 0.543035
v -0.144667 -0.059923 0.542763
v -0.144899 -0.060019 0.542479
v -0.145128 -0.060114 0.542183
v -0.145357 -0.060209 0.541873
v -0.145584 -0.060303 0.541552
v -0.145810 -0.060396 0.541217
v -0.146034 -0.060489 0.540871
v -0.146256 -0.060581 0.540512
v -0.146477 -0.060673 0.540141
v -0.146696 -0.060764 0.539758
v -0.146913 -0.060854 0.539363
v -0.147129 -0.060943 0.538956
v -0.147343 -0.061032 0.538537
v -0.147555 -0.061119 0.538106
v -0.147765 -0.061206 0.537664
v -0.147972 -0.061292 0.537210
v -0.148178 -0.061378 0.536745
v -0.148382 -0.061462 0.536269
v -0.148583 -0.061545 0.535782
v -0.148783 -0.061628 0.535284
v -0.148980 -0.061710 0.534774
v -0.149175 -0.061790 0.534254
v -0.149367 -0.061870 0.533724
v -0.149557 -0.061949 0.533182
v -0.149744 -0.062026 0.532631
v -0.149929 -0.062103 0.532069
v -0.150112 -0.062179 0.531497
v -0.150292 -0.062253 0.530915
v -0.150469 -0.062327 0.530324
v -0.150644 -0.062399 0.529722
v -0.150816 -0.062470 0.529111
v -0.150985 -0.062540 0.528491
v -0.151151 -0.062609 0.527862
v -0.151314 -0.062677 0.527223
v -0.151475 -0.062743 0.526576
v -0.151633 -0.062808 0.525920
v -0.151787 -0.062873 0.525255
v -0.151939 -0.062935 0.524582
v -0.152088 -0.062997 0.523900
v -0.152233 -0.063057 0.523211
v -0.152376 -0.063116 0.522513
v -0.152515 -0.063174 0.521808
v -0.152651 -0.063230 0.521096
v -0.152784 -0.063285 0.520375
v -0.152913 -0.063339 0.519648
v -0.153040 -0.063391 0.518914
v -0.153163 -0.063442 0.518172
v -0.153283 -0.063492 0.517425
v -0.153399 -0.063540 0.516670
v -0.153512 -0.063587 0.515909
v -0.153621 -0.063632 0.515143
v -0.153727 -0.063676 0.514370
v -0.153830 -0.063719 0.513592
v -0.153929 -0.063760 0.512808
v -0.154025 -0.063799 0.512018
v -0.154117 -0.063837 0.511224
v -0.154205 -0.063874 0.510424
v -0.154290 -0.063909 0.509620
v -0.154371 -0.063943 0.508811
v -0.154448 -0.063975 0.507998
v -0.154522 -0.064005 0.507181
v -0.154592 -0.064034 0.506360
v -0.154659 -0.064062 0.505535
v -0.154722 -0.064088 0.504706
v -0.154781 -0.064113 0.503874
v -0.154836 -0.064135 0.503039
v -0.154888 -0.064157 0.502201
v -0.154936 -0.064177 0.501360
v -0.154980 -0.064195 0.500517
v -0.155020 -0.064211 0.499672
v -0.155056 -0.064227 0.498824
v -0.155089 -0.064240 0.497974
v -0.155118 -0.064252 0.497123
v -0.155143 -0.064262 0.496271
v -0.155164 -0.064271 0.495417
v -0.155181 -0.064278 0.494561
v -0.155194 -0.064284 0.493706
v -0.155204 -0.064288 0.492849
v -0.155210 -0.064290 0.491992
v -0.148215 -0.029482 -0.545706
v -0.164772 -0.032775 -0.491135
v -0.148475 -0.029533 -0.545699
v -0.148735 -0.029585 -0.545679
v -0.148995 -0.029637 -0.545645
v -0.149255 -0.029688 -0.545598
v -0.149514 -0.029740 -0.545537
v -0.149773 -0.029792 -0.545463
v -0.150032 -0.029843 -0.545376
v -0.150290 -0.029894 -0.545275
v -0.150548 -0.029946 -0.545161
v -0.150805 -0.029997 -0.545034
v -0.151062 -0.030048 -0.544893
v -0.151317 -0.030099 -0.544739
v -0.151573 -0.030149 -0.544572
v -0.151827 -0.030200 -0.544391
v -0.152080 -0.030250 -0.544198
v -0.152333 -0.030301 -0.543991
v -0.152584 -0.030351 -0.543771
v -0.152834 -0.030400 -0.543539
v -0.153083 -0.030450 -0.543293
v -0.153331 -0.030499 -0.543035
v -0.153578 -0.030548 -0.542763
v -0.153823 -0.030597 -0.542479
v -0.154067 -0.030646 -0.542183
v -0.154310 -0.030694 -0.541873
v -0.154551 -0.030742 -0.541552
v -0.154791 -0.030790 -0.541217
v -0.155028 -0.030837 -0.540871
v -0.155265 -0.030884 -0.540512
v -0.155499 -0.030930 -0.540141
v -0.155732 -0.030977 -0.539758
v -0.155962 -0.031023 -0.539363
v -0.156191 -0.031068 -0.538956
v -0.156418 -0.031113 -0.538537
v -0.156643 -0.031158 -0.538106
v -0.156866 -0.031202 -0.537664
v -0.157087 -0.031246 -0.537210
v -0.157305 -0.031290 -0.536745
v -0.157521 -0.031333 -0.536269
v -0.157735 -0.031375 -0.535782
v -0.157947 -0.031417 -0.535284
v -0.158156 -0.031459 -0.534774
v -0.158363 -0.031500 -0.534254
v -0.158567 -0.031541 -0.533724
v -0.158769 -0.031581 -0.533182
v -0.158968 -0.031620 -0.532631
v -0.159164 -0.031660 -0.532069
v -0.159358 -0.031698 -0.531497
v -0.159549 -0.031736 -0.530915
v -0.159737 -0.031774 -0.530324
v -0.159923 -0.031810 -0.529722
v -0.160105 -0.031847 -0.529111
v -0.160284 -0.031882 -0.528491
v -0.160461 -0.031918 -0.527862
v -0.160635 -0.031952 -0.527223
v -0.160805 -0.031986 -0.526576
v -0.160972 -0.032019 -0.525920
v -0.161137 -0.032052 -0.525255
v -0.161298 -0.032084 -0.524582
v -0.161455 -0.032115 -0.523900
v -0.161610 -0.032146 -0.523211
v -0.161761 -0.032176 -0.522513
v -0.161909 -0.032206 -0.521808
v -0.162053 -0.032234 -0.521096
v -0.162194 -0.032262 -0.520375
v -0.162332 -0.032290 -0.519648
v -0.162466 -0.032316 -0.518914
v -0.162597 -0.032342 -0.518172
v -0.162724 -0.032368 -0.517425
v -0.162847 -0.032392 -0.516670
v -0.162967 -0.032416 -0.515909
v -0.163084 -0.032439 -0.515143
v -0.163196 -0.032462 -0.514370
v -0.163305 -0.032483 -0.513592
v -0.163410 -0.032504 -0.512808
v -0.163512 -0.032524 -0.512018
v -0.163609 -0.032544 -0.511224
v -0.163703 -0.032562 -0.510424
v -0.163793 -0.032580 -0.509620
v -0.163879 -0.032597 -0.508811
v -0.163962 -0.032614 -0.507998
v -0.164040 -0.032629 -0.507181
v -0.164115 -0.032644 -0.506360
v -0.164185 -0.032658 -0.505535
v -0.164252 -0.032672 -0.504706
v -0.164314 -0.032684 -0.503874
v -0.164373 -0.032696 -0.503039
v -0.164428 -0.032707 -0.502201
v -0.164479 -0.032717 -0.501360
v -0.164525 -0.032726 -0.500517
v -0.164568 -0.032734 -0.499672
v -0.164607 -0.032742 -0.498824
v -0.164641 -0.032749 -0.497974
v -0.164672 -0.032755 -0.497123
v -0.164698 -0.032760 -0.496271
v -0.164721 -0.032765 -0.495417
v -0.164739 -0.032769 -0.494561
v -0.164754 -0.032771 -0.493706
v -0.164764 -0.032773 -0.492849
v -0.164770 -0.032775 -0.491992
v -0.148215 -0.029482 0.545706
v -0.164772 -0.032775 0.491135
v -0.148475 -0.029534 0.545699
v -0.148735 -0.029585 0.545679
v -0.148995 -0.029637 0.545645
v -0.149255 -0.029689 0.545598
v -0.149514 -0.029740 0.545537
v -0.149773 -0.029792 0.545463
v -0.150032 -0.029843 0.545376
v -0.150290 -0.029895 0.545275
v -0.150548 -0.029946 0.545161
v -0.150805 -0.029997 0.545034
v -0.151062 -0.030048 0.544893
v -0.151317 -0.030099 0.544739
v -0.151573 -0.030150 0.544572
v -0.151827 -0.030200 0.544391
v -0.152080 -0.030251 0.544198
v -0.152333 -0.030301 0.543991
v -0.152584 -0.030351 0.543771
v -0.152834 -0.030401 0.543539
v -0.153083 -0.030450 0.543293
v -0.153331 -0.030500 0.543035
v -0.153578 -0.030549 0.542763
v -0.153823 -0.030598 0.542479
v -0.154067 -0.030646 0.542183
v -0.154310 -0.030694 0.541873
v -0.154551 -0.030742 0.541552
v -0.154791 -0.030790 0.541217
v -0.155028 -0.030837 0.540871
v -0.155265 -0.030884 0.540512
v -0.155499 -0.030931 0.540141
v -0.155732 -0.030977 0.539758
v -0.155962 -0.031023 0.539363
v -0.156191 -0.031069 0.538956
v -0.156418 -0.031114 0.538537
v -0.156643 -0.031158 0.538106
v -0.156866 -0.031203 0.537664
v -0.157087 -0.031247 0.537210
v -0.157305 -0.031290 0.536745
v -0.157521 -0.031333 0.536269
v -0.157735 -0.031376 0.535782
v -0.157947 -0.031418 0.535284
v -0.158156 -0.031459 0.534774
v -0.158363 -0.031501 0.534254
v -0.158567 -0.031541 0.533724
v -0.158769 -0.031581 0.533182
v -0.158968 -0.031621 0.532631
v -0.159164 -0.031660 0.532069
v -0.159358 -0.031698 0.531497
v -0.159549 -0.031736 0.530915
v -0.159737 -0.031774 0.530324
v -0.159923 -0.031811 0.529722
v -0.160105 -0.031847 0.529111
v -0.160284 -0.031883 0.528491
v -0.160461 -0.031918 0.527862
v -0.160635 -0.031952 0.527223
v -0.160805 -0.031986 0.526576
v -0.160972 -0.032020 0.525920
v -0.161137 -0.032052 0.525255
v -0.161298 -0.032084 0.524582
v -0.161455 -0.032116 0.523900
v -0.161610 -0.032146 0.523211
v -0.161761 -0.032176 0.522513
v -0.161909 -0.032206 0.521808
v -0.162053 -0.032235 0.521096
v -0.162194 -0.032263 0.520375
v -0.162332 -0.032290 0.519648
v -0.162466 -0.032317 0.518914
v -0.162597 -0.032343 0.518172
v -0.162724 -0.032368 0.517425
v -0.162847 -0.032393 0.516670
v -0.162967 -0.032416 0.515909
v -0.163084 -0.032440 0.515143
v -0.163196 -0.032462 0.514370
v -0.163305 -0.032484 0.513592
v -0.163410 -0.032504 0.512808
v -0.163512 -0.032525 0.512018
v -0.163609 -0.032544 0.511224
v -0.163703 -0.032563 0.510424
v -0.163793 -0.032581 0.509620
v -0.163879 -0.032598 0.508811
v -0.163962 -0.032614 0.507998
v -0.164040 -0.032630 0.507181
v -0.164115 -0.032645 0.506360
v -0.164185 -0.032659 0.505535
v -0.164252 -0.032672 0.504706
v -0.164314 -0.032684 0.503874
v -0.164373 -0.032696 0.503039
v -0.164428 -0.032707 0.502201
v -0.164479 -0.032717 0.501360
v -0.164525 -0.032726 0.500517
v -0.164568 -0.032735 0.499672
v -0.164607 -0.032742 0.498824
v -0.164641 -0.032749 0.497974
v -0.164672 -0.032755 0.497123
v -0.164698 -0.032761 0.496271
v -0.164721 -0.032765 0.495417
v -0.164739 -0.032769 0.494561
v -0.164754 -0.032772 0.493706
v -0.164764 -0.032774 0.492849
v -0.164770 -0.032775 0.491992
v -0.151119 0.000000 -0.545706
v -0.168000 0.000000 -0.491135
v -0.151384 0.000000 -0.545699
v -0.151649 0.000000 -0.545679
v -0.151914 0.000000 -0.545645
v -0.152179 0.000000 -0.545598
v -0.152443 0.000000 -0.545537
v -0.152707 0.000000 -0.545463
v -0.152971 0.000000 -0.545376
v -0.153235 0.000000 -0.545275
v -0.153497 0.000000 -0.545161
v -0.153760 0.000000 -0.545034
v -0.154021 0.000000 -0.544893
v -0.154282 0.000000 -0.544739
v -0.154542 0.000000 -0.544572
v -0.154801 0.000000 -0.544391
v -0.155060 0.000000 -0.544198
v -0.155317 0.000000 -0.543991
v -0.155573 0.000000 -0.543771
v -0.155828 0.000000 -0.543539
v -0.156082 0.000000 -0.543293
v -0.156335 0.000000 -0.543035
v -0.156587 0.000000 -0.542763
v -0.156837 0.000000 -0.542479
v -0.157086 0.000000 -0.542183
v -0.157333 0.000000 -0.541873
v -0.157579 0.000000 -0.541552
v -0.157823 0.000000 -0.541217
v -0.158066 0.000000 -0.540871
v -0.158306 0.000000 -0.540512
v -0.158545 0.000000 -0.540141
v -0.158783 0.000000 -0.539758
v -0.159018 0.000000 -0.539363
v -0.159251 0.000000 -0.538956
v -0.159483 0.000000 -0.538537
v -0.159712 0.000000 -0.538106
v -0.159939 0.000000 -0.537664
v -0.160164 0.000000 -0.537210
v -0.160387 0.000000 -0.536745
v -0.160607 0.000000 -0.536269
v -0.160826 0.000000 -0.535782
v -0.161041 0.000000 -0.535284
v -0.161255 0.000000 -0.534774
v -0.161465 0.000000 -0.534254
v -0.161674 0.000000 -0.533724
v -0.161879 0.000000 -0.533182
v -0.162082 0.000000 -0.532631
v -0.162283 0.000000 -0.532069
v -0.162480 0.000000 -0.531497
v -0.162675 0.000000 -0.530915
v -0.162867 0.000000 -0.530324
v -0.163056 0.000000 -0.529722
v -0.163242 0.000000 -0.529111
v -0.163425 0.000000 -0.528491
v -0.163605 0.000000 -0.527862
v -0.163782 0.000000 -0.527223
v -0.163955 0.000000 -0.526576
v -0.164126 0.000000 -0.525920
v -0.164293 0.000000 -0.525255
v -0.164458 0.000000 -0.524582
v -0.164618 0.000000 -0.523900
v -0.164776 0.000000 -0.523211
v -0.164930 0.000000 -0.522513
v -0.165081 0.000000 -0.521808
v -0.165228 0.000000 -0.521096
v -0.165372 0.000000 -0.520375
v -0.165512 0.000000 -0.519648
v -0.165649 0.000000 -0.518914
v -0.165782 0.000000 -0.518172
v -0.165912 0.000000 -0.517425
v -0.166038 0.000000 -0.516670
v -0.166160 0.000000 -0.515909
v -0.166279 0.000000 -0.515143
v -0.166393 0.000000 -0.514370
v -0.166504 0.000000 -0.513592
v -0.166612 0.000000 -0.512808
v -0.166715 0.000000 -0.512018
v -0.166815 0.000000 -0.511224
v -0.166910 0.000000 -0.510424
v -0.167002 0.000000 -0.509620
v -0.167090 0.000000 -0.508811
v -0.167174 0.000000 -0.507998
v -0.167254 0.000000 -0.507181
v -0.167330 0.000000 -0.506360
v -0.167402 0.000000 -0.505535
v -0.167470 0.000000 -0.504706
v -0.167534 0.000000 -0.503874
v -0.167593 0.000000 -0.503039
v -0.167649 0.000000 -0.502201
v -0.167701 0.000000 -0.501360
v -0.167749 0.000000 -0.500517
v -0.167792 0.000000 -0.499672
v -0.167832 0.000000 -0.498824
v -0.167867 0.000000 -0.497974
v -0.167898 0.000000 -0.497123
v -0.167925 0.000000 -0.496271
v -0.167948 0.000000 -0.495417
v -0.167967 0.000000 -0.494561
v -0.167981 0.000000 -0.493706
v -0.167992 0.000000 -0.492849
v -0.167998 0.000000 -0.491992
v -0.151119 -0.000000 0.545706
v -0.168000 -0.000000 0.491135
v -0.151384 -0.000000 0.545699
v -0.151649 -0.000000 0.545679
v -0.151914 -0.000000 0.545645
v -0.152179 -0.000000 0.545598
v -0.152443 -0.000000 0.545537
v -0.152707 -0.000000 0.545463
v -0.152971 -0.000000 0.545376
v -0.153235 -0.000000 0.545275
v -0.153497 -0.000000 0.545161
v -0.153760 -0.000000 0.545034
v -0.154021 -0.000000 0.544893
v -0.154282 -0.000000 0.544739
v -0.154542 -0.000000 0.544572
v -0.154801 -0.000000 0.544391
v -0.155060 -0.000000 0.544198
v -0.155317 -0.000000 0.543991
v -0.155573 -0.000000 0.543771
v -0.155828 -0.000000 0.543539
v -0.156082 -0.000000 0.543293
v -0.156335 -0.000000 0.543035
v -0.156587 -0.000000 0.542763
v -0.156837 -0.000000 0.542479
v -0.157086 -0.000000 0.542183
v -0.157333 -0.000000 0.541873
v -0.157579 -0.000000 0.541552
v -0.157823 -0.000000 0.541217
v -0.158066 -0.000000 0.540871
v -0.158306 -0.000000 0.540512
v -0.158545 -0.000000 0.540141
v -0.158783 -0.000000 0.539758
v -0.159018 -0.000000 0.539363
v -0.159251 -0.000000 0.538956
v -0.159483 -0.000000 0.538537
v -0.159712 -0.000000 0.538106
v -0.159939 -0.000000 0.537664
v -0.160164 -0.000000 0.537210
v -0.160387 -0.000000 0.536745
v -0.160607 -0.000000 0.536269
v -0.160826 -0.000000 0.535782
v -0.161041 -0.000000 0.535284
v -0.161255 -0.000000 0.534774
v -0.161465 -0.000000 0.534254
v -0.161674 -0.000000 0.533724
v -0.161879 -0.000000 0.533182
v -0.162082 -0.000000 0.532631
v -0.162283 -0.000000 0.532069
v -0.162480 -0.000000 0.531497
v -0.162675 -0.000000 0.530915
v -0.162867 -0.000000 0.530324
v -0.163056 -0.000000 0.529722
v -0.163242 -0.000000 0.529111
v -0.163425 -0.000000 0.528491
v -0.163605 -0.000000 0.527862
v -0.163782 -0.000000 0.527223
v -0.163955 -0.000000 0.526576
v -0.164126 -0.000000 0.525920
v -0.164293 -0.000000 0.525255
v -0.164458 -0.000000 0.524582
v -0.164618 -0.000000 0.523900
v -0.164776 -0.000000 0.523211
v -0.164930 -0.000000 0.522513
v -0.165081 -0.000000 0.521808
v -0.165228 -0.000000 0.521096
v -0.165372 -0.000000 0.520375
v -0.165512 -0.000000 0.519648
v -0.165649 -0.000000 0.518914
v -0.165782 -0.000000 0.518172
v -0.165912 -0.000000 0.517425
v -0.166038 -0.000000 0.516670
v -0.166160 -0.000000 0.515909
v -0.166279 -0.000000 0.515143
v -0.166393 -0.000000 0.514370
v -0.166504 -0.000000 0.513592
v -0.166612 -0.000000 0.512808
v -0.166715 -0.000000 0.512018
v -0.166815 -0.000000 0.511224
v -0.166910 -0.000000 0.510424
v -0.167002 -0.000000 0.509620
v -0.167090 -0.000000 0.508811
v -0.167174 -0.000000 0.507998
v -0.167254 -0.000000 0.507181
v -0.167330 -0.000000 0.506360
v -0.167402 -0.000000 0.505535
v -0.167470 -0.000000 0.504706
v -0.167534 -0.000000 0.503874
v -0.167593 -0.000000 0.503039
v -0.167649 -0.000000 0.502201
v -0.167701 -0.000000 0.501360
v -0.167749 -0.000000 0.500517
v -0.167792 -0.000000 0.499672
v -0.167832 -0.000000 0.498824
v -0.167867 -0.000000 0.497974
v -0.167898 -0.000000 0.497123
v -0.167925 -0.000000 0.496271
v -0.167948 -0.000000 0.495417
v -0.167967 -0.000000 0.494561
v -0.167981 -0.000000 0.493706
v -0.167992 -0.000000 0.492849
v -0.167998 -0.000000 0.491992
v -0.148215 0.029482 -0.545706
v -0.164772 0.032775 -0.491135
v -0.148475 0.029534 -0.545699
v -0.148735 0.029585 -0.545679
v -0.148995 0.029637 -0.545645
v -0.149255 0.029689 -0.545598
v -0.149514 0.029740 -0.545537
v -0.149773 0.029792 -0.545463
v -0.150032 0.029843 -0.545376
v -0.150290 0.029895 -0.545275
v -0.150548 0.029946 -0.545161
v -0.150805 0.029997 -0.545034
v -0.151062 0.030048 -0.544893
v -0.151317 0.030099 -0.544739
v -0.151573 0.030150 -0.544572
v -0.151827 0.030200 -0.544391
v -0.152080 0.030251 -0.544198
v -0.152333 0.030301 -0.543991
v -0.152584 0.030351 -0.543771
v -0.152834 0.030401 -0.543539
v -0.153083 0.030450 -0.543293
v -0.153331 0.030500 -0.543035
v -0.153578 0.030549 -0.542763
v -0.153823 0.030598 -0.542479
v -0.154067 0.030646 -0.542183
v -0.154310 0.030694 -0.541873
v -0.154551 0.030742 -0.541552
v -0.154791 0.030790 -0.541217
v -0.155028 0.030837 -0.540871
v -0.155265 0.030884 -0.540512
v -0.155499 0.030931 -0.540141
v -0.155732 0.030977 -0.539758
v -0.155962 0.031023 -0.539363
v -0.156191 0.031069 -0.538956
v -0.156418 0.031114 -0.538537
v -0.156643 0.031158 -0.538106
v -0.156866 0.031203 -0.537664
v -0.157087 0.031247 -0.537210
v -0.157305 0.031290 -0.536745
v -0.157521 0.031333 -0.536269
v -0.157735 0.031376 -0.535782
v -0.157947 0.031418 -0.535284
v -0.158156 0.031459 -0.534774
v -0.158363 0.031501 -0.534254
v -0.158567 0.031541 -0.533724
v -0.158769 0.031581 -0.533182
v -0.158968 0.031621 -0.532631
v -0.159164 0.031660 -0.532069
v -0.159358 0.031698 -0.531497
v -0.159549 0.031736 -0.530915
v -0.159737 0.031774 -0.530324
v -0.159923 0.031811 -0.529722
v -0.160105 0.031847 -0.529111
v -0.160284 0.031883 -0.528491
v -0.160461 0.031918 -0.527862
v -0.160635 0.031952 -0.527223
v -0.160805 0.031986 -0.526576
v -0.160972 0.032020 -0.525920
v -0.161137 0.032052 -0.525255
v -0.161298 0.032084 -0.524582
v -0.161455 0.032116 -0.523900
v -0.161610 0.032146 -0.523211
v -0.161761 0.032176 -0.522513
v -0.161909 0.032206 -0.521808
v -0.162053 0.032235 -0.521096
v -0.162194 0.032263 -0.520375
v -0.162332 0.032290 -0.519648
v -0.162466 0.032317 -0.518914
v -0.162597 0.032343 -0.518172
v -0.162724 0.032368 -0.517425
v -0.162847 0.032393 -0.516670
v -0.162967 0.032416 -0.515909
v -0.163084 0.032440 -0.515143
v -0.163196 0.032462 -0.514370
v -0.163305 0.032484 -0.513592
v -0.163410 0.032504 -0.512808
v -0.163512 0.032525 -0.512018
v -0.163609 0.032544 -0.511224
v -0.163703 0.032563 -0.510424
v -0.163793 0.032581 -0.509620
v -0.163879 0.032598 -0.508811
v -0.163962 0.032614 -0.507998
v -0.164040 0.032630 -0.507181
v -0.164115 0.032645 -0.506360
v -0.164185 0.032659 -0.505535
v -0.164252 0.032672 -0.504706
v -0.164314 0.032684 -0.503874
v -0.164373 0.032696 -0.503039
v -0.164428 0.032707 -0.502201
v -0.164479 0.032717 -0.501360
v -0.164525 0.032726 -0.500517
v -0.164568 0.032735 -0.499672
v -0.164607 0.032742 -0.498824
v -0.164641 0.032749 -0.497974
v -0.164672 0.032755 -0.497123
v -0.164698 0.032761 -0.496271
v -0.164721 0.032765 -0.495417
v -0.164739 0.032769 -0.494561
v -0.164754 0.032772 -0.493706
v -0.164764 0.032774 -0.492849
v -0.164770 0.032775 -0.491992
v -0.148215 0.029482 0.545706
v -0.164772 0.032775 0.491135
v -0.148475 0.029533 0.545699
v -0.148735 0.029585 0.545679
v -0.148995 0.029637 0.545645
v -0.149255 0.029688 0.545598
v -0.149514 0.029740 0.545537
v -0.149773 0.029792 0.545463
v -0.150032 0.029843 0.545376
v -0.150290 0.029894 0.545275
v -0.150548 0.029946 0.545161
v -0.150805 0.029997 0.545034
v -0.151062 0.030048 0.544893
v -0.151317 0.030099 0.544739
v -0.151573 0.030149 0.544572
v -0.151827 0.030200 0.544391
v -0.152080 0.030250 0.544198
v -0.152333 0.030301 0.543991
v -0.152584 0.030351 0.543771
v -0.152834 0.030400 0.543539
v -0.153083 0.030450 0.543293
v -0.153331 0.030499 0.543035
v -0.153578 0.030548 0.542763
v -0.153823 0.030597 0.542479
v -0.154067 0.030646 0.542183
v -0.154310 0.030694 0.541873
v -0.154551 0.030742 0.541552
v -0.154791 0.030790 0.541217
v -0.155028 0.030837 0.540871
v -0.155265 0.030884 0.540512
v -0.155499 0.030930 0.540141
v -0.155732 0.030977 0.539758
v -0.155962 0.031023 0.539363
v -0.156191 0.031068 0.538956
v -0.156418 0.031113 0.538537
v -0.156643 0.031158 0.538106
v -0.156866 0.031202 0.537664
v -0.157087 0.031246 0.537210
v -0.157305 0.031290 0.536745
v -0.157521 0.031333 0.536269
v -0.157735 0.031375 0.535782
v -0.157947 0.031417 0.535284
v -0.158156 0.031459 0.534774
v -0.158363 0.031500 0.534254
v -0.158567 0.031541 0.533724
v -0.158769 0.031581 0.533182
v -0.158968 0.031620 0.532631
v -0.159164 0.031660 0.532069
v -0.159358 0.031698 0.531497
v -0.159549 0.031736 0.530915
v -0.159737 0.031774 0.530324
v -0.159923 0.031810 0.529722
v -0.160105 0.031847 0.529111
v -0.160284 0.031882 0.528491
v -0.160461 0.031918 0.527862
v -0.160635 0.031952 0.527223
v -0.160805 0.031986 0.526576
v -0.160972 0.032019 0.525920
v -0.161137 0.032052 0.525255
v -0.161298 0.032084 0.524582
v -0.161455 0.032115 0.523900
v -0.161610 0.032146 0.523211
v -0.161761 0.032176 0.522513
v -0.161909 0.032206 0.521808
v -0.162053 0.032234 0.521096
v -0.162194 0.032262 0.520375
v -0.162332 0.032290 0.519648
v -0.162466 0.032316 0.518914
v -0.162597 0.032342 0.518172
v -0.162724 0.032368 0.517425
v -0.162847 0.032392 0.516670
v -0.162967 0.032416 0.515909
v -0.163084 0.032439 0.515143
v -0.163196 0.032462 0.514370
v -0.163305 0.032483 0.513592
v -0.163410 0.032504 0.512808
v -0.163512 0.032524 0.512018
v -0.163609 0.032544 0.511224
v -0.163703 0.032562 0.510424
v -0.163793 0.032580 0.509620
v -0.163879 0.032597 0.508811
v -0.163962 0.032614 0.507998
v -0.164040 0.032629 0.507181
v -0.164115 0.032644 0.506360
v -0.164185 0.032658 0.505535
v -0.164252 0.032672 0.504706
v -0.164314 0.032684 0.503874
v -0.164373 0.032696 0.503039
v -0.164428 0.032707 0.502201
v -0.164479 0.032717 0.501360
v -0.164525 0.032726 0.500517
v -0.164568 0.032734 0.499672
v -0.164607 0.032742 0.498824
v -0.164641 0.032749 0.497974
v -0.164672 0.032755 0.497123
v -0.164698 0.032760 0.496271
v -0.164721 0.032765 0.495417
v -0.164739 0.032769 0.494561
v -0.164754 0.032771 0.493706
v -0.164764 0.032773 0.492849
v -0.164770 0.032775 0.491992
v -0.139615 0.057831 -0.545706
v -0.155212 0.064291 -0.491135
v -0.139860 0.057932 -0.545699
v -0.140105 0.058034 -0.545679
v -0.140350 0.058135 -0.545645
v -0.140595 0.058236 -0.545598
v -0.140839 0.058338 -0.545537
v -0.141083 0.058439 -0.545463
v -0.141327 0.058540 -0.545376
v -0.141570 0.058641 -0.545275
v -0.141813 0.058741 -0.545161
v -0.142055 0.058841 -0.545034
v -0.142297 0.058942 -0.544893
v -0.142538 0.059041 -0.544739
v -0.142778 0.059141 -0.544572
v -0.143018 0.059240 -0.544391
v -0.143256 0.059339 -0.544198
v -0.143494 0.059437 -0.543991
v -0.143731 0.059536 -0.543771
v -0.143967 0.059633 -0.543539
v -0.144201 0.059730 -0.543293
v -0.144435 0.059827 -0.543035
v -0.144667 0.059923 -0.542763
v -0.144899 0.060019 -0.542479
v -0.145128 0.060114 -0.542183
v -0.145357 0.060209 -0.541873
v -0.145584 0.060303 -0.541552
v -0.145810 0.060396 -0.541217
v -0.146034 0.060489 -0.540871
v -0.146256 0.060581 -0.540512
v -0.146477 0.060673 -0.540141
v -0.146696 0.060764 -0.539758
v -0.146913 0.060854 -0.539363
v -0.147129 0.060943 -0.538956
v -0.147343 0.061032 -0.538537
v -0.147555 0.061119 -0.538106
v -0.147765 0.061206 -0.537664
v -0.147972 0.061292 -0.537210
v -0.148178 0.061378 -0.536745
v -0.148382 0.061462 -0.536269
v -0.148583 0.061545 -0.535782
v -0.148783 0.061628 -0.535284
v -0.148980 0.061710 -0.534774
v -0.149175 0.061790 -0.534254
v -0.149367 0.061870 -0.533724
v -0.149557 0.061949 -0.533182
v -0.149744 0.062026 -0.532631
v -0.149929 0.062103 -0.532069
v -0.150112 0.062179 -0.531497
v -0.150292 0.062253 -0.530915
v -0.150469 0.062327 -0.530324
v -0.150644 0.062399 -0.529722
v -0.150816 0.062470 -0.529111
v -0.150985 0.062540 -0.528491
v -0.151151 0.062609 -0.527862
v -0.151314 0.062677 -0.527223
v -0.151475 0.062743 -0.526576
v -0.151633 0.062808 -0.525920
v -0.151787 0.062873 -0.525255
v -0.151939 0.062935 -0.524582
v -0.152088 0.062997 -0.523900
v -0.152233 0.063057 -0.523211
v -0.152376 0.063116 -0.522513
v -0.152515 0.063174 -0.521808
v -0.152651 0.063230 -0.521096
v -0.152784 0.063285 -0.520375
v -0.152913 0.063339 -0.519648
v -0.153040 0.063391 -0.518914
v -0.153163 0.063442 -0.518172
v -0.153283 0.063492 -0.517425
v -0.153399 0.063540 -0.516670
v -0.153512 0.063587 -0.515909
v -0.153621 0.063632 -0.515143
v -0.153727 0.063676 -0.514370
v -0.153830 0.063719 -0.513592
v -0.153929 0.063760 -0.512808
v -0.154025 0.063799 -0.512018
v -0.154117 0.063837 -0.511224
v -0.154205 0.063874 -0.510424
v -0.154290 0.063909 -0.509620
v -0.154371 0.063943 -0.508811
v -0.154448 0.063975 -0.507998
v -0.154522 0.064005 -0.507181
v -0.154592 0.064034 -0.506360
v -0.154659 0.064062 -0.505535
v -0.154722 0.064088 -0.504706
v -0.154781 0.064113 -0.503874
v -0.154836 0.064135 -0.503039
v -0.154888 0.064157 -0.502201
v -0.154936 0.064177 -0.501360
v -0.154980 0.064195 -0.500517
v -0.155020 0.064211 -0.499672
v -0.155056 0.064227 -0.498824
v -0.155089 0.064240 -0.497974
v -0.155118 0.064252 -0.497123
v -0.155143 0.064262 -0.496271
v -0.155164 0.064271 -0.495417
v -0.155181 0.064278 -0.494561
v -0.155194 0.064284 -0.493706
v -0.155204 0.064288 -0.492849
v -0.155210 0.064290 -0.491992
v -0.139615 0.057830 0.545706
v -0.155212 0.064291 0.491135
v -0.139860 0.057932 0.545699
v -0.140105 0.058033 0.545679
v -0.140350 0.058135 0.545645
v -0.140595 0.058236 0.545598
v -0.140839 0.058337 0.545537
v -0.141083 0.058438 0.545463
v -0.141327 0.058539 0.545376
v -0.141570 0.058640 0.545275
v -0.141813 0.058741 0.545161
v -0.142055 0.058841 0.545034
v -0.142297 0.058941 0.544893
v -0.142538 0.059041 0.544739
v -0.142778 0.059141 0.544572
v -0.143018 0.059240 0.544391
v -0.143256 0.059339 0.544198
v -0.143494 0.059437 0.543991
v -0.143731 0.059535 0.543771
v -0.143967 0.059633 0.543539
v -0.144201 0.059730 0.543293
v -0.144435 0.059827 0.543035
v -0.144667 0.059923 0.542763
v -0.144899 0.060019 0.542479
v -0.145128 0.060114 0.542183
v -0.145357 0.060209 0.541873
v -0.145584 0.060303 0.541552
v -0.145810 0.060396 0.541217
v -0.146034 0.060489 0.540871
v -0.146256 0.060581 0.540512
v -0.146477 0.060673 0.540141
v -0.146696 0.060763 0.539758
v -0.146913 0.060853 0.539363
v -0.147129 0.060943 0.538956
v -0.147343 0.061031 0.538537
v -0.147555 0.061119 0.538106
v -0.147765 0.061206 0.537664
v -0.147972 0.061292 0.537210
v -0.148178 0.061377 0.536745
v -0.148382 0.061462 0.536269
v -0.148583 0.061545 0.535782
v -0.148783 0.061628 0.535284
v -0.148980 0.061709 0.534774
v -0.149175 0.061790 0.534254
v -0.149367 0.061870 0.533724
v -0.149557 0.061948 0.533182
v -0.149744 0.062026 0.532631
v -0.149929 0.062103 0.532069
v -0.150112 0.062178 0.531497
v -0.150292 0.062253 0.530915
v -0.150469 0.062326 0.530324
v -0.150644 0.062399 0.529722
v -0.150816 0.062470 0.529111
v -0.150985 0.062540 0.528491
v -0.151151 0.062609 0.527862
v -0.151314 0.062676 0.527223
v -0.151475 0.062743 0.526576
v -0.151633 0.062808 0.525920
v -0.151787 0.062872 0.525255
v -0.151939 0.062935 0.524582
v -0.152088 0.062997 0.523900
v -0.152233 0.063057 0.523211
v -0.152376 0.063116 0.522513
v -0.152515 0.063174 0.521808
v -0.152651 0.063230 0.521096
v -0.152784 0.063285 0.520375
v -0.152913 0.063339 0.519648
v -0.153040 0.063391 0.518914
v -0.153163 0.063442 0.518172
v -0.153283 0.063492 0.517425
v -0.153399 0.063540 0.516670
v -0.153512 0.063587 0.515909
v -0.153621 0.063632 0.515143
v -0.153727 0.063676 0.514370
v -0.153830 0.063718 0.513592
v -0.153929 0.063759 0.512808
v -0.154025 0.063799 0.512018
v -0.154117 0.063837 0.511224
v -0.154205 0.063874 0.510424
v -0.154290 0.063909 0.509620
v -0.154371 0.063942 0.508811
v -0.154448 0.063974 0.507998
v -0.154522 0.064005 0.507181
v -0.154592 0.064034 0.506360
v -0.154659 0.064062 0.505535
v -0.154722 0.064088 0.504706
v -0.154781 0.064112 0.503874
v -0.154836 0.064135 0.503039
v -0.154888 0.064156 0.502201
v -0.154936 0.064176 0.501360
v -0.154980 0.064194 0.500517
v -0.155020 0.064211 0.499672
v -0.155056 0.064226 0.498824
v -0.155089 0.064240 0.497975
v -0.155118 0.064252 0.497123
v -0.155143 0.064262 0.496271
v -0.155164 0.064271 0.495417
v -0.155181 0.064278 0.494562
v -0.155194 0.064283 0.493706
v -0.155204 0.064287 0.492849
v -0.155210 0.064290 0.491992
v -0.125651 0.083957 -0.545706
v -0.139687 0.093336 -0.491135
v -0.125871 0.084105 -0.545699
v -0.126092 0.084252 -0.545679
v -0.126312 0.084399 -0.545645
v -0.126532 0.084546 -0.545598
v -0.126752 0.084693 -0.545537
v -0.126972 0.084840 -0.545463
v -0.127191 0.084986 -0.545376
v -0.127410 0.085133 -0.545275
v -0.127628 0.085279 -0.545161
v -0.127846 0.085424 -0.545034
v -0.128064 0.085570 -0.544893
v -0.128281 0.085715 -0.544739
v -0.128497 0.085859 -0.544572
v -0.128713 0.086003 -0.544391
v -0.128927 0.086147 -0.544198
v -0.129141 0.086290 -0.543991
v -0.129354 0.086432 -0.543771
v -0.129567 0.086574 -0.543539
v -0.129778 0.086715 -0.543293
v -0.129988 0.086855 -0.543035
v -0.130197 0.086995 -0.542763
v -0.130405 0.087134 -0.542479
v -0.130612 0.087272 -0.542183
v -0.130818 0.087410 -0.541873
v -0.131022 0.087546 -0.541552
v -0.131225 0.087682 -0.541217
v -0.131427 0.087817 -0.540871
v -0.131627 0.087951 -0.540512
v -0.131826 0.088083 -0.540141
v -0.132023 0.088215 -0.539758
v -0.132219 0.088346 -0.539363
v -0.132413 0.088475 -0.538956
v -0.132605 0.088604 -0.538537
v -0.132796 0.088731 -0.538106
v -0.132985 0.088858 -0.537664
v -0.133172 0.088983 -0.537210
v -0.133357 0.089106 -0.536745
v -0.133540 0.089229 -0.536269
v -0.133722 0.089350 -0.535782
v -0.133901 0.089470 -0.535283
v -0.134078 0.089588 -0.534774
v -0.134254 0.089706 -0.534254
v -0.134427 0.089821 -0.533723
v -0.134598 0.089935 -0.533182
v -0.134766 0.090048 -0.532631
v -0.134933 0.090160 -0.532069
v -0.135097 0.090269 -0.531497
v -0.135259 0.090377 -0.530915
v -0.135419 0.090484 -0.530324
v -0.135576 0.090589 -0.529722
v -0.135730 0.090692 -0.529111
v -0.135883 0.090794 -0.528491
v -0.136032 0.090894 -0.527862
v -0.136179 0.090992 -0.527223
v -0.136324 0.091089 -0.526576
v -0.136466 0.091184 -0.525919
v -0.136605 0.091277 -0.525255
v -0.136741 0.091368 -0.524582
v -0.136875 0.091457 -0.523900
v -0.137006 0.091545 -0.523211
v -0.137134 0.091630 -0.522513
v -0.137260 0.091714 -0.521808
v -0.137382 0.091796 -0.521095
v -0.137502 0.091876 -0.520375
v -0.137619 0.091954 -0.519648
v -0.137732 0.092030 -0.518914
v -0.137843 0.092104 -0.518172
v -0.137951 0.092176 -0.517425
v -0.138055 0.092246 -0.516670
v -0.138157 0.092314 -0.515909
v -0.138256 0.092380 -0.515143
v -0.138351 0.092443 -0.514370
v -0.138443 0.092505 -0.513592
v -0.138532 0.092565 -0.512808
v -0.138618 0.092622 -0.512018
v -0.138701 0.092677 -0.511224
v -0.138781 0.092731 -0.510424
v -0.138857 0.092782 -0.509620
v -0.138930 0.092830 -0.508811
v -0.139000 0.092877 -0.507998
v -0.139066 0.092921 -0.507181
v -0.139130 0.092964 -0.506360
v -0.139189 0.093004 -0.505535
v -0.139246 0.093041 -0.504706
v -0.139299 0.093077 -0.503874
v -0.139349 0.093110 -0.503039
v -0.139395 0.093141 -0.502201
v -0.139438 0.093170 -0.501360
v -0.139478 0.093196 -0.500517
v -0.139514 0.093221 -0.499672
v -0.139547 0.093242 -0.498824
v -0.139576 0.093262 -0.497974
v -0.139602 0.093279 -0.497123
v -0.139625 0.093294 -0.496271
v -0.139644 0.093307 -0.495417
v -0.139659 0.093317 -0.494561
v -0.139671 0.093326 -0.493706
v -0.139680 0.093331 -0.492849
v -0.139685 0.093335 -0.491992
v -0.125651 0.083957 0.545706
v -0.139687 0.093336 0.491135
v -0.125871 0.084104 0.545699
v -0.126092 0.084251 0.545679
v -0.126312 0.084399 0.545645
v -0.126532 0.084546 0.545598
v -0.126752 0.084693 0.545537
v -0.126972 0.084839 0.545463
v -0.127191 0.084986 0.545376
v -0.127410 0.085132 0.545275
v -0.127628 0.085278 0.545161
v -0.127846 0.085424 0.545034
v -0.128064 0.085569 0.544893
v -0.128281 0.085714 0.544739
v -0.128497 0.085859 0.544572
v -0.128713 0.086003 0.544391
v -0.128927 0.086146 0.544198
v -0.129141 0.086289 0.543991
v -0.129354 0.086432 0.543771
v -0.129567 0.086573 0.543539
v -0.129778 0.086715 0.543293
v -0.129988 0.086855 0.543035
v -0.130197 0.086995 0.542763
v -0.130405 0.087134 0.542479
v -0.130612 0.087272 0.542183
v -0.130818 0.087409 0.541873
v -0.131022 0.087546 0.541552
v -0.131225 0.087682 0.541217
v -0.131427 0.087816 0.540871
v -0.131627 0.087950 0.540512
v -0.131826 0.088083 0.540141
v -0.132023 0.088215 0.539758
v -0.132219 0.088345 0.539363
v -0.132413 0.088475 0.538956
v -0.132605 0.088604 0.538537
v -0.132796 0.088731 0.538106
v -0.132985 0.088857 0.537664
v -0.133172 0.088982 0.537211
v -0.133357 0.089106 0.536745
v -0.133540 0.089229 0.536269
v -0.133722 0.089350 0.535782
v -0.133901 0.089470 0.535284
v -0.134078 0.089588 0.534774
v -0.134254 0.089705 0.534254
v -0.134427 0.089821 0.533724
v -0.134598 0.089935 0.533182
v -0.134766 0.090048 0.532631
v -0.134933 0.090159 0.532069
v -0.135097 0.090269 0.531497
v -0.135259 0.090377 0.530915
v -0.135419 0.090484 0.530324
v -0.135576 0.090589 0.529722
v -0.135730 0.090692 0.529111
v -0.135883 0.090794 0.528491
v -0.136032 0.090894 0.527862
v -0.136179 0.090992 0.527223
v -0.136324 0.091089 0.526576
v -0.136466 0.091183 0.525920
v -0.136605 0.091276 0.525255
v -0.136741 0.091368 0.524582
v -0.136875 0.091457 0.523900
v -0.137006 0.091544 0.523211
v -0.137134 0.091630 0.522513
v -0.137260 0.091714 0.521808
v -0.137382 0.091796 0.521096
v -0.137502 0.091876 0.520375
v -0.137619 0.091954 0.519648
v -0.137732 0.092030 0.518914
v -0.137843 0.092104 0.518173
v -0.137951 0.092176 0.517425
v -0.138055 0.092246 0.516670
v -0.138157 0.092313 0.515910
v -0.138256 0.092379 0.515143
v -0.138351 0.092443 0.514370
v -0.138443 0.092505 0.513592
v -0.138532 0.092564 0.512808
v -0.138618 0.092622 0.512018
v -0.138701 0.092677 0.511224
v -0.138781 0.092730 0.510424
v -0.138857 0.092781 0.509620
v -0.138930 0.092830 0.508811
v -0.139000 0.092877 0.507998
v -0.139066 0.092921 0.507181
v -0.139130 0.092963 0.506360
v -0.139189 0.093003 0.505535
v -0.139246 0.093041 0.504706
v -0.139299 0.093077 0.503874
v -0.139349 0.093110 0.503039
v -0.139395 0.093141 0.502201
v -0.139438 0.093170 0.501361
v -0.139478 0.093196 0.500517
v -0.139514 0.093220 0.499672
v -0.139547 0.093242 0.498824
v -0.139576 0.093262 0.497975
v -0.139602 0.093279 0.497123
v -0.139625 0.093294 0.496271
v -0.139644 0.093307 0.495417
v -0.139659 0.093317 0.494562
v -0.139671 0.093325 0.493706
v -0.139680 0.093331 0.492849
v -0.139685 0.093334 0.491992
v -0.106857 0.106857 -0.545705
v -0.118794 0.118794 -0.491135
v -0.107045 0.107045 -0.545699
v -0.107232 0.107232 -0.545679
v -0.107419 0.107420 -0.545645
v -0.107607 0.107607 -0.545598
v -0.107794 0.107794 -0.545537
v -0.107980 0.107981 -0.545463
v -0.108167 0.108167 -0.545376
v -0.108353 0.108353 -0.545275
v -0.108539 0.108539 -0.545161
v -0.108724 0.108725 -0.545034
v -0.108909 0.108910 -0.544893
v -0.109094 0.109094 -0.544739
v -0.109278 0.109278 -0.544572
v -0.109461 0.109461 -0.544391
v -0.109644 0.109644 -0.544198
v -0.109826 0.109826 -0.543991
v -0.110007 0.110007 -0.543771
v -0.110187 0.110188 -0.543539
v -0.110367 0.110367 -0.543293
v -0.110546 0.110546 -0.543035
v -0.110724 0.110724 -0.542763
v -0.110901 0.110901 -0.542479
v -0.111076 0.111077 -0.542183
v -0.111251 0.111252 -0.541873
v -0.111425 0.111425 -0.541552
v -0.111598 0.111598 -0.541217
v -0.111769 0.111769 -0.540871
v -0.111940 0.111940 -0.540512
v -0.112109 0.112109 -0.540141
v -0.112276 0.112276 -0.539758
v -0.112443 0.112443 -0.539363
v -0.112608 0.112608 -0.538956
v -0.112771 0.112771 -0.538537
v -0.112933 0.112934 -0.538106
v -0.113094 0.113094 -0.537664
v -0.113253 0.113253 -0.537210
v -0.113411 0.113411 -0.536745
v -0.113567 0.113567 -0.536269
v -0.113721 0.113721 -0.535782
v -0.113873 0.113874 -0.535283
v -0.114024 0.114024 -0.534774
v -0.114173 0.114173 -0.534254
v -0.114321 0.114321 -0.533723
v -0.114466 0.114466 -0.533182
v -0.114609 0.114610 -0.532631
v -0.114751 0.114751 -0.532069
v -0.114891 0.114891 -0.531497
v -0.115028 0.115029 -0.530915
v -0.115164 0.115164 -0.530324
v -0.115298 0.115298 -0.529722
v -0.115429 0.115429 -0.529111
v -0.115559 0.115559 -0.528491
v -0.115686 0.115686 -0.527862
v -0.115811 0.115811 -0.527223
v -0.115934 0.115934 -0.526576
v -0.116055 0.116055 -0.525919
v -0.116173 0.116173 -0.525255
v -0.116289 0.116289 -0.524582
v -0.116403 0.116403 -0.523900
v -0.116514 0.116514 -0.523211
v -0.116623 0.116623 -0.522513
v -0.116730 0.116730 -0.521808
v -0.116834 0.116834 -0.521095
v -0.116936 0.116936 -0.520375
v -0.117035 0.117035 -0.519648
v -0.117132 0.117132 -0.518914
v -0.117226 0.117226 -0.518172
v -0.117317 0.117318 -0.517425
v -0.117406 0.117407 -0.516670
v -0.117493 0.117493 -0.515909
v -0.117577 0.117577 -0.515143
v -0.117658 0.117658 -0.514370
v -0.117736 0.117737 -0.513592
v -0.117812 0.117812 -0.512808
v -0.117885 0.117885 -0.512018
v -0.117956 0.117956 -0.511224
v -0.118023 0.118024 -0.510424
v -0.118088 0.118088 -0.509620
v -0.118150 0.118151 -0.508811
v -0.118210 0.118210 -0.507998
v -0.118266 0.118266 -0.507181
v -0.118320 0.118320 -0.506360
v -0.118371 0.118371 -0.505535
v -0.118419 0.118419 -0.504706
v -0.118464 0.118464 -0.503874
v -0.118506 0.118507 -0.503039
v -0.118546 0.118546 -0.502201
v -0.118583 0.118583 -0.501360
v -0.118616 0.118616 -0.500517
v -0.118647 0.118647 -0.499672
v -0.118675 0.118675 -0.498824
v -0.118700 0.118700 -0.497974
v -0.118722 0.118722 -0.497123
v -0.118741 0.118741 -0.496271
v -0.118757 0.118757 -0.495417
v -0.118770 0.118771 -0.494561
v -0.118781 0.118781 -0.493706
v -0.118788 0.118788 -0.492849
v -0.118792 0.118793 -0.491992
v -0.106857 0.106857 0.545706
v -0.118794 0.118794 0.491135
v -0.107045 0.107044 0.545699
v -0.107232 0.107232 0.545679
v -0.107419 0.107419 0.545645
v -0.107607 0.107606 0.545598
v -0.107794 0.107793 0.545537
v -0.107980 0.107980 0.545463
v -0.108167 0.108167 0.545376
v -0.108353 0.108353 0.545275
v -0.108539 0.108539 0.545161
v -0.108724 0.108724 0.545034
v -0.108909 0.108909 0.544893
v -0.109094 0.109094 0.544739
v -0.109278 0.109278 0.544572
v -0.109461 0.109461 0.544391
v -0.109644 0.109643 0.544198
v -0.109826 0.109825 0.543991
v -0.110007 0.110007 0.543772
v -0.110187 0.110187 0.543539
v -0.110367 0.110367 0.543293
v -0.110546 0.110546 0.543035
v -0.110724 0.110723 0.542763
v -0.110901 0.110900 0.542479
v -0.111076 0.111076 0.542183
v -0.111251 0.111251 0.541873
v -0.111425 0.111425 0.541552
v -0.111598 0.111598 0.541217
v -0.111769 0.111769 0.540871
v -0.111940 0.111939 0.540512
v -0.112109 0.112108 0.540141
v -0.112276 0.112276 0.539758
v -0.112443 0.112443 0.539363
v -0.112608 0.112608 0.538956
v -0.112771 0.112771 0.538537
v -0.112933 0.112933 0.538106
v -0.113094 0.113094 0.537664
v -0.113253 0.113253 0.537211
v -0.113411 0.113411 0.536745
v -0.113567 0.113566 0.536269
v -0.113721 0.113721 0.535782
v -0.113873 0.113873 0.535284
v -0.114024 0.114024 0.534774
v -0.114173 0.114173 0.534254
v -0.114321 0.114320 0.533724
v -0.114466 0.114466 0.533182
v -0.114609 0.114609 0.532631
v -0.114751 0.114751 0.532069
v -0.114891 0.114891 0.531497
v -0.115028 0.115028 0.530915
v -0.115164 0.115164 0.530324
v -0.115298 0.115298 0.529722
v -0.115429 0.115429 0.529111
v -0.115559 0.115558 0.528491
v -0.115686 0.115686 0.527862
v -0.115811 0.115811 0.527223
v -0.115934 0.115934 0.526576
v -0.116055 0.116054 0.525920
v -0.116173 0.116173 0.525255
v -0.116289 0.116289 0.524582
v -0.116403 0.116403 0.523900
v -0.116514 0.116514 0.523211
v -0.116623 0.116623 0.522513
v -0.116730 0.116730 0.521808
v -0.116834 0.116834 0.521096
v -0.116936 0.116936 0.520375
v -0.117035 0.117035 0.519648
v -0.117132 0.117131 0.518914
v -0.117226 0.117226 0.518173
v -0.117317 0.117317 0.517425
v -0.117406 0.117406 0.516670
v -0.117493 0.117493 0.515910
v -0.117577 0.117577 0.515143
v -0.117658 0.117658 0.514370
v -0.117736 0.117736 0.513592
v -0.117812 0.117812 0.512808
v -0.117885 0.117885 0.512018
v -0.117956 0.117956 0.511224
v -0.118023 0.118023 0.510424
v -0.118088 0.118088 0.509620
v -0.118150 0.118150 0.508811
v -0.118210 0.118210 0.507998
v -0.118266 0.118266 0.507181
v -0.118320 0.118320 0.506360
v -0.118371 0.118371 0.505535
v -0.118419 0.118419 0.504706
v -0.118464 0.118464 0.503874
v -0.118506 0.118506 0.503039
v -0.118546 0.118546 0.502201
v -0.118583 0.118582 0.501361
v -0.118616 0.118616 0.500517
v -0.118647 0.118647 0.499672
v -0.118675 0.118675 0.498824
v -0.118700 0.118700 0.497975
v -0.118722 0.118722 0.497123
v -0.118741 0.118741 0.496271
v -0.118757 0.118757 0.495417
v -0.118770 0.118770 0.494562
v -0.118781 0.118781 0.493706
v -0.118788 0.118788 0.492849
v -0.118792 0.118792 0.491992
v -0.083957 0.125651 -0.545705
v -0.093336 0.139687 -0.491135
v -0.084104 0.125871 -0.545699
v -0.084252 0.126092 -0.545679
v -0.084399 0.126312 -0.545645
v -0.084546 0.126532 -0.545598
v -0.084693 0.126752 -0.545537
v -0.084840 0.126972 -0.545463
v -0.084986 0.127191 -0.545376
v -0.085133 0.127410 -0.545275
v -0.085279 0.127629 -0.545161
v -0.085424 0.127847 -0.545034
v -0.085570 0.128064 -0.544893
v -0.085714 0.128281 -0.544739
v -0.085859 0.128497 -0.544572
v -0.086003 0.128713 -0.544391
v -0.086146 0.128928 -0.544198
v -0.086289 0.129141 -0.543991
v -0.086432 0.129355 -0.543771
v -0.086574 0.129567 -0.543539
v -0.086715 0.129778 -0.543293
v -0.086855 0.129988 -0.543035
v -0.086995 0.130197 -0.542763
v -0.087134 0.130405 -0.542479
v -0.087272 0.130612 -0.542183
v -0.087410 0.130818 -0.541873
v -0.087546 0.131022 -0.541552
v -0.087682 0.131225 -0.541217
v -0.087817 0.131427 -0.540871
v -0.087950 0.131627 -0.540512
v -0.088083 0.131826 -0.540141
v -0.088215 0.132023 -0.539758
v -0.088346 0.132219 -0.539363
v -0.088475 0.132413 -0.538956
v -0.088604 0.132605 -0.538537
v -0.088731 0.132796 -0.538106
v -0.088857 0.132985 -0.537664
v -0.088982 0.133172 -0.537210
v -0.089106 0.133357 -0.536745
v -0.089229 0.133540 -0.536269
v -0.089350 0.133722 -0.535782
v -0.089470 0.133901 -0.535283
v -0.089588 0.134078 -0.534774
v -0.089705 0.134254 -0.534254
v -0.089821 0.134427 -0.533723
v -0.089935 0.134598 -0.533182
v -0.090048 0.134767 -0.532631
v -0.090159 0.134933 -0.532069
v -0.090269 0.135097 -0.531497
v -0.090377 0.135259 -0.530915
v -0.090484 0.135419 -0.530324
v -0.090589 0.135576 -0.529722
v -0.090692 0.135731 -0.529111
v -0.090794 0.135883 -0.528491
v -0.090894 0.136032 -0.527862
v -0.090992 0.136180 -0.527223
v -0.091089 0.136324 -0.526576
v -0.091184 0.136466 -0.525919
v -0.091277 0.136605 -0.525255
v -0.091368 0.136742 -0.524582
v -0.091457 0.136875 -0.523900
v -0.091545 0.137006 -0.523211
v -0.091630 0.137135 -0.522513
v -0.091714 0.137260 -0.521808
v -0.091796 0.137382 -0.521095
v -0.091876 0.137502 -0.520375
v -0.091954 0.137619 -0.519648
v -0.092030 0.137732 -0.518914
v -0.092104 0.137843 -0.518172
v -0.092176 0.137951 -0.517425
v -0.092246 0.138056 -0.516670
v -0.092314 0.138157 -0.515909
v -0.092379 0.138256 -0.515143
v -0.092443 0.138351 -0.514370
v -0.092505 0.138444 -0.513592
v -0.092564 0.138533 -0.512808
v -0.092622 0.138619 -0.512018
v -0.092677 0.138701 -0.511224
v -0.092730 0.138781 -0.510424
v -0.092781 0.138857 -0.509620
v -0.092830 0.138930 -0.508811
v -0.092877 0.139000 -0.507998
v -0.092921 0.139067 -0.507181
v -0.092963 0.139130 -0.506360
v -0.093003 0.139190 -0.505535
v -0.093041 0.139246 -0.504706
v -0.093077 0.139299 -0.503874
v -0.093110 0.139349 -0.503039
v -0.093141 0.139395 -0.502201
v -0.093170 0.139438 -0.501360
v -0.093196 0.139478 -0.500517
v -0.093220 0.139514 -0.499672
v -0.093242 0.139547 -0.498824
v -0.093262 0.139576 -0.497974
v -0.093279 0.139602 -0.497123
v -0.093294 0.139625 -0.496270
v -0.093307 0.139644 -0.495416
v -0.093317 0.139659 -0.494561
v -0.093325 0.139671 -0.493706
v -0.093331 0.139680 -0.492849
v -0.093335 0.139685 -0.491992
v -0.083957 0.125650 0.545706
v -0.093336 0.139687 0.491135
v -0.084104 0.125871 0.545699
v -0.084252 0.126091 0.545679
v -0.084399 0.126312 0.545645
v -0.084546 0.126532 0.545598
v -0.084693 0.126752 0.545537
v -0.084840 0.126971 0.545463
v -0.084986 0.127191 0.545376
v -0.085133 0.127410 0.545275
v -0.085279 0.127628 0.545161
v -0.085424 0.127846 0.545034
v -0.085570 0.128064 0.544893
v -0.085714 0.128281 0.544739
v -0.085859 0.128497 0.544572
v -0.086003 0.128712 0.544391
v -0.086146 0.128927 0.544198
v -0.086289 0.129141 0.543991
v -0.086432 0.129354 0.543772
v -0.086574 0.129566 0.543539
v -0.086715 0.129778 0.543293
v -0.086855 0.129988 0.543035
v -0.086995 0.130197 0.542763
v -0.087134 0.130405 0.542479
v -0.087272 0.130612 0.542183
v -0.087410 0.130818 0.541873
v -0.087546 0.131022 0.541552
v -0.087682 0.131225 0.541217
v -0.087817 0.131427 0.540871
v -0.087950 0.131627 0.540512
v -0.088083 0.131826 0.540141
v -0.088215 0.132023 0.539758
v -0.088346 0.132218 0.539363
v -0.088475 0.132412 0.538956
v -0.088604 0.132605 0.538537
v -0.088731 0.132796 0.538106
v -0.088857 0.132984 0.537664
v -0.088982 0.133171 0.537211
v -0.089106 0.133357 0.536745
v -0.089229 0.133540 0.536269
v -0.089350 0.133721 0.535782
v -0.089470 0.133901 0.535284
v -0.089588 0.134078 0.534774
v -0.089705 0.134253 0.534254
v -0.089821 0.134427 0.533724
v -0.089935 0.134598 0.533182
v -0.090048 0.134766 0.532631
v -0.090159 0.134933 0.532069
v -0.090269 0.135097 0.531497
v -0.090377 0.135259 0.530915
v -0.090484 0.135418 0.530324
v -0.090589 0.135576 0.529722
v -0.090692 0.135730 0.529111
v -0.090794 0.135882 0.528491
v -0.090894 0.136032 0.527862
v -0.090992 0.136179 0.527223
v -0.091089 0.136324 0.526576
v -0.091184 0.136466 0.525920
v -0.091277 0.136605 0.525255
v -0.091368 0.136741 0.524582
v -0.091457 0.136875 0.523900
v -0.091545 0.137006 0.523211
v -0.091630 0.137134 0.522513
v -0.091714 0.137260 0.521808
v -0.091796 0.137382 0.521096
v -0.091876 0.137502 0.520375
v -0.091954 0.137618 0.519648
v -0.092030 0.137732 0.518914
v -0.092104 0.137843 0.518173
v -0.092176 0.137951 0.517425
v -0.092246 0.138055 0.516670
v -0.092314 0.138157 0.515910
v -0.092379 0.138255 0.515143
v -0.092443 0.138351 0.514370
v -0.092505 0.138443 0.513592
v -0.092564 0.138532 0.512808
v -0.092622 0.138618 0.512018
v -0.092677 0.138701 0.511224
v -0.092730 0.138781 0.510424
v -0.092781 0.138857 0.509620
v -0.092830 0.138930 0.508811
v -0.092877 0.139000 0.507998
v -0.092921 0.139066 0.507181
v -0.092963 0.139129 0.506360
v -0.093003 0.139189 0.505535
v -0.093041 0.139246 0.504706
v -0.093077 0.139299 0.503874
v -0.093110 0.139349 0.503039
v -0.093141 0.139395 0.502201
v -0.093170 0.139438 0.501361
v -0.093196 0.139478 0.500517
v -0.093220 0.139514 0.499672
v -0.093242 0.139547 0.498824
v -0.093262 0.139576 0.497975
v -0.093279 0.139602 0.497123
v -0.093294 0.139624 0.496271
v -0.093307 0.139643 0.495417
v -0.093317 0.139659 0.494562
v -0.093325 0.139671 0.493706
v -0.093331 0.139680 0.492849
v -0.093335 0.139685 0.491992
v -0.057831 0.139616 -0.545705
v -0.064291 0.155212 -0.491135
v -0.057932 0.139861 -0.545699
v -0.058034 0.140106 -0.545679
v -0.058135 0.140350 -0.545645
v -0.058236 0.140595 -0.545598
v -0.058338 0.140839 -0.545537
v -0.058439 0.141083 -0.545463
v -0.058540 0.141327 -0.545376
v -0.058640 0.141570 -0.545275
v -0.058741 0.141813 -0.545161
v -0.058841 0.142055 -0.545034
v -0.058941 0.142297 -0.544893
v -0.059041 0.142538 -0.544739
v -0.059141 0.142778 -0.544572
v -0.059240 0.143018 -0.544391
v -0.059339 0.143257 -0.544198
v -0.059437 0.143494 -0.543991
v -0.059535 0.143731 -0.543771
v -0.059633 0.143967 -0.543539
v -0.059730 0.144202 -0.543293
v -0.059827 0.144435 -0.543035
v -0.059923 0.144668 -0.542763
v -0.060019 0.144899 -0.542479
v -0.060114 0.145129 -0.542183
v -0.060209 0.145357 -0.541873
v -0.060303 0.145584 -0.541552
v -0.060396 0.145810 -0.541217
v -0.060489 0.146034 -0.540871
v -0.060581 0.146256 -0.540512
v -0.060673 0.146477 -0.540141
v -0.060764 0.146696 -0.539758
v -0.060854 0.146914 -0.539363
v -0.060943 0.147129 -0.538956
v -0.061031 0.147343 -0.538537
v -0.061119 0.147555 -0.538106
v -0.061206 0.147765 -0.537664
v -0.061292 0.147973 -0.537210
v -0.061377 0.148178 -0.536745
v -0.061462 0.148382 -0.536269
v -0.061545 0.148584 -0.535782
v -0.061628 0.148783 -0.535283
v -0.061709 0.148980 -0.534774
v -0.061790 0.149175 -0.534254
v -0.061870 0.149367 -0.533723
v -0.061949 0.149557 -0.533182
v -0.062026 0.149745 -0.532631
v -0.062103 0.149930 -0.532069
v -0.062178 0.150112 -0.531497
v -0.062253 0.150292 -0.530915
v -0.062326 0.150469 -0.530324
v -0.062399 0.150644 -0.529722
v -0.062470 0.150816 -0.529111
v -0.062540 0.150985 -0.528491
v -0.062609 0.151151 -0.527862
v -0.062677 0.151315 -0.527223
v -0.062743 0.151475 -0.526576
v -0.062808 0.151633 -0.525919
v -0.062872 0.151787 -0.525255
v -0.062935 0.151939 -0.524582
v -0.062997 0.152088 -0.523900
v -0.063057 0.152233 -0.523211
v -0.063116 0.152376 -0.522513
v -0.063174 0.152515 -0.521808
v -0.063230 0.152651 -0.521095
v -0.063285 0.152784 -0.520375
v -0.063339 0.152914 -0.519648
v -0.063391 0.153040 -0.518914
v -0.063442 0.153163 -0.518172
v -0.063492 0.153283 -0.517425
v -0.063540 0.153399 -0.516670
v -0.063587 0.153512 -0.515909
v -0.063632 0.153622 -0.515143
v -0.063676 0.153728 -0.514370
v -0.063718 0.153830 -0.513592
v -0.063760 0.153929 -0.512808
v -0.063799 0.154025 -0.512018
v -0.063837 0.154117 -0.511224
v -0.063874 0.154205 -0.510424
v -0.063909 0.154290 -0.509620
v -0.063943 0.154371 -0.508811
v -0.063975 0.154449 -0.507998
v -0.064005 0.154522 -0.507181
v -0.064034 0.154593 -0.506360
v -0.064062 0.154659 -0.505535
v -0.064088 0.154722 -0.504706
v -0.064112 0.154781 -0.503874
v -0.064135 0.154836 -0.503039
v -0.064157 0.154888 -0.502201
v -0.064176 0.154936 -0.501360
v -0.064195 0.154980 -0.500517
v -0.064211 0.155020 -0.499672
v -0.064226 0.155056 -0.498824
v -0.064240 0.155089 -0.497974
v -0.064252 0.155118 -0.497123
v -0.064262 0.155143 -0.496270
v -0.064271 0.155164 -0.495416
v -0.064278 0.155181 -0.494561
v -0.064284 0.155195 -0.493706
v -0.064288 0.155204 -0.492849
v -0.064290 0.155210 -0.491992
v -0.057831 0.139615 0.545706
v -0.064291 0.155212 0.491135
v -0.057932 0.139860 0.545699
v -0.058034 0.140105 0.545679
v -0.058135 0.140350 0.545645
v -0.058236 0.140595 0.545598
v -0.058338 0.140839 0.545537
v -0.058439 0.141083 0.545463
v -0.058540 0.141327 0.545376
v -0.058640 0.141570 0.545275
v -0.058741 0.141813 0.545161
v -0.058841 0.142055 0.545034
v -0.058941 0.142297 0.544893
v -0.059041 0.142538 0.544739
v -0.059141 0.142778 0.544572
v -0.059240 0.143018 0.544391
v -0.059339 0.143256 0.544198
v -0.059437 0.143494 0.543991
v -0.059535 0.143731 0.543772
v -0.059633 0.143967 0.543539
v -0.059730 0.144201 0.543293
v -0.059827 0.144435 0.543035
v -0.059923 0.144667 0.542763
v -0.060019 0.144898 0.542479
v -0.060114 0.145128 0.542183
v -0.060209 0.145357 0.541873
v -0.060303 0.145584 0.541552
v -0.060396 0.145809 0.541217
v -0.060489 0.146033 0.540871
v -0.060581 0.146256 0.540512
v -0.060673 0.146477 0.540141
v -0.060764 0.146696 0.539758
v -0.060854 0.146913 0.539363
v -0.060943 0.147129 0.538956
v -0.061031 0.147343 0.538537
v -0.061119 0.147554 0.538106
v -0.061206 0.147764 0.537664
v -0.061292 0.147972 0.537211
v -0.061377 0.148178 0.536745
v -0.061462 0.148382 0.536269
v -0.061545 0.148583 0.535782
v -0.061628 0.148783 0.535284
v -0.061709 0.148980 0.534774
v -0.061790 0.149174 0.534254
v -0.061870 0.149367 0.533724
v -0.061949 0.149557 0.533182
v -0.062026 0.149744 0.532631
v -0.062103 0.149929 0.532069
v -0.062178 0.150112 0.531497
v -0.062253 0.150292 0.530915
v -0.062326 0.150469 0.530324
v -0.062399 0.150644 0.529722
v -0.062470 0.150815 0.529111
v -0.062540 0.150985 0.528491
v -0.062609 0.151151 0.527862
v -0.062677 0.151314 0.527223
v -0.062743 0.151475 0.526576
v -0.062808 0.151632 0.525920
v -0.062872 0.151787 0.525255
v -0.062935 0.151939 0.524582
v -0.062997 0.152087 0.523900
v -0.063057 0.152233 0.523211
v -0.063116 0.152375 0.522513
v -0.063174 0.152515 0.521808
v -0.063230 0.152651 0.521096
v -0.063285 0.152784 0.520375
v -0.063339 0.152913 0.519648
v -0.063391 0.153040 0.518914
v -0.063442 0.153163 0.518173
v -0.063492 0.153282 0.517425
v -0.063540 0.153399 0.516670
v -0.063587 0.153512 0.515910
v -0.063632 0.153621 0.515143
v -0.063676 0.153727 0.514370
v -0.063718 0.153830 0.513592
v -0.063760 0.153929 0.512808
v -0.063799 0.154024 0.512018
v -0.063837 0.154116 0.511224
v -0.063874 0.154205 0.510424
v -0.063909 0.154290 0.509620
v -0.063943 0.154371 0.508811
v -0.063975 0.154448 0.507998
v -0.064005 0.154522 0.507181
v -0.064034 0.154592 0.506360
v -0.064062 0.154659 0.505535
v -0.064088 0.154722 0.504706
v -0.064112 0.154781 0.503874
v -0.064135 0.154836 0.503039
v -0.064157 0.154888 0.502201
v -0.064176 0.154935 0.501361
v -0.064195 0.154979 0.500517
v -0.064211 0.155020 0.499672
v -0.064226 0.155056 0.498824
v -0.064240 0.155089 0.497975
v -0.064252 0.155117 0.497123
v -0.064262 0.155142 0.496271
v -0.064271 0.155164 0.495417
v -0.064278 0.155181 0.494562
v -0.064284 0.155194 0.493706
v -0.064288 0.155204 0.492849
v -0.064290 0.155210 0.491992
v -0.029482 0.148215 -0.545705
v -0.032775 0.164772 -0.491135
v -0.029534 0.148475 -0.545699
v -0.029585 0.148735 -0.545679
v -0.029637 0.148995 -0.545645
v -0.029689 0.149255 -0.545598
v -0.029740 0.149514 -0.545537
v -0.029792 0.149773 -0.545463
v -0.029843 0.150032 -0.545376
v -0.029895 0.150290 -0.545275
v -0.029946 0.150548 -0.545161
v -0.029997 0.150805 -0.545034
v -0.030048 0.151062 -0.544893
v -0.030099 0.151318 -0.544739
v -0.030150 0.151573 -0.544572
v -0.030200 0.151827 -0.544391
v -0.030251 0.152080 -0.544198
v -0.030301 0.152333 -0.543991
v -0.030351 0.152584 -0.543771
v -0.030401 0.152834 -0.543539
v -0.030450 0.153084 -0.543293
v -0.030499 0.153332 -0.543035
v -0.030549 0.153578 -0.542763
v -0.030597 0.153824 -0.542479
v -0.030646 0.154068 -0.542183
v -0.030694 0.154310 -0.541873
v -0.030742 0.154551 -0.541552
v -0.030790 0.154791 -0.541217
v -0.030837 0.155029 -0.540871
v -0.030884 0.155265 -0.540512
v -0.030931 0.155499 -0.540141
v -0.030977 0.155732 -0.539758
v -0.031023 0.155963 -0.539363
v -0.031068 0.156192 -0.538956
v -0.031114 0.156418 -0.538537
v -0.031158 0.156643 -0.538106
v -0.031203 0.156866 -0.537664
v -0.031246 0.157087 -0.537210
v -0.031290 0.157305 -0.536745
v -0.031333 0.157522 -0.536269
v -0.031376 0.157736 -0.535782
v -0.031418 0.157947 -0.535283
v -0.031459 0.158156 -0.534774
v -0.031500 0.158363 -0.534254
v -0.031541 0.158567 -0.533723
v -0.031581 0.158769 -0.533182
v -0.031621 0.158968 -0.532631
v -0.031660 0.159164 -0.532069
v -0.031698 0.159358 -0.531497
v -0.031736 0.159549 -0.530915
v -0.031774 0.159737 -0.530324
v -0.031811 0.159923 -0.529722
v -0.031847 0.160105 -0.529111
v -0.031883 0.160285 -0.528491
v -0.031918 0.160461 -0.527862
v -0.031952 0.160635 -0.527223
v -0.031986 0.160805 -0.526576
v -0.032019 0.160973 -0.525919
v -0.032052 0.161137 -0.525255
v -0.032084 0.161298 -0.524582
v -0.032115 0.161456 -0.523900
v -0.032146 0.161610 -0.523211
v -0.032176 0.161761 -0.522513
v -0.032206 0.161909 -0.521808
v -0.032234 0.162054 -0.521095
v -0.032262 0.162195 -0.520375
v -0.032290 0.162332 -0.519648
v -0.032317 0.162466 -0.518914
v -0.032343 0.162597 -0.518172
v -0.032368 0.162724 -0.517425
v -0.032392 0.162848 -0.516670
v -0.032416 0.162968 -0.515909
v -0.032439 0.163084 -0.515143
v -0.032462 0.163196 -0.514370
v -0.032483 0.163305 -0.513592
v -0.032504 0.163410 -0.512808
v -0.032524 0.163512 -0.512018
v -0.032544 0.163609 -0.511224
v -0.032563 0.163703 -0.510424
v -0.032580 0.163793 -0.509620
v -0.032598 0.163879 -0.508811
v -0.032614 0.163962 -0.507998
v -0.032630 0.164040 -0.507181
v -0.032644 0.164115 -0.506360
v -0.032658 0.164185 -0.505535
v -0.032672 0.164252 -0.504706
v -0.032684 0.164315 -0.503874
v -0.032696 0.164373 -0.503039
v -0.032707 0.164428 -0.502201
v -0.032717 0.164479 -0.501360
v -0.032726 0.164526 -0.500517
v -0.032735 0.164568 -0.499672
v -0.032742 0.164607 -0.498824
v -0.032749 0.164642 -0.497974
v -0.032755 0.164672 -0.497123
v -0.032761 0.164699 -0.496270
v -0.032765 0.164721 -0.495416
v -0.032769 0.164739 -0.494561
v -0.032772 0.164754 -0.493706
v -0.032774 0.164764 -0.492849
v -0.032775 0.164770 -0.491992
v -0.029482 0.148215 0.545706
v -0.032775 0.164772 0.491135
v -0.029534 0.148475 0.545699
v -0.029585 0.148735 0.545679
v -0.029637 0.148995 0.545645
v -0.029689 0.149254 0.545598
v -0.029740 0.149514 0.545537
v -0.029792 0.149773 0.545463
v -0.029843 0.150032 0.545376
v -0.029895 0.150290 0.545275
v -0.029946 0.150548 0.545161
v -0.029997 0.150805 0.545034
v -0.030048 0.151061 0.544893
v -0.030099 0.151317 0.544739
v -0.030150 0.151572 0.544572
v -0.030200 0.151827 0.544391
v -0.030251 0.152080 0.544198
v -0.030301 0.152332 0.543991
v -0.030351 0.152584 0.543772
v -0.030401 0.152834 0.543539
v -0.030450 0.153083 0.543293
v -0.030499 0.153331 0.543035
v -0.030549 0.153578 0.542763
v -0.030597 0.153823 0.542479
v -0.030646 0.154067 0.542183
v -0.030694 0.154310 0.541873
v -0.030742 0.154551 0.541552
v -0.030790 0.154790 0.541217
v -0.030837 0.155028 0.540871
v -0.030884 0.155264 0.540512
v -0.030931 0.155499 0.540141
v -0.030977 0.155732 0.539758
v -0.031023 0.155962 0.539363
v -0.031068 0.156191 0.538956
v -0.031114 0.156418 0.538537
v -0.031158 0.156643 0.538106
v -0.031203 0.156866 0.537664
v -0.031246 0.157086 0.537211
v -0.031290 0.157305 0.536745
v -0.031333 0.157521 0.536269
v -0.031376 0.157735 0.535782
v -0.031418 0.157947 0.535284
v -0.031459 0.158156 0.534774
v -0.031500 0.158363 0.534254
v -0.031541 0.158567 0.533724
v -0.031581 0.158769 0.533182
v -0.031621 0.158968 0.532631
v -0.031660 0.159164 0.532069
v -0.031698 0.159358 0.531497
v -0.031736 0.159549 0.530915
v -0.031774 0.159737 0.530324
v -0.031811 0.159922 0.529722
v -0.031847 0.160105 0.529111
v -0.031883 0.160284 0.528491
v -0.031918 0.160461 0.527862
v -0.031952 0.160634 0.527223
v -0.031986 0.160805 0.526576
v -0.032019 0.160972 0.525920
v -0.032052 0.161136 0.525255
v -0.032084 0.161297 0.524582
v -0.032115 0.161455 0.523900
v -0.032146 0.161610 0.523211
v -0.032176 0.161761 0.522513
v -0.032206 0.161909 0.521808
v -0.032234 0.162053 0.521096
v -0.032262 0.162194 0.520375
v -0.032290 0.162332 0.519648
v -0.032317 0.162466 0.518914
v -0.032343 0.162597 0.518173
v -0.032368 0.162724 0.517425
v -0.032392 0.162847 0.516670
v -0.032416 0.162967 0.515910
v -0.032439 0.163083 0.515143
v -0.032462 0.163196 0.514370
v -0.032483 0.163305 0.513592
v -0.032504 0.163410 0.512808
v -0.032524 0.163511 0.512018
v -0.032544 0.163609 0.511224
v -0.032563 0.163703 0.510424
v -0.032580 0.163793 0.509620
v -0.032598 0.163879 0.508811
v -0.032614 0.163961 0.507998
v -0.032630 0.164040 0.507181
v -0.032644 0.164114 0.506360
v -0.032658 0.164185 0.505535
v -0.032672 0.164252 0.504706
v -0.032684 0.164314 0.503874
v -0.032696 0.164373 0.503039
v -0.032707 0.164428 0.502201
v -0.032717 0.164478 0.501361
v -0.032726 0.164525 0.500517
v -0.032735 0.164568 0.499672
v -0.032742 0.164607 0.498824
v -0.032749 0.164641 0.497975
v -0.032755 0.164672 0.497123
v -0.032761 0.164698 0.496271
v -0.032765 0.164721 0.495417
v -0.032769 0.164739 0.494562
v -0.032772 0.164753 0.493706
v -0.032774 0.164764 0.492849
v -0.032775 0.164770 0.491992
vn -0.0980 0.9952 -0.0000
vn 0.4714 0.8819 -0.0000
vn 0.6344 0.7730 -0.0000
vn 0.7730 0.6344 -0.0000
vn 0.8819 0.4714 -0.0000
vn 0.9569 0.2903 -0.0000
vn 0.9952 0.0980 -0.0000
vn 0.9952 -0.0980 -0.0000
vn 0.9569 -0.2903 -0.0000
vn 0.8819 -0.4714 -0.0000
vn 0.7730 -0.6344 -0.0000
vn 0.6344 -0.7730 -0.0000
vn 0.4714 -0.8819 -0.0000
vn 0.2903 -0.9569 -0.0000
vn 0.0980 -0.9952 -0.0000
vn -0.0980 -0.9952 -0.0000
vn -0.2903 -0.9569 -0.0000
vn -0.4714 -0.8819 -0.0000
vn -0.6344 -0.7730 -0.0000
vn -0.7730 -0.6344 -0.0000
vn -0.8819 -0.4714 -0.0000
vn -0.9569 -0.2903 -0.0000
vn -0.9952 -0.0980 -0.0000
vn -0.9952 0.0980 -0.0000
vn -0.9569 0.2903 -0.0000
vn -0.8819 0.4714 -0.0000
vn -0.7730 0.6344 -0.0000
vn -0.6344 0.7730 -0.0000
vn -0.4714 0.8819 -0.0000
vn -0.2903 0.9569 -0.0000
vn 0.2903 0.9569 -0.0000
vn -0.0000 -0.0000 1.0000
vn 0.0980 0.9952 -0.0000
vn 0.0980 0.9952 -0.0024
vn 0.0980 0.9952 -0.0072
vn 0.0980 0.9951 -0.0121
vn 0.0980 0.9950 -0.0169
vn 0.0980 0.9949 -0.0218
vn 0.0980 0.9948 -0.0266
vn 0.0980 0.9947 -0.0315
vn 0.0980 0.9945 -0.0364
vn 0.0979 0.9943 -0.0413
vn 0.0979 0.9941 -0.0462
vn 0.0979 0.9939 -0.0512
vn 0.0979 0.9936 -0.0561
vn 0.0978 0.9933 -0.0611
vn 0.0978 0.9930 -0.0661
vn 0.0978 0.9927 -0.0712
vn 0.0977 0.9923 -0.0762
vn 0.0977 0.9919 -0.0813
vn 0.0976 0.9915 -0.0865
vn 0.0976 0.9910 -0.0917
vn 0.0976 0.9905 -0.0969
vn 0.0975 0.9900 -0.1022
vn 0.0975 0.9894 -0.1075
vn 0.0974 0.9888 -0.1128
vn 0.0973 0.9882 -0.1183
vn 0.0973 0.9875 -0.1237
vn 0.0972 0.9868 -0.1293
vn 0.0971 0.9861 -0.1349
vn 0.0970 0.9853 -0.1405
vn 0.0970 0.9845 -0.1462
vn 0.0969 0.9836 -0.1521
vn 0.0968 0.9827 -0.1579
vn 0.0967 0.9817 -0.1639
vn 0.0966 0.9807 -0.1699
vn 0.0965 0.9796 -0.1760
vn 0.0964 0.9785 -0.1822
vn 0.0963 0.9773 -0.1885
vn 0.0961 0.9761 -0.1950
vn 0.0960 0.9748 -0.2015
vn 0.0959 0.9734 -0.2081
vn 0.0957 0.9719 -0.2149
vn 0.0956 0.9704 -0.2217
vn 0.0954 0.9688 -0.2287
vn 0.0952 0.9671 -0.2359
vn 0.0951 0.9653 -0.2431
vn 0.0949 0.9634 -0.2505
vn 0.0947 0.9615 -0.2581
vn 0.0945 0.9594 -0.2658
vn 0.0943 0.9572 -0.2737
vn 0.0940 0.9549 -0.2818
vn 0.0938 0.9524 -0.2900
vn 0.0935 0.9498 -0.2985
vn 0.0933 0.9471 -0.3071
vn 0.0930 0.9442 -0.3160
vn 0.0927 0.9411 -0.3251
vn 0.0924 0.9379 -0.3344
vn 0.0920 0.9345 -0.3439
vn 0.0917 0.9309 -0.3537
vn 0.0913 0.9270 -0.3638
vn 0.0909 0.9229 -0.3741
vn 0.0905 0.9186 -0.3847
vn 0.0900 0.9140 -0.3957
vn 0.0895 0.9091 -0.4069
vn 0.0890 0.9039 -0.4185
vn 0.0885 0.8983 -0.4303
vn 0.0879 0.8924 -0.4427
vn 0.0873 0.8861 -0.4553
vn 0.0866 0.8793 -0.4683
vn 0.0859 0.8721 -0.4817
vn 0.0851 0.8644 -0.4956
vn 0.0843 0.8561 -0.5099
vn 0.0834 0.8473 -0.5245
vn 0.0825 0.8378 -0.5397
vn 0.0815 0.8276 -0.5553
vn 0.0804 0.8167 -0.5715
vn 0.0793 0.8049 -0.5881
vn 0.0780 0.7923 -0.6051
vn 0.0767 0.7787 -0.6227
vn 0.0753 0.7641 -0.6407
vn 0.0737 0.7483 -0.6592
vn 0.0720 0.7314 -0.6781
vn 0.0702 0.7131 -0.6975
vn 0.0683 0.6935 -0.7173
vn 0.0662 0.6722 -0.7374
vn 0.0640 0.6494 -0.7577
vn 0.0615 0.6249 -0.7783
vn 0.0590 0.5986 -0.7989
vn 0.0562 0.5703 -0.8195
vn 0.0532 0.5401 -0.8399
vn 0.0500 0.5078 -0.8600
vn 0.0466 0.4732 -0.8797
vn 0.0430 0.4367 -0.8986
vn 0.0392 0.3981 -0.9165
vn 0.0352 0.3571 -0.9334
vn 0.0309 0.3142 -0.9488
vn 0.0265 0.2695 -0.9626
vn 0.0220 0.2230 -0.9746
vn 0.0173 0.1752 -0.9844
vn 0.0124 0.1259 -0.9920
vn 0.0075 0.0760 -0.9971
vn 0.0025 0.0254 -0.9997
vn 0.0980 0.9952 0.0024
vn 0.0980 0.9952 0.0072
vn 0.0980 0.9951 0.0121
vn 0.0980 0.9950 0.0169
vn 0.0980 0.9949 0.0218
vn 0.0980 0.9948 0.0266
vn 0.0980 0.9947 0.0315
vn 0.0980 0.9945 0.0364
vn 0.0979 0.9943 0.0413
vn 0.0979 0.9941 0.0462
vn 0.0979 0.9939 0.0512
vn 0.0979 0.9936 0.0561
vn 0.0978 0.9933 0.0611
vn 0.0978 0.9930 0.0661
vn 0.0978 0.9927 0.0712
vn 0.0977 0.9923 0.0762
vn 0.0977 0.9919 0.0813
vn 0.0976 0.9915 0.0865
vn 0.0976 0.9910 0.0917
vn 0.0976 0.9905 0.0969
vn 0.0975 0.9900 0.1022
vn 0.0975 0.9894 0.1075
vn 0.0974 0.9888 0.1128
vn 0.0973 0.9882 0.1183
vn 0.0973 0.9875 0.1237
vn 0.0972 0.9868 0.1293
vn 0.0971 0.9861 0.1349
vn 0.0970 0.9853 0.1405
vn 0.0970 0.9845 0.1462
vn 0.0969 0.9836 0.1521
vn 0.0968 0.9827 0.1579
vn 0.0967 0.9817 0.1639
vn 0.0966 0.9807 0.1699
vn 0.0965 0.9796 0.1760
vn 0.0964 0.9785 0.1822
vn 0.0963 0.9773 0.1885
vn 0.0961 0.9761 0.1950
vn 0.0960 0.9748 0.2015
vn 0.0959 0.9734 0.2081
vn 0.0957 0.9719 0.2149
vn 0.0956 0.9704 0.2217
vn 0.0954 0.9688 0.2287
vn 0.0952 0.9671 0.2359
vn 0.0951 0.9653 0.2431
vn 0.0949 0.9634 0.2505
vn 0.0947 0.9615 0.2581
vn 0.0945 0.9594 0.2658
vn 0.0943 0.9572 0.2737
vn 0.0940 0.9549 0.2818
vn 0.0938 0.9524 0.2900
vn 0.0935 0.9498 0.2985
vn 0.0933 0.9471 0.3071
vn 0.0930 0.9442 0.3160
vn 0.0927 0.9411 0.3250
vn 0.0924 0.9379 0.3344
vn 0.0920 0.9345 0.3439
vn 0.0917 0.9309 0.3537
vn 0.0913 0.9270 0.3638
vn 0.0909 0.9229 0.3741
vn 0.0905 0.9186 0.3847
vn 0.0900 0.9140 0.3957
vn 0.0895 0.9091 0.4069
vn 0.0890 0.9039 0.4185
vn 0.0885 0.8983 0.4303
vn 0.0879 0.8924 0.4427
vn 0.0873 0.8861 0.4553
vn 0.0866 0.8793 0.4683
vn 0.0859 0.8721 0.4817
vn 0.0851 0.8644 0.4956
vn 0.0843 0.8561 0.5099
vn 0.0834 0.8473 0.5245
vn 0.0825 0.8378 0.5397
vn 0.0815 0.8276 0.5553
vn 0.0804 0.8167 0.5715
vn 0.0793 0.8049 0.5881
vn 0.0780 0.7923 0.6051
vn 0.0767 0.7787 0.6227
vn 0.0753 0.7641 0.6407
vn 0.0737 0.7483 0.6592
vn 0.0720 0.7314 0.6782
vn 0.0702 0.7131 0.6975
vn 0.0683 0.6935 0.7173
vn 0.0662 0.6722 0.7374
vn 0.0640 0.6494 0.7577
vn 0.0615 0.6249 0.7783
vn 0.0590 0.5986 0.7989
vn 0.0562 0.5703 0.8195
vn 0.0532 0.5401 0.8399
vn 0.0500 0.5078 0.8600
vn 0.0466 0.4732 0.8797
vn 0.0430 0.4367 0.8986
vn 0.0392 0.3981 0.9165
vn 0.0352 0.3571 0.9334
vn 0.0309 0.3142 0.9488
vn 0.0265 0.2695 0.9626
vn 0.0220 0.2230 0.9746
vn 0.0173 0.1752 0.9844
vn 0.0124 0.1259 0.9920
vn 0.0075 0.0760 0.9971
vn 0.0025 0.0254 0.9997
vn 0.2903 0.9569 -0.0024
vn 0.2903 0.9569 -0.0073
vn 0.2903 0.9569 -0.0121
vn 0.2902 0.9568 -0.0169
vn 0.2902 0.9567 -0.0218
vn 0.2902 0.9566 -0.0266
vn 0.2901 0.9565 -0.0315
vn 0.2901 0.9563 -0.0364
vn 0.2900 0.9561 -0.0413
vn 0.2900 0.9559 -0.0463
vn 0.2899 0.9557 -0.0512
vn 0.2898 0.9554 -0.0561
vn 0.2897 0.9552 -0.0611
vn 0.2897 0.9548 -0.0661
vn 0.2896 0.9545 -0.0712
vn 0.2894 0.9542 -0.0763
vn 0.2893 0.9538 -0.0813
vn 0.2892 0.9534 -0.0865
vn 0.2890 0.9529 -0.0917
vn 0.2889 0.9524 -0.0969
vn 0.2888 0.9519 -0.1022
vn 0.2886 0.9514 -0.1075
vn 0.2884 0.9508 -0.1129
vn 0.2883 0.9502 -0.1183
vn 0.2880 0.9496 -0.1237
vn 0.2878 0.9489 -0.1293
vn 0.2876 0.9482 -0.1349
vn 0.2874 0.9474 -0.1405
vn 0.2872 0.9467 -0.1462
vn 0.2869 0.9458 -0.1520
vn 0.2866 0.9449 -0.1579
vn 0.2864 0.9440 -0.1639
vn 0.2861 0.9430 -0.1699
vn 0.2857 0.9420 -0.1760
vn 0.2854 0.9409 -0.1823
vn 0.2851 0.9398 -0.1886
vn 0.2847 0.9386 -0.1950
vn 0.2843 0.9373 -0.2015
vn 0.2839 0.9360 -0.2081
vn 0.2835 0.9346 -0.2149
vn 0.2831 0.9331 -0.2217
vn 0.2826 0.9316 -0.2287
vn 0.2821 0.9299 -0.2358
vn 0.2816 0.9282 -0.2431
vn 0.2810 0.9264 -0.2505
vn 0.2805 0.9245 -0.2581
vn 0.2798 0.9225 -0.2658
vn 0.2792 0.9204 -0.2737
vn 0.2785 0.9182 -0.2818
vn 0.2778 0.9158 -0.2900
vn 0.2770 0.9133 -0.2985
vn 0.2763 0.9107 -0.3071
vn 0.2754 0.9079 -0.3160
vn 0.2745 0.9050 -0.3250
vn 0.2736 0.9019 -0.3344
vn 0.2726 0.8986 -0.3439
vn 0.2715 0.8951 -0.3537
vn 0.2704 0.8914 -0.3638
vn 0.2692 0.8874 -0.3741
vn 0.2679 0.8833 -0.3847
vn 0.2666 0.8788 -0.3957
vn 0.2652 0.8741 -0.4069
vn 0.2636 0.8691 -0.4185
vn 0.2620 0.8638 -0.4304
vn 0.2603 0.8581 -0.4426
vn 0.2585 0.8520 -0.4553
vn 0.2565 0.8455 -0.4683
vn 0.2544 0.8386 -0.4817
vn 0.2521 0.8312 -0.4956
vn 0.2497 0.8232 -0.5098
vn 0.2472 0.8147 -0.5245
vn 0.2443 0.8056 -0.5398
vn 0.2414 0.7958 -0.5554
vn 0.2382 0.7853 -0.5714
vn 0.2348 0.7740 -0.5880
vn 0.2311 0.7618 -0.6051
vn 0.2271 0.7488 -0.6227
vn 0.2229 0.7347 -0.6407
vn 0.2183 0.7196 -0.6592
vn 0.2134 0.7033 -0.6782
vn 0.2080 0.6857 -0.6975
vn 0.2023 0.6668 -0.7173
vn 0.1961 0.6464 -0.7374
vn 0.1894 0.6245 -0.7577
vn 0.1823 0.6009 -0.7782
vn 0.1746 0.5756 -0.7989
vn 0.1663 0.5484 -0.8195
vn 0.1576 0.5193 -0.8399
vn 0.1482 0.4883 -0.8600
vn 0.1380 0.4551 -0.8797
vn 0.1274 0.4199 -0.8986
vn 0.1161 0.3827 -0.9165
vn 0.1042 0.3433 -0.9334
vn 0.0917 0.3022 -0.9488
vn 0.0786 0.2592 -0.9626
vn 0.0650 0.2145 -0.9746
vn 0.0511 0.1685 -0.9844
vn 0.0367 0.1211 -0.9920
vn 0.0222 0.0730 -0.9971
vn 0.0074 0.0244 -0.9997
vn 0.2903 0.9569 0.0024
vn 0.2903 0.9569 0.0073
vn 0.2903 0.9569 0.0121
vn 0.2902 0.9568 0.0170
vn 0.2902 0.9567 0.0218
vn 0.2902 0.9566 0.0266
vn 0.2901 0.9565 0.0315
vn 0.2901 0.9563 0.0364
vn 0.2900 0.9561 0.0413
vn 0.2900 0.9559 0.0463
vn 0.2899 0.9557 0.0512
vn 0.2898 0.9554 0.0561
vn 0.2897 0.9552 0.0611
vn 0.2897 0.9548 0.0661
vn 0.2896 0.9545 0.0712
vn 0.2894 0.9542 0.0763
vn 0.2893 0.9538 0.0813
vn 0.2892 0.9534 0.0865
vn 0.2890 0.9529 0.0917
vn 0.2889 0.9524 0.0969
vn 0.2888 0.9519 0.1022
vn 0.2886 0.9514 0.1075
vn 0.2884 0.9508 0.1129
vn 0.2883 0.9502 0.1183
vn 0.2880 0.9496 0.1237
vn 0.2878 0.9489 0.1293
vn 0.2876 0.9482 0.1349
vn 0.2874 0.9474 0.1405
vn 0.2872 0.9467 0.1462
vn 0.2869 0.9458 0.1520
vn 0.2866 0.9449 0.1579
vn 0.2864 0.9440 0.1639
vn 0.2861 0.9430 0.1699
vn 0.2857 0.9420 0.1760
vn 0.2854 0.9409 0.1823
vn 0.2851 0.9398 0.1886
vn 0.2847 0.9386 0.1950
vn 0.2843 0.9373 0.2015
vn 0.2839 0.9360 0.2081
vn 0.2835 0.9346 0.2149
vn 0.2831 0.9331 0.2217
vn 0.2826 0.9316 0.2287
vn 0.2821 0.9299 0.2358
vn 0.2816 0.9282 0.2431
vn 0.2810 0.9264 0.2505
vn 0.2805 0.9245 0.2581
vn 0.2798 0.9225 0.2658
vn 0.2792 0.9204 0.2737
vn 0.2785 0.9182 0.2818
vn 0.2778 0.9158 0.2900
vn 0.2770 0.9133 0.2985
vn 0.2763 0.9107 0.3071
vn 0.2754 0.9079 0.3160
vn 0.2745 0.9050 0.3250
vn 0.2736 0.9019 0.3344
vn 0.2726 0.8986 0.3439
vn 0.2715 0.8951 0.3537
vn 0.2704 0.8914 0.3638
vn 0.2692 0.8874 0.3741
vn 0.2679 0.8833 0.3847
vn 0.2666 0.8789 0.3956
vn 0.2652 0.8741 0.4069
vn 0.2636 0.8691 0.4185
vn 0.2620 0.8638 0.4304
vn 0.2603 0.8581 0.4427
vn 0.2585 0.8520 0.4553
vn 0.2565 0.8455 0.4683
vn 0.2544 0.8386 0.4817
vn 0.2521 0.8312 0.4956
vn 0.2497 0.8232 0.5098
vn 0.2472 0.8147 0.5245
vn 0.2443 0.8056 0.5398
vn 0.2414 0.7958 0.5554
vn 0.2382 0.7853 0.5714
vn 0.2348 0.7740 0.5880
vn 0.2311 0.7618 0.6051
vn 0.2271 0.7488 0.6227
vn 0.2229 0.7347 0.6407
vn 0.2183 0.7196 0.6592
vn 0.2134 0.7033 0.6782
vn 0.2080 0.6857 0.6975
vn 0.2023 0.6668 0.7173
vn 0.1961 0.6464 0.7374
vn 0.1894 0.6245 0.7577
vn 0.1823 0.6009 0.7782
vn 0.1746 0.5756 0.7989
vn 0.1663 0.5484 0.8195
vn 0.1576 0.5193 0.8399
vn 0.1482 0.4882 0.8600
vn 0.1380 0.4551 0.8797
vn 0.1274 0.4199 0.8986
vn 0.1161 0.3827 0.9165
vn 0.1042 0.3433 0.9334
vn 0.0917 0.3022 0.9488
vn 0.0786 0.2592 0.9626
vn 0.0650 0.2145 0.9746
vn 0.0511 0.1685 0.9844
vn 0.0367 0.1211 0.9920
vn 0.0222 0.0731 0.9971
vn 0.0074 0.0244 0.9997
vn 0.4714 0.8819 -0.0024
vn 0.4714 0.8819 -0.0072
vn 0.4714 0.8819 -0.0121
vn 0.4713 0.8818 -0.0169
vn 0.4713 0.8817 -0.0218
vn 0.4712 0.8816 -0.0266
vn 0.4711 0.8815 -0.0315
vn 0.4711 0.8813 -0.0364
vn 0.4710 0.8812 -0.0413
vn 0.4709 0.8810 -0.0462
vn 0.4708 0.8808 -0.0512
vn 0.4706 0.8805 -0.0561
vn 0.4705 0.8803 -0.0611
vn 0.4704 0.8800 -0.0661
vn 0.4702 0.8797 -0.0712
vn 0.4700 0.8794 -0.0763
vn 0.4698 0.8790 -0.0814
vn 0.4696 0.8786 -0.0865
vn 0.4694 0.8782 -0.0917
vn 0.4692 0.8778 -0.0969
vn 0.4689 0.8773 -0.1022
vn 0.4687 0.8768 -0.1075
vn 0.4684 0.8763 -0.1128
vn 0.4681 0.8757 -0.1183
vn 0.4678 0.8752 -0.1237
vn 0.4675 0.8745 -0.1293
vn 0.4671 0.8739 -0.1349
vn 0.4667 0.8732 -0.1405
vn 0.4663 0.8724 -0.1462
vn 0.4659 0.8717 -0.1520
vn 0.4655 0.8709 -0.1579
vn 0.4650 0.8700 -0.1639
vn 0.4646 0.8691 -0.1699
vn 0.4640 0.8681 -0.1760
vn 0.4635 0.8672 -0.1822
vn 0.4629 0.8661 -0.1886
vn 0.4623 0.8650 -0.1950
vn 0.4617 0.8638 -0.2015
vn 0.4611 0.8626 -0.2081
vn 0.4604 0.8613 -0.2149
vn 0.4597 0.8600 -0.2217
vn 0.4589 0.8586 -0.2287
vn 0.4581 0.8570 -0.2358
vn 0.4572 0.8555 -0.2431
vn 0.4564 0.8538 -0.2505
vn 0.4554 0.8521 -0.2581
vn 0.4545 0.8502 -0.2658
vn 0.4534 0.8482 -0.2737
vn 0.4523 0.8462 -0.2818
vn 0.4512 0.8440 -0.2900
vn 0.4499 0.8417 -0.2985
vn 0.4486 0.8393 -0.3071
vn 0.4473 0.8367 -0.3160
vn 0.4458 0.8340 -0.3251
vn 0.4443 0.8312 -0.3344
vn 0.4426 0.8281 -0.3439
vn 0.4409 0.8249 -0.3537
vn 0.4391 0.8215 -0.3638
vn 0.4372 0.8179 -0.3741
vn 0.4351 0.8140 -0.3847
vn 0.4329 0.8100 -0.3956
vn 0.4306 0.8056 -0.4069
vn 0.4281 0.8010 -0.4185
vn 0.4255 0.7961 -0.4304
vn 0.4228 0.7908 -0.4426
vn 0.4197 0.7852 -0.4553
vn 0.4165 0.7792 -0.4683
vn 0.4131 0.7729 -0.4817
vn 0.4095 0.7660 -0.4956
vn 0.4055 0.7587 -0.5098
vn 0.4013 0.7509 -0.5245
vn 0.3969 0.7424 -0.5398
vn 0.3920 0.7334 -0.5553
vn 0.3868 0.7237 -0.5715
vn 0.3813 0.7133 -0.5880
vn 0.3753 0.7021 -0.6052
vn 0.3689 0.6901 -0.6227
vn 0.3619 0.6771 -0.6407
vn 0.3545 0.6632 -0.6592
vn 0.3464 0.6481 -0.6782
vn 0.3378 0.6320 -0.6975
vn 0.3285 0.6145 -0.7173
vn 0.3184 0.5957 -0.7374
vn 0.3076 0.5755 -0.7577
vn 0.2960 0.5538 -0.7783
vn 0.2835 0.5305 -0.7989
vn 0.2702 0.5054 -0.8195
vn 0.2558 0.4786 -0.8399
vn 0.2405 0.4500 -0.8601
vn 0.2241 0.4194 -0.8797
vn 0.2068 0.3870 -0.8986
vn 0.1886 0.3527 -0.9165
vn 0.1692 0.3164 -0.9334
vn 0.1488 0.2785 -0.9488
vn 0.1278 0.2388 -0.9626
vn 0.1056 0.1977 -0.9746
vn 0.0830 0.1553 -0.9844
vn 0.0596 0.1116 -0.9920
vn 0.0360 0.0673 -0.9971
vn 0.0120 0.0225 -0.9997
vn 0.4714 0.8819 0.0024
vn 0.4714 0.8819 0.0072
vn 0.4714 0.8819 0.0121
vn 0.4713 0.8818 0.0169
vn 0.4713 0.8817 0.0218
vn 0.4712 0.8816 0.0266
vn 0.4711 0.8815 0.0315
vn 0.4711 0.8813 0.0364
vn 0.4710 0.8812 0.0413
vn 0.4709 0.8810 0.0462
vn 0.4708 0.8808 0.0512
vn 0.4706 0.8805 0.0561
vn 0.4705 0.8803 0.0611
vn 0.4704 0.8800 0.0661
vn 0.4702 0.8797 0.0712
vn 0.4700 0.8794 0.0763
vn 0.4698 0.8790 0.0814
vn 0.4696 0.8786 0.0865
vn 0.4694 0.8782 0.0917
vn 0.4692 0.8778 0.0969
vn 0.4689 0.8773 0.1022
vn 0.4687 0.8768 0.1075
vn 0.4684 0.8763 0.1128
vn 0.4681 0.8757 0.1183
vn 0.4678 0.8752 0.1237
vn 0.4675 0.8745 0.1293
vn 0.4671 0.8739 0.1349
vn 0.4667 0.8732 0.1405
vn 0.4663 0.8724 0.1462
vn 0.4659 0.8717 0.1520
vn 0.4655 0.8709 0.1579
vn 0.4650 0.8700 0.1639
vn 0.4646 0.8691 0.1699
vn 0.4640 0.8681 0.1760
vn 0.4635 0.8672 0.1822
vn 0.4629 0.8661 0.1886
vn 0.4623 0.8650 0.1950
vn 0.4617 0.8638 0.2015
vn 0.4611 0.8626 0.2081
vn 0.4604 0.8613 0.2149
vn 0.4597 0.8600 0.2217
vn 0.4589 0.8586 0.2287
vn 0.4581 0.8570 0.2358
vn 0.4572 0.8555 0.2431
vn 0.4564 0.8538 0.2505
vn 0.4554 0.8521 0.2581
vn 0.4545 0.8502 0.2658
vn 0.4534 0.8482 0.2737
vn 0.4523 0.8462 0.2818
vn 0.4512 0.8440 0.2900
vn 0.4499 0.8417 0.2985
vn 0.4486 0.8393 0.3071
vn 0.4473 0.8367 0.3160
vn 0.4458 0.8340 0.3251
vn 0.4443 0.8312 0.3344
vn 0.4426 0.8281 0.3439
vn 0.4409 0.8249 0.3537
vn 0.4391 0.8215 0.3638
vn 0.4372 0.8179 0.3741
vn 0.4351 0.8140 0.3847
vn 0.4329 0.8100 0.3956
vn 0.4306 0.8056 0.4069
vn 0.4282 0.8010 0.4185
vn 0.4255 0.7961 0.4303
vn 0.4228 0.7908 0.4426
vn 0.4197 0.7852 0.4553
vn 0.4165 0.7792 0.4683
vn 0.4131 0.7729 0.4817
vn 0.4095 0.7660 0.4956
vn 0.4055 0.7587 0.5098
vn 0.4013 0.7509 0.5245
vn 0.3969 0.7424 0.5398
vn 0.3920 0.7334 0.5553
vn 0.3868 0.7237 0.5715
vn 0.3813 0.7133 0.5880
vn 0.3753 0.7021 0.6052
vn 0.3689 0.6901 0.6227
vn 0.3619 0.6771 0.6407
vn 0.3545 0.6632 0.6592
vn 0.3464 0.6481 0.6782
vn 0.3378 0.6320 0.6975
vn 0.3285 0.6145 0.7173
vn 0.3184 0.5957 0.7373
vn 0.3076 0.5755 0.7577
vn 0.2960 0.5538 0.7783
vn 0.2835 0.5305 0.7989
vn 0.2702 0.5054 0.8195
vn 0.2558 0.4786 0.8399
vn 0.2405 0.4500 0.8601
vn 0.2241 0.4194 0.8797
vn 0.2068 0.3870 0.8986
vn 0.1886 0.3527 0.9165
vn 0.1692 0.3164 0.9334
vn 0.1488 0.2785 0.9488
vn 0.1278 0.2388 0.9626
vn 0.1056 0.1977 0.9746
vn 0.0830 0.1553 0.9844
vn 0.0596 0.1116 0.9920
vn 0.0360 0.0673 0.9971
vn 0.0120 0.0225 0.9997
vn 0.6344 0.7730 -0.0024
vn 0.6344 0.7730 -0.0072
vn 0.6344 0.7729 -0.0121
vn 0.6343 0.7729 -0.0169
vn 0.6342 0.7728 -0.0218
vn 0.6342 0.7727 -0.0267
vn 0.6341 0.7726 -0.0315
vn 0.6340 0.7725 -0.0364
vn 0.6338 0.7724 -0.0413
vn 0.6337 0.7722 -0.0462
vn 0.6336 0.7720 -0.0512
vn 0.6334 0.7718 -0.0561
vn 0.6332 0.7716 -0.0611
vn 0.6330 0.7713 -0.0661
vn 0.6328 0.7710 -0.0712
vn 0.6326 0.7707 -0.0762
vn 0.6323 0.7704 -0.0814
vn 0.6320 0.7701 -0.0865
vn 0.6317 0.7697 -0.0917
vn 0.6314 0.7694 -0.0969
vn 0.6311 0.7690 -0.1022
vn 0.6307 0.7685 -0.1075
vn 0.6303 0.7681 -0.1128
vn 0.6300 0.7676 -0.1183
vn 0.6295 0.7671 -0.1237
vn 0.6291 0.7665 -0.1293
vn 0.6286 0.7660 -0.1349
vn 0.6281 0.7653 -0.1405
vn 0.6276 0.7647 -0.1463
vn 0.6270 0.7640 -0.1520
vn 0.6264 0.7633 -0.1579
vn 0.6258 0.7626 -0.1639
vn 0.6252 0.7618 -0.1699
vn 0.6245 0.7609 -0.1760
vn 0.6238 0.7601 -0.1822
vn 0.6230 0.7591 -0.1886
vn 0.6222 0.7582 -0.1950
vn 0.6214 0.7572 -0.2015
vn 0.6205 0.7561 -0.2081
vn 0.6196 0.7550 -0.2149
vn 0.6186 0.7538 -0.2217
vn 0.6176 0.7525 -0.2287
vn 0.6165 0.7512 -0.2359
vn 0.6154 0.7498 -0.2431
vn 0.6142 0.7483 -0.2505
vn 0.6129 0.7468 -0.2581
vn 0.6116 0.7452 -0.2658
vn 0.6102 0.7435 -0.2737
vn 0.6087 0.7417 -0.2818
vn 0.6071 0.7398 -0.2900
vn 0.6055 0.7378 -0.2985
vn 0.6037 0.7357 -0.3071
vn 0.6019 0.7334 -0.3160
vn 0.5999 0.7310 -0.3251
vn 0.5979 0.7285 -0.3344
vn 0.5957 0.7259 -0.3439
vn 0.5934 0.7230 -0.3537
vn 0.5909 0.7200 -0.3638
vn 0.5883 0.7169 -0.3741
vn 0.5856 0.7135 -0.3847
vn 0.5826 0.7099 -0.3957
vn 0.5795 0.7061 -0.4069
vn 0.5762 0.7021 -0.4184
vn 0.5726 0.6978 -0.4304
vn 0.5688 0.6932 -0.4427
vn 0.5648 0.6883 -0.4553
vn 0.5605 0.6830 -0.4683
vn 0.5559 0.6774 -0.4817
vn 0.5510 0.6714 -0.4956
vn 0.5458 0.6650 -0.5098
vn 0.5401 0.6581 -0.5246
vn 0.5341 0.6507 -0.5397
vn 0.5275 0.6429 -0.5554
vn 0.5206 0.6344 -0.5714
vn 0.5131 0.6252 -0.5880
vn 0.5051 0.6154 -0.6052
vn 0.4964 0.6049 -0.6227
vn 0.4871 0.5935 -0.6407
vn 0.4771 0.5813 -0.6592
vn 0.4662 0.5681 -0.6782
vn 0.4546 0.5539 -0.6975
vn 0.4420 0.5386 -0.7173
vn 0.4286 0.5222 -0.7374
vn 0.4140 0.5044 -0.7577
vn 0.3983 0.4854 -0.7783
vn 0.3815 0.4650 -0.7989
vn 0.3636 0.4430 -0.8195
vn 0.3443 0.4195 -0.8399
vn 0.3237 0.3944 -0.8600
vn 0.3017 0.3676 -0.8797
vn 0.2784 0.3392 -0.8986
vn 0.2537 0.3092 -0.9165
vn 0.2276 0.2774 -0.9334
vn 0.2003 0.2441 -0.9488
vn 0.1718 0.2094 -0.9626
vn 0.1422 0.1732 -0.9746
vn 0.1117 0.1361 -0.9844
vn 0.0802 0.0978 -0.9920
vn 0.0485 0.0590 -0.9971
vn 0.0162 0.0197 -0.9997
vn 0.6344 0.7730 0.0024
vn 0.6344 0.7730 0.0073
vn 0.6344 0.7729 0.0121
vn 0.6343 0.7729 0.0169
vn 0.6342 0.7728 0.0218
vn 0.6342 0.7727 0.0267
vn 0.6341 0.7726 0.0315
vn 0.6340 0.7725 0.0364
vn 0.6338 0.7724 0.0413
vn 0.6337 0.7722 0.0462
vn 0.6336 0.7720 0.0512
vn 0.6334 0.7718 0.0561
vn 0.6332 0.7716 0.0611
vn 0.6330 0.7713 0.0661
vn 0.6328 0.7710 0.0712
vn 0.6326 0.7707 0.0763
vn 0.6323 0.7704 0.0814
vn 0.6320 0.7701 0.0865
vn 0.6317 0.7697 0.0917
vn 0.6314 0.7694 0.0969
vn 0.6311 0.7690 0.1022
vn 0.6307 0.7685 0.1075
vn 0.6303 0.7681 0.1129
vn 0.6300 0.7676 0.1183
vn 0.6295 0.7671 0.1237
vn 0.6291 0.7665 0.1293
vn 0.6286 0.7660 0.1349
vn 0.6281 0.7653 0.1405
vn 0.6276 0.7647 0.1463
vn 0.6270 0.7640 0.1520
vn 0.6264 0.7633 0.1579
vn 0.6258 0.7626 0.1639
vn 0.6252 0.7618 0.1699
vn 0.6245 0.7609 0.1760
vn 0.6238 0.7601 0.1822
vn 0.6230 0.7591 0.1886
vn 0.6222 0.7582 0.1950
vn 0.6214 0.7572 0.2015
vn 0.6205 0.7561 0.2081
vn 0.6196 0.7550 0.2149
vn 0.6186 0.7538 0.2217
vn 0.6176 0.7525 0.2287
vn 0.6165 0.7512 0.2359
vn 0.6154 0.7498 0.2431
vn 0.6142 0.7483 0.2505
vn 0.6129 0.7468 0.2581
vn 0.6116 0.7452 0.2658
vn 0.6102 0.7435 0.2737
vn 0.6087 0.7417 0.2818
vn 0.6071 0.7398 0.2900
vn 0.6055 0.7378 0.2985
vn 0.6037 0.7357 0.3071
vn 0.6019 0.7334 0.3160
vn 0.5999 0.7310 0.3251
vn 0.5979 0.7285 0.3344
vn 0.5957 0.7259 0.3439
vn 0.5934 0.7230 0.3537
vn 0.5909 0.7200 0.3638
vn 0.5883 0.7169 0.3741
vn 0.5856 0.7135 0.3847
vn 0.5826 0.7099 0.3957
vn 0.5795 0.7061 0.4069
vn 0.5762 0.7021 0.4184
vn 0.5726 0.6978 0.4304
vn 0.5688 0.6932 0.4427
vn 0.5648 0.6883 0.4553
vn 0.5605 0.6830 0.4683
vn 0.5559 0.6774 0.4817
vn 0.5510 0.6714 0.4956
vn 0.5458 0.6650 0.5098
vn 0.5401 0.6581 0.5246
vn 0.5341 0.6507 0.5397
vn 0.5276 0.6429 0.5554
vn 0.5206 0.6344 0.5715
vn 0.5131 0.6252 0.5880
vn 0.5051 0.6154 0.6052
vn 0.4964 0.6049 0.6227
vn 0.4871 0.5935 0.6407
vn 0.4771 0.5813 0.6592
vn 0.4662 0.5681 0.6782
vn 0.4546 0.5539 0.6975
vn 0.4420 0.5386 0.7173
vn 0.4286 0.5222 0.7374
vn 0.4140 0.5044 0.7577
vn 0.3983 0.4854 0.7783
vn 0.3815 0.4650 0.7989
vn 0.3636 0.4430 0.8195
vn 0.3443 0.4195 0.8399
vn 0.3237 0.3944 0.8600
vn 0.3017 0.3676 0.8797
vn 0.2784 0.3392 0.8986
vn 0.2537 0.3092 0.9165
vn 0.2276 0.2774 0.9334
vn 0.2003 0.2441 0.9488
vn 0.1718 0.2094 0.9626
vn 0.1422 0.1732 0.9746
vn 0.1117 0.1361 0.9844
vn 0.0802 0.0978 0.9920
vn 0.0485 0.0590 0.9971
vn 0.0162 0.0197 0.9997
vn 0.7730 0.6344 -0.0024
vn 0.7730 0.6344 -0.0073
vn 0.7730 0.6343 -0.0121
vn 0.7729 0.6343 -0.0169
vn 0.7728 0.6342 -0.0218
vn 0.7727 0.6342 -0.0267
vn 0.7726 0.6341 -0.0315
vn 0.7725 0.6340 -0.0364
vn 0.7724 0.6338 -0.0413
vn 0.7722 0.6337 -0.0462
vn 0.7720 0.6336 -0.0512
vn 0.7718 0.6334 -0.0561
vn 0.7716 0.6332 -0.0611
vn 0.7713 0.6330 -0.0661
vn 0.7711 0.6327 -0.0712
vn 0.7708 0.6325 -0.0763
vn 0.7704 0.6323 -0.0813
vn 0.7701 0.6320 -0.0865
vn 0.7697 0.6317 -0.0917
vn 0.7694 0.6314 -0.0969
vn 0.7690 0.6311 -0.1022
vn 0.7685 0.6307 -0.1075
vn 0.7681 0.6303 -0.1128
vn 0.7676 0.6299 -0.1183
vn 0.7671 0.6295 -0.1237
vn 0.7665 0.6291 -0.1293
vn 0.7659 0.6286 -0.1349
vn 0.7653 0.6281 -0.1405
vn 0.7647 0.6276 -0.1462
vn 0.7640 0.6270 -0.1520
vn 0.7633 0.6264 -0.1579
vn 0.7626 0.6258 -0.1638
vn 0.7618 0.6252 -0.1699
vn 0.7609 0.6245 -0.1760
vn 0.7600 0.6238 -0.1823
vn 0.7592 0.6230 -0.1885
vn 0.7582 0.6222 -0.1950
vn 0.7572 0.6214 -0.2015
vn 0.7561 0.6205 -0.2081
vn 0.7550 0.6196 -0.2149
vn 0.7538 0.6186 -0.2217
vn 0.7525 0.6176 -0.2287
vn 0.7512 0.6165 -0.2359
vn 0.7498 0.6153 -0.2431
vn 0.7483 0.6142 -0.2505
vn 0.7468 0.6129 -0.2581
vn 0.7452 0.6116 -0.2658
vn 0.7435 0.6102 -0.2737
vn 0.7417 0.6087 -0.2818
vn 0.7398 0.6071 -0.2900
vn 0.7378 0.6055 -0.2985
vn 0.7356 0.6037 -0.3071
vn 0.7334 0.6019 -0.3160
vn 0.7310 0.6000 -0.3250
vn 0.7285 0.5979 -0.3344
vn 0.7259 0.5957 -0.3439
vn 0.7231 0.5934 -0.3537
vn 0.7201 0.5909 -0.3638
vn 0.7168 0.5884 -0.3741
vn 0.7135 0.5856 -0.3847
vn 0.7099 0.5826 -0.3957
vn 0.7061 0.5795 -0.4069
vn 0.7021 0.5762 -0.4184
vn 0.6978 0.5726 -0.4304
vn 0.6932 0.5689 -0.4426
vn 0.6883 0.5648 -0.4553
vn 0.6830 0.5605 -0.4683
vn 0.6774 0.5559 -0.4817
vn 0.6714 0.5510 -0.4956
vn 0.6650 0.5457 -0.5098
vn 0.6581 0.5401 -0.5246
vn 0.6507 0.5341 -0.5398
vn 0.6429 0.5276 -0.5553
vn 0.6344 0.5206 -0.5714
vn 0.6252 0.5132 -0.5881
vn 0.6155 0.5050 -0.6051
vn 0.6048 0.4964 -0.6227
vn 0.5935 0.4871 -0.6407
vn 0.5813 0.4771 -0.6592
vn 0.5682 0.4662 -0.6781
vn 0.5538 0.4546 -0.6975
vn 0.5386 0.4420 -0.7173
vn 0.5222 0.4285 -0.7373
vn 0.5045 0.4140 -0.7577
vn 0.4854 0.3984 -0.7783
vn 0.4649 0.3816 -0.7989
vn 0.4431 0.3636 -0.8194
vn 0.4195 0.3443 -0.8400
vn 0.3944 0.3237 -0.8601
vn 0.3677 0.3017 -0.8797
vn 0.3391 0.2784 -0.8986
vn 0.3092 0.2537 -0.9165
vn 0.2774 0.2276 -0.9334
vn 0.2441 0.2003 -0.9488
vn 0.2094 0.1718 -0.9626
vn 0.1733 0.1422 -0.9746
vn 0.1360 0.1117 -0.9844
vn 0.0979 0.0803 -0.9920
vn 0.0591 0.0484 -0.9971
vn 0.0197 0.0162 -0.9997
vn 0.7730 0.6344 0.0024
vn 0.7730 0.6344 0.0073
vn 0.7730 0.6343 0.0121
vn 0.7729 0.6343 0.0169
vn 0.7728 0.6342 0.0218
vn 0.7727 0.6342 0.0267
vn 0.7726 0.6341 0.0315
vn 0.7725 0.6340 0.0364
vn 0.7724 0.6338 0.0413
vn 0.7722 0.6337 0.0462
vn 0.7720 0.6336 0.0512
vn 0.7718 0.6334 0.0561
vn 0.7716 0.6332 0.0611
vn 0.7713 0.6330 0.0661
vn 0.7711 0.6327 0.0712
vn 0.7708 0.6325 0.0763
vn 0.7704 0.6323 0.0813
vn 0.7701 0.6320 0.0865
vn 0.7697 0.6317 0.0917
vn 0.7694 0.6314 0.0969
vn 0.7690 0.6311 0.1022
vn 0.7685 0.6307 0.1075
vn 0.7681 0.6303 0.1128
vn 0.7676 0.6299 0.1183
vn 0.7671 0.6295 0.1237
vn 0.7665 0.6291 0.1293
vn 0.7659 0.6286 0.1349
vn 0.7653 0.6281 0.1405
vn 0.7647 0.6276 0.1462
vn 0.7640 0.6270 0.1520
vn 0.7633 0.6264 0.1579
vn 0.7626 0.6258 0.1638
vn 0.7618 0.6252 0.1699
vn 0.7609 0.6245 0.1760
vn 0.7600 0.6238 0.1823
vn 0.7592 0.6230 0.1885
vn 0.7582 0.6222 0.1950
vn 0.7572 0.6214 0.2015
vn 0.7561 0.6205 0.2081
vn 0.7550 0.6196 0.2149
vn 0.7538 0.6186 0.2217
vn 0.7525 0.6176 0.2287
vn 0.7512 0.6165 0.2359
vn 0.7498 0.6153 0.2431
vn 0.7483 0.6142 0.2505
vn 0.7468 0.6129 0.2581
vn 0.7452 0.6116 0.2658
vn 0.7435 0.6102 0.2737
vn 0.7417 0.6087 0.2818
vn 0.7398 0.6071 0.2900
vn 0.7378 0.6055 0.2985
vn 0.7356 0.6037 0.3071
vn 0.7334 0.6019 0.3160
vn 0.7310 0.6000 0.3250
vn 0.7285 0.5979 0.3344
vn 0.7259 0.5957 0.3439
vn 0.7231 0.5934 0.3537
vn 0.7201 0.5909 0.3638
vn 0.7168 0.5884 0.3741
vn 0.7135 0.5856 0.3847
vn 0.7099 0.5826 0.3957
vn 0.7061 0.5795 0.4069
vn 0.7021 0.5762 0.4184
vn 0.6978 0.5726 0.4304
vn 0.6932 0.5689 0.4426
vn 0.6883 0.5648 0.4553
vn 0.6830 0.5605 0.4683
vn 0.6774 0.5559 0.4817
vn 0.6714 0.5510 0.4956
vn 0.6650 0.5457 0.5098
vn 0.6581 0.5401 0.5246
vn 0.6507 0.5341 0.5398
vn 0.6429 0.5276 0.5553
vn 0.6344 0.5206 0.5714
vn 0.6252 0.5132 0.5881
vn 0.6155 0.5050 0.6051
vn 0.6048 0.4964 0.6227
vn 0.5935 0.4871 0.6407
vn 0.5813 0.4771 0.6592
vn 0.5682 0.4662 0.6781
vn 0.5538 0.4546 0.6975
vn 0.5386 0.4420 0.7173
vn 0.5222 0.4285 0.7373
vn 0.5045 0.4140 0.7577
vn 0.4854 0.3984 0.7783
vn 0.4649 0.3816 0.7989
vn 0.4431 0.3636 0.8194
vn 0.4195 0.3443 0.8400
vn 0.3944 0.3237 0.8601
vn 0.3677 0.3017 0.8797
vn 0.3391 0.2784 0.8986
vn 0.3092 0.2537 0.9165
vn 0.2774 0.2276 0.9334
vn 0.2441 0.2003 0.9488
vn 0.2094 0.1718 0.9626
vn 0.1733 0.1422 0.9746
vn 0.1360 0.1117 0.9844
vn 0.0979 0.0803 0.9920
vn 0.0591 0.0484 0.9971
vn 0.0197 0.0162 0.9997
vn 0.8819 0.4714 -0.0024
vn 0.8819 0.4714 -0.0072
vn 0.8819 0.4714 -0.0121
vn 0.8818 0.4713 -0.0169
vn 0.8817 0.4713 -0.0218
vn 0.8816 0.4712 -0.0266
vn 0.8815 0.4712 -0.0315
vn 0.8813 0.4711 -0.0364
vn 0.8812 0.4710 -0.0413
vn 0.8810 0.4709 -0.0462
vn 0.8808 0.4708 -0.0512
vn 0.8805 0.4707 -0.0561
vn 0.8803 0.4705 -0.0611
vn 0.8800 0.4704 -0.0661
vn 0.8797 0.4702 -0.0712
vn 0.8794 0.4700 -0.0762
vn 0.8790 0.4698 -0.0814
vn 0.8786 0.4696 -0.0865
vn 0.8782 0.4694 -0.0917
vn 0.8778 0.4692 -0.0969
vn 0.8773 0.4689 -0.1022
vn 0.8768 0.4687 -0.1075
vn 0.8763 0.4684 -0.1129
vn 0.8757 0.4681 -0.1183
vn 0.8751 0.4678 -0.1237
vn 0.8745 0.4675 -0.1293
vn 0.8739 0.4671 -0.1349
vn 0.8732 0.4667 -0.1405
vn 0.8724 0.4663 -0.1463
vn 0.8717 0.4659 -0.1520
vn 0.8709 0.4655 -0.1579
vn 0.8700 0.4650 -0.1639
vn 0.8691 0.4645 -0.1699
vn 0.8681 0.4641 -0.1760
vn 0.8671 0.4635 -0.1822
vn 0.8661 0.4629 -0.1886
vn 0.8650 0.4623 -0.1950
vn 0.8638 0.4617 -0.2015
vn 0.8626 0.4611 -0.2081
vn 0.8613 0.4604 -0.2149
vn 0.8600 0.4597 -0.2217
vn 0.8585 0.4589 -0.2287
vn 0.8570 0.4581 -0.2358
vn 0.8554 0.4573 -0.2431
vn 0.8538 0.4564 -0.2505
vn 0.8520 0.4554 -0.2581
vn 0.8502 0.4544 -0.2658
vn 0.8483 0.4534 -0.2737
vn 0.8462 0.4523 -0.2818
vn 0.8440 0.4511 -0.2900
vn 0.8417 0.4499 -0.2985
vn 0.8393 0.4486 -0.3071
vn 0.8367 0.4472 -0.3160
vn 0.8340 0.4458 -0.3251
vn 0.8311 0.4443 -0.3344
vn 0.8281 0.4426 -0.3439
vn 0.8249 0.4409 -0.3537
vn 0.8215 0.4391 -0.3638
vn 0.8179 0.4372 -0.3741
vn 0.8141 0.4351 -0.3847
vn 0.8099 0.4330 -0.3957
vn 0.8056 0.4306 -0.4069
vn 0.8010 0.4282 -0.4185
vn 0.7961 0.4255 -0.4303
vn 0.7908 0.4227 -0.4427
vn 0.7852 0.4197 -0.4553
vn 0.7792 0.4166 -0.4684
vn 0.7729 0.4131 -0.4817
vn 0.7660 0.4094 -0.4956
vn 0.7587 0.4055 -0.5098
vn 0.7509 0.4013 -0.5245
vn 0.7424 0.3969 -0.5398
vn 0.7334 0.3920 -0.5553
vn 0.7237 0.3868 -0.5715
vn 0.7134 0.3812 -0.5880
vn 0.7021 0.3753 -0.6051
vn 0.6901 0.3689 -0.6226
vn 0.6771 0.3619 -0.6407
vn 0.6631 0.3545 -0.6592
vn 0.6482 0.3464 -0.6781
vn 0.6320 0.3378 -0.6975
vn 0.6146 0.3285 -0.7172
vn 0.5957 0.3184 -0.7374
vn 0.5755 0.3076 -0.7577
vn 0.5538 0.2960 -0.7783
vn 0.5305 0.2836 -0.7989
vn 0.5055 0.2702 -0.8194
vn 0.4786 0.2558 -0.8399
vn 0.4500 0.2405 -0.8600
vn 0.4193 0.2242 -0.8797
vn 0.3871 0.2069 -0.8986
vn 0.3528 0.1885 -0.9165
vn 0.3163 0.1691 -0.9335
vn 0.2784 0.1489 -0.9489
vn 0.2390 0.1277 -0.9626
vn 0.1975 0.1056 -0.9746
vn 0.1553 0.0830 -0.9844
vn 0.1114 0.0596 -0.9920
vn 0.0673 0.0360 -0.9971
vn 0.0225 0.0120 -0.9997
vn 0.8819 0.4714 0.0024
vn 0.8819 0.4714 0.0072
vn 0.8819 0.4714 0.0121
vn 0.8818 0.4713 0.0169
vn 0.8817 0.4713 0.0218
vn 0.8816 0.4712 0.0266
vn 0.8815 0.4712 0.0315
vn 0.8813 0.4711 0.0364
vn 0.8812 0.4710 0.0413
vn 0.8810 0.4709 0.0462
vn 0.8808 0.4708 0.0512
vn 0.8805 0.4707 0.0561
vn 0.8803 0.4705 0.0611
vn 0.8800 0.4704 0.0661
vn 0.8797 0.4702 0.0712
vn 0.8794 0.4700 0.0762
vn 0.8790 0.4698 0.0814
vn 0.8786 0.4696 0.0865
vn 0.8782 0.4694 0.0917
vn 0.8778 0.4692 0.0969
vn 0.8773 0.4689 0.1022
vn 0.8768 0.4687 0.1075
vn 0.8763 0.4684 0.1129
vn 0.8757 0.4681 0.1183
vn 0.8751 0.4678 0.1237
vn 0.8745 0.4675 0.1293
vn 0.8739 0.4671 0.1349
vn 0.8732 0.4667 0.1405
vn 0.8724 0.4663 0.1463
vn 0.8717 0.4659 0.1520
vn 0.8709 0.4655 0.1579
vn 0.8700 0.4650 0.1639
vn 0.8691 0.4645 0.1699
vn 0.8681 0.4641 0.1760
vn 0.8671 0.4635 0.1822
vn 0.8661 0.4629 0.1886
vn 0.8650 0.4623 0.1950
vn 0.8638 0.4617 0.2015
vn 0.8626 0.4611 0.2081
vn 0.8613 0.4604 0.2148
vn 0.8600 0.4597 0.2217
vn 0.8585 0.4589 0.2287
vn 0.8570 0.4581 0.2358
vn 0.8554 0.4573 0.2431
vn 0.8538 0.4564 0.2505
vn 0.8520 0.4554 0.2581
vn 0.8502 0.4544 0.2658
vn 0.8483 0.4534 0.2737
vn 0.8462 0.4523 0.2818
vn 0.8440 0.4511 0.2900
vn 0.8417 0.4499 0.2985
vn 0.8393 0.4486 0.3071
vn 0.8367 0.4472 0.3160
vn 0.8340 0.4458 0.3251
vn 0.8311 0.4443 0.3344
vn 0.8281 0.4426 0.3439
vn 0.8249 0.4409 0.3537
vn 0.8215 0.4391 0.3638
vn 0.8179 0.4372 0.3741
vn 0.8141 0.4351 0.3847
vn 0.8099 0.4329 0.3957
vn 0.8056 0.4306 0.4069
vn 0.8010 0.4282 0.4185
vn 0.7961 0.4255 0.4303
vn 0.7908 0.4227 0.4427
vn 0.7852 0.4197 0.4553
vn 0.7792 0.4165 0.4684
vn 0.7729 0.4131 0.4817
vn 0.7660 0.4094 0.4956
vn 0.7587 0.4055 0.5098
vn 0.7509 0.4013 0.5245
vn 0.7424 0.3969 0.5398
vn 0.7334 0.3920 0.5553
vn 0.7237 0.3868 0.5715
vn 0.7134 0.3812 0.5880
vn 0.7021 0.3753 0.6051
vn 0.6901 0.3689 0.6226
vn 0.6771 0.3619 0.6407
vn 0.6631 0.3545 0.6592
vn 0.6482 0.3464 0.6781
vn 0.6320 0.3378 0.6975
vn 0.6146 0.3285 0.7172
vn 0.5957 0.3184 0.7374
vn 0.5755 0.3076 0.7577
vn 0.5538 0.2960 0.7783
vn 0.5305 0.2836 0.7989
vn 0.5055 0.2702 0.8194
vn 0.4786 0.2558 0.8399
vn 0.4500 0.2405 0.8600
vn 0.4193 0.2242 0.8797
vn 0.3871 0.2069 0.8986
vn 0.3528 0.1885 0.9165
vn 0.3163 0.1691 0.9335
vn 0.2784 0.1489 0.9489
vn 0.2390 0.1277 0.9626
vn 0.1975 0.1056 0.9746
vn 0.1553 0.0830 0.9844
vn 0.1114 0.0596 0.9920
vn 0.0673 0.0360 0.9971
vn 0.0225 0.0120 0.9997
vn 0.9569 0.2903 -0.0024
vn 0.9569 0.2903 -0.0073
vn 0.9569 0.2903 -0.0121
vn 0.9568 0.2902 -0.0169
vn 0.9567 0.2902 -0.0218
vn 0.9566 0.2902 -0.0266
vn 0.9565 0.2901 -0.0315
vn 0.9563 0.2901 -0.0364
vn 0.9561 0.2901 -0.0413
vn 0.9559 0.2900 -0.0462
vn 0.9557 0.2899 -0.0512
vn 0.9554 0.2898 -0.0561
vn 0.9551 0.2897 -0.0611
vn 0.9548 0.2896 -0.0661
vn 0.9545 0.2896 -0.0712
vn 0.9542 0.2894 -0.0762
vn 0.9538 0.2893 -0.0814
vn 0.9534 0.2892 -0.0865
vn 0.9529 0.2891 -0.0917
vn 0.9524 0.2889 -0.0969
vn 0.9519 0.2888 -0.1022
vn 0.9514 0.2886 -0.1075
vn 0.9508 0.2884 -0.1128
vn 0.9502 0.2882 -0.1183
vn 0.9496 0.2880 -0.1237
vn 0.9489 0.2878 -0.1293
vn 0.9482 0.2876 -0.1349
vn 0.9474 0.2874 -0.1405
vn 0.9467 0.2872 -0.1462
vn 0.9458 0.2869 -0.1520
vn 0.9449 0.2867 -0.1579
vn 0.9440 0.2864 -0.1639
vn 0.9430 0.2861 -0.1699
vn 0.9420 0.2857 -0.1760
vn 0.9409 0.2854 -0.1823
vn 0.9398 0.2851 -0.1886
vn 0.9386 0.2847 -0.1950
vn 0.9373 0.2843 -0.2015
vn 0.9360 0.2839 -0.2081
vn 0.9346 0.2835 -0.2148
vn 0.9331 0.2831 -0.2217
vn 0.9316 0.2826 -0.2287
vn 0.9299 0.2821 -0.2359
vn 0.9282 0.2816 -0.2431
vn 0.9264 0.2810 -0.2505
vn 0.9245 0.2805 -0.2581
vn 0.9225 0.2798 -0.2658
vn 0.9204 0.2792 -0.2737
vn 0.9182 0.2785 -0.2818
vn 0.9158 0.2778 -0.2900
vn 0.9133 0.2771 -0.2985
vn 0.9107 0.2763 -0.3071
vn 0.9079 0.2754 -0.3160
vn 0.9050 0.2745 -0.3250
vn 0.9019 0.2736 -0.3343
vn 0.8986 0.2726 -0.3439
vn 0.8951 0.2715 -0.3537
vn 0.8914 0.2704 -0.3638
vn 0.8875 0.2692 -0.3741
vn 0.8833 0.2680 -0.3847
vn 0.8788 0.2666 -0.3957
vn 0.8742 0.2651 -0.4069
vn 0.8691 0.2636 -0.4185
vn 0.8638 0.2620 -0.4303
vn 0.8581 0.2603 -0.4427
vn 0.8520 0.2584 -0.4553
vn 0.8455 0.2565 -0.4683
vn 0.8386 0.2544 -0.4817
vn 0.8312 0.2521 -0.4956
vn 0.8232 0.2497 -0.5098
vn 0.8148 0.2471 -0.5245
vn 0.8056 0.2444 -0.5397
vn 0.7958 0.2414 -0.5554
vn 0.7853 0.2382 -0.5715
vn 0.7740 0.2348 -0.5880
vn 0.7618 0.2311 -0.6052
vn 0.7488 0.2271 -0.6227
vn 0.7347 0.2229 -0.6407
vn 0.7196 0.2183 -0.6592
vn 0.7032 0.2133 -0.6782
vn 0.6857 0.2080 -0.6975
vn 0.6668 0.2023 -0.7173
vn 0.6464 0.1961 -0.7374
vn 0.6245 0.1894 -0.7577
vn 0.6009 0.1823 -0.7782
vn 0.5756 0.1746 -0.7989
vn 0.5484 0.1664 -0.8195
vn 0.5192 0.1575 -0.8400
vn 0.4882 0.1481 -0.8600
vn 0.4551 0.1380 -0.8797
vn 0.4199 0.1274 -0.8986
vn 0.3828 0.1161 -0.9165
vn 0.3432 0.1042 -0.9335
vn 0.3022 0.0917 -0.9488
vn 0.2592 0.0786 -0.9626
vn 0.2144 0.0651 -0.9746
vn 0.1687 0.0511 -0.9843
vn 0.1211 0.0367 -0.9920
vn 0.0732 0.0222 -0.9971
vn 0.0244 0.0074 -0.9997
vn 0.9569 0.2903 0.0024
vn 0.9569 0.2903 0.0073
vn 0.9569 0.2903 0.0121
vn 0.9568 0.2902 0.0169
vn 0.9567 0.2902 0.0218
vn 0.9566 0.2902 0.0266
vn 0.9565 0.2901 0.0315
vn 0.9563 0.2901 0.0364
vn 0.9561 0.2901 0.0413
vn 0.9559 0.2900 0.0462
vn 0.9557 0.2899 0.0512
vn 0.9554 0.2898 0.0561
vn 0.9551 0.2897 0.0611
vn 0.9548 0.2897 0.0661
vn 0.9545 0.2896 0.0712
vn 0.9542 0.2894 0.0762
vn 0.9538 0.2893 0.0814
vn 0.9534 0.2892 0.0865
vn 0.9529 0.2891 0.0917
vn 0.9524 0.2889 0.0969
vn 0.9519 0.2888 0.1022
vn 0.9514 0.2886 0.1075
vn 0.9508 0.2884 0.1129
vn 0.9502 0.2882 0.1183
vn 0.9496 0.2880 0.1237
vn 0.9489 0.2878 0.1293
vn 0.9482 0.2876 0.1349
vn 0.9474 0.2874 0.1405
vn 0.9467 0.2872 0.1462
vn 0.9458 0.2869 0.1520
vn 0.9449 0.2867 0.1579
vn 0.9440 0.2864 0.1639
vn 0.9430 0.2861 0.1699
vn 0.9420 0.2857 0.1760
vn 0.9409 0.2854 0.1823
vn 0.9398 0.2851 0.1886
vn 0.9386 0.2847 0.1950
vn 0.9373 0.2843 0.2015
vn 0.9360 0.2839 0.2081
vn 0.9346 0.2835 0.2149
vn 0.9331 0.2831 0.2217
vn 0.9316 0.2826 0.2287
vn 0.9299 0.2821 0.2359
vn 0.9282 0.2816 0.2431
vn 0.9264 0.2810 0.2505
vn 0.9245 0.2805 0.2581
vn 0.9225 0.2798 0.2658
vn 0.9204 0.2792 0.2737
vn 0.9182 0.2785 0.2818
vn 0.9158 0.2778 0.2900
vn 0.9133 0.2771 0.2985
vn 0.9107 0.2763 0.3071
vn 0.9079 0.2754 0.3160
vn 0.9050 0.2745 0.3250
vn 0.9019 0.2736 0.3343
vn 0.8986 0.2726 0.3439
vn 0.8951 0.2715 0.3537
vn 0.8914 0.2704 0.3638
vn 0.8875 0.2692 0.3741
vn 0.8833 0.2680 0.3847
vn 0.8788 0.2666 0.3957
vn 0.8741 0.2652 0.4069
vn 0.8691 0.2636 0.4184
vn 0.8638 0.2620 0.4304
vn 0.8581 0.2603 0.4427
vn 0.8520 0.2584 0.4553
vn 0.8455 0.2565 0.4683
vn 0.8386 0.2544 0.4817
vn 0.8312 0.2521 0.4956
vn 0.8232 0.2497 0.5098
vn 0.8148 0.2471 0.5245
vn 0.8056 0.2444 0.5397
vn 0.7958 0.2414 0.5554
vn 0.7853 0.2382 0.5715
vn 0.7740 0.2348 0.5880
vn 0.7618 0.2311 0.6052
vn 0.7488 0.2271 0.6227
vn 0.7347 0.2229 0.6407
vn 0.7196 0.2183 0.6592
vn 0.7032 0.2133 0.6782
vn 0.6857 0.2080 0.6975
vn 0.6668 0.2023 0.7173
vn 0.6464 0.1961 0.7374
vn 0.6245 0.1894 0.7577
vn 0.6009 0.1823 0.7782
vn 0.5756 0.1746 0.7989
vn 0.5484 0.1664 0.8195
vn 0.5192 0.1575 0.8400
vn 0.4882 0.1481 0.8600
vn 0.4551 0.1380 0.8797
vn 0.4199 0.1274 0.8986
vn 0.3828 0.1161 0.9165
vn 0.3432 0.1042 0.9335
vn 0.3022 0.0917 0.9488
vn 0.2592 0.0786 0.9626
vn 0.2144 0.0651 0.9746
vn 0.1687 0.0511 0.9843
vn 0.1211 0.0367 0.9920
vn 0.0732 0.0222 0.9971
vn 0.0244 0.0074 0.9997
vn 0.9952 0.0980 -0.0024
vn 0.9952 0.0980 -0.0073
vn 0.9951 0.0980 -0.0121
vn 0.9950 0.0980 -0.0169
vn 0.9949 0.0980 -0.0218
vn 0.9948 0.0980 -0.0267
vn 0.9947 0.0980 -0.0315
vn 0.9945 0.0980 -0.0364
vn 0.9943 0.0979 -0.0413
vn 0.9941 0.0979 -0.0462
vn 0.9939 0.0979 -0.0512
vn 0.9936 0.0979 -0.0561
vn 0.9933 0.0978 -0.0611
vn 0.9930 0.0978 -0.0661
vn 0.9927 0.0978 -0.0712
vn 0.9923 0.0977 -0.0762
vn 0.9919 0.0977 -0.0814
vn 0.9915 0.0977 -0.0865
vn 0.9910 0.0976 -0.0917
vn 0.9905 0.0976 -0.0969
vn 0.9900 0.0975 -0.1022
vn 0.9894 0.0975 -0.1075
vn 0.9888 0.0974 -0.1129
vn 0.9882 0.0973 -0.1183
vn 0.9875 0.0973 -0.1237
vn 0.9868 0.0972 -0.1293
vn 0.9861 0.0971 -0.1349
vn 0.9853 0.0970 -0.1405
vn 0.9845 0.0970 -0.1462
vn 0.9836 0.0969 -0.1520
vn 0.9827 0.0968 -0.1579
vn 0.9817 0.0967 -0.1639
vn 0.9807 0.0966 -0.1699
vn 0.9796 0.0965 -0.1760
vn 0.9785 0.0964 -0.1822
vn 0.9773 0.0963 -0.1886
vn 0.9761 0.0961 -0.1950
vn 0.9748 0.0960 -0.2015
vn 0.9734 0.0959 -0.2081
vn 0.9719 0.0957 -0.2149
vn 0.9704 0.0956 -0.2217
vn 0.9688 0.0954 -0.2287
vn 0.9671 0.0952 -0.2358
vn 0.9653 0.0951 -0.2431
vn 0.9634 0.0949 -0.2505
vn 0.9615 0.0947 -0.2581
vn 0.9594 0.0945 -0.2658
vn 0.9572 0.0943 -0.2737
vn 0.9549 0.0940 -0.2818
vn 0.9524 0.0938 -0.2900
vn 0.9498 0.0935 -0.2985
vn 0.9471 0.0933 -0.3071
vn 0.9442 0.0930 -0.3160
vn 0.9411 0.0927 -0.3251
vn 0.9379 0.0924 -0.3344
vn 0.9345 0.0920 -0.3439
vn 0.9308 0.0917 -0.3537
vn 0.9270 0.0913 -0.3637
vn 0.9229 0.0909 -0.3741
vn 0.9186 0.0905 -0.3847
vn 0.9140 0.0900 -0.3956
vn 0.9091 0.0895 -0.4069
vn 0.9038 0.0890 -0.4185
vn 0.8983 0.0885 -0.4303
vn 0.8924 0.0879 -0.4427
vn 0.8861 0.0873 -0.4553
vn 0.8793 0.0866 -0.4683
vn 0.8721 0.0859 -0.4817
vn 0.8644 0.0851 -0.4955
vn 0.8561 0.0843 -0.5099
vn 0.8473 0.0835 -0.5246
vn 0.8378 0.0825 -0.5398
vn 0.8276 0.0815 -0.5553
vn 0.8167 0.0804 -0.5714
vn 0.8049 0.0793 -0.5881
vn 0.7923 0.0780 -0.6052
vn 0.7787 0.0767 -0.6226
vn 0.7641 0.0753 -0.6407
vn 0.7484 0.0737 -0.6592
vn 0.7314 0.0720 -0.6782
vn 0.7131 0.0702 -0.6975
vn 0.6934 0.0683 -0.7173
vn 0.6722 0.0662 -0.7374
vn 0.6494 0.0640 -0.7578
vn 0.6250 0.0615 -0.7782
vn 0.5986 0.0590 -0.7988
vn 0.5703 0.0562 -0.8195
vn 0.5401 0.0532 -0.8399
vn 0.5077 0.0500 -0.8601
vn 0.4732 0.0466 -0.8797
vn 0.4367 0.0430 -0.8986
vn 0.3981 0.0392 -0.9165
vn 0.3571 0.0352 -0.9334
vn 0.3141 0.0310 -0.9489
vn 0.2696 0.0265 -0.9626
vn 0.2231 0.0220 -0.9746
vn 0.1752 0.0173 -0.9844
vn 0.1259 0.0124 -0.9920
vn 0.0758 0.0075 -0.9971
vn 0.0255 0.0025 -0.9997
vn 0.9952 0.0980 0.0024
vn 0.9952 0.0980 0.0073
vn 0.9951 0.0980 0.0121
vn 0.9950 0.0980 0.0169
vn 0.9949 0.0980 0.0218
vn 0.9948 0.0980 0.0267
vn 0.9947 0.0980 0.0315
vn 0.9945 0.0980 0.0364
vn 0.9943 0.0979 0.0413
vn 0.9941 0.0979 0.0462
vn 0.9939 0.0979 0.0512
vn 0.9936 0.0979 0.0561
vn 0.9933 0.0978 0.0611
vn 0.9930 0.0978 0.0661
vn 0.9927 0.0978 0.0712
vn 0.9923 0.0977 0.0762
vn 0.9919 0.0977 0.0814
vn 0.9915 0.0977 0.0865
vn 0.9910 0.0976 0.0917
vn 0.9905 0.0976 0.0969
vn 0.9900 0.0975 0.1022
vn 0.9894 0.0975 0.1075
vn 0.9888 0.0974 0.1129
vn 0.9882 0.0973 0.1183
vn 0.9875 0.0973 0.1237
vn 0.9868 0.0972 0.1293
vn 0.9861 0.0971 0.1349
vn 0.9853 0.0970 0.1405
vn 0.9845 0.0970 0.1462
vn 0.9836 0.0969 0.1520
vn 0.9827 0.0968 0.1579
vn 0.9817 0.0967 0.1639
vn 0.9807 0.0966 0.1699
vn 0.9796 0.0965 0.1760
vn 0.9785 0.0964 0.1822
vn 0.9773 0.0963 0.1886
vn 0.9761 0.0961 0.1950
vn 0.9748 0.0960 0.2015
vn 0.9734 0.0959 0.2081
vn 0.9719 0.0957 0.2149
vn 0.9704 0.0956 0.2217
vn 0.9688 0.0954 0.2287
vn 0.9671 0.0952 0.2358
vn 0.9653 0.0951 0.2431
vn 0.9634 0.0949 0.2505
vn 0.9615 0.0947 0.2581
vn 0.9594 0.0945 0.2658
vn 0.9572 0.0943 0.2737
vn 0.9549 0.0940 0.2818
vn 0.9524 0.0938 0.2900
vn 0.9498 0.0935 0.2985
vn 0.9471 0.0933 0.3071
vn 0.9442 0.0930 0.3160
vn 0.9411 0.0927 0.3251
vn 0.9379 0.0924 0.3343
vn 0.9345 0.0920 0.3439
vn 0.9308 0.0917 0.3537
vn 0.9270 0.0913 0.3637
vn 0.9229 0.0909 0.3741
vn 0.9186 0.0905 0.3847
vn 0.9140 0.0900 0.3957
vn 0.9091 0.0895 0.4069
vn 0.9038 0.0890 0.4185
vn 0.8983 0.0885 0.4304
vn 0.8924 0.0879 0.4427
vn 0.8861 0.0873 0.4553
vn 0.8793 0.0866 0.4683
vn 0.8721 0.0859 0.4817
vn 0.8644 0.0851 0.4955
vn 0.8561 0.0843 0.5099
vn 0.8473 0.0835 0.5246
vn 0.8378 0.0825 0.5398
vn 0.8276 0.0815 0.5553
vn 0.8167 0.0804 0.5714
vn 0.8049 0.0793 0.5881
vn 0.7923 0.0780 0.6051
vn 0.7787 0.0767 0.6227
vn 0.7641 0.0753 0.6407
vn 0.7484 0.0737 0.6592
vn 0.7314 0.0720 0.6782
vn 0.7131 0.0702 0.6975
vn 0.6934 0.0683 0.7173
vn 0.6722 0.0662 0.7374
vn 0.6494 0.0640 0.7578
vn 0.6250 0.0615 0.7782
vn 0.5986 0.0590 0.7988
vn 0.5703 0.0562 0.8195
vn 0.5401 0.0532 0.8399
vn 0.5077 0.0500 0.8601
vn 0.4732 0.0466 0.8797
vn 0.4367 0.0430 0.8986
vn 0.3981 0.0392 0.9165
vn 0.3571 0.0352 0.9334
vn 0.3141 0.0310 0.9489
vn 0.2696 0.0265 0.9626
vn 0.2231 0.0220 0.9746
vn 0.1752 0.0173 0.9844
vn 0.1259 0.0124 0.9920
vn 0.0758 0.0075 0.9971
vn 0.0255 0.0025 0.9997
vn 0.9952 -0.0980 -0.0024
vn 0.9952 -0.0980 -0.0073
vn 0.9951 -0.0980 -0.0121
vn 0.9950 -0.0980 -0.0169
vn 0.9949 -0.0980 -0.0218
vn 0.9948 -0.0980 -0.0267
vn 0.9947 -0.0980 -0.0315
vn 0.9945 -0.0980 -0.0364
vn 0.9943 -0.0979 -0.0413
vn 0.9941 -0.0979 -0.0462
vn 0.9939 -0.0979 -0.0512
vn 0.9936 -0.0979 -0.0561
vn 0.9933 -0.0978 -0.0611
vn 0.9930 -0.0978 -0.0661
vn 0.9927 -0.0978 -0.0712
vn 0.9923 -0.0977 -0.0762
vn 0.9919 -0.0977 -0.0814
vn 0.9915 -0.0977 -0.0865
vn 0.9910 -0.0976 -0.0917
vn 0.9905 -0.0976 -0.0969
vn 0.9900 -0.0975 -0.1022
vn 0.9894 -0.0975 -0.1075
vn 0.9888 -0.0974 -0.1129
vn 0.9882 -0.0973 -0.1183
vn 0.9875 -0.0973 -0.1237
vn 0.9868 -0.0972 -0.1293
vn 0.9861 -0.0971 -0.1349
vn 0.9853 -0.0970 -0.1405
vn 0.9845 -0.0970 -0.1462
vn 0.9836 -0.0969 -0.1520
vn 0.9827 -0.0968 -0.1579
vn 0.9817 -0.0967 -0.1639
vn 0.9807 -0.0966 -0.1699
vn 0.9796 -0.0965 -0.1760
vn 0.9785 -0.0964 -0.1822
vn 0.9773 -0.0963 -0.1886
vn 0.9761 -0.0961 -0.1950
vn 0.9748 -0.0960 -0.2015
vn 0.9734 -0.0959 -0.2081
vn 0.9719 -0.0957 -0.2149
vn 0.9704 -0.0956 -0.2217
vn 0.9688 -0.0954 -0.2287
vn 0.9671 -0.0952 -0.2358
vn 0.9653 -0.0951 -0.2431
vn 0.9634 -0.0949 -0.2505
vn 0.9615 -0.0947 -0.2581
vn 0.9594 -0.0945 -0.2658
vn 0.9572 -0.0943 -0.2737
vn 0.9549 -0.0940 -0.2818
vn 0.9524 -0.0938 -0.2900
vn 0.9498 -0.0935 -0.2985
vn 0.9471 -0.0933 -0.3071
vn 0.9442 -0.0930 -0.3160
vn 0.9411 -0.0927 -0.3251
vn 0.9379 -0.0924 -0.3343
vn 0.9345 -0.0920 -0.3439
vn 0.9308 -0.0917 -0.3537
vn 0.9270 -0.0913 -0.3637
vn 0.9229 -0.0909 -0.3741
vn 0.9186 -0.0905 -0.3847
vn 0.9140 -0.0900 -0.3957
vn 0.9091 -0.0895 -0.4069
vn 0.9038 -0.0890 -0.4185
vn 0.8983 -0.0885 -0.4304
vn 0.8924 -0.0879 -0.4427
vn 0.8861 -0.0873 -0.4553
vn 0.8793 -0.0866 -0.4683
vn 0.8721 -0.0859 -0.4817
vn 0.8644 -0.0851 -0.4955
vn 0.8561 -0.0843 -0.5099
vn 0.8473 -0.0835 -0.5246
vn 0.8378 -0.0825 -0.5398
vn 0.8276 -0.0815 -0.5553
vn 0.8167 -0.0804 -0.5714
vn 0.8049 -0.0793 -0.5881
vn 0.7923 -0.0780 -0.6051
vn 0.7787 -0.0767 -0.6227
vn 0.7641 -0.0753 -0.6407
vn 0.7484 -0.0737 -0.6592
vn 0.7314 -0.0720 -0.6782
vn 0.7131 -0.0702 -0.6975
vn 0.6934 -0.0683 -0.7173
vn 0.6722 -0.0662 -0.7374
vn 0.6494 -0.0640 -0.7578
vn 0.6250 -0.0615 -0.7782
vn 0.5986 -0.0590 -0.7988
vn 0.5703 -0.0562 -0.8195
vn 0.5401 -0.0532 -0.8399
vn 0.5077 -0.0500 -0.8601
vn 0.4732 -0.0466 -0.8797
vn 0.4367 -0.0430 -0.8986
vn 0.3981 -0.0392 -0.9165
vn 0.3571 -0.0352 -0.9334
vn 0.3141 -0.0310 -0.9489
vn 0.2696 -0.0265 -0.9626
vn 0.2231 -0.0220 -0.9746
vn 0.1752 -0.0173 -0.9844
vn 0.1259 -0.0124 -0.9920
vn 0.0758 -0.0075 -0.9971
vn 0.0255 -0.0025 -0.9997
vn 0.9952 -0.0980 0.0024
vn 0.9952 -0.0980 0.0073
vn 0.9951 -0.0980 0.0121
vn 0.9950 -0.0980 0.0169
vn 0.9949 -0.0980 0.0218
vn 0.9948 -0.0980 0.0267
vn 0.9947 -0.0980 0.0315
vn 0.9945 -0.0980 0.0364
vn 0.9943 -0.0979 0.0413
vn 0.9941 -0.0979 0.0462
vn 0.9939 -0.0979 0.0512
vn 0.9936 -0.0979 0.0561
vn 0.9933 -0.0978 0.0611
vn 0.9930 -0.0978 0.0661
vn 0.9927 -0.0978 0.0712
vn 0.9923 -0.0977 0.0762
vn 0.9919 -0.0977 0.0814
vn 0.9915 -0.0977 0.0865
vn 0.9910 -0.0976 0.0917
vn 0.9905 -0.0976 0.0969
vn 0.9900 -0.0975 0.1022
vn 0.9894 -0.0975 0.1075
vn 0.9888 -0.0974 0.1129
vn 0.9882 -0.0973 0.1183
vn 0.9875 -0.0973 0.1237
vn 0.9868 -0.0972 0.1293
vn 0.9861 -0.0971 0.1349
vn 0.9853 -0.0970 0.1405
vn 0.9845 -0.0970 0.1462
vn 0.9836 -0.0969 0.1520
vn 0.9827 -0.0968 0.1579
vn 0.9817 -0.0967 0.1639
vn 0.9807 -0.0966 0.1699
vn 0.9796 -0.0965 0.1760
vn 0.9785 -0.0964 0.1822
vn 0.9773 -0.0963 0.1886
vn 0.9761 -0.0961 0.1950
vn 0.9748 -0.0960 0.2015
vn 0.9734 -0.0959 0.2081
vn 0.9719 -0.0957 0.2149
vn 0.9704 -0.0956 0.2217
vn 0.9688 -0.0954 0.2287
vn 0.9671 -0.0952 0.2358
vn 0.9653 -0.0951 0.2431
vn 0.9634 -0.0949 0.2505
vn 0.9615 -0.0947 0.2581
vn 0.9594 -0.0945 0.2658
vn 0.9572 -0.0943 0.2737
vn 0.9549 -0.0940 0.2818
vn 0.9524 -0.0938 0.2900
vn 0.9498 -0.0935 0.2985
vn 0.9471 -0.0933 0.3071
vn 0.9442 -0.0930 0.3160
vn 0.9411 -0.0927 0.3251
vn 0.9379 -0.0924 0.3344
vn 0.9345 -0.0920 0.3439
vn 0.9308 -0.0917 0.3537
vn 0.9270 -0.0913 0.3637
vn 0.9229 -0.0909 0.3741
vn 0.9186 -0.0905 0.3847
vn 0.9140 -0.0900 0.3956
vn 0.9091 -0.0895 0.4069
vn 0.9038 -0.0890 0.4185
vn 0.8983 -0.0885 0.4303
vn 0.8924 -0.0879 0.4427
vn 0.8861 -0.0873 0.4553
vn 0.8793 -0.0866 0.4683
vn 0.8721 -0.0859 0.4817
vn 0.8644 -0.0851 0.4955
vn 0.8561 -0.0843 0.5099
vn 0.8473 -0.0835 0.5246
vn 0.8378 -0.0825 0.5398
vn 0.8276 -0.0815 0.5553
vn 0.8167 -0.0804 0.5714
vn 0.8049 -0.0793 0.5881
vn 0.7923 -0.0780 0.6052
vn 0.7787 -0.0767 0.6226
vn 0.7641 -0.0753 0.6407
vn 0.7484 -0.0737 0.6592
vn 0.7314 -0.0720 0.6782
vn 0.7131 -0.0702 0.6975
vn 0.6934 -0.0683 0.7173
vn 0.6722 -0.0662 0.7374
vn 0.6494 -0.0640 0.7578
vn 0.6250 -0.0615 0.7782
vn 0.5986 -0.0590 0.7988
vn 0.5703 -0.0562 0.8195
vn 0.5401 -0.0532 0.8399
vn 0.5077 -0.0500 0.8601
vn 0.4732 -0.0466 0.8797
vn 0.4367 -0.0430 0.8986
vn 0.3981 -0.0392 0.9165
vn 0.3571 -0.0352 0.9334
vn 0.3141 -0.0310 0.9489
vn 0.2696 -0.0265 0.9626
vn 0.2231 -0.0220 0.9746
vn 0.1752 -0.0173 0.9844
vn 0.1259 -0.0124 0.9920
vn 0.0758 -0.0075 0.9971
vn 0.0255 -0.0025 0.9997
vn 0.9569 -0.2903 -0.0024
vn 0.9569 -0.2903 -0.0073
vn 0.9569 -0.2903 -0.0121
vn 0.9568 -0.2902 -0.0169
vn 0.9567 -0.2902 -0.0218
vn 0.9566 -0.2902 -0.0266
vn 0.9565 -0.2901 -0.0315
vn 0.9563 -0.2901 -0.0364
vn 0.9561 -0.2901 -0.0413
vn 0.9559 -0.2900 -0.0462
vn 0.9557 -0.2899 -0.0512
vn 0.9554 -0.2898 -0.0561
vn 0.9551 -0.2897 -0.0611
vn 0.9548 -0.2897 -0.0661
vn 0.9545 -0.2896 -0.0712
vn 0.9542 -0.2894 -0.0762
vn 0.9538 -0.2893 -0.0814
vn 0.9534 -0.2892 -0.0865
vn 0.9529 -0.2891 -0.0917
vn 0.9524 -0.2889 -0.0969
vn 0.9519 -0.2888 -0.1022
vn 0.9514 -0.2886 -0.1075
vn 0.9508 -0.2884 -0.1129
vn 0.9502 -0.2882 -0.1183
vn 0.9496 -0.2880 -0.1237
vn 0.9489 -0.2878 -0.1293
vn 0.9482 -0.2876 -0.1349
vn 0.9474 -0.2874 -0.1405
vn 0.9467 -0.2872 -0.1462
vn 0.9458 -0.2869 -0.1520
vn 0.9449 -0.2867 -0.1579
vn 0.9440 -0.2864 -0.1639
vn 0.9430 -0.2861 -0.1699
vn 0.9420 -0.2857 -0.1760
vn 0.9409 -0.2854 -0.1823
vn 0.9398 -0.2851 -0.1886
vn 0.9386 -0.2847 -0.1950
vn 0.9373 -0.2843 -0.2015
vn 0.9360 -0.2839 -0.2081
vn 0.9346 -0.2835 -0.2149
vn 0.9331 -0.2831 -0.2217
vn 0.9316 -0.2826 -0.2287
vn 0.9299 -0.2821 -0.2359
vn 0.9282 -0.2816 -0.2431
vn 0.9264 -0.2810 -0.2505
vn 0.9245 -0.2805 -0.2581
vn 0.9225 -0.2798 -0.2658
vn 0.9204 -0.2792 -0.2737
vn 0.9182 -0.2785 -0.2818
vn 0.9158 -0.2778 -0.2900
vn 0.9133 -0.2771 -0.2985
vn 0.9107 -0.2763 -0.3071
vn 0.9079 -0.2754 -0.3160
vn 0.9050 -0.2745 -0.3250
vn 0.9019 -0.2736 -0.3343
vn 0.8986 -0.2726 -0.3439
vn 0.8951 -0.2715 -0.3537
vn 0.8914 -0.2704 -0.3638
vn 0.8875 -0.2692 -0.3741
vn 0.8833 -0.2680 -0.3847
vn 0.8788 -0.2666 -0.3957
vn 0.8741 -0.2652 -0.4069
vn 0.8691 -0.2636 -0.4184
vn 0.8638 -0.2620 -0.4304
vn 0.8581 -0.2603 -0.4427
vn 0.8520 -0.2584 -0.4553
vn 0.8455 -0.2565 -0.4683
vn 0.8386 -0.2544 -0.4817
vn 0.8312 -0.2521 -0.4956
vn 0.8232 -0.2497 -0.5098
vn 0.8148 -0.2471 -0.5245
vn 0.8056 -0.2444 -0.5397
vn 0.7958 -0.2414 -0.5554
vn 0.7853 -0.2382 -0.5715
vn 0.7740 -0.2348 -0.5880
vn 0.7618 -0.2311 -0.6052
vn 0.7488 -0.2271 -0.6227
vn 0.7347 -0.2229 -0.6407
vn 0.7196 -0.2183 -0.6592
vn 0.7032 -0.2133 -0.6782
vn 0.6857 -0.2080 -0.6975
vn 0.6668 -0.2023 -0.7173
vn 0.6464 -0.1961 -0.7374
vn 0.6245 -0.1894 -0.7577
vn 0.6009 -0.1823 -0.7782
vn 0.5756 -0.1746 -0.7989
vn 0.5484 -0.1664 -0.8195
vn 0.5192 -0.1575 -0.8400
vn 0.4882 -0.1481 -0.8600
vn 0.4551 -0.1380 -0.8797
vn 0.4199 -0.1274 -0.8986
vn 0.3828 -0.1161 -0.9165
vn 0.3432 -0.1042 -0.9335
vn 0.3022 -0.0917 -0.9488
vn 0.2592 -0.0786 -0.9626
vn 0.2144 -0.0651 -0.9746
vn 0.1687 -0.0511 -0.9843
vn 0.1211 -0.0367 -0.9920
vn 0.0732 -0.0222 -0.9971
vn 0.0244 -0.0074 -0.9997
vn 0.9569 -0.2903 0.0024
vn 0.9569 -0.2903 0.0073
vn 0.9569 -0.2903 0.0121
vn 0.9568 -0.2902 0.0169
vn 0.9567 -0.2902 0.0218
vn 0.9566 -0.2902 0.0266
vn 0.9565 -0.2901 0.0315
vn 0.9563 -0.2901 0.0364
vn 0.9561 -0.2901 0.0413
vn 0.9559 -0.2900 0.0462
vn 0.9557 -0.2899 0.0512
vn 0.9554 -0.2898 0.0561
vn 0.9551 -0.2897 0.0611
vn 0.9548 -0.2896 0.0661
vn 0.9545 -0.2896 0.0712
vn 0.9542 -0.2894 0.0762
vn 0.9538 -0.2893 0.0814
vn 0.9534 -0.2892 0.0865
vn 0.9529 -0.2891 0.0917
vn 0.9524 -0.2889 0.0969
vn 0.9519 -0.2888 0.1022
vn 0.9514 -0.2886 0.1075
vn 0.9508 -0.2884 0.1128
vn 0.9502 -0.2882 0.1183
vn 0.9496 -0.2880 0.1237
vn 0.9489 -0.2878 0.1293
vn 0.9482 -0.2876 0.1349
vn 0.9474 -0.2874 0.1405
vn 0.9467 -0.2872 0.1462
vn 0.9458 -0.2869 0.1520
vn 0.9449 -0.2867 0.1579
vn 0.9440 -0.2864 0.1639
vn 0.9430 -0.2861 0.1699
vn 0.9420 -0.2857 0.1760
vn 0.9409 -0.2854 0.1823
vn 0.9398 -0.2851 0.1886
vn 0.9386 -0.2847 0.1950
vn 0.9373 -0.2843 0.2015
vn 0.9360 -0.2839 0.2081
vn 0.9346 -0.2835 0.2148
vn 0.9331 -0.2831 0.2217
vn 0.9316 -0.2826 0.2287
vn 0.9299 -0.2821 0.2359
vn 0.9282 -0.2816 0.2431
vn 0.9264 -0.2810 0.2505
vn 0.9245 -0.2805 0.2581
vn 0.9225 -0.2798 0.2658
vn 0.9204 -0.2792 0.2737
vn 0.9182 -0.2785 0.2818
vn 0.9158 -0.2778 0.2900
vn 0.9133 -0.2771 0.2985
vn 0.9107 -0.2763 0.3071
vn 0.9079 -0.2754 0.3160
vn 0.9050 -0.2745 0.3250
vn 0.9019 -0.2736 0.3343
vn 0.8986 -0.2726 0.3439
vn 0.8951 -0.2715 0.3537
vn 0.8914 -0.2704 0.3638
vn 0.8875 -0.2692 0.3741
vn 0.8833 -0.2680 0.3847
vn 0.8788 -0.2666 0.3957
vn 0.8742 -0.2651 0.4069
vn 0.8691 -0.2636 0.4185
vn 0.8638 -0.2620 0.4303
vn 0.8581 -0.2603 0.4427
vn 0.8520 -0.2584 0.4553
vn 0.8455 -0.2565 0.4683
vn 0.8386 -0.2544 0.4817
vn 0.8312 -0.2521 0.4956
vn 0.8232 -0.2497 0.5098
vn 0.8148 -0.2471 0.5245
vn 0.8056 -0.2444 0.5397
vn 0.7958 -0.2414 0.5554
vn 0.7853 -0.2382 0.5715
vn 0.7740 -0.2348 0.5880
vn 0.7618 -0.2311 0.6052
vn 0.7488 -0.2271 0.6227
vn 0.7347 -0.2229 0.6407
vn 0.7196 -0.2183 0.6592
vn 0.7032 -0.2133 0.6782
vn 0.6857 -0.2080 0.6975
vn 0.6668 -0.2023 0.7173
vn 0.6464 -0.1961 0.7374
vn 0.6245 -0.1894 0.7577
vn 0.6009 -0.1823 0.7782
vn 0.5756 -0.1746 0.7989
vn 0.5484 -0.1664 0.8195
vn 0.5192 -0.1575 0.8400
vn 0.4882 -0.1481 0.8600
vn 0.4551 -0.1380 0.8797
vn 0.4199 -0.1274 0.8986
vn 0.3828 -0.1161 0.9165
vn 0.3432 -0.1042 0.9335
vn 0.3022 -0.0917 0.9488
vn 0.2592 -0.0786 0.9626
vn 0.2144 -0.0651 0.9746
vn 0.1687 -0.0511 0.9843
vn 0.1211 -0.0367 0.9920
vn 0.0732 -0.0222 0.9971
vn 0.0244 -0.0074 0.9997
vn 0.8819 -0.4714 -0.0024
vn 0.8819 -0.4714 -0.0072
vn 0.8819 -0.4714 -0.0121
vn 0.8818 -0.4713 -0.0169
vn 0.8817 -0.4713 -0.0218
vn 0.8816 -0.4712 -0.0266
vn 0.8815 -0.4712 -0.0315
vn 0.8813 -0.4711 -0.0364
vn 0.8812 -0.4710 -0.0413
vn 0.8810 -0.4709 -0.0462
vn 0.8808 -0.4708 -0.0512
vn 0.8805 -0.4707 -0.0561
vn 0.8803 -0.4705 -0.0611
vn 0.8800 -0.4704 -0.0661
vn 0.8797 -0.4702 -0.0712
vn 0.8794 -0.4700 -0.0762
vn 0.8790 -0.4698 -0.0814
vn 0.8786 -0.4696 -0.0865
vn 0.8782 -0.4694 -0.0917
vn 0.8778 -0.4692 -0.0969
vn 0.8773 -0.4689 -0.1022
vn 0.8768 -0.4687 -0.1075
vn 0.8763 -0.4684 -0.1129
vn 0.8757 -0.4681 -0.1183
vn 0.8751 -0.4678 -0.1237
vn 0.8745 -0.4675 -0.1293
vn 0.8739 -0.4671 -0.1349
vn 0.8732 -0.4667 -0.1405
vn 0.8724 -0.4663 -0.1463
vn 0.8717 -0.4659 -0.1520
vn 0.8709 -0.4655 -0.1579
vn 0.8700 -0.4650 -0.1639
vn 0.8691 -0.4645 -0.1699
vn 0.8681 -0.4641 -0.1760
vn 0.8671 -0.4635 -0.1822
vn 0.8661 -0.4629 -0.1886
vn 0.8650 -0.4623 -0.1950
vn 0.8638 -0.4617 -0.2015
vn 0.8626 -0.4611 -0.2081
vn 0.8613 -0.4604 -0.2148
vn 0.8600 -0.4597 -0.2217
vn 0.8585 -0.4589 -0.2287
vn 0.8570 -0.4581 -0.2358
vn 0.8554 -0.4573 -0.2431
vn 0.8538 -0.4564 -0.2505
vn 0.8520 -0.4554 -0.2581
vn 0.8502 -0.4544 -0.2658
vn 0.8483 -0.4534 -0.2737
vn 0.8462 -0.4523 -0.2818
vn 0.8440 -0.4511 -0.2900
vn 0.8417 -0.4499 -0.2985
vn 0.8393 -0.4486 -0.3071
vn 0.8367 -0.4472 -0.3160
vn 0.8340 -0.4458 -0.3251
vn 0.8311 -0.4443 -0.3344
vn 0.8281 -0.4426 -0.3439
vn 0.8249 -0.4409 -0.3537
vn 0.8215 -0.4391 -0.3638
vn 0.8179 -0.4372 -0.3741
vn 0.8141 -0.4351 -0.3847
vn 0.8099 -0.4329 -0.3957
vn 0.8056 -0.4306 -0.4069
vn 0.8010 -0.4282 -0.4185
vn 0.7961 -0.4255 -0.4303
vn 0.7908 -0.4227 -0.4427
vn 0.7852 -0.4197 -0.4553
vn 0.7792 -0.4165 -0.4684
vn 0.7729 -0.4131 -0.4817
vn 0.7660 -0.4094 -0.4956
vn 0.7587 -0.4055 -0.5098
vn 0.7509 -0.4013 -0.5245
vn 0.7424 -0.3969 -0.5398
vn 0.7334 -0.3920 -0.5553
vn 0.7237 -0.3868 -0.5715
vn 0.7134 -0.3812 -0.5880
vn 0.7021 -0.3753 -0.6051
vn 0.6901 -0.3689 -0.6226
vn 0.6771 -0.3619 -0.6407
vn 0.6631 -0.3545 -0.6592
vn 0.6482 -0.3464 -0.6781
vn 0.6320 -0.3378 -0.6975
vn 0.6146 -0.3285 -0.7172
vn 0.5957 -0.3184 -0.7374
vn 0.5755 -0.3076 -0.7577
vn 0.5538 -0.2960 -0.7783
vn 0.5305 -0.2836 -0.7989
vn 0.5055 -0.2702 -0.8194
vn 0.4786 -0.2558 -0.8399
vn 0.4500 -0.2405 -0.8600
vn 0.4193 -0.2242 -0.8797
vn 0.3871 -0.2069 -0.8986
vn 0.3528 -0.1885 -0.9165
vn 0.3163 -0.1691 -0.9335
vn 0.2784 -0.1489 -0.9489
vn 0.2390 -0.1277 -0.9626
vn 0.1975 -0.1056 -0.9746
vn 0.1553 -0.0830 -0.9844
vn 0.1114 -0.0596 -0.9920
vn 0.0673 -0.0360 -0.9971
vn 0.0225 -0.0120 -0.9997
vn 0.8819 -0.4714 0.0024
vn 0.8819 -0.4714 0.0072
vn 0.8819 -0.4714 0.0121
vn 0.8818 -0.4713 0.0169
vn 0.8817 -0.4713 0.0218
vn 0.8816 -0.4712 0.0266
vn 0.8815 -0.4712 0.0315
vn 0.8813 -0.4711 0.0364
vn 0.8812 -0.4710 0.0413
vn 0.8810 -0.4709 0.0462
vn 0.8808 -0.4708 0.0512
vn 0.8805 -0.4707 0.0561
vn 0.8803 -0.4705 0.0611
vn 0.8800 -0.4704 0.0661
vn 0.8797 -0.4702 0.0712
vn 0.8794 -0.4700 0.0762
vn 0.8790 -0.4698 0.0814
vn 0.8786 -0.4696 0.0865
vn 0.8782 -0.4694 0.0917
vn 0.8778 -0.4692 0.0969
vn 0.8773 -0.4689 0.1022
vn 0.8768 -0.4687 0.1075
vn 0.8763 -0.4684 0.1129
vn 0.8757 -0.4681 0.1183
vn 0.8751 -0.4678 0.1237
vn 0.8745 -0.4675 0.1293
vn 0.8739 -0.4671 0.1349
vn 0.8732 -0.4667 0.1405
vn 0.8724 -0.4663 0.1463
vn 0.8717 -0.4659 0.1520
vn 0.8709 -0.4655 0.1579
vn 0.8700 -0.4650 0.1639
vn 0.8691 -0.4645 0.1699
vn 0.8681 -0.4641 0.1760
vn 0.8671 -0.4635 0.1822
vn 0.8661 -0.4629 0.1886
vn 0.8650 -0.4623 0.1950
vn 0.8638 -0.4617 0.2015
vn 0.8626 -0.4611 0.2081
vn 0.8613 -0.4604 0.2149
vn 0.8600 -0.4597 0.2217
vn 0.8585 -0.4589 0.2287
vn 0.8570 -0.4581 0.2358
vn 0.8554 -0.4573 0.2431
vn 0.8538 -0.4564 0.2505
vn 0.8520 -0.4554 0.2581
vn 0.8502 -0.4544 0.2658
vn 0.8483 -0.4534 0.2737
vn 0.8462 -0.4523 0.2818
vn 0.8440 -0.4511 0.2900
vn 0.8417 -0.4499 0.2985
vn 0.8393 -0.4486 0.3071
vn 0.8367 -0.4472 0.3160
vn 0.8340 -0.4458 0.3251
vn 0.8311 -0.4443 0.3344
vn 0.8281 -0.4426 0.3439
vn 0.8249 -0.4409 0.3537
vn 0.8215 -0.4391 0.3638
vn 0.8179 -0.4372 0.3741
vn 0.8141 -0.4351 0.3847
vn 0.8099 -0.4330 0.3957
vn 0.8056 -0.4306 0.4069
vn 0.8010 -0.4282 0.4185
vn 0.7961 -0.4255 0.4303
vn 0.7908 -0.4227 0.4427
vn 0.7852 -0.4197 0.4553
vn 0.7792 -0.4166 0.4684
vn 0.7729 -0.4131 0.4817
vn 0.7660 -0.4094 0.4956
vn 0.7587 -0.4055 0.5098
vn 0.7509 -0.4013 0.5245
vn 0.7424 -0.3969 0.5398
vn 0.7334 -0.3920 0.5553
vn 0.7237 -0.3868 0.5715
vn 0.7134 -0.3812 0.5880
vn 0.7021 -0.3753 0.6051
vn 0.6901 -0.3689 0.6226
vn 0.6771 -0.3619 0.6407
vn 0.6631 -0.3545 0.6592
vn 0.6482 -0.3464 0.6781
vn 0.6320 -0.3378 0.6975
vn 0.6146 -0.3285 0.7172
vn 0.5957 -0.3184 0.7374
vn 0.5755 -0.3076 0.7577
vn 0.5538 -0.2960 0.7783
vn 0.5305 -0.2836 0.7989
vn 0.5055 -0.2702 0.8194
vn 0.4786 -0.2558 0.8399
vn 0.4500 -0.2405 0.8600
vn 0.4193 -0.2242 0.8797
vn 0.3871 -0.2069 0.8986
vn 0.3528 -0.1885 0.9165
vn 0.3163 -0.1691 0.9335
vn 0.2784 -0.1489 0.9489
vn 0.2390 -0.1277 0.9626
vn 0.1975 -0.1056 0.9746
vn 0.1553 -0.0830 0.9844
vn 0.1114 -0.0596 0.9920
vn 0.0673 -0.0360 0.9971
vn 0.0225 -0.0120 0.9997
vn 0.7730 -0.6344 -0.0024
vn 0.7730 -0.6344 -0.0073
vn 0.7730 -0.6343 -0.0121
vn 0.7729 -0.6343 -0.0169
vn 0.7728 -0.6342 -0.0218
vn 0.7727 -0.6342 -0.0267
vn 0.7726 -0.6341 -0.0315
vn 0.7725 -0.6340 -0.0364
vn 0.7724 -0.6338 -0.0413
vn 0.7722 -0.6337 -0.0462
vn 0.7720 -0.6336 -0.0512
vn 0.7718 -0.6334 -0.0561
vn 0.7716 -0.6332 -0.0611
vn 0.7713 -0.6330 -0.0661
vn 0.7711 -0.6327 -0.0712
vn 0.7708 -0.6325 -0.0763
vn 0.7704 -0.6323 -0.0813
vn 0.7701 -0.6320 -0.0865
vn 0.7697 -0.6317 -0.0917
vn 0.7694 -0.6314 -0.0969
vn 0.7690 -0.6311 -0.1022
vn 0.7685 -0.6307 -0.1075
vn 0.7681 -0.6303 -0.1128
vn 0.7676 -0.6299 -0.1183
vn 0.7671 -0.6295 -0.1237
vn 0.7665 -0.6291 -0.1293
vn 0.7659 -0.6286 -0.1349
vn 0.7653 -0.6281 -0.1405
vn 0.7647 -0.6276 -0.1462
vn 0.7640 -0.6270 -0.1520
vn 0.7633 -0.6264 -0.1579
vn 0.7626 -0.6258 -0.1638
vn 0.7618 -0.6252 -0.1699
vn 0.7609 -0.6245 -0.1760
vn 0.7600 -0.6238 -0.1823
vn 0.7592 -0.6230 -0.1885
vn 0.7582 -0.6222 -0.1950
vn 0.7572 -0.6214 -0.2015
vn 0.7561 -0.6205 -0.2081
vn 0.7550 -0.6196 -0.2149
vn 0.7538 -0.6186 -0.2217
vn 0.7525 -0.6176 -0.2287
vn 0.7512 -0.6165 -0.2359
vn 0.7498 -0.6153 -0.2431
vn 0.7483 -0.6142 -0.2505
vn 0.7468 -0.6129 -0.2581
vn 0.7452 -0.6116 -0.2658
vn 0.7435 -0.6102 -0.2737
vn 0.7417 -0.6087 -0.2818
vn 0.7398 -0.6071 -0.2900
vn 0.7378 -0.6055 -0.2985
vn 0.7356 -0.6037 -0.3071
vn 0.7334 -0.6019 -0.3160
vn 0.7310 -0.6000 -0.3250
vn 0.7285 -0.5979 -0.3344
vn 0.7259 -0.5957 -0.3439
vn 0.7231 -0.5934 -0.3537
vn 0.7201 -0.5909 -0.3638
vn 0.7168 -0.5884 -0.3741
vn 0.7135 -0.5856 -0.3847
vn 0.7099 -0.5826 -0.3957
vn 0.7061 -0.5795 -0.4069
vn 0.7021 -0.5762 -0.4184
vn 0.6978 -0.5726 -0.4304
vn 0.6932 -0.5689 -0.4426
vn 0.6883 -0.5648 -0.4553
vn 0.6830 -0.5605 -0.4683
vn 0.6774 -0.5559 -0.4817
vn 0.6714 -0.5510 -0.4956
vn 0.6650 -0.5457 -0.5098
vn 0.6581 -0.5401 -0.5246
vn 0.6507 -0.5341 -0.5398
vn 0.6429 -0.5276 -0.5553
vn 0.6344 -0.5206 -0.5714
vn 0.6252 -0.5132 -0.5881
vn 0.6155 -0.5050 -0.6051
vn 0.6048 -0.4964 -0.6227
vn 0.5935 -0.4871 -0.6407
vn 0.5813 -0.4771 -0.6592
vn 0.5682 -0.4662 -0.6781
vn 0.5538 -0.4546 -0.6975
vn 0.5386 -0.4420 -0.7173
vn 0.5222 -0.4285 -0.7373
vn 0.5045 -0.4140 -0.7577
vn 0.4854 -0.3984 -0.7783
vn 0.4649 -0.3816 -0.7989
vn 0.4431 -0.3636 -0.8194
vn 0.4195 -0.3443 -0.8400
vn 0.3944 -0.3237 -0.8601
vn 0.3677 -0.3017 -0.8797
vn 0.3391 -0.2784 -0.8986
vn 0.3092 -0.2537 -0.9165
vn 0.2774 -0.2276 -0.9334
vn 0.2441 -0.2003 -0.9488
vn 0.2094 -0.1718 -0.9626
vn 0.1733 -0.1422 -0.9746
vn 0.1360 -0.1117 -0.9844
vn 0.0979 -0.0803 -0.9920
vn 0.0591 -0.0484 -0.9971
vn 0.0197 -0.0162 -0.9997
vn 0.7730 -0.6344 0.0024
vn 0.7730 -0.6344 0.0073
vn 0.7730 -0.6343 0.0121
vn 0.7729 -0.6343 0.0169
vn 0.7728 -0.6342 0.0218
vn 0.7727 -0.6342 0.0267
vn 0.7726 -0.6341 0.0315
vn 0.7725 -0.6340 0.0364
vn 0.7724 -0.6338 0.0413
vn 0.7722 -0.6337 0.0462
vn 0.7720 -0.6336 0.0512
vn 0.7718 -0.6334 0.0561
vn 0.7716 -0.6332 0.0611
vn 0.7713 -0.6330 0.0661
vn 0.7711 -0.6327 0.0712
vn 0.7708 -0.6325 0.0763
vn 0.7704 -0.6323 0.0813
vn 0.7701 -0.6320 0.0865
vn 0.7697 -0.6317 0.0917
vn 0.7694 -0.6314 0.0969
vn 0.7690 -0.6311 0.1022
vn 0.7685 -0.6307 0.1075
vn 0.7681 -0.6303 0.1128
vn 0.7676 -0.6299 0.1183
vn 0.7671 -0.6295 0.1237
vn 0.7665 -0.6291 0.1293
vn 0.7659 -0.6286 0.1349
vn 0.7653 -0.6281 0.1405
vn 0.7647 -0.6276 0.1462
vn 0.7640 -0.6270 0.1520
vn 0.7633 -0.6264 0.1579
vn 0.7626 -0.6258 0.1638
vn 0.7618 -0.6252 0.1699
vn 0.7609 -0.6245 0.1760
vn 0.7600 -0.6238 0.1823
vn 0.7592 -0.6230 0.1885
vn 0.7582 -0.6222 0.1950
vn 0.7572 -0.6214 0.2015
vn 0.7561 -0.6205 0.2081
vn 0.7550 -0.6196 0.2149
vn 0.7538 -0.6186 0.2217
vn 0.7525 -0.6176 0.2287
vn 0.7512 -0.6165 0.2359
vn 0.7498 -0.6153 0.2431
vn 0.7483 -0.6142 0.2505
vn 0.7468 -0.6129 0.2581
vn 0.7452 -0.6116 0.2658
vn 0.7435 -0.6102 0.2737
vn 0.7417 -0.6087 0.2818
vn 0.7398 -0.6071 0.2900
vn 0.7378 -0.6055 0.2985
vn 0.7356 -0.6037 0.3071
vn 0.7334 -0.6019 0.3160
vn 0.7310 -0.6000 0.3250
vn 0.7285 -0.5979 0.3344
vn 0.7259 -0.5957 0.3439
vn 0.7231 -0.5934 0.3537
vn 0.7201 -0.5909 0.3638
vn 0.7168 -0.5884 0.3741
vn 0.7135 -0.5856 0.3847
vn 0.7099 -0.5826 0.3957
vn 0.7061 -0.5795 0.4069
vn 0.7021 -0.5762 0.4184
vn 0.6978 -0.5726 0.4304
vn 0.6932 -0.5689 0.4426
vn 0.6883 -0.5648 0.4553
vn 0.6830 -0.5605 0.4683
vn 0.6774 -0.5559 0.4817
vn 0.6714 -0.5510 0.4956
vn 0.6650 -0.5457 0.5098
vn 0.6581 -0.5401 0.5246
vn 0.6507 -0.5341 0.5398
vn 0.6429 -0.5276 0.5553
vn 0.6344 -0.5206 0.5714
vn 0.6252 -0.5132 0.5881
vn 0.6155 -0.5050 0.6051
vn 0.6048 -0.4964 0.6227
vn 0.5935 -0.4871 0.6407
vn 0.5813 -0.4771 0.6592
vn 0.5682 -0.4662 0.6781
vn 0.5538 -0.4546 0.6975
vn 0.5386 -0.4420 0.7173
vn 0.5222 -0.4285 0.7373
vn 0.5045 -0.4140 0.7577
vn 0.4854 -0.3984 0.7783
vn 0.4649 -0.3816 0.7989
vn 0.4431 -0.3636 0.8194
vn 0.4195 -0.3443 0.8400
vn 0.3944 -0.3237 0.8601
vn 0.3677 -0.3017 0.8797
vn 0.3391 -0.2784 0.8986
vn 0.3092 -0.2537 0.9165
vn 0.2774 -0.2276 0.9334
vn 0.2441 -0.2003 0.9488
vn 0.2094 -0.1718 0.9626
vn 0.1733 -0.1422 0.9746
vn 0.1360 -0.1117 0.9844
vn 0.0979 -0.0803 0.9920
vn 0.0591 -0.0484 0.9971
vn 0.0197 -0.0162 0.9997
vn 0.6344 -0.7730 -0.0024
vn 0.6344 -0.7730 -0.0073
vn 0.6344 -0.7729 -0.0121
vn 0.6343 -0.7729 -0.0169
vn 0.6342 -0.7728 -0.0218
vn 0.6342 -0.7727 -0.0267
vn 0.6341 -0.7726 -0.0315
vn 0.6340 -0.7725 -0.0364
vn 0.6338 -0.7724 -0.0413
vn 0.6337 -0.7722 -0.0462
vn 0.6336 -0.7720 -0.0512
vn 0.6334 -0.7718 -0.0561
vn 0.6332 -0.7716 -0.0611
vn 0.6330 -0.7713 -0.0661
vn 0.6328 -0.7710 -0.0712
vn 0.6326 -0.7707 -0.0763
vn 0.6323 -0.7704 -0.0814
vn 0.6320 -0.7701 -0.0865
vn 0.6317 -0.7697 -0.0917
vn 0.6314 -0.7694 -0.0969
vn 0.6311 -0.7690 -0.1022
vn 0.6307 -0.7685 -0.1075
vn 0.6303 -0.7681 -0.1129
vn 0.6300 -0.7676 -0.1183
vn 0.6295 -0.7671 -0.1237
vn 0.6291 -0.7665 -0.1293
vn 0.6286 -0.7660 -0.1349
vn 0.6281 -0.7653 -0.1405
vn 0.6276 -0.7647 -0.1463
vn 0.6270 -0.7640 -0.1520
vn 0.6264 -0.7633 -0.1579
vn 0.6258 -0.7626 -0.1639
vn 0.6252 -0.7618 -0.1699
vn 0.6245 -0.7609 -0.1760
vn 0.6238 -0.7601 -0.1822
vn 0.6230 -0.7591 -0.1886
vn 0.6222 -0.7582 -0.1950
vn 0.6214 -0.7572 -0.2015
vn 0.6205 -0.7561 -0.2081
vn 0.6196 -0.7550 -0.2149
vn 0.6186 -0.7538 -0.2217
vn 0.6176 -0.7525 -0.2287
vn 0.6165 -0.7512 -0.2359
vn 0.6154 -0.7498 -0.2431
vn 0.6142 -0.7483 -0.2505
vn 0.6129 -0.7468 -0.2581
vn 0.6116 -0.7452 -0.2658
vn 0.6102 -0.7435 -0.2737
vn 0.6087 -0.7417 -0.2818
vn 0.6071 -0.7398 -0.2900
vn 0.6055 -0.7378 -0.2985
vn 0.6037 -0.7357 -0.3071
vn 0.6019 -0.7334 -0.3160
vn 0.5999 -0.7310 -0.3251
vn 0.5979 -0.7285 -0.3344
vn 0.5957 -0.7259 -0.3439
vn 0.5934 -0.7230 -0.3537
vn 0.5909 -0.7200 -0.3638
vn 0.5883 -0.7169 -0.3741
vn 0.5856 -0.7135 -0.3847
vn 0.5826 -0.7099 -0.3957
vn 0.5795 -0.7061 -0.4069
vn 0.5762 -0.7021 -0.4184
vn 0.5726 -0.6978 -0.4304
vn 0.5688 -0.6932 -0.4427
vn 0.5648 -0.6883 -0.4553
vn 0.5605 -0.6830 -0.4683
vn 0.5559 -0.6774 -0.4817
vn 0.5510 -0.6714 -0.4956
vn 0.5458 -0.6650 -0.5098
vn 0.5401 -0.6581 -0.5246
vn 0.5341 -0.6507 -0.5397
vn 0.5276 -0.6429 -0.5554
vn 0.5206 -0.6344 -0.5715
vn 0.5131 -0.6252 -0.5880
vn 0.5051 -0.6154 -0.6052
vn 0.4964 -0.6049 -0.6227
vn 0.4871 -0.5935 -0.6407
vn 0.4771 -0.5813 -0.6592
vn 0.4662 -0.5681 -0.6782
vn 0.4546 -0.5539 -0.6975
vn 0.4420 -0.5386 -0.7173
vn 0.4286 -0.5222 -0.7374
vn 0.4140 -0.5044 -0.7577
vn 0.3983 -0.4854 -0.7783
vn 0.3815 -0.4650 -0.7989
vn 0.3636 -0.4430 -0.8195
vn 0.3443 -0.4195 -0.8399
vn 0.3237 -0.3944 -0.8600
vn 0.3017 -0.3676 -0.8797
vn 0.2784 -0.3392 -0.8986
vn 0.2537 -0.3092 -0.9165
vn 0.2276 -0.2774 -0.9334
vn 0.2003 -0.2441 -0.9488
vn 0.1718 -0.2094 -0.9626
vn 0.1422 -0.1732 -0.9746
vn 0.1117 -0.1361 -0.9844
vn 0.0802 -0.0978 -0.9920
vn 0.0485 -0.0590 -0.9971
vn 0.0162 -0.0197 -0.9997
vn 0.6344 -0.7730 0.0024
vn 0.6344 -0.7730 0.0072
vn 0.6344 -0.7729 0.0121
vn 0.6343 -0.7729 0.0169
vn 0.6342 -0.7728 0.0218
vn 0.6342 -0.7727 0.0267
vn 0.6341 -0.7726 0.0315
vn 0.6340 -0.7725 0.0364
vn 0.6338 -0.7724 0.0413
vn 0.6337 -0.7722 0.0462
vn 0.6336 -0.7720 0.0512
vn 0.6334 -0.7718 0.0561
vn 0.6332 -0.7716 0.0611
vn 0.6330 -0.7713 0.0661
vn 0.6328 -0.7710 0.0712
vn 0.6326 -0.7707 0.0762
vn 0.6323 -0.7704 0.0814
vn 0.6320 -0.7701 0.0865
vn 0.6317 -0.7697 0.0917
vn 0.6314 -0.7694 0.0969
vn 0.6311 -0.7690 0.1022
vn 0.6307 -0.7685 0.1075
vn 0.6303 -0.7681 0.1128
vn 0.6300 -0.7676 0.1183
vn 0.6295 -0.7671 0.1237
vn 0.6291 -0.7665 0.1293
vn 0.6286 -0.7660 0.1349
vn 0.6281 -0.7653 0.1405
vn 0.6276 -0.7647 0.1463
vn 0.6270 -0.7640 0.1520
vn 0.6264 -0.7633 0.1579
vn 0.6258 -0.7626 0.1639
vn 0.6252 -0.7618 0.1699
vn 0.6245 -0.7609 0.1760
vn 0.6238 -0.7601 0.1822
vn 0.6230 -0.7591 0.1886
vn 0.6222 -0.7582 0.1950
vn 0.6214 -0.7572 0.2015
vn 0.6205 -0.7561 0.2081
vn 0.6196 -0.7550 0.2149
vn 0.6186 -0.7538 0.2217
vn 0.6176 -0.7525 0.2287
vn 0.6165 -0.7512 0.2359
vn 0.6154 -0.7498 0.2431
vn 0.6142 -0.7483 0.2505
vn 0.6129 -0.7468 0.2581
vn 0.6116 -0.7452 0.2658
vn 0.6102 -0.7435 0.2737
vn 0.6087 -0.7417 0.2818
vn 0.6071 -0.7398 0.2900
vn 0.6055 -0.7378 0.2985
vn 0.6037 -0.7357 0.3071
vn 0.6019 -0.7334 0.3160
vn 0.5999 -0.7310 0.3251
vn 0.5979 -0.7285 0.3344
vn 0.5957 -0.7259 0.3439
vn 0.5934 -0.7230 0.3537
vn 0.5909 -0.7200 0.3638
vn 0.5883 -0.7169 0.3741
vn 0.5856 -0.7135 0.3847
vn 0.5826 -0.7099 0.3957
vn 0.5795 -0.7061 0.4069
vn 0.5762 -0.7021 0.4184
vn 0.5726 -0.6978 0.4304
vn 0.5688 -0.6932 0.4427
vn 0.5648 -0.6883 0.4553
vn 0.5605 -0.6830 0.4683
vn 0.5559 -0.6774 0.4817
vn 0.5510 -0.6714 0.4956
vn 0.5458 -0.6650 0.5098
vn 0.5401 -0.6581 0.5246
vn 0.5341 -0.6507 0.5397
vn 0.5275 -0.6429 0.5554
vn 0.5206 -0.6344 0.5714
vn 0.5131 -0.6252 0.5880
vn 0.5051 -0.6154 0.6052
vn 0.4964 -0.6049 0.6227
vn 0.4871 -0.5935 0.6407
vn 0.4771 -0.5813 0.6592
vn 0.4662 -0.5681 0.6782
vn 0.4546 -0.5539 0.6975
vn 0.4420 -0.5386 0.7173
vn 0.4286 -0.5222 0.7374
vn 0.4140 -0.5044 0.7577
vn 0.3983 -0.4854 0.7783
vn 0.3815 -0.4650 0.7989
vn 0.3636 -0.4430 0.8195
vn 0.3443 -0.4195 0.8399
vn 0.3237 -0.3944 0.8600
vn 0.3017 -0.3676 0.8797
vn 0.2784 -0.3392 0.8986
vn 0.2537 -0.3092 0.9165
vn 0.2276 -0.2774 0.9334
vn 0.2003 -0.2441 0.9488
vn 0.1718 -0.2094 0.9626
vn 0.1422 -0.1732 0.9746
vn 0.1117 -0.1361 0.9844
vn 0.0802 -0.0978 0.9920
vn 0.0485 -0.0590 0.9971
vn 0.0162 -0.0197 0.9997
vn 0.4714 -0.8819 -0.0024
vn 0.4714 -0.8819 -0.0072
vn 0.4714 -0.8819 -0.0121
vn 0.4713 -0.8818 -0.0169
vn 0.4713 -0.8817 -0.0218
vn 0.4712 -0.8816 -0.0266
vn 0.4711 -0.8815 -0.0315
vn 0.4711 -0.8813 -0.0364
vn 0.4710 -0.8812 -0.0413
vn 0.4709 -0.8810 -0.0462
vn 0.4708 -0.8808 -0.0512
vn 0.4706 -0.8805 -0.0561
vn 0.4705 -0.8803 -0.0611
vn 0.4704 -0.8800 -0.0661
vn 0.4702 -0.8797 -0.0712
vn 0.4700 -0.8794 -0.0763
vn 0.4698 -0.8790 -0.0814
vn 0.4696 -0.8786 -0.0865
vn 0.4694 -0.8782 -0.0917
vn 0.4692 -0.8778 -0.0969
vn 0.4689 -0.8773 -0.1022
vn 0.4687 -0.8768 -0.1075
vn 0.4684 -0.8763 -0.1128
vn 0.4681 -0.8757 -0.1183
vn 0.4678 -0.8752 -0.1237
vn 0.4675 -0.8745 -0.1293
vn 0.4671 -0.8739 -0.1349
vn 0.4667 -0.8732 -0.1405
vn 0.4663 -0.8724 -0.1462
vn 0.4659 -0.8717 -0.1520
vn 0.4655 -0.8709 -0.1579
vn 0.4650 -0.8700 -0.1639
vn 0.4646 -0.8691 -0.1699
vn 0.4640 -0.8681 -0.1760
vn 0.4635 -0.8672 -0.1822
vn 0.4629 -0.8661 -0.1886
vn 0.4623 -0.8650 -0.1950
vn 0.4617 -0.8638 -0.2015
vn 0.4611 -0.8626 -0.2081
vn 0.4604 -0.8613 -0.2149
vn 0.4597 -0.8600 -0.2217
vn 0.4589 -0.8586 -0.2287
vn 0.4581 -0.8570 -0.2358
vn 0.4572 -0.8555 -0.2431
vn 0.4564 -0.8538 -0.2505
vn 0.4554 -0.8521 -0.2581
vn 0.4545 -0.8502 -0.2658
vn 0.4534 -0.8482 -0.2737
vn 0.4523 -0.8462 -0.2818
vn 0.4512 -0.8440 -0.2900
vn 0.4499 -0.8417 -0.2985
vn 0.4486 -0.8393 -0.3071
vn 0.4473 -0.8367 -0.3160
vn 0.4458 -0.8340 -0.3251
vn 0.4443 -0.8312 -0.3344
vn 0.4426 -0.8281 -0.3439
vn 0.4409 -0.8249 -0.3537
vn 0.4391 -0.8215 -0.3638
vn 0.4372 -0.8179 -0.3741
vn 0.4351 -0.8140 -0.3847
vn 0.4329 -0.8100 -0.3956
vn 0.4306 -0.8056 -0.4069
vn 0.4282 -0.8010 -0.4185
vn 0.4255 -0.7961 -0.4303
vn 0.4228 -0.7908 -0.4426
vn 0.4197 -0.7852 -0.4553
vn 0.4165 -0.7792 -0.4683
vn 0.4131 -0.7729 -0.4817
vn 0.4095 -0.7660 -0.4956
vn 0.4055 -0.7587 -0.5098
vn 0.4013 -0.7509 -0.5245
vn 0.3969 -0.7424 -0.5398
vn 0.3920 -0.7334 -0.5553
vn 0.3868 -0.7237 -0.5715
vn 0.3813 -0.7133 -0.5880
vn 0.3753 -0.7021 -0.6052
vn 0.3689 -0.6901 -0.6227
vn 0.3619 -0.6771 -0.6407
vn 0.3545 -0.6632 -0.6592
vn 0.3464 -0.6481 -0.6782
vn 0.3378 -0.6320 -0.6975
vn 0.3285 -0.6145 -0.7173
vn 0.3184 -0.5957 -0.7373
vn 0.3076 -0.5755 -0.7577
vn 0.2960 -0.5538 -0.7783
vn 0.2835 -0.5305 -0.7989
vn 0.2702 -0.5054 -0.8195
vn 0.2558 -0.4786 -0.8399
vn 0.2405 -0.4500 -0.8601
vn 0.2241 -0.4194 -0.8797
vn 0.2068 -0.3870 -0.8986
vn 0.1886 -0.3527 -0.9165
vn 0.1692 -0.3164 -0.9334
vn 0.1488 -0.2785 -0.9488
vn 0.1278 -0.2388 -0.9626
vn 0.1056 -0.1977 -0.9746
vn 0.0830 -0.1553 -0.9844
vn 0.0596 -0.1116 -0.9920
vn 0.0360 -0.0673 -0.9971
vn 0.0120 -0.0225 -0.9997
vn 0.4714 -0.8819 0.0024
vn 0.4714 -0.8819 0.0072
vn 0.4714 -0.8819 0.0121
vn 0.4713 -0.8818 0.0169
vn 0.4713 -0.8817 0.0218
vn 0.4712 -0.8816 0.0266
vn 0.4711 -0.8815 0.0315
vn 0.4711 -0.8813 0.0364
vn 0.4710 -0.8812 0.0413
vn 0.4709 -0.8810 0.0462
vn 0.4708 -0.8808 0.0512
vn 0.4706 -0.8805 0.0561
vn 0.4705 -0.8803 0.0611
vn 0.4704 -0.8800 0.0661
vn 0.4702 -0.8797 0.0712
vn 0.4700 -0.8794 0.0763
vn 0.4698 -0.8790 0.0814
vn 0.4696 -0.8786 0.0865
vn 0.4694 -0.8782 0.0917
vn 0.4692 -0.8778 0.0969
vn 0.4689 -0.8773 0.1022
vn 0.4687 -0.8768 0.1075
vn 0.4684 -0.8763 0.1128
vn 0.4681 -0.8757 0.1183
vn 0.4678 -0.8752 0.1237
vn 0.4675 -0.8745 0.1293
vn 0.4671 -0.8739 0.1349
vn 0.4667 -0.8732 0.1405
vn 0.4663 -0.8724 0.1462
vn 0.4659 -0.8717 0.1520
vn 0.4655 -0.8709 0.1579
vn 0.4650 -0.8700 0.1639
vn 0.4646 -0.8691 0.1699
vn 0.4640 -0.8681 0.1760
vn 0.4635 -0.8672 0.1822
vn 0.4629 -0.8661 0.1886
vn 0.4623 -0.8650 0.1950
vn 0.4617 -0.8638 0.2015
vn 0.4611 -0.8626 0.2081
vn 0.4604 -0.8613 0.2149
vn 0.4597 -0.8600 0.2217
vn 0.4589 -0.8586 0.2287
vn 0.4581 -0.8570 0.2358
vn 0.4572 -0.8555 0.2431
vn 0.4564 -0.8538 0.2505
vn 0.4554 -0.8521 0.2581
vn 0.4545 -0.8502 0.2658
vn 0.4534 -0.8482 0.2737
vn 0.4523 -0.8462 0.2818
vn 0.4512 -0.8440 0.2900
vn 0.4499 -0.8417 0.2985
vn 0.4486 -0.8393 0.3071
vn 0.4473 -0.8367 0.3160
vn 0.4458 -0.8340 0.3251
vn 0.4443 -0.8312 0.3344
vn 0.4426 -0.8281 0.3439
vn 0.4409 -0.8249 0.3537
vn 0.4391 -0.8215 0.3638
vn 0.4372 -0.8179 0.3741
vn 0.4351 -0.8140 0.3847
vn 0.4329 -0.8100 0.3956
vn 0.4306 -0.8056 0.4069
vn 0.4281 -0.8010 0.4185
vn 0.4255 -0.7961 0.4304
vn 0.4228 -0.7908 0.4426
vn 0.4197 -0.7852 0.4553
vn 0.4165 -0.7792 0.4683
vn 0.4131 -0.7729 0.4817
vn 0.4095 -0.7660 0.4956
vn 0.4055 -0.7587 0.5098
vn 0.4013 -0.7509 0.5245
vn 0.3969 -0.7424 0.5398
vn 0.3920 -0.7334 0.5553
vn 0.3868 -0.7237 0.5715
vn 0.3813 -0.7133 0.5880
vn 0.3753 -0.7021 0.6052
vn 0.3689 -0.6901 0.6227
vn 0.3619 -0.6771 0.6407
vn 0.3545 -0.6632 0.6592
vn 0.3464 -0.6481 0.6782
vn 0.3378 -0.6320 0.6975
vn 0.3285 -0.6145 0.7173
vn 0.3184 -0.5957 0.7374
vn 0.3076 -0.5755 0.7577
vn 0.2960 -0.5538 0.7783
vn 0.2835 -0.5305 0.7989
vn 0.2702 -0.5054 0.8195
vn 0.2558 -0.4786 0.8399
vn 0.2405 -0.4500 0.8601
vn 0.2241 -0.4194 0.8797
vn 0.2068 -0.3870 0.8986
vn 0.1886 -0.3527 0.9165
vn 0.1692 -0.3164 0.9334
vn 0.1488 -0.2785 0.9488
vn 0.1278 -0.2388 0.9626
vn 0.1056 -0.1977 0.9746
vn 0.0830 -0.1553 0.9844
vn 0.0596 -0.1116 0.9920
vn 0.0360 -0.0673 0.9971
vn 0.0120 -0.0225 0.9997
vn 0.2903 -0.9569 -0.0024
vn 0.2903 -0.9569 -0.0073
vn 0.2903 -0.9569 -0.0121
vn 0.2902 -0.9568 -0.0170
vn 0.2902 -0.9567 -0.0218
vn 0.2902 -0.9566 -0.0266
vn 0.2901 -0.9565 -0.0315
vn 0.2901 -0.9563 -0.0364
vn 0.2900 -0.9561 -0.0413
vn 0.2900 -0.9559 -0.0463
vn 0.2899 -0.9557 -0.0512
vn 0.2898 -0.9554 -0.0561
vn 0.2897 -0.9552 -0.0611
vn 0.2897 -0.9548 -0.0661
vn 0.2896 -0.9545 -0.0712
vn 0.2894 -0.9542 -0.0763
vn 0.2893 -0.9538 -0.0813
vn 0.2892 -0.9534 -0.0865
vn 0.2890 -0.9529 -0.0917
vn 0.2889 -0.9524 -0.0969
vn 0.2888 -0.9519 -0.1022
vn 0.2886 -0.9514 -0.1075
vn 0.2884 -0.9508 -0.1129
vn 0.2883 -0.9502 -0.1183
vn 0.2880 -0.9496 -0.1237
vn 0.2878 -0.9489 -0.1293
vn 0.2876 -0.9482 -0.1349
vn 0.2874 -0.9474 -0.1405
vn 0.2872 -0.9467 -0.1462
vn 0.2869 -0.9458 -0.1520
vn 0.2866 -0.9449 -0.1579
vn 0.2864 -0.9440 -0.1639
vn 0.2861 -0.9430 -0.1699
vn 0.2857 -0.9420 -0.1760
vn 0.2854 -0.9409 -0.1823
vn 0.2851 -0.9398 -0.1886
vn 0.2847 -0.9386 -0.1950
vn 0.2843 -0.9373 -0.2015
vn 0.2839 -0.9360 -0.2081
vn 0.2835 -0.9346 -0.2149
vn 0.2831 -0.9331 -0.2217
vn 0.2826 -0.9316 -0.2287
vn 0.2821 -0.9299 -0.2358
vn 0.2816 -0.9282 -0.2431
vn 0.2810 -0.9264 -0.2505
vn 0.2805 -0.9245 -0.2581
vn 0.2798 -0.9225 -0.2658
vn 0.2792 -0.9204 -0.2737
vn 0.2785 -0.9182 -0.2818
vn 0.2778 -0.9158 -0.2900
vn 0.2770 -0.9133 -0.2985
vn 0.2763 -0.9107 -0.3071
vn 0.2754 -0.9079 -0.3160
vn 0.2745 -0.9050 -0.3250
vn 0.2736 -0.9019 -0.3344
vn 0.2726 -0.8986 -0.3439
vn 0.2715 -0.8951 -0.3537
vn 0.2704 -0.8914 -0.3638
vn 0.2692 -0.8874 -0.3741
vn 0.2679 -0.8833 -0.3847
vn 0.2666 -0.8789 -0.3956
vn 0.2652 -0.8741 -0.4069
vn 0.2636 -0.8691 -0.4185
vn 0.2620 -0.8638 -0.4304
vn 0.2603 -0.8581 -0.4427
vn 0.2585 -0.8520 -0.4553
vn 0.2565 -0.8455 -0.4683
vn 0.2544 -0.8386 -0.4817
vn 0.2521 -0.8312 -0.4956
vn 0.2497 -0.8232 -0.5098
vn 0.2472 -0.8147 -0.5245
vn 0.2443 -0.8056 -0.5398
vn 0.2414 -0.7958 -0.5554
vn 0.2382 -0.7853 -0.5714
vn 0.2348 -0.7740 -0.5880
vn 0.2311 -0.7618 -0.6051
vn 0.2271 -0.7488 -0.6227
vn 0.2229 -0.7347 -0.6407
vn 0.2183 -0.7196 -0.6592
vn 0.2134 -0.7033 -0.6782
vn 0.2080 -0.6857 -0.6975
vn 0.2023 -0.6668 -0.7173
vn 0.1961 -0.6464 -0.7374
vn 0.1894 -0.6245 -0.7577
vn 0.1823 -0.6009 -0.7782
vn 0.1746 -0.5756 -0.7989
vn 0.1663 -0.5484 -0.8195
vn 0.1576 -0.5193 -0.8399
vn 0.1482 -0.4882 -0.8600
vn 0.1380 -0.4551 -0.8797
vn 0.1274 -0.4199 -0.8986
vn 0.1161 -0.3827 -0.9165
vn 0.1042 -0.3433 -0.9334
vn 0.0917 -0.3022 -0.9488
vn 0.0786 -0.2592 -0.9626
vn 0.0650 -0.2145 -0.9746
vn 0.0511 -0.1685 -0.9844
vn 0.0367 -0.1211 -0.9920
vn 0.0222 -0.0731 -0.9971
vn 0.0074 -0.0244 -0.9997
vn 0.2903 -0.9569 0.0024
vn 0.2903 -0.9569 0.0073
vn 0.2903 -0.9569 0.0121
vn 0.2902 -0.9568 0.0169
vn 0.2902 -0.9567 0.0218
vn 0.2902 -0.9566 0.0266
vn 0.2901 -0.9565 0.0315
vn 0.2901 -0.9563 0.0364
vn 0.2900 -0.9561 0.0413
vn 0.2900 -0.9559 0.0463
vn 0.2899 -0.9557 0.0512
vn 0.2898 -0.9554 0.0561
vn 0.2897 -0.9552 0.0611
vn 0.2897 -0.9548 0.0661
vn 0.2896 -0.9545 0.0712
vn 0.2894 -0.9542 0.0763
vn 0.2893 -0.9538 0.0813
vn 0.2892 -0.9534 0.0865
vn 0.2890 -0.9529 0.0917
vn 0.2889 -0.9524 0.0969
vn 0.2888 -0.9519 0.1022
vn 0.2886 -0.9514 0.1075
vn 0.2884 -0.9508 0.1129
vn 0.2883 -0.9502 0.1183
vn 0.2880 -0.9496 0.1237
vn 0.2878 -0.9489 0.1293
vn 0.2876 -0.9482 0.1349
vn 0.2874 -0.9474 0.1405
vn 0.2872 -0.9467 0.1462
vn 0.2869 -0.9458 0.1520
vn 0.2866 -0.9449 0.1579
vn 0.2864 -0.9440 0.1639
vn 0.2861 -0.9430 0.1699
vn 0.2857 -0.9420 0.1760
vn 0.2854 -0.9409 0.1823
vn 0.2851 -0.9398 0.1886
vn 0.2847 -0.9386 0.1950
vn 0.2843 -0.9373 0.2015
vn 0.2839 -0.9360 0.2081
vn 0.2835 -0.9346 0.2149
vn 0.2831 -0.9331 0.2217
vn 0.2826 -0.9316 0.2287
vn 0.2821 -0.9299 0.2358
vn 0.2816 -0.9282 0.2431
vn 0.2810 -0.9264 0.2505
vn 0.2805 -0.9245 0.2581
vn 0.2798 -0.9225 0.2658
vn 0.2792 -0.9204 0.2737
vn 0.2785 -0.9182 0.2818
vn 0.2778 -0.9158 0.2900
vn 0.2770 -0.9133 0.2985
vn 0.2763 -0.9107 0.3071
vn 0.2754 -0.9079 0.3160
vn 0.2745 -0.9050 0.3250
vn 0.2736 -0.9019 0.3344
vn 0.2726 -0.8986 0.3439
vn 0.2715 -0.8951 0.3537
vn 0.2704 -0.8914 0.3638
vn 0.2692 -0.8874 0.3741
vn 0.2679 -0.8833 0.3847
vn 0.2666 -0.8788 0.3957
vn 0.2652 -0.8741 0.4069
vn 0.2636 -0.8691 0.4185
vn 0.2620 -0.8638 0.4304
vn 0.2603 -0.8581 0.4426
vn 0.2585 -0.8520 0.4553
vn 0.2565 -0.8455 0.4683
vn 0.2544 -0.8386 0.4817
vn 0.2521 -0.8312 0.4956
vn 0.2497 -0.8232 0.5098
vn 0.2472 -0.8147 0.5245
vn 0.2443 -0.8056 0.5398
vn 0.2414 -0.7958 0.5554
vn 0.2382 -0.7853 0.5714
vn 0.2348 -0.7740 0.5880
vn 0.2311 -0.7618 0.6051
vn 0.2271 -0.7488 0.6227
vn 0.2229 -0.7347 0.6407
vn 0.2183 -0.7196 0.6592
vn 0.2134 -0.7033 0.6782
vn 0.2080 -0.6857 0.6975
vn 0.2023 -0.6668 0.7173
vn 0.1961 -0.6464 0.7374
vn 0.1894 -0.6245 0.7577
vn 0.1823 -0.6009 0.7782
vn 0.1746 -0.5756 0.7989
vn 0.1663 -0.5484 0.8195
vn 0.1576 -0.5193 0.8399
vn 0.1482 -0.4883 0.8600
vn 0.1380 -0.4551 0.8797
vn 0.1274 -0.4199 0.8986
vn 0.1161 -0.3827 0.9165
vn 0.1042 -0.3433 0.9334
vn 0.0917 -0.3022 0.9488
vn 0.0786 -0.2592 0.9626
vn 0.0650 -0.2145 0.9746
vn 0.0511 -0.1685 0.9844
vn 0.0367 -0.1211 0.9920
vn 0.0222 -0.0730 0.9971
vn 0.0074 -0.0244 0.9997
vn 0.0980 -0.9952 -0.0024
vn 0.0980 -0.9952 -0.0072
vn 0.0980 -0.9951 -0.0121
vn 0.0980 -0.9950 -0.0169
vn 0.0980 -0.9949 -0.0218
vn 0.0980 -0.9948 -0.0266
vn 0.0980 -0.9947 -0.0315
vn 0.0980 -0.9945 -0.0364
vn 0.0979 -0.9943 -0.0413
vn 0.0979 -0.9941 -0.0462
vn 0.0979 -0.9939 -0.0512
vn 0.0979 -0.9936 -0.0561
vn 0.0978 -0.9933 -0.0611
vn 0.0978 -0.9930 -0.0661
vn 0.0978 -0.9927 -0.0712
vn 0.0977 -0.9923 -0.0762
vn 0.0977 -0.9919 -0.0813
vn 0.0976 -0.9915 -0.0865
vn 0.0976 -0.9910 -0.0917
vn 0.0976 -0.9905 -0.0969
vn 0.0975 -0.9900 -0.1022
vn 0.0975 -0.9894 -0.1075
vn 0.0974 -0.9888 -0.1128
vn 0.0973 -0.9882 -0.1183
vn 0.0973 -0.9875 -0.1237
vn 0.0972 -0.9868 -0.1293
vn 0.0971 -0.9861 -0.1349
vn 0.0970 -0.9853 -0.1405
vn 0.0970 -0.9845 -0.1462
vn 0.0969 -0.9836 -0.1521
vn 0.0968 -0.9827 -0.1579
vn 0.0967 -0.9817 -0.1639
vn 0.0966 -0.9807 -0.1699
vn 0.0965 -0.9796 -0.1760
vn 0.0964 -0.9785 -0.1822
vn 0.0963 -0.9773 -0.1885
vn 0.0961 -0.9761 -0.1950
vn 0.0960 -0.9748 -0.2015
vn 0.0959 -0.9734 -0.2081
vn 0.0957 -0.9719 -0.2149
vn 0.0956 -0.9704 -0.2217
vn 0.0954 -0.9688 -0.2287
vn 0.0952 -0.9671 -0.2359
vn 0.0951 -0.9653 -0.2431
vn 0.0949 -0.9634 -0.2505
vn 0.0947 -0.9615 -0.2581
vn 0.0945 -0.9594 -0.2658
vn 0.0943 -0.9572 -0.2737
vn 0.0940 -0.9549 -0.2818
vn 0.0938 -0.9524 -0.2900
vn 0.0935 -0.9498 -0.2985
vn 0.0933 -0.9471 -0.3071
vn 0.0930 -0.9442 -0.3160
vn 0.0927 -0.9411 -0.3250
vn 0.0924 -0.9379 -0.3344
vn 0.0920 -0.9345 -0.3439
vn 0.0917 -0.9309 -0.3537
vn 0.0913 -0.9270 -0.3638
vn 0.0909 -0.9229 -0.3741
vn 0.0905 -0.9186 -0.3847
vn 0.0900 -0.9140 -0.3957
vn 0.0895 -0.9091 -0.4069
vn 0.0890 -0.9039 -0.4185
vn 0.0885 -0.8983 -0.4303
vn 0.0879 -0.8924 -0.4427
vn 0.0873 -0.8861 -0.4553
vn 0.0866 -0.8793 -0.4683
vn 0.0859 -0.8721 -0.4817
vn 0.0851 -0.8644 -0.4956
vn 0.0843 -0.8561 -0.5099
vn 0.0834 -0.8473 -0.5245
vn 0.0825 -0.8378 -0.5397
vn 0.0815 -0.8276 -0.5553
vn 0.0804 -0.8167 -0.5715
vn 0.0793 -0.8049 -0.5881
vn 0.0780 -0.7923 -0.6051
vn 0.0767 -0.7787 -0.6227
vn 0.0753 -0.7641 -0.6407
vn 0.0737 -0.7483 -0.6592
vn 0.0720 -0.7314 -0.6782
vn 0.0702 -0.7131 -0.6975
vn 0.0683 -0.6935 -0.7173
vn 0.0662 -0.6722 -0.7374
vn 0.0640 -0.6494 -0.7577
vn 0.0615 -0.6249 -0.7783
vn 0.0590 -0.5986 -0.7989
vn 0.0562 -0.5703 -0.8195
vn 0.0532 -0.5401 -0.8399
vn 0.0500 -0.5078 -0.8600
vn 0.0466 -0.4732 -0.8797
vn 0.0430 -0.4367 -0.8986
vn 0.0392 -0.3981 -0.9165
vn 0.0352 -0.3571 -0.9334
vn 0.0309 -0.3142 -0.9488
vn 0.0265 -0.2695 -0.9626
vn 0.0220 -0.2230 -0.9746
vn 0.0173 -0.1752 -0.9844
vn 0.0124 -0.1259 -0.9920
vn 0.0075 -0.0760 -0.9971
vn 0.0025 -0.0254 -0.9997
vn 0.0980 -0.9952 0.0024
vn 0.0980 -0.9952 0.0072
vn 0.0980 -0.9951 0.0121
vn 0.0980 -0.9950 0.0169
vn 0.0980 -0.9949 0.0218
vn 0.0980 -0.9948 0.0266
vn 0.0980 -0.9947 0.0315
vn 0.0980 -0.9945 0.0364
vn 0.0979 -0.9943 0.0413
vn 0.0979 -0.9941 0.0462
vn 0.0979 -0.9939 0.0512
vn 0.0979 -0.9936 0.0561
vn 0.0978 -0.9933 0.0611
vn 0.0978 -0.9930 0.0661
vn 0.0978 -0.9927 0.0712
vn 0.0977 -0.9923 0.0762
vn 0.0977 -0.9919 0.0813
vn 0.0976 -0.9915 0.0865
vn 0.0976 -0.9910 0.0917
vn 0.0976 -0.9905 0.0969
vn 0.0975 -0.9900 0.1022
vn 0.0975 -0.9894 0.1075
vn 0.0974 -0.9888 0.1128
vn 0.0973 -0.9882 0.1183
vn 0.0973 -0.9875 0.1237
vn 0.0972 -0.9868 0.1293
vn 0.0971 -0.9861 0.1349
vn 0.0970 -0.9853 0.1405
vn 0.0970 -0.9845 0.1462
vn 0.0969 -0.9836 0.1521
vn 0.0968 -0.9827 0.1579
vn 0.0967 -0.9817 0.1639
vn 0.0966 -0.9807 0.1699
vn 0.0965 -0.9796 0.1760
vn 0.0964 -0.9785 0.1822
vn 0.0963 -0.9773 0.1885
vn 0.0961 -0.9761 0.1950
vn 0.0960 -0.9748 0.2015
vn 0.0959 -0.9734 0.2081
vn 0.0957 -0.9719 0.2149
vn 0.0956 -0.9704 0.2217
vn 0.0954 -0.9688 0.2287
vn 0.0952 -0.9671 0.2359
vn 0.0951 -0.9653 0.2431
vn 0.0949 -0.9634 0.2505
vn 0.0947 -0.9615 0.2581
vn 0.0945 -0.9594 0.2658
vn 0.0943 -0.9572 0.2737
vn 0.0940 -0.9549 0.2818
vn 0.0938 -0.9524 0.2900
vn 0.0935 -0.9498 0.2985
vn 0.0933 -0.9471 0.3071
vn 0.0930 -0.9442 0.3160
vn 0.0927 -0.9411 0.3251
vn 0.0924 -0.9379 0.3344
vn 0.0920 -0.9345 0.3439
vn 0.0917 -0.9309 0.3537
vn 0.0913 -0.9270 0.3638
vn 0.0909 -0.9229 0.3741
vn 0.0905 -0.9186 0.3847
vn 0.0900 -0.9140 0.3957
vn 0.0895 -0.9091 0.4069
vn 0.0890 -0.9039 0.4185
vn 0.0885 -0.8983 0.4303
vn 0.0879 -0.8924 0.4427
vn 0.0873 -0.8861 0.4553
vn 0.0866 -0.8793 0.4683
vn 0.0859 -0.8721 0.4817
vn 0.0851 -0.8644 0.4956
vn 0.0843 -0.8561 0.5099
vn 0.0834 -0.8473 0.5245
vn 0.0825 -0.8378 0.5397
vn 0.0815 -0.8276 0.5553
vn 0.0804 -0.8167 0.5715
vn 0.0793 -0.8049 0.5881
vn 0.0780 -0.7923 0.6051
vn 0.0767 -0.7787 0.6227
vn 0.0753 -0.7641 0.6407
vn 0.0737 -0.7483 0.6592
vn 0.0720 -0.7314 0.6781
vn 0.0702 -0.7131 0.6975
vn 0.0683 -0.6935 0.7173
vn 0.0662 -0.6722 0.7374
vn 0.0640 -0.6494 0.7577
vn 0.0615 -0.6249 0.7783
vn 0.0590 -0.5986 0.7989
vn 0.0562 -0.5703 0.8195
vn 0.0532 -0.5401 0.8399
vn 0.0500 -0.5078 0.8600
vn 0.0466 -0.4732 0.8797
vn 0.0430 -0.4367 0.8986
vn 0.0392 -0.3981 0.9165
vn 0.0352 -0.3571 0.9334
vn 0.0309 -0.3142 0.9488
vn 0.0265 -0.2695 0.9626
vn 0.0220 -0.2230 0.9746
vn 0.0173 -0.1752 0.9844
vn 0.0124 -0.1259 0.9920
vn 0.0075 -0.0760 0.9971
vn 0.0025 -0.0254 0.9997
vn -0.0980 -0.9952 -0.0024
vn -0.0980 -0.9952 -0.0072
vn -0.0980 -0.9951 -0.0121
vn -0.0980 -0.9950 -0.0169
vn -0.0980 -0.9949 -0.0218
vn -0.0980 -0.9948 -0.0266
vn -0.0980 -0.9947 -0.0315
vn -0.0980 -0.9945 -0.0364
vn -0.0979 -0.9943 -0.0413
vn -0.0979 -0.9941 -0.0462
vn -0.0979 -0.9939 -0.0512
vn -0.0979 -0.9936 -0.0561
vn -0.0978 -0.9933 -0.0611
vn -0.0978 -0.9930 -0.0661
vn -0.0978 -0.9927 -0.0712
vn -0.0977 -0.9923 -0.0762
vn -0.0977 -0.9919 -0.0813
vn -0.0976 -0.9915 -0.0865
vn -0.0976 -0.9910 -0.0917
vn -0.0976 -0.9905 -0.0969
vn -0.0975 -0.9900 -0.1022
vn -0.0975 -0.9894 -0.1075
vn -0.0974 -0.9888 -0.1128
vn -0.0973 -0.9882 -0.1183
vn -0.0973 -0.9875 -0.1237
vn -0.0972 -0.9868 -0.1293
vn -0.0971 -0.9861 -0.1349
vn -0.0970 -0.9853 -0.1405
vn -0.0970 -0.9845 -0.1462
vn -0.0969 -0.9836 -0.1521
vn -0.0968 -0.9827 -0.1579
vn -0.0967 -0.9817 -0.1639
vn -0.0966 -0.9807 -0.1699
vn -0.0965 -0.9796 -0.1760
vn -0.0964 -0.9785 -0.1822
vn -0.0963 -0.9773 -0.1885
vn -0.0961 -0.9761 -0.1950
vn -0.0960 -0.9748 -0.2015
vn -0.0959 -0.9734 -0.2081
vn -0.0957 -0.9719 -0.2149
vn -0.0956 -0.9704 -0.2217
vn -0.0954 -0.9688 -0.2287
vn -0.0952 -0.9671 -0.2359
vn -0.0951 -0.9653 -0.2431
vn -0.0949 -0.9634 -0.2505
vn -0.0947 -0.9615 -0.2581
vn -0.0945 -0.9594 -0.2658
vn -0.0943 -0.9572 -0.2737
vn -0.0940 -0.9549 -0.2818
vn -0.0938 -0.9524 -0.2900
vn -0.0935 -0.9498 -0.2985
vn -0.0933 -0.9471 -0.3071
vn -0.0930 -0.9442 -0.3160
vn -0.0927 -0.9411 -0.3251
vn -0.0924 -0.9379 -0.3344
vn -0.0920 -0.9345 -0.3439
vn -0.0917 -0.9309 -0.3537
vn -0.0913 -0.9270 -0.3638
vn -0.0909 -0.9229 -0.3741
vn -0.0905 -0.9186 -0.3847
vn -0.0900 -0.9140 -0.3957
vn -0.0895 -0.9091 -0.4069
vn -0.0890 -0.9039 -0.4185
vn -0.0885 -0.8983 -0.4303
vn -0.0879 -0.8924 -0.4427
vn -0.0873 -0.8861 -0.4553
vn -0.0866 -0.8793 -0.4683
vn -0.0859 -0.8721 -0.4817
vn -0.0851 -0.8644 -0.4956
vn -0.0843 -0.8561 -0.5099
vn -0.0834 -0.8473 -0.5245
vn -0.0825 -0.8378 -0.5397
vn -0.0815 -0.8276 -0.5553
vn -0.0804 -0.8167 -0.5715
vn -0.0793 -0.8049 -0.5881
vn -0.0780 -0.7923 -0.6051
vn -0.0767 -0.7787 -0.6227
vn -0.0753 -0.7641 -0.6407
vn -0.0737 -0.7483 -0.6592
vn -0.0720 -0.7314 -0.6781
vn -0.0702 -0.7131 -0.6975
vn -0.0683 -0.6935 -0.7173
vn -0.0662 -0.6722 -0.7374
vn -0.0640 -0.6494 -0.7577
vn -0.0615 -0.6249 -0.7783
vn -0.0590 -0.5986 -0.7989
vn -0.0562 -0.5703 -0.8195
vn -0.0532 -0.5401 -0.8399
vn -0.0500 -0.5078 -0.8600
vn -0.0466 -0.4732 -0.8797
vn -0.0430 -0.4367 -0.8986
vn -0.0392 -0.3981 -0.9165
vn -0.0352 -0.3571 -0.9334
vn -0.0309 -0.3142 -0.9488
vn -0.0265 -0.2695 -0.9626
vn -0.0220 -0.2230 -0.9746
vn -0.0173 -0.1752 -0.9844
vn -0.0124 -0.1259 -0.9920
vn -0.0075 -0.0760 -0.9971
vn -0.0025 -0.0254 -0.9997
vn -0.0980 -0.9952 0.0024
vn -0.0980 -0.9952 0.0072
vn -0.0980 -0.9951 0.0121
vn -0.0980 -0.9950 0.0169
vn -0.0980 -0.9949 0.0218
vn -0.0980 -0.9948 0.0266
vn -0.0980 -0.9947 0.0315
vn -0.0980 -0.9945 0.0364
vn -0.0979 -0.9943 0.0413
vn -0.0979 -0.9941 0.0462
vn -0.0979 -0.9939 0.0512
vn -0.0979 -0.9936 0.0561
vn -0.0978 -0.9933 0.0611
vn -0.0978 -0.9930 0.0661
vn -0.0978 -0.9927 0.0712
vn -0.0977 -0.9923 0.0762
vn -0.0977 -0.9919 0.0813
vn -0.0976 -0.9915 0.0865
vn -0.0976 -0.9910 0.0917
vn -0.0976 -0.9905 0.0969
vn -0.0975 -0.9900 0.1022
vn -0.0975 -0.9894 0.1075
vn -0.0974 -0.9888 0.1128
vn -0.0973 -0.9882 0.1183
vn -0.0973 -0.9875 0.1237
vn -0.0972 -0.9868 0.1293
vn -0.0971 -0.9861 0.1349
vn -0.0970 -0.9853 0.1405
vn -0.0970 -0.9845 0.1462
vn -0.0969 -0.9836 0.1521
vn -0.0968 -0.9827 0.1579
vn -0.0967 -0.9817 0.1639
vn -0.0966 -0.9807 0.1699
vn -0.0965 -0.9796 0.1760
vn -0.0964 -0.9785 0.1822
vn -0.0963 -0.9773 0.1885
vn -0.0961 -0.9761 0.1950
vn -0.0960 -0.9748 0.2015
vn -0.0959 -0.9734 0.2081
vn -0.0957 -0.9719 0.2149
vn -0.0956 -0.9704 0.2217
vn -0.0954 -0.9688 0.2287
vn -0.0952 -0.9671 0.2359
vn -0.0951 -0.9653 0.2431
vn -0.0949 -0.9634 0.2505
vn -0.0947 -0.9615 0.2581
vn -0.0945 -0.9594 0.2658
vn -0.0943 -0.9572 0.2737
vn -0.0940 -0.9549 0.2818
vn -0.0938 -0.9524 0.2900
vn -0.0935 -0.9498 0.2985
vn -0.0933 -0.9471 0.3071
vn -0.0930 -0.9442 0.3160
vn -0.0927 -0.9411 0.3250
vn -0.0924 -0.9379 0.3344
vn -0.0920 -0.9345 0.3439
vn -0.0917 -0.9309 0.3537
vn -0.0913 -0.9270 0.3638
vn -0.0909 -0.9229 0.3741
vn -0.0905 -0.9186 0.3847
vn -0.0900 -0.9140 0.3957
vn -0.0895 -0.9091 0.4069
vn -0.0890 -0.9039 0.4185
vn -0.0885 -0.8983 0.4303
vn -0.0879 -0.8924 0.4427
vn -0.0873 -0.8861 0.4553
vn -0.0866 -0.8793 0.4683
vn -0.0859 -0.8721 0.4817
vn -0.0851 -0.8644 0.4956
vn -0.0843 -0.8561 0.5099
vn -0.0834 -0.8473 0.5245
vn -0.0825 -0.8378 0.5397
vn -0.0815 -0.8276 0.5553
vn -0.0804 -0.8167 0.5715
vn -0.0793 -0.8049 0.5881
vn -0.0780 -0.7923 0.6051
vn -0.0767 -0.7787 0.6227
vn -0.0753 -0.7641 0.6407
vn -0.0737 -0.7483 0.6592
vn -0.0720 -0.7314 0.6782
vn -0.0702 -0.7131 0.6975
vn -0.0683 -0.6935 0.7173
vn -0.0662 -0.6722 0.7374
vn -0.0640 -0.6494 0.7577
vn -0.0615 -0.6249 0.7783
vn -0.0590 -0.5986 0.7989
vn -0.0562 -0.5703 0.8195
vn -0.0532 -0.5401 0.8399
vn -0.0500 -0.5078 0.8600
vn -0.0466 -0.4732 0.8797
vn -0.0430 -0.4367 0.8986
vn -0.0392 -0.3981 0.9165
vn -0.0352 -0.3571 0.9334
vn -0.0309 -0.3142 0.9488
vn -0.0265 -0.2695 0.9626
vn -0.0220 -0.2230 0.9746
vn -0.0173 -0.1752 0.9844
vn -0.0124 -0.1259 0.9920
vn -0.0075 -0.0760 0.9971
vn -0.0025 -0.0254 0.9997
vn -0.2903 -0.9569 -0.0024
vn -0.2903 -0.9569 -0.0073
vn -0.2903 -0.9569 -0.0121
vn -0.2902 -0.9568 -0.0170
vn -0.2902 -0.9567 -0.0218
vn -0.2902 -0.9566 -0.0266
vn -0.2901 -0.9565 -0.0315
vn -0.2901 -0.9563 -0.0364
vn -0.2900 -0.9561 -0.0413
vn -0.2900 -0.9559 -0.0463
vn -0.2899 -0.9557 -0.0512
vn -0.2898 -0.9554 -0.0561
vn -0.2897 -0.9552 -0.0611
vn -0.2897 -0.9548 -0.0661
vn -0.2896 -0.9545 -0.0712
vn -0.2894 -0.9542 -0.0763
vn -0.2893 -0.9538 -0.0813
vn -0.2892 -0.9534 -0.0865
vn -0.2890 -0.9529 -0.0917
vn -0.2889 -0.9524 -0.0969
vn -0.2888 -0.9519 -0.1022
vn -0.2886 -0.9514 -0.1075
vn -0.2884 -0.9508 -0.1129
vn -0.2883 -0.9502 -0.1183
vn -0.2880 -0.9496 -0.1237
vn -0.2878 -0.9489 -0.1293
vn -0.2876 -0.9482 -0.1349
vn -0.2874 -0.9474 -0.1405
vn -0.2872 -0.9467 -0.1462
vn -0.2869 -0.9458 -0.1520
vn -0.2866 -0.9449 -0.1579
vn -0.2864 -0.9440 -0.1639
vn -0.2861 -0.9430 -0.1699
vn -0.2857 -0.9420 -0.1760
vn -0.2854 -0.9409 -0.1823
vn -0.2851 -0.9398 -0.1886
vn -0.2847 -0.9386 -0.1950
vn -0.2843 -0.9373 -0.2015
vn -0.2839 -0.9360 -0.2081
vn -0.2835 -0.9346 -0.2149
vn -0.2831 -0.9331 -0.2217
vn -0.2826 -0.9316 -0.2287
vn -0.2821 -0.9299 -0.2358
vn -0.2816 -0.9282 -0.2431
vn -0.2810 -0.9264 -0.2505
vn -0.2805 -0.9245 -0.2581
vn -0.2798 -0.9225 -0.2658
vn -0.2792 -0.9204 -0.2737
vn -0.2785 -0.9182 -0.2818
vn -0.2778 -0.9158 -0.2900
vn -0.2770 -0.9133 -0.2985
vn -0.2763 -0.9107 -0.3071
vn -0.2754 -0.9079 -0.3160
vn -0.2745 -0.9050 -0.3250
vn -0.2736 -0.9019 -0.3344
vn -0.2726 -0.8986 -0.3439
vn -0.2715 -0.8951 -0.3537
vn -0.2704 -0.8914 -0.3638
vn -0.2692 -0.8874 -0.3741
vn -0.2679 -0.8833 -0.3847
vn -0.2666 -0.8788 -0.3957
vn -0.2652 -0.8741 -0.4069
vn -0.2636 -0.8691 -0.4185
vn -0.2620 -0.8638 -0.4304
vn -0.2603 -0.8581 -0.4426
vn -0.2585 -0.8520 -0.4553
vn -0.2565 -0.8455 -0.4683
vn -0.2544 -0.8386 -0.4817
vn -0.2521 -0.8312 -0.4956
vn -0.2497 -0.8232 -0.5098
vn -0.2472 -0.8147 -0.5245
vn -0.2443 -0.8056 -0.5398
vn -0.2414 -0.7958 -0.5554
vn -0.2382 -0.7853 -0.5714
vn -0.2348 -0.7740 -0.5880
vn -0.2311 -0.7618 -0.6051
vn -0.2271 -0.7488 -0.6227
vn -0.2229 -0.7347 -0.6407
vn -0.2183 -0.7196 -0.6592
vn -0.2134 -0.7033 -0.6782
vn -0.2080 -0.6857 -0.6975
vn -0.2023 -0.6668 -0.7173
vn -0.1961 -0.6464 -0.7374
vn -0.1894 -0.6245 -0.7577
vn -0.1823 -0.6009 -0.7782
vn -0.1746 -0.5756 -0.7989
vn -0.1663 -0.5484 -0.8195
vn -0.1576 -0.5193 -0.8399
vn -0.1482 -0.4883 -0.8600
vn -0.1380 -0.4551 -0.8797
vn -0.1274 -0.4199 -0.8986
vn -0.1161 -0.3827 -0.9165
vn -0.1042 -0.3433 -0.9334
vn -0.0917 -0.3022 -0.9488
vn -0.0786 -0.2592 -0.9626
vn -0.0650 -0.2145 -0.9746
vn -0.0511 -0.1685 -0.9844
vn -0.0367 -0.1211 -0.9920
vn -0.0222 -0.0730 -0.9971
vn -0.0074 -0.0244 -0.9997
vn -0.2903 -0.9569 0.0024
vn -0.2903 -0.9569 0.0073
vn -0.2903 -0.9569 0.0121
vn -0.2902 -0.9568 0.0169
vn -0.2902 -0.9567 0.0218
vn -0.2902 -0.9566 0.0266
vn -0.2901 -0.9565 0.0315
vn -0.2901 -0.9563 0.0364
vn -0.2900 -0.9561 0.0413
vn -0.2900 -0.9559 0.0463
vn -0.2899 -0.9557 0.0512
vn -0.2898 -0.9554 0.0561
vn -0.2897 -0.9552 0.0611
vn -0.2897 -0.9548 0.0661
vn -0.2896 -0.9545 0.0712
vn -0.2894 -0.9542 0.0763
vn -0.2893 -0.9538 0.0813
vn -0.2892 -0.9534 0.0865
vn -0.2890 -0.9529 0.0917
vn -0.2889 -0.9524 0.0969
vn -0.2888 -0.9519 0.1022
vn -0.2886 -0.9514 0.1075
vn -0.2884 -0.9508 0.1129
vn -0.2883 -0.9502 0.1183
vn -0.2880 -0.9496 0.1237
vn -0.2878 -0.9489 0.1293
vn -0.2876 -0.9482 0.1349
vn -0.2874 -0.9474 0.1405
vn -0.2872 -0.9467 0.1462
vn -0.2869 -0.9458 0.1520
vn -0.2866 -0.9449 0.1579
vn -0.2864 -0.9440 0.1639
vn -0.2861 -0.9430 0.1699
vn -0.2857 -0.9420 0.1760
vn -0.2854 -0.9409 0.1823
vn -0.2851 -0.9398 0.1886
vn -0.2847 -0.9386 0.1950
vn -0.2843 -0.9373 0.2015
vn -0.2839 -0.9360 0.2081
vn -0.2835 -0.9346 0.2149
vn -0.2831 -0.9331 0.2217
vn -0.2826 -0.9316 0.2287
vn -0.2821 -0.9299 0.2358
vn -0.2816 -0.9282 0.2431
vn -0.2810 -0.9264 0.2505
vn -0.2805 -0.9245 0.2581
vn -0.2798 -0.9225 0.2658
vn -0.2792 -0.9204 0.2737
vn -0.2785 -0.9182 0.2818
vn -0.2778 -0.9158 0.2900
vn -0.2770 -0.9133 0.2985
vn -0.2763 -0.9107 0.3071
vn -0.2754 -0.9079 0.3160
vn -0.2745 -0.9050 0.3250
vn -0.2736 -0.9019 0.3344
vn -0.2726 -0.8986 0.3439
vn -0.2715 -0.8951 0.3537
vn -0.2704 -0.8914 0.3638
vn -0.2692 -0.8874 0.3741
vn -0.2679 -0.8833 0.3847
vn -0.2666 -0.8789 0.3956
vn -0.2652 -0.8741 0.4069
vn -0.2636 -0.8691 0.4185
vn -0.2620 -0.8638 0.4304
vn -0.2603 -0.8581 0.4427
vn -0.2585 -0.8520 0.4553
vn -0.2565 -0.8455 0.4683
vn -0.2544 -0.8386 0.4817
vn -0.2521 -0.8312 0.4956
vn -0.2497 -0.8232 0.5098
vn -0.2472 -0.8147 0.5245
vn -0.2443 -0.8056 0.5398
vn -0.2414 -0.7958 0.5554
vn -0.2382 -0.7853 0.5714
vn -0.2348 -0.7740 0.5880
vn -0.2311 -0.7618 0.6051
vn -0.2271 -0.7488 0.6227
vn -0.2229 -0.7347 0.6407
vn -0.2183 -0.7196 0.6592
vn -0.2134 -0.7033 0.6782
vn -0.2080 -0.6857 0.6975
vn -0.2023 -0.6668 0.7173
vn -0.1961 -0.6464 0.7374
vn -0.1894 -0.6245 0.7577
vn -0.1823 -0.6009 0.7782
vn -0.1746 -0.5756 0.7989
vn -0.1663 -0.5484 0.8195
vn -0.1576 -0.5193 0.8399
vn -0.1482 -0.4882 0.8600
vn -0.1380 -0.4551 0.8797
vn -0.1274 -0.4199 0.8986
vn -0.1161 -0.3827 0.9165
vn -0.1042 -0.3433 0.9334
vn -0.0917 -0.3022 0.9488
vn -0.0786 -0.2592 0.9626
vn -0.0650 -0.2145 0.9746
vn -0.0511 -0.1685 0.9844
vn -0.0367 -0.1211 0.9920
vn -0.0222 -0.0731 0.9971
vn -0.0074 -0.0244 0.9997
vn -0.4714 -0.8819 -0.0024
vn -0.4714 -0.8819 -0.0072
vn -0.4714 -0.8819 -0.0121
vn -0.4713 -0.8818 -0.0169
vn -0.4713 -0.8817 -0.0218
vn -0.4712 -0.8816 -0.0266
vn -0.4711 -0.8815 -0.0315
vn -0.4711 -0.8813 -0.0364
vn -0.4710 -0.8812 -0.0413
vn -0.4709 -0.8810 -0.0462
vn -0.4708 -0.8808 -0.0512
vn -0.4706 -0.8805 -0.0561
vn -0.4705 -0.8803 -0.0611
vn -0.4704 -0.8800 -0.0661
vn -0.4702 -0.8797 -0.0712
vn -0.4700 -0.8794 -0.0763
vn -0.4698 -0.8790 -0.0814
vn -0.4696 -0.8786 -0.0865
vn -0.4694 -0.8782 -0.0917
vn -0.4692 -0.8778 -0.0969
vn -0.4689 -0.8773 -0.1022
vn -0.4687 -0.8768 -0.1075
vn -0.4684 -0.8763 -0.1128
vn -0.4681 -0.8757 -0.1183
vn -0.4678 -0.8752 -0.1237
vn -0.4675 -0.8745 -0.1293
vn -0.4671 -0.8739 -0.1349
vn -0.4667 -0.8732 -0.1405
vn -0.4663 -0.8724 -0.1462
vn -0.4659 -0.8717 -0.1520
vn -0.4655 -0.8709 -0.1579
vn -0.4650 -0.8700 -0.1639
vn -0.4646 -0.8691 -0.1699
vn -0.4640 -0.8681 -0.1760
vn -0.4635 -0.8672 -0.1822
vn -0.4629 -0.8661 -0.1886
vn -0.4623 -0.8650 -0.1950
vn -0.4617 -0.8638 -0.2015
vn -0.4611 -0.8626 -0.2081
vn -0.4604 -0.8613 -0.2149
vn -0.4597 -0.8600 -0.2217
vn -0.4589 -0.8586 -0.2287
vn -0.4581 -0.8570 -0.2358
vn -0.4572 -0.8555 -0.2431
vn -0.4564 -0.8538 -0.2505
vn -0.4554 -0.8521 -0.2581
vn -0.4545 -0.8502 -0.2658
vn -0.4534 -0.8482 -0.2737
vn -0.4523 -0.8462 -0.2818
vn -0.4512 -0.8440 -0.2900
vn -0.4499 -0.8417 -0.2985
vn -0.4486 -0.8393 -0.3071
vn -0.4473 -0.8367 -0.3160
vn -0.4458 -0.8340 -0.3251
vn -0.4443 -0.8312 -0.3344
vn -0.4426 -0.8281 -0.3439
vn -0.4409 -0.8249 -0.3537
vn -0.4391 -0.8215 -0.3638
vn -0.4372 -0.8179 -0.3741
vn -0.4351 -0.8140 -0.3847
vn -0.4329 -0.8100 -0.3956
vn -0.4306 -0.8056 -0.4069
vn -0.4281 -0.8010 -0.4185
vn -0.4255 -0.7961 -0.4304
vn -0.4228 -0.7908 -0.4426
vn -0.4197 -0.7852 -0.4553
vn -0.4165 -0.7792 -0.4683
vn -0.4131 -0.7729 -0.4817
vn -0.4095 -0.7660 -0.4956
vn -0.4055 -0.7587 -0.5098
vn -0.4013 -0.7509 -0.5245
vn -0.3969 -0.7424 -0.5398
vn -0.3920 -0.7334 -0.5553
vn -0.3868 -0.7237 -0.5715
vn -0.3813 -0.7133 -0.5880
vn -0.3753 -0.7021 -0.6052
vn -0.3689 -0.6901 -0.6227
vn -0.3619 -0.6771 -0.6407
vn -0.3545 -0.6632 -0.6592
vn -0.3464 -0.6481 -0.6782
vn -0.3378 -0.6320 -0.6975
vn -0.3285 -0.6145 -0.7173
vn -0.3184 -0.5957 -0.7374
vn -0.3076 -0.5755 -0.7577
vn -0.2960 -0.5538 -0.7783
vn -0.2835 -0.5305 -0.7989
vn -0.2702 -0.5054 -0.8195
vn -0.2558 -0.4786 -0.8399
vn -0.2405 -0.4500 -0.8601
vn -0.2241 -0.4194 -0.8797
vn -0.2068 -0.3870 -0.8986
vn -0.1886 -0.3527 -0.9165
vn -0.1692 -0.3164 -0.9334
vn -0.1488 -0.2785 -0.9488
vn -0.1278 -0.2388 -0.9626
vn -0.1056 -0.1977 -0.9746
vn -0.0830 -0.1553 -0.9844
vn -0.0596 -0.1116 -0.9920
vn -0.0360 -0.0673 -0.9971
vn -0.0120 -0.0225 -0.9997
vn -0.4714 -0.8819 0.0024
vn -0.4714 -0.8819 0.0072
vn -0.4714 -0.8819 0.0121
vn -0.4713 -0.8818 0.0169
vn -0.4713 -0.8817 0.0218
vn -0.4712 -0.8816 0.0266
vn -0.4711 -0.8815 0.0315
vn -0.4711 -0.8813 0.0364
vn -0.4710 -0.8812 0.0413
vn -0.4709 -0.8810 0.0462
vn -0.4708 -0.8808 0.0512
vn -0.4706 -0.8805 0.0561
vn -0.4705 -0.8803 0.0611
vn -0.4704 -0.8800 0.0661
vn -0.4702 -0.8797 0.0712
vn -0.4700 -0.8794 0.0763
vn -0.4698 -0.8790 0.0814
vn -0.4696 -0.8786 0.0865
vn -0.4694 -0.8782 0.0917
vn -0.4692 -0.8778 0.0969
vn -0.4689 -0.8773 0.1022
vn -0.4687 -0.8768 0.1075
vn -0.4684 -0.8763 0.1128
vn -0.4681 -0.8757 0.1183
vn -0.4678 -0.8752 0.1237
vn -0.4675 -0.8745 0.1293
vn -0.4671 -0.8739 0.1349
vn -0.4667 -0.8732 0.1405
vn -0.4663 -0.8724 0.1462
vn -0.4659 -0.8717 0.1520
vn -0.4655 -0.8709 0.1579
vn -0.4650 -0.8700 0.1639
vn -0.4646 -0.8691 0.1699
vn -0.4640 -0.8681 0.1760
vn -0.4635 -0.8672 0.1822
vn -0.4629 -0.8661 0.1886
vn -0.4623 -0.8650 0.1950
vn -0.4617 -0.8638 0.2015
vn -0.4611 -0.8626 0.2081
vn -0.4604 -0.8613 0.2149
vn -0.4597 -0.8600 0.2217
vn -0.4589 -0.8586 0.2287
vn -0.4581 -0.8570 0.2358
vn -0.4572 -0.8555 0.2431
vn -0.4564 -0.8538 0.2505
vn -0.4554 -0.8521 0.2581
vn -0.4545 -0.8502 0.2658
vn -0.4534 -0.8482 0.2737
vn -0.4523 -0.8462 0.2818
vn -0.4512 -0.8440 0.2900
vn -0.4499 -0.8417 0.2985
vn -0.4486 -0.8393 0.3071
vn -0.4473 -0.8367 0.3160
vn -0.4458 -0.8340 0.3251
vn -0.4443 -0.8312 0.3344
vn -0.4426 -0.8281 0.3439
vn -0.4409 -0.8249 0.3537
vn -0.4391 -0.8215 0.3638
vn -0.4372 -0.8179 0.3741
vn -0.4351 -0.8140 0.3847
vn -0.4329 -0.8100 0.3956
vn -0.4306 -0.8056 0.4069
vn -0.4282 -0.8010 0.4185
vn -0.4255 -0.7961 0.4303
vn -0.4228 -0.7908 0.4426
vn -0.4197 -0.7852 0.4553
vn -0.4165 -0.7792 0.4683
vn -0.4131 -0.7729 0.4817
vn -0.4095 -0.7660 0.4956
vn -0.4055 -0.7587 0.5098
vn -0.4013 -0.7509 0.5245
vn -0.3969 -0.7424 0.5398
vn -0.3920 -0.7334 0.5553
vn -0.3868 -0.7237 0.5715
vn -0.3813 -0.7133 0.5880
vn -0.3753 -0.7021 0.6052
vn -0.3689 -0.6901 0.6227
vn -0.3619 -0.6771 0.6407
vn -0.3545 -0.6632 0.6592
vn -0.3464 -0.6481 0.6782
vn -0.3378 -0.6320 0.6975
vn -0.3285 -0.6145 0.7173
vn -0.3184 -0.5957 0.7373
vn -0.3076 -0.5755 0.7577
vn -0.2960 -0.5538 0.7783
vn -0.2835 -0.5305 0.7989
vn -0.2702 -0.5054 0.8195
vn -0.2558 -0.4786 0.8399
vn -0.2405 -0.4500 0.8601
vn -0.2241 -0.4194 0.8797
vn -0.2068 -0.3870 0.8986
vn -0.1886 -0.3527 0.9165
vn -0.1692 -0.3164 0.9334
vn -0.1488 -0.2785 0.9488
vn -0.1278 -0.2388 0.9626
vn -0.1056 -0.1977 0.9746
vn -0.0830 -0.1553 0.9844
vn -0.0596 -0.1116 0.9920
vn -0.0360 -0.0673 0.9971
vn -0.0120 -0.0225 0.9997
vn -0.6344 -0.7730 -0.0024
vn -0.6344 -0.7730 -0.0073
vn -0.6344 -0.7729 -0.0121
vn -0.6343 -0.7729 -0.0169
vn -0.6342 -0.7728 -0.0218
vn -0.6342 -0.7727 -0.0267
vn -0.6341 -0.7726 -0.0315
vn -0.6340 -0.7725 -0.0364
vn -0.6338 -0.7724 -0.0413
vn -0.6337 -0.7722 -0.0462
vn -0.6336 -0.7720 -0.0512
vn -0.6334 -0.7718 -0.0561
vn -0.6332 -0.7716 -0.0611
vn -0.6330 -0.7713 -0.0661
vn -0.6328 -0.7710 -0.0712
vn -0.6326 -0.7707 -0.0763
vn -0.6323 -0.7704 -0.0814
vn -0.6320 -0.7701 -0.0865
vn -0.6317 -0.7697 -0.0917
vn -0.6314 -0.7694 -0.0969
vn -0.6311 -0.7690 -0.1022
vn -0.6307 -0.7685 -0.1075
vn -0.6303 -0.7681 -0.1129
vn -0.6300 -0.7676 -0.1183
vn -0.6295 -0.7671 -0.1237
vn -0.6291 -0.7665 -0.1293
vn -0.6286 -0.7660 -0.1349
vn -0.6281 -0.7653 -0.1405
vn -0.6276 -0.7647 -0.1463
vn -0.6270 -0.7640 -0.1520
vn -0.6264 -0.7633 -0.1579
vn -0.6258 -0.7626 -0.1639
vn -0.6252 -0.7618 -0.1699
vn -0.6245 -0.7609 -0.1760
vn -0.6238 -0.7601 -0.1822
vn -0.6230 -0.7591 -0.1886
vn -0.6222 -0.7582 -0.1950
vn -0.6214 -0.7572 -0.2015
vn -0.6205 -0.7561 -0.2081
vn -0.6196 -0.7550 -0.2149
vn -0.6186 -0.7538 -0.2217
vn -0.6176 -0.7525 -0.2287
vn -0.6165 -0.7512 -0.2359
vn -0.6154 -0.7498 -0.2431
vn -0.6142 -0.7483 -0.2505
vn -0.6129 -0.7468 -0.2581
vn -0.6116 -0.7452 -0.2658
vn -0.6102 -0.7435 -0.2737
vn -0.6087 -0.7417 -0.2818
vn -0.6071 -0.7398 -0.2900
vn -0.6055 -0.7378 -0.2985
vn -0.6037 -0.7357 -0.3071
vn -0.6019 -0.7334 -0.3160
vn -0.5999 -0.7310 -0.3251
vn -0.5979 -0.7285 -0.3344
vn -0.5957 -0.7259 -0.3439
vn -0.5934 -0.7230 -0.3537
vn -0.5909 -0.7200 -0.3638
vn -0.5883 -0.7169 -0.3741
vn -0.5856 -0.7135 -0.3847
vn -0.5826 -0.7099 -0.3957
vn -0.5795 -0.7061 -0.4069
vn -0.5762 -0.7021 -0.4184
vn -0.5726 -0.6978 -0.4304
vn -0.5688 -0.6932 -0.4427
vn -0.5648 -0.6883 -0.4553
vn -0.5605 -0.6830 -0.4683
vn -0.5559 -0.6774 -0.4817
vn -0.5510 -0.6714 -0.4956
vn -0.5458 -0.6650 -0.5098
vn -0.5401 -0.6581 -0.5246
vn -0.5341 -0.6507 -0.5397
vn -0.5275 -0.6429 -0.5554
vn -0.5206 -0.6344 -0.5714
vn -0.5131 -0.6252 -0.5880
vn -0.5051 -0.6154 -0.6052
vn -0.4964 -0.6049 -0.6227
vn -0.4871 -0.5935 -0.6407
vn -0.4771 -0.5813 -0.6592
vn -0.4662 -0.5681 -0.6782
vn -0.4546 -0.5539 -0.6975
vn -0.4420 -0.5386 -0.7173
vn -0.4286 -0.5222 -0.7374
vn -0.4140 -0.5044 -0.7577
vn -0.3983 -0.4854 -0.7783
vn -0.3815 -0.4650 -0.7989
vn -0.3636 -0.4430 -0.8195
vn -0.3443 -0.4195 -0.8399
vn -0.3237 -0.3944 -0.8600
vn -0.3017 -0.3676 -0.8797
vn -0.2784 -0.3392 -0.8986
vn -0.2537 -0.3092 -0.9165
vn -0.2276 -0.2774 -0.9334
vn -0.2003 -0.2441 -0.9488
vn -0.1718 -0.2094 -0.9626
vn -0.1422 -0.1732 -0.9746
vn -0.1117 -0.1361 -0.9844
vn -0.0802 -0.0978 -0.9920
vn -0.0485 -0.0590 -0.9971
vn -0.0162 -0.0197 -0.9997
vn -0.6344 -0.7730 0.0024
vn -0.6344 -0.7730 0.0072
vn -0.6344 -0.7729 0.0121
vn -0.6343 -0.7729 0.0169
vn -0.6342 -0.7728 0.0218
vn -0.6342 -0.7727 0.0267
vn -0.6341 -0.7726 0.0315
vn -0.6340 -0.7725 0.0364
vn -0.6338 -0.7724 0.0413
vn -0.6337 -0.7722 0.0462
vn -0.6336 -0.7720 0.0512
vn -0.6334 -0.7718 0.0561
vn -0.6332 -0.7716 0.0611
vn -0.6330 -0.7713 0.0661
vn -0.6328 -0.7710 0.0712
vn -0.6326 -0.7707 0.0762
vn -0.6323 -0.7704 0.0814
vn -0.6320 -0.7701 0.0865
vn -0.6317 -0.7697 0.0917
vn -0.6314 -0.7694 0.0969
vn -0.6311 -0.7690 0.1022
vn -0.6307 -0.7685 0.1075
vn -0.6303 -0.7681 0.1128
vn -0.6300 -0.7676 0.1183
vn -0.6295 -0.7671 0.1237
vn -0.6291 -0.7665 0.1293
vn -0.6286 -0.7660 0.1349
vn -0.6281 -0.7653 0.1405
vn -0.6276 -0.7647 0.1463
vn -0.6270 -0.7640 0.1520
vn -0.6264 -0.7633 0.1579
vn -0.6258 -0.7626 0.1639
vn -0.6252 -0.7618 0.1699
vn -0.6245 -0.7609 0.1760
vn -0.6238 -0.7601 0.1822
vn -0.6230 -0.7591 0.1886
vn -0.6222 -0.7582 0.1950
vn -0.6214 -0.7572 0.2015
vn -0.6205 -0.7561 0.2081
vn -0.6196 -0.7550 0.2149
vn -0.6186 -0.7538 0.2217
vn -0.6176 -0.7525 0.2287
vn -0.6165 -0.7512 0.2359
vn -0.6154 -0.7498 0.2431
vn -0.6142 -0.7483 0.2505
vn -0.6129 -0.7468 0.2581
vn -0.6116 -0.7452 0.2658
vn -0.6102 -0.7435 0.2737
vn -0.6087 -0.7417 0.2818
vn -0.6071 -0.7398 0.2900
vn -0.6055 -0.7378 0.2985
vn -0.6037 -0.7357 0.3071
vn -0.6019 -0.7334 0.3160
vn -0.5999 -0.7310 0.3251
vn -0.5979 -0.7285 0.3344
vn -0.5957 -0.7259 0.3439
vn -0.5934 -0.7230 0.3537
vn -0.5909 -0.7200 0.3638
vn -0.5883 -0.7169 0.3741
vn -0.5856 -0.7135 0.3847
vn -0.5826 -0.7099 0.3957
vn -0.5795 -0.7061 0.4069
vn -0.5762 -0.7021 0.4184
vn -0.5726 -0.6978 0.4304
vn -0.5688 -0.6932 0.4427
vn -0.5648 -0.6883 0.4553
vn -0.5605 -0.6830 0.4683
vn -0.5559 -0.6774 0.4817
vn -0.5510 -0.6714 0.4956
vn -0.5458 -0.6650 0.5098
vn -0.5401 -0.6581 0.5246
vn -0.5341 -0.6507 0.5397
vn -0.5276 -0.6429 0.5554
vn -0.5206 -0.6344 0.5715
vn -0.5131 -0.6252 0.5880
vn -0.5051 -0.6154 0.6052
vn -0.4964 -0.6049 0.6227
vn -0.4871 -0.5935 0.6407
vn -0.4771 -0.5813 0.6592
vn -0.4662 -0.5681 0.6782
vn -0.4546 -0.5539 0.6975
vn -0.4420 -0.5386 0.7173
vn -0.4286 -0.5222 0.7374
vn -0.4140 -0.5044 0.7577
vn -0.3983 -0.4854 0.7783
vn -0.3815 -0.4650 0.7989
vn -0.3636 -0.4430 0.8195
vn -0.3443 -0.4195 0.8399
vn -0.3237 -0.3944 0.8600
vn -0.3017 -0.3676 0.8797
vn -0.2784 -0.3392 0.8986
vn -0.2537 -0.3092 0.9165
vn -0.2276 -0.2774 0.9334
vn -0.2003 -0.2441 0.9488
vn -0.1718 -0.2094 0.9626
vn -0.1422 -0.1732 0.9746
vn -0.1117 -0.1361 0.9844
vn -0.0802 -0.0978 0.9920
vn -0.0485 -0.0590 0.9971
vn -0.0162 -0.0197 0.9997
vn -0.7730 -0.6344 -0.0024
vn -0.7730 -0.6344 -0.0073
vn -0.7730 -0.6343 -0.0121
vn -0.7729 -0.6343 -0.0169
vn -0.7728 -0.6342 -0.0218
vn -0.7727 -0.6342 -0.0267
vn -0.7726 -0.6341 -0.0315
vn -0.7725 -0.6340 -0.0364
vn -0.7724 -0.6338 -0.0413
vn -0.7722 -0.6337 -0.0462
vn -0.7720 -0.6336 -0.0512
vn -0.7718 -0.6334 -0.0561
vn -0.7716 -0.6332 -0.0611
vn -0.7713 -0.6330 -0.0661
vn -0.7711 -0.6327 -0.0712
vn -0.7708 -0.6325 -0.0763
vn -0.7704 -0.6323 -0.0813
vn -0.7701 -0.6320 -0.0865
vn -0.7697 -0.6317 -0.0917
vn -0.7694 -0.6314 -0.0969
vn -0.7690 -0.6311 -0.1022
vn -0.7685 -0.6307 -0.1075
vn -0.7681 -0.6303 -0.1128
vn -0.7676 -0.6299 -0.1183
vn -0.7671 -0.6295 -0.1237
vn -0.7665 -0.6291 -0.1293
vn -0.7659 -0.6286 -0.1349
vn -0.7653 -0.6281 -0.1405
vn -0.7647 -0.6276 -0.1462
vn -0.7640 -0.6270 -0.1520
vn -0.7633 -0.6264 -0.1579
vn -0.7626 -0.6258 -0.1638
vn -0.7618 -0.6252 -0.1699
vn -0.7609 -0.6245 -0.1760
vn -0.7600 -0.6238 -0.1823
vn -0.7592 -0.6230 -0.1885
vn -0.7582 -0.6222 -0.1950
vn -0.7572 -0.6214 -0.2015
vn -0.7561 -0.6205 -0.2081
vn -0.7550 -0.6196 -0.2149
vn -0.7538 -0.6186 -0.2217
vn -0.7525 -0.6176 -0.2287
vn -0.7512 -0.6165 -0.2359
vn -0.7498 -0.6153 -0.2431
vn -0.7483 -0.6142 -0.2505
vn -0.7468 -0.6129 -0.2581
vn -0.7452 -0.6116 -0.2658
vn -0.7435 -0.6102 -0.2737
vn -0.7417 -0.6087 -0.2818
vn -0.7398 -0.6071 -0.2900
vn -0.7378 -0.6055 -0.2985
vn -0.7356 -0.6037 -0.3071
vn -0.7334 -0.6019 -0.3160
vn -0.7310 -0.6000 -0.3250
vn -0.7285 -0.5979 -0.3344
vn -0.7259 -0.5957 -0.3439
vn -0.7231 -0.5934 -0.3537
vn -0.7201 -0.5909 -0.3638
vn -0.7168 -0.5884 -0.3741
vn -0.7135 -0.5856 -0.3847
vn -0.7099 -0.5826 -0.3957
vn -0.7061 -0.5795 -0.4069
vn -0.7021 -0.5762 -0.4184
vn -0.6978 -0.5726 -0.4304
vn -0.6932 -0.5689 -0.4426
vn -0.6883 -0.5648 -0.4553
vn -0.6830 -0.5605 -0.4683
vn -0.6774 -0.5559 -0.4817
vn -0.6714 -0.5510 -0.4956
vn -0.6650 -0.5457 -0.5098
vn -0.6581 -0.5401 -0.5246
vn -0.6507 -0.5341 -0.5398
vn -0.6429 -0.5276 -0.5553
vn -0.6344 -0.5206 -0.5714
vn -0.6252 -0.5132 -0.5881
vn -0.6155 -0.5050 -0.6051
vn -0.6048 -0.4964 -0.6227
vn -0.5935 -0.4871 -0.6407
vn -0.5813 -0.4771 -0.6592
vn -0.5682 -0.4662 -0.6781
vn -0.5538 -0.4546 -0.6975
vn -0.5386 -0.4420 -0.7173
vn -0.5222 -0.4285 -0.7373
vn -0.5045 -0.4140 -0.7577
vn -0.4854 -0.3984 -0.7783
vn -0.4649 -0.3816 -0.7989
vn -0.4431 -0.3636 -0.8194
vn -0.4195 -0.3443 -0.8400
vn -0.3944 -0.3237 -0.8601
vn -0.3677 -0.3017 -0.8797
vn -0.3391 -0.2784 -0.8986
vn -0.3092 -0.2537 -0.9165
vn -0.2774 -0.2276 -0.9334
vn -0.2441 -0.2003 -0.9488
vn -0.2094 -0.1718 -0.9626
vn -0.1733 -0.1422 -0.9746
vn -0.1360 -0.1117 -0.9844
vn -0.0979 -0.0803 -0.9920
vn -0.0591 -0.0484 -0.9971
vn -0.0197 -0.0162 -0.9997
vn -0.7730 -0.6344 0.0024
vn -0.7730 -0.6344 0.0073
vn -0.7730 -0.6343 0.0121
vn -0.7729 -0.6343 0.0169
vn -0.7728 -0.6342 0.0218
vn -0.7727 -0.6342 0.0267
vn -0.7726 -0.6341 0.0315
vn -0.7725 -0.6340 0.0364
vn -0.7724 -0.6338 0.0413
vn -0.7722 -0.6337 0.0462
vn -0.7720 -0.6336 0.0512
vn -0.7718 -0.6334 0.0561
vn -0.7716 -0.6332 0.0611
vn -0.7713 -0.6330 0.0661
vn -0.7711 -0.6327 0.0712
vn -0.7708 -0.6325 0.0763
vn -0.7704 -0.6323 0.0813
vn -0.7701 -0.6320 0.0865
vn -0.7697 -0.6317 0.0917
vn -0.7694 -0.6314 0.0969
vn -0.7690 -0.6311 0.1022
vn -0.7685 -0.6307 0.1075
vn -0.7681 -0.6303 0.1128
vn -0.7676 -0.6299 0.1183
vn -0.7671 -0.6295 0.1237
vn -0.7665 -0.6291 0.1293
vn -0.7659 -0.6286 0.1349
vn -0.7653 -0.6281 0.1405
vn -0.7647 -0.6276 0.1462
vn -0.7640 -0.6270 0.1520
vn -0.7633 -0.6264 0.1579
vn -0.7626 -0.6258 0.1638
vn -0.7618 -0.6252 0.1699
vn -0.7609 -0.6245 0.1760
vn -0.7600 -0.6238 0.1823
vn -0.7592 -0.6230 0.1885
vn -0.7582 -0.6222 0.1950
vn -0.7572 -0.6214 0.2015
vn -0.7561 -0.6205 0.2081
vn -0.7550 -0.6196 0.2149
vn -0.7538 -0.6186 0.2217
vn -0.7525 -0.6176 0.2287
vn -0.7512 -0.6165 0.2359
vn -0.7498 -0.6153 0.2431
vn -0.7483 -0.6142 0.2505
vn -0.7468 -0.6129 0.2581
vn -0.7452 -0.6116 0.2658
vn -0.7435 -0.6102 0.2737
vn -0.7417 -0.6087 0.2818
vn -0.7398 -0.6071 0.2900
vn -0.7378 -0.6055 0.2985
vn -0.7356 -0.6037 0.3071
vn -0.7334 -0.6019 0.3160
vn -0.7310 -0.6000 0.3250
vn -0.7285 -0.5979 0.3344
vn -0.7259 -0.5957 0.3439
vn -0.7231 -0.5934 0.3537
vn -0.7201 -0.5909 0.3638
vn -0.7168 -0.5884 0.3741
vn -0.7135 -0.5856 0.3847
vn -0.7099 -0.5826 0.3957
vn -0.7061 -0.5795 0.4069
vn -0.7021 -0.5762 0.4184
vn -0.6978 -0.5726 0.4304
vn -0.6932 -0.5689 0.4426
vn -0.6883 -0.5648 0.4553
vn -0.6830 -0.5605 0.4683
vn -0.6774 -0.5559 0.4817
vn -0.6714 -0.5510 0.4956
vn -0.6650 -0.5457 0.5098
vn -0.6581 -0.5401 0.5246
vn -0.6507 -0.5341 0.5398
vn -0.6429 -0.5276 0.5553
vn -0.6344 -0.5206 0.5714
vn -0.6252 -0.5132 0.5881
vn -0.6155 -0.5050 0.6051
vn -0.6048 -0.4964 0.6227
vn -0.5935 -0.4871 0.6407
vn -0.5813 -0.4771 0.6592
vn -0.5682 -0.4662 0.6781
vn -0.5538 -0.4546 0.6975
vn -0.5386 -0.4420 0.7173
vn -0.5222 -0.4285 0.7373
vn -0.5045 -0.4140 0.7577
vn -0.4854 -0.3984 0.7783
vn -0.4649 -0.3816 0.7989
vn -0.4431 -0.3636 0.8194
vn -0.4195 -0.3443 0.8400
vn -0.3944 -0.3237 0.8601
vn -0.3677 -0.3017 0.8797
vn -0.3391 -0.2784 0.8986
vn -0.3092 -0.2537 0.9165
vn -0.2774 -0.2276 0.9334
vn -0.2441 -0.2003 0.9488
vn -0.2094 -0.1718 0.9626
vn -0.1733 -0.1422 0.9746
vn -0.1360 -0.1117 0.9844
vn -0.0979 -0.0803 0.9920
vn -0.0591 -0.0484 0.9971
vn -0.0197 -0.0162 0.9997
vn -0.8819 -0.4714 -0.0024
vn -0.8819 -0.4714 -0.0072
vn -0.8819 -0.4714 -0.0121
vn -0.8818 -0.4713 -0.0169
vn -0.8817 -0.4713 -0.0218
vn -0.8816 -0.4712 -0.0266
vn -0.8815 -0.4712 -0.0315
vn -0.8813 -0.4711 -0.0364
vn -0.8812 -0.4710 -0.0413
vn -0.8810 -0.4709 -0.0462
vn -0.8808 -0.4708 -0.0512
vn -0.8805 -0.4707 -0.0561
vn -0.8803 -0.4705 -0.0611
vn -0.8800 -0.4704 -0.0661
vn -0.8797 -0.4702 -0.0712
vn -0.8794 -0.4700 -0.0762
vn -0.8790 -0.4698 -0.0814
vn -0.8786 -0.4696 -0.0865
vn -0.8782 -0.4694 -0.0917
vn -0.8778 -0.4692 -0.0969
vn -0.8773 -0.4689 -0.1022
vn -0.8768 -0.4687 -0.1075
vn -0.8763 -0.4684 -0.1129
vn -0.8757 -0.4681 -0.1183
vn -0.8751 -0.4678 -0.1237
vn -0.8745 -0.4675 -0.1293
vn -0.8739 -0.4671 -0.1349
vn -0.8732 -0.4667 -0.1405
vn -0.8724 -0.4663 -0.1463
vn -0.8717 -0.4659 -0.1520
vn -0.8709 -0.4655 -0.1579
vn -0.8700 -0.4650 -0.1639
vn -0.8691 -0.4645 -0.1699
vn -0.8681 -0.4641 -0.1760
vn -0.8671 -0.4635 -0.1822
vn -0.8661 -0.4629 -0.1886
vn -0.8650 -0.4623 -0.1950
vn -0.8638 -0.4617 -0.2015
vn -0.8626 -0.4611 -0.2081
vn -0.8613 -0.4604 -0.2149
vn -0.8600 -0.4597 -0.2217
vn -0.8585 -0.4589 -0.2287
vn -0.8570 -0.4581 -0.2358
vn -0.8554 -0.4573 -0.2431
vn -0.8538 -0.4564 -0.2505
vn -0.8520 -0.4554 -0.2581
vn -0.8502 -0.4544 -0.2658
vn -0.8483 -0.4534 -0.2737
vn -0.8462 -0.4523 -0.2818
vn -0.8440 -0.4511 -0.2900
vn -0.8417 -0.4499 -0.2985
vn -0.8393 -0.4486 -0.3071
vn -0.8367 -0.4472 -0.3160
vn -0.8340 -0.4458 -0.3251
vn -0.8311 -0.4443 -0.3344
vn -0.8281 -0.4426 -0.3439
vn -0.8249 -0.4409 -0.3537
vn -0.8215 -0.4391 -0.3638
vn -0.8179 -0.4372 -0.3741
vn -0.8141 -0.4351 -0.3847
vn -0.8099 -0.4330 -0.3957
vn -0.8056 -0.4306 -0.4069
vn -0.8010 -0.4282 -0.4185
vn -0.7961 -0.4255 -0.4303
vn -0.7908 -0.4227 -0.4427
vn -0.7852 -0.4197 -0.4553
vn -0.7792 -0.4165 -0.4684
vn -0.7729 -0.4131 -0.4817
vn -0.7660 -0.4094 -0.4956
vn -0.7587 -0.4055 -0.5098
vn -0.7509 -0.4013 -0.5245
vn -0.7424 -0.3969 -0.5398
vn -0.7334 -0.3920 -0.5553
vn -0.7237 -0.3868 -0.5715
vn -0.7134 -0.3812 -0.5880
vn -0.7021 -0.3753 -0.6051
vn -0.6901 -0.3689 -0.6226
vn -0.6771 -0.3619 -0.6407
vn -0.6631 -0.3545 -0.6592
vn -0.6482 -0.3464 -0.6781
vn -0.6320 -0.3378 -0.6975
vn -0.6146 -0.3285 -0.7172
vn -0.5957 -0.3184 -0.7374
vn -0.5755 -0.3076 -0.7577
vn -0.5538 -0.2960 -0.7783
vn -0.5305 -0.2836 -0.7989
vn -0.5055 -0.2702 -0.8194
vn -0.4786 -0.2558 -0.8399
vn -0.4500 -0.2405 -0.8600
vn -0.4193 -0.2242 -0.8797
vn -0.3871 -0.2069 -0.8986
vn -0.3528 -0.1885 -0.9165
vn -0.3163 -0.1691 -0.9335
vn -0.2784 -0.1489 -0.9489
vn -0.2390 -0.1277 -0.9626
vn -0.1975 -0.1056 -0.9746
vn -0.1553 -0.0830 -0.9844
vn -0.1114 -0.0596 -0.9920
vn -0.0673 -0.0360 -0.9971
vn -0.0225 -0.0120 -0.9997
vn -0.8819 -0.4714 0.0024
vn -0.8819 -0.4714 0.0072
vn -0.8819 -0.4714 0.0121
vn -0.8818 -0.4713 0.0169
vn -0.8817 -0.4713 0.0218
vn -0.8816 -0.4712 0.0266
vn -0.8815 -0.4712 0.0315
vn -0.8813 -0.4711 0.0364
vn -0.8812 -0.4710 0.0413
vn -0.8810 -0.4709 0.0462
vn -0.8808 -0.4708 0.0512
vn -0.8805 -0.4707 0.0561
vn -0.8803 -0.4705 0.0611
vn -0.8800 -0.4704 0.0661
vn -0.8797 -0.4702 0.0712
vn -0.8794 -0.4700 0.0762
vn -0.8790 -0.4698 0.0814
vn -0.8786 -0.4696 0.0865
vn -0.8782 -0.4694 0.0917
vn -0.8778 -0.4692 0.0969
vn -0.8773 -0.4689 0.1022
vn -0.8768 -0.4687 0.1075
vn -0.8763 -0.4684 0.1129
vn -0.8757 -0.4681 0.1183
vn -0.8751 -0.4678 0.1237
vn -0.8745 -0.4675 0.1293
vn -0.8739 -0.4671 0.1349
vn -0.8732 -0.4667 0.1405
vn -0.8724 -0.4663 0.1463
vn -0.8717 -0.4659 0.1520
vn -0.8709 -0.4655 0.1579
vn -0.8700 -0.4650 0.1639
vn -0.8691 -0.4645 0.1699
vn -0.8681 -0.4641 0.1760
vn -0.8671 -0.4635 0.1822
vn -0.8661 -0.4629 0.1886
vn -0.8650 -0.4623 0.1950
vn -0.8638 -0.4617 0.2015
vn -0.8626 -0.4611 0.2081
vn -0.8613 -0.4604 0.2148
vn -0.8600 -0.4597 0.2217
vn -0.8585 -0.4589 0.2287
vn -0.8570 -0.4581 0.2358
vn -0.8554 -0.4573 0.2431
vn -0.8538 -0.4564 0.2505
vn -0.8520 -0.4554 0.2581
vn -0.8502 -0.4544 0.2658
vn -0.8483 -0.4534 0.2737
vn -0.8462 -0.4523 0.2818
vn -0.8440 -0.4511 0.2900
vn -0.8417 -0.4499 0.2985
vn -0.8393 -0.4486 0.3071
vn -0.8367 -0.4472 0.3160
vn -0.8340 -0.4458 0.3251
vn -0.8311 -0.4443 0.3344
vn -0.8281 -0.4426 0.3439
vn -0.8249 -0.4409 0.3537
vn -0.8215 -0.4391 0.3638
vn -0.8179 -0.4372 0.3741
vn -0.8141 -0.4351 0.3847
vn -0.8099 -0.4329 0.3957
vn -0.8056 -0.4306 0.4069
vn -0.8010 -0.4282 0.4185
vn -0.7961 -0.4255 0.4303
vn -0.7908 -0.4227 0.4427
vn -0.7852 -0.4197 0.4553
vn -0.7792 -0.4166 0.4684
vn -0.7729 -0.4131 0.4817
vn -0.7660 -0.4094 0.4956
vn -0.7587 -0.4055 0.5098
vn -0.7509 -0.4013 0.5245
vn -0.7424 -0.3969 0.5398
vn -0.7334 -0.3920 0.5553
vn -0.7237 -0.3868 0.5715
vn -0.7134 -0.3812 0.5880
vn -0.7021 -0.3753 0.6051
vn -0.6901 -0.3689 0.6226
vn -0.6771 -0.3619 0.6407
vn -0.6631 -0.3545 0.6592
vn -0.6482 -0.3464 0.6781
vn -0.6320 -0.3378 0.6975
vn -0.6146 -0.3285 0.7172
vn -0.5957 -0.3184 0.7374
vn -0.5755 -0.3076 0.7577
vn -0.5538 -0.2960 0.7783
vn -0.5305 -0.2836 0.7989
vn -0.5055 -0.2702 0.8194
vn -0.4786 -0.2558 0.8399
vn -0.4500 -0.2405 0.8600
vn -0.4193 -0.2242 0.8797
vn -0.3871 -0.2069 0.8986
vn -0.3528 -0.1885 0.9165
vn -0.3163 -0.1691 0.9335
vn -0.2784 -0.1489 0.9489
vn -0.2390 -0.1277 0.9626
vn -0.1975 -0.1056 0.9746
vn -0.1553 -0.0830 0.9844
vn -0.1114 -0.0596 0.9920
vn -0.0673 -0.0360 0.9971
vn -0.0225 -0.0120 0.9997
vn -0.9569 -0.2903 -0.0024
vn -0.9569 -0.2903 -0.0073
vn -0.9569 -0.2903 -0.0121
vn -0.9568 -0.2902 -0.0169
vn -0.9567 -0.2902 -0.0218
vn -0.9566 -0.2902 -0.0266
vn -0.9565 -0.2901 -0.0315
vn -0.9563 -0.2901 -0.0364
vn -0.9561 -0.2901 -0.0413
vn -0.9559 -0.2900 -0.0462
vn -0.9557 -0.2899 -0.0512
vn -0.9554 -0.2898 -0.0561
vn -0.9551 -0.2897 -0.0611
vn -0.9548 -0.2896 -0.0661
vn -0.9545 -0.2896 -0.0712
vn -0.9542 -0.2894 -0.0762
vn -0.9538 -0.2893 -0.0814
vn -0.9534 -0.2892 -0.0865
vn -0.9529 -0.2891 -0.0917
vn -0.9524 -0.2889 -0.0969
vn -0.9519 -0.2888 -0.1022
vn -0.9514 -0.2886 -0.1075
vn -0.9508 -0.2884 -0.1128
vn -0.9502 -0.2882 -0.1183
vn -0.9496 -0.2880 -0.1237
vn -0.9489 -0.2878 -0.1293
vn -0.9482 -0.2876 -0.1349
vn -0.9474 -0.2874 -0.1405
vn -0.9467 -0.2872 -0.1462
vn -0.9458 -0.2869 -0.1520
vn -0.9449 -0.2867 -0.1579
vn -0.9440 -0.2864 -0.1639
vn -0.9430 -0.2861 -0.1699
vn -0.9420 -0.2857 -0.1760
vn -0.9409 -0.2854 -0.1823
vn -0.9398 -0.2851 -0.1886
vn -0.9386 -0.2847 -0.1950
vn -0.9373 -0.2843 -0.2015
vn -0.9360 -0.2839 -0.2081
vn -0.9346 -0.2835 -0.2148
vn -0.9331 -0.2831 -0.2217
vn -0.9316 -0.2826 -0.2287
vn -0.9299 -0.2821 -0.2359
vn -0.9282 -0.2816 -0.2431
vn -0.9264 -0.2810 -0.2505
vn -0.9245 -0.2805 -0.2581
vn -0.9225 -0.2798 -0.2658
vn -0.9204 -0.2792 -0.2737
vn -0.9182 -0.2785 -0.2818
vn -0.9158 -0.2778 -0.2900
vn -0.9133 -0.2771 -0.2985
vn -0.9107 -0.2763 -0.3071
vn -0.9079 -0.2754 -0.3160
vn -0.9050 -0.2745 -0.3250
vn -0.9019 -0.2736 -0.3343
vn -0.8986 -0.2726 -0.3439
vn -0.8951 -0.2715 -0.3537
vn -0.8914 -0.2704 -0.3638
vn -0.8875 -0.2692 -0.3741
vn -0.8833 -0.2680 -0.3847
vn -0.8788 -0.2666 -0.3957
vn -0.8742 -0.2651 -0.4069
vn -0.8691 -0.2636 -0.4185
vn -0.8638 -0.2620 -0.4303
vn -0.8581 -0.2603 -0.4427
vn -0.8520 -0.2584 -0.4553
vn -0.8455 -0.2565 -0.4683
vn -0.8386 -0.2544 -0.4817
vn -0.8312 -0.2521 -0.4956
vn -0.8232 -0.2497 -0.5098
vn -0.8148 -0.2471 -0.5245
vn -0.8056 -0.2444 -0.5397
vn -0.7958 -0.2414 -0.5554
vn -0.7853 -0.2382 -0.5715
vn -0.7740 -0.2348 -0.5880
vn -0.7618 -0.2311 -0.6052
vn -0.7488 -0.2271 -0.6227
vn -0.7347 -0.2229 -0.6407
vn -0.7196 -0.2183 -0.6592
vn -0.7032 -0.2133 -0.6782
vn -0.6857 -0.2080 -0.6975
vn -0.6668 -0.2023 -0.7173
vn -0.6464 -0.1961 -0.7374
vn -0.6245 -0.1894 -0.7577
vn -0.6009 -0.1823 -0.7782
vn -0.5756 -0.1746 -0.7989
vn -0.5484 -0.1664 -0.8195
vn -0.5192 -0.1575 -0.8400
vn -0.4882 -0.1481 -0.8600
vn -0.4551 -0.1380 -0.8797
vn -0.4199 -0.1274 -0.8986
vn -0.3828 -0.1161 -0.9165
vn -0.3432 -0.1042 -0.9335
vn -0.3022 -0.0917 -0.9488
vn -0.2592 -0.0786 -0.9626
vn -0.2144 -0.0651 -0.9746
vn -0.1687 -0.0511 -0.9843
vn -0.1211 -0.0367 -0.9920
vn -0.0732 -0.0222 -0.9971
vn -0.0244 -0.0074 -0.9997
vn -0.9569 -0.2903 0.0024
vn -0.9569 -0.2903 0.0073
vn -0.9569 -0.2903 0.0121
vn -0.9568 -0.2902 0.0169
vn -0.9567 -0.2902 0.0218
vn -0.9566 -0.2902 0.0266
vn -0.9565 -0.2901 0.0315
vn -0.9563 -0.2901 0.0364
vn -0.9561 -0.2901 0.0413
vn -0.9559 -0.2900 0.0462
vn -0.9557 -0.2899 0.0512
vn -0.9554 -0.2898 0.0561
vn -0.9551 -0.2897 0.0611
vn -0.9548 -0.2897 0.0661
vn -0.9545 -0.2896 0.0712
vn -0.9542 -0.2894 0.0762
vn -0.9538 -0.2893 0.0814
vn -0.9534 -0.2892 0.0865
vn -0.9529 -0.2891 0.0917
vn -0.9524 -0.2889 0.0969
vn -0.9519 -0.2888 0.1022
vn -0.9514 -0.2886 0.1075
vn -0.9508 -0.2884 0.1129
vn -0.9502 -0.2882 0.1183
vn -0.9496 -0.2880 0.1237
vn -0.9489 -0.2878 0.1293
vn -0.9482 -0.2876 0.1349
vn -0.9474 -0.2874 0.1405
vn -0.9467 -0.2872 0.1462
vn -0.9458 -0.2869 0.1520
vn -0.9449 -0.2867 0.1579
vn -0.9440 -0.2864 0.1639
vn -0.9430 -0.2861 0.1699
vn -0.9420 -0.2857 0.1760
vn -0.9409 -0.2854 0.1823
vn -0.9398 -0.2851 0.1886
vn -0.9386 -0.2847 0.1950
vn -0.9373 -0.2843 0.2015
vn -0.9360 -0.2839 0.2081
vn -0.9346 -0.2835 0.2149
vn -0.9331 -0.2831 0.2217
vn -0.9316 -0.2826 0.2287
vn -0.9299 -0.2821 0.2359
vn -0.9282 -0.2816 0.2431
vn -0.9264 -0.2810 0.2505
vn -0.9245 -0.2805 0.2581
vn -0.9225 -0.2798 0.2658
vn -0.9204 -0.2792 0.2737
vn -0.9182 -0.2785 0.2818
vn -0.9158 -0.2778 0.2900
vn -0.9133 -0.2771 0.2985
vn -0.9107 -0.2763 0.3071
vn -0.9079 -0.2754 0.3160
vn -0.9050 -0.2745 0.3250
vn -0.9019 -0.2736 0.3343
vn -0.8986 -0.2726 0.3439
vn -0.8951 -0.2715 0.3537
vn -0.8914 -0.2704 0.3638
vn -0.8875 -0.2692 0.3741
vn -0.8833 -0.2680 0.3847
vn -0.8788 -0.2666 0.3957
vn -0.8741 -0.2652 0.4069
vn -0.8691 -0.2636 0.4184
vn -0.8638 -0.2620 0.4304
vn -0.8581 -0.2603 0.4427
vn -0.8520 -0.2584 0.4553
vn -0.8455 -0.2565 0.4683
vn -0.8386 -0.2544 0.4817
vn -0.8312 -0.2521 0.4956
vn -0.8232 -0.2497 0.5098
vn -0.8148 -0.2471 0.5245
vn -0.8056 -0.2444 0.5397
vn -0.7958 -0.2414 0.5554
vn -0.7853 -0.2382 0.5715
vn -0.7740 -0.2348 0.5880
vn -0.7618 -0.2311 0.6052
vn -0.7488 -0.2271 0.6227
vn -0.7347 -0.2229 0.6407
vn -0.7196 -0.2183 0.6592
vn -0.7032 -0.2133 0.6782
vn -0.6857 -0.2080 0.6975
vn -0.6668 -0.2023 0.7173
vn -0.6464 -0.1961 0.7374
vn -0.6245 -0.1894 0.7577
vn -0.6009 -0.1823 0.7782
vn -0.5756 -0.1746 0.7989
vn -0.5484 -0.1664 0.8195
vn -0.5192 -0.1575 0.8400
vn -0.4882 -0.1481 0.8600
vn -0.4551 -0.1380 0.8797
vn -0.4199 -0.1274 0.8986
vn -0.3828 -0.1161 0.9165
vn -0.3432 -0.1042 0.9335
vn -0.3022 -0.0917 0.9488
vn -0.2592 -0.0786 0.9626
vn -0.2144 -0.0651 0.9746
vn -0.1687 -0.0511 0.9843
vn -0.1211 -0.0367 0.9920
vn -0.0732 -0.0222 0.9971
vn -0.0244 -0.0074 0.9997
vn -0.9952 -0.0980 -0.0024
vn -0.9952 -0.0980 -0.0073
vn -0.9951 -0.0980 -0.0121
vn -0.9950 -0.0980 -0.0169
vn -0.9949 -0.0980 -0.0218
vn -0.9948 -0.0980 -0.0267
vn -0.9947 -0.0980 -0.0315
vn -0.9945 -0.0980 -0.0364
vn -0.9943 -0.0979 -0.0413
vn -0.9941 -0.0979 -0.0462
vn -0.9939 -0.0979 -0.0512
vn -0.9936 -0.0979 -0.0561
vn -0.9933 -0.0978 -0.0611
vn -0.9930 -0.0978 -0.0661
vn -0.9927 -0.0978 -0.0712
vn -0.9923 -0.0977 -0.0762
vn -0.9919 -0.0977 -0.0814
vn -0.9915 -0.0977 -0.0865
vn -0.9910 -0.0976 -0.0917
vn -0.9905 -0.0976 -0.0969
vn -0.9900 -0.0975 -0.1022
vn -0.9894 -0.0975 -0.1075
vn -0.9888 -0.0974 -0.1129
vn -0.9882 -0.0973 -0.1183
vn -0.9875 -0.0973 -0.1237
vn -0.9868 -0.0972 -0.1293
vn -0.9861 -0.0971 -0.1349
vn -0.9853 -0.0970 -0.1405
vn -0.9845 -0.0970 -0.1462
vn -0.9836 -0.0969 -0.1520
vn -0.9827 -0.0968 -0.1579
vn -0.9817 -0.0967 -0.1639
vn -0.9807 -0.0966 -0.1699
vn -0.9796 -0.0965 -0.1760
vn -0.9785 -0.0964 -0.1822
vn -0.9773 -0.0963 -0.1886
vn -0.9761 -0.0961 -0.1950
vn -0.9748 -0.0960 -0.2015
vn -0.9734 -0.0959 -0.2081
vn -0.9719 -0.0957 -0.2149
vn -0.9704 -0.0956 -0.2217
vn -0.9688 -0.0954 -0.2287
vn -0.9671 -0.0952 -0.2358
vn -0.9653 -0.0951 -0.2431
vn -0.9634 -0.0949 -0.2505
vn -0.9615 -0.0947 -0.2581
vn -0.9594 -0.0945 -0.2658
vn -0.9572 -0.0943 -0.2737
vn -0.9549 -0.0940 -0.2818
vn -0.9524 -0.0938 -0.2900
vn -0.9498 -0.0935 -0.2985
vn -0.9471 -0.0933 -0.3071
vn -0.9442 -0.0930 -0.3160
vn -0.9411 -0.0927 -0.3251
vn -0.9379 -0.0924 -0.3344
vn -0.9345 -0.0920 -0.3439
vn -0.9308 -0.0917 -0.3537
vn -0.9270 -0.0913 -0.3637
vn -0.9229 -0.0909 -0.3741
vn -0.9186 -0.0905 -0.3847
vn -0.9140 -0.0900 -0.3956
vn -0.9091 -0.0895 -0.4069
vn -0.9038 -0.0890 -0.4185
vn -0.8983 -0.0885 -0.4303
vn -0.8924 -0.0879 -0.4427
vn -0.8861 -0.0873 -0.4553
vn -0.8793 -0.0866 -0.4683
vn -0.8721 -0.0859 -0.4817
vn -0.8644 -0.0851 -0.4955
vn -0.8561 -0.0843 -0.5099
vn -0.8473 -0.0835 -0.5246
vn -0.8378 -0.0825 -0.5398
vn -0.8276 -0.0815 -0.5553
vn -0.8167 -0.0804 -0.5714
vn -0.8049 -0.0793 -0.5881
vn -0.7923 -0.0780 -0.6052
vn -0.7787 -0.0767 -0.6226
vn -0.7641 -0.0753 -0.6407
vn -0.7484 -0.0737 -0.6592
vn -0.7314 -0.0720 -0.6782
vn -0.7131 -0.0702 -0.6975
vn -0.6934 -0.0683 -0.7173
vn -0.6722 -0.0662 -0.7374
vn -0.6494 -0.0640 -0.7578
vn -0.6250 -0.0615 -0.7782
vn -0.5986 -0.0590 -0.7988
vn -0.5703 -0.0562 -0.8195
vn -0.5401 -0.0532 -0.8399
vn -0.5077 -0.0500 -0.8601
vn -0.4732 -0.0466 -0.8797
vn -0.4367 -0.0430 -0.8986
vn -0.3981 -0.0392 -0.9165
vn -0.3571 -0.0352 -0.9334
vn -0.3141 -0.0310 -0.9489
vn -0.2696 -0.0265 -0.9626
vn -0.2231 -0.0220 -0.9746
vn -0.1752 -0.0173 -0.9844
vn -0.1259 -0.0124 -0.9920
vn -0.0758 -0.0075 -0.9971
vn -0.0255 -0.0025 -0.9997
vn -0.9952 -0.0980 0.0024
vn -0.9952 -0.0980 0.0073
vn -0.9951 -0.0980 0.0121
vn -0.9950 -0.0980 0.0169
vn -0.9949 -0.0980 0.0218
vn -0.9948 -0.0980 0.0267
vn -0.9947 -0.0980 0.0315
vn -0.9945 -0.0980 0.0364
vn -0.9943 -0.0979 0.0413
vn -0.9941 -0.0979 0.0462
vn -0.9939 -0.0979 0.0512
vn -0.9936 -0.0979 0.0561
vn -0.9933 -0.0978 0.0611
vn -0.9930 -0.0978 0.0661
vn -0.9927 -0.0978 0.0712
vn -0.9923 -0.0977 0.0762
vn -0.9919 -0.0977 0.0814
vn -0.9915 -0.0977 0.0865
vn -0.9910 -0.0976 0.0917
vn -0.9905 -0.0976 0.0969
vn -0.9900 -0.0975 0.1022
vn -0.9894 -0.0975 0.1075
vn -0.9888 -0.0974 0.1129
vn -0.9882 -0.0973 0.1183
vn -0.9875 -0.0973 0.1237
vn -0.9868 -0.0972 0.1293
vn -0.9861 -0.0971 0.1349
vn -0.9853 -0.0970 0.1405
vn -0.9845 -0.0970 0.1462
vn -0.9836 -0.0969 0.1520
vn -0.9827 -0.0968 0.1579
vn -0.9817 -0.0967 0.1639
vn -0.9807 -0.0966 0.1699
vn -0.9796 -0.0965 0.1760
vn -0.9785 -0.0964 0.1822
vn -0.9773 -0.0963 0.1886
vn -0.9761 -0.0961 0.1950
vn -0.9748 -0.0960 0.2015
vn -0.9734 -0.0959 0.2081
vn -0.9719 -0.0957 0.2149
vn -0.9704 -0.0956 0.2217
vn -0.9688 -0.0954 0.2287
vn -0.9671 -0.0952 0.2358
vn -0.9653 -0.0951 0.2431
vn -0.9634 -0.0949 0.2505
vn -0.9615 -0.0947 0.2581
vn -0.9594 -0.0945 0.2658
vn -0.9572 -0.0943 0.2737
vn -0.9549 -0.0940 0.2818
vn -0.9524 -0.0938 0.2900
vn -0.9498 -0.0935 0.2985
vn -0.9471 -0.0933 0.3071
vn -0.9442 -0.0930 0.3160
vn -0.9411 -0.0927 0.3251
vn -0.9379 -0.0924 0.3343
vn -0.9345 -0.0920 0.3439
vn -0.9308 -0.0917 0.3537
vn -0.9270 -0.0913 0.3637
vn -0.9229 -0.0909 0.3741
vn -0.9186 -0.0905 0.3847
vn -0.9140 -0.0900 0.3957
vn -0.9091 -0.0895 0.4069
vn -0.9038 -0.0890 0.4185
vn -0.8983 -0.0885 0.4304
vn -0.8924 -0.0879 0.4427
vn -0.8861 -0.0873 0.4553
vn -0.8793 -0.0866 0.4683
vn -0.8721 -0.0859 0.4817
vn -0.8644 -0.0851 0.4955
vn -0.8561 -0.0843 0.5099
vn -0.8473 -0.0835 0.5246
vn -0.8378 -0.0825 0.5398
vn -0.8276 -0.0815 0.5553
vn -0.8167 -0.0804 0.5714
vn -0.8049 -0.0793 0.5881
vn -0.7923 -0.0780 0.6051
vn -0.7787 -0.0767 0.6227
vn -0.7641 -0.0753 0.6407
vn -0.7484 -0.0737 0.6592
vn -0.7314 -0.0720 0.6782
vn -0.7131 -0.0702 0.6975
vn -0.6934 -0.0683 0.7173
vn -0.6722 -0.0662 0.7374
vn -0.6494 -0.0640 0.7578
vn -0.6250 -0.0615 0.7782
vn -0.5986 -0.0590 0.7988
vn -0.5703 -0.0562 0.8195
vn -0.5401 -0.0532 0.8399
vn -0.5077 -0.0500 0.8601
vn -0.4732 -0.0466 0.8797
vn -0.4367 -0.0430 0.8986
vn -0.3981 -0.0392 0.9165
vn -0.3571 -0.0352 0.9334
vn -0.3141 -0.0310 0.9489
vn -0.2696 -0.0265 0.9626
vn -0.2231 -0.0220 0.9746
vn -0.1752 -0.0173 0.9844
vn -0.1259 -0.0124 0.9920
vn -0.0758 -0.0075 0.9971
vn -0.0255 -0.0025 0.9997
vn -0.9952 0.0980 -0.0024
vn -0.9952 0.0980 -0.0073
vn -0.9951 0.0980 -0.0121
vn -0.9950 0.0980 -0.0169
vn -0.9949 0.0980 -0.0218
vn -0.9948 0.0980 -0.0267
vn -0.9947 0.0980 -0.0315
vn -0.9945 0.0980 -0.0364
vn -0.9943 0.0979 -0.0413
vn -0.9941 0.0979 -0.0462
vn -0.9939 0.0979 -0.0512
vn -0.9936 0.0979 -0.0561
vn -0.9933 0.0978 -0.0611
vn -0.9930 0.0978 -0.0661
vn -0.9927 0.0978 -0.0712
vn -0.9923 0.0977 -0.0762
vn -0.9919 0.0977 -0.0814
vn -0.9915 0.0977 -0.0865
vn -0.9910 0.0976 -0.0917
vn -0.9905 0.0976 -0.0969
vn -0.9900 0.0975 -0.1022
vn -0.9894 0.0975 -0.1075
vn -0.9888 0.0974 -0.1129
vn -0.9882 0.0973 -0.1183
vn -0.9875 0.0973 -0.1237
vn -0.9868 0.0972 -0.1293
vn -0.9861 0.0971 -0.1349
vn -0.9853 0.0970 -0.1405
vn -0.9845 0.0970 -0.1462
vn -0.9836 0.0969 -0.1520
vn -0.9827 0.0968 -0.1579
vn -0.9817 0.0967 -0.1639
vn -0.9807 0.0966 -0.1699
vn -0.9796 0.0965 -0.1760
vn -0.9785 0.0964 -0.1822
vn -0.9773 0.0963 -0.1886
vn -0.9761 0.0961 -0.1950
vn -0.9748 0.0960 -0.2015
vn -0.9734 0.0959 -0.2081
vn -0.9719 0.0957 -0.2149
vn -0.9704 0.0956 -0.2217
vn -0.9688 0.0954 -0.2287
vn -0.9671 0.0952 -0.2358
vn -0.9653 0.0951 -0.2431
vn -0.9634 0.0949 -0.2505
vn -0.9615 0.0947 -0.2581
vn -0.9594 0.0945 -0.2658
vn -0.9572 0.0943 -0.2737
vn -0.9549 0.0940 -0.2818
vn -0.9524 0.0938 -0.2900
vn -0.9498 0.0935 -0.2985
vn -0.9471 0.0933 -0.3071
vn -0.9442 0.0930 -0.3160
vn -0.9411 0.0927 -0.3251
vn -0.9379 0.0924 -0.3343
vn -0.9345 0.0920 -0.3439
vn -0.9308 0.0917 -0.3537
vn -0.9270 0.0913 -0.3637
vn -0.9229 0.0909 -0.3741
vn -0.9186 0.0905 -0.3847
vn -0.9140 0.0900 -0.3957
vn -0.9091 0.0895 -0.4069
vn -0.9038 0.0890 -0.4185
vn -0.8983 0.0885 -0.4304
vn -0.8924 0.0879 -0.4427
vn -0.8861 0.0873 -0.4553
vn -0.8793 0.0866 -0.4683
vn -0.8721 0.0859 -0.4817
vn -0.8644 0.0851 -0.4955
vn -0.8561 0.0843 -0.5099
vn -0.8473 0.0835 -0.5246
vn -0.8378 0.0825 -0.5398
vn -0.8276 0.0815 -0.5553
vn -0.8167 0.0804 -0.5714
vn -0.8049 0.0793 -0.5881
vn -0.7923 0.0780 -0.6051
vn -0.7787 0.0767 -0.6227
vn -0.7641 0.0753 -0.6407
vn -0.7484 0.0737 -0.6592
vn -0.7314 0.0720 -0.6782
vn -0.7131 0.0702 -0.6975
vn -0.6934 0.0683 -0.7173
vn -0.6722 0.0662 -0.7374
vn -0.6494 0.0640 -0.7578
vn -0.6250 0.0615 -0.7782
vn -0.5986 0.0590 -0.7988
vn -0.5703 0.0562 -0.8195
vn -0.5401 0.0532 -0.8399
vn -0.5077 0.0500 -0.8601
vn -0.4732 0.0466 -0.8797
vn -0.4367 0.0430 -0.8986
vn -0.3981 0.0392 -0.9165
vn -0.3571 0.0352 -0.9334
vn -0.3141 0.0310 -0.9489
vn -0.2696 0.0265 -0.9626
vn -0.2231 0.0220 -0.9746
vn -0.1752 0.0173 -0.9844
vn -0.1259 0.0124 -0.9920
vn -0.0758 0.0075 -0.9971
vn -0.0255 0.0025 -0.9997
vn -0.9952 0.0980 0.0024
vn -0.9952 0.0980 0.0073
vn -0.9951 0.0980 0.0121
vn -0.9950 0.0980 0.0169
vn -0.9949 0.0980 0.0218
vn -0.9948 0.0980 0.0267
vn -0.9947 0.0980 0.0315
vn -0.9945 0.0980 0.0364
vn -0.9943 0.0979 0.0413
vn -0.9941 0.0979 0.0462
vn -0.9939 0.0979 0.0512
vn -0.9936 0.0979 0.0561
vn -0.9933 0.0978 0.0611
vn -0.9930 0.0978 0.0661
vn -0.9927 0.0978 0.0712
vn -0.9923 0.0977 0.0762
vn -0.9919 0.0977 0.0814
vn -0.9915 0.0977 0.0865
vn -0.9910 0.0976 0.0917
vn -0.9905 0.0976 0.0969
vn -0.9900 0.0975 0.1022
vn -0.9894 0.0975 0.1075
vn -0.9888 0.0974 0.1129
vn -0.9882 0.0973 0.1183
vn -0.9875 0.0973 0.1237
vn -0.9868 0.0972 0.1293
vn -0.9861 0.0971 0.1349
vn -0.9853 0.0970 0.1405
vn -0.9845 0.0970 0.1462
vn -0.9836 0.0969 0.1520
vn -0.9827 0.0968 0.1579
vn -0.9817 0.0967 0.1639
vn -0.9807 0.0966 0.1699
vn -0.9796 0.0965 0.1760
vn -0.9785 0.0964 0.1822
vn -0.9773 0.0963 0.1886
vn -0.9761 0.0961 0.1950
vn -0.9748 0.0960 0.2015
vn -0.9734 0.0959 0.2081
vn -0.9719 0.0957 0.2149
vn -0.9704 0.0956 0.2217
vn -0.9688 0.0954 0.2287
vn -0.9671 0.0952 0.2358
vn -0.9653 0.0951 0.2431
vn -0.9634 0.0949 0.2505
vn -0.9615 0.0947 0.2581
vn -0.9594 0.0945 0.2658
vn -0.9572 0.0943 0.2737
vn -0.9549 0.0940 0.2818
vn -0.9524 0.0938 0.2900
vn -0.9498 0.0935 0.2985
vn -0.9471 0.0933 0.3071
vn -0.9442 0.0930 0.3160
vn -0.9411 0.0927 0.3251
vn -0.9379 0.0924 0.3344
vn -0.9345 0.0920 0.3439
vn -0.9308 0.0917 0.3537
vn -0.9270 0.0913 0.3637
vn -0.9229 0.0909 0.3741
vn -0.9186 0.0905 0.3847
vn -0.9140 0.0900 0.3956
vn -0.9091 0.0895 0.4069
vn -0.9038 0.0890 0.4185
vn -0.8983 0.0885 0.4303
vn -0.8924 0.0879 0.4427
vn -0.8861 0.0873 0.4553
vn -0.8793 0.0866 0.4683
vn -0.8721 0.0859 0.4817
vn -0.8644 0.0851 0.4955
vn -0.8561 0.0843 0.5099
vn -0.8473 0.0835 0.5246
vn -0.8378 0.0825 0.5398
vn -0.8276 0.0815 0.5553
vn -0.8167 0.0804 0.5714
vn -0.8049 0.0793 0.5881
vn -0.7923 0.0780 0.6052
vn -0.7787 0.0767 0.6226
vn -0.7641 0.0753 0.6407
vn -0.7484 0.0737 0.6592
vn -0.7314 0.0720 0.6782
vn -0.7131 0.0702 0.6975
vn -0.6934 0.0683 0.7173
vn -0.6722 0.0662 0.7374
vn -0.6494 0.0640 0.7578
vn -0.6250 0.0615 0.7782
vn -0.5986 0.0590 0.7988
vn -0.5703 0.0562 0.8195
vn -0.5401 0.0532 0.8399
vn -0.5077 0.0500 0.8601
vn -0.4732 0.0466 0.8797
vn -0.4367 0.0430 0.8986
vn -0.3981 0.0392 0.9165
vn -0.3571 0.0352 0.9334
vn -0.3141 0.0310 0.9489
vn -0.2696 0.0265 0.9626
vn -0.2231 0.0220 0.9746
vn -0.1752 0.0173 0.9844
vn -0.1259 0.0124 0.9920
vn -0.0758 0.0075 0.9971
vn -0.0255 0.0025 0.9997
vn -0.9569 0.2903 -0.0024
vn -0.9569 0.2903 -0.0073
vn -0.9569 0.2903 -0.0121
vn -0.9568 0.2902 -0.0169
vn -0.9567 0.2902 -0.0218
vn -0.9566 0.2902 -0.0266
vn -0.9565 0.2901 -0.0315
vn -0.9563 0.2901 -0.0364
vn -0.9561 0.2901 -0.0413
vn -0.9559 0.2900 -0.0462
vn -0.9557 0.2899 -0.0512
vn -0.9554 0.2898 -0.0561
vn -0.9551 0.2897 -0.0611
vn -0.9548 0.2897 -0.0661
vn -0.9545 0.2896 -0.0712
vn -0.9542 0.2894 -0.0762
vn -0.9538 0.2893 -0.0814
vn -0.9534 0.2892 -0.0865
vn -0.9529 0.2891 -0.0917
vn -0.9524 0.2889 -0.0969
vn -0.9519 0.2888 -0.1022
vn -0.9514 0.2886 -0.1075
vn -0.9508 0.2884 -0.1129
vn -0.9502 0.2882 -0.1183
vn -0.9496 0.2880 -0.1237
vn -0.9489 0.2878 -0.1293
vn -0.9482 0.2876 -0.1349
vn -0.9474 0.2874 -0.1405
vn -0.9467 0.2872 -0.1462
vn -0.9458 0.2869 -0.1520
vn -0.9449 0.2867 -0.1579
vn -0.9440 0.2864 -0.1639
vn -0.9430 0.2861 -0.1699
vn -0.9420 0.2857 -0.1760
vn -0.9409 0.2854 -0.1823
vn -0.9398 0.2851 -0.1886
vn -0.9386 0.2847 -0.1950
vn -0.9373 0.2843 -0.2015
vn -0.9360 0.2839 -0.2081
vn -0.9346 0.2835 -0.2149
vn -0.9331 0.2831 -0.2217
vn -0.9316 0.2826 -0.2287
vn -0.9299 0.2821 -0.2359
vn -0.9282 0.2816 -0.2431
vn -0.9264 0.2810 -0.2505
vn -0.9245 0.2805 -0.2581
vn -0.9225 0.2798 -0.2658
vn -0.9204 0.2792 -0.2737
vn -0.9182 0.2785 -0.2818
vn -0.9158 0.2778 -0.2900
vn -0.9133 0.2771 -0.2985
vn -0.9107 0.2763 -0.3071
vn -0.9079 0.2754 -0.3160
vn -0.9050 0.2745 -0.3250
vn -0.9019 0.2736 -0.3343
vn -0.8986 0.2726 -0.3439
vn -0.8951 0.2715 -0.3537
vn -0.8914 0.2704 -0.3638
vn -0.8875 0.2692 -0.3741
vn -0.8833 0.2680 -0.3847
vn -0.8788 0.2666 -0.3957
vn -0.8741 0.2652 -0.4069
vn -0.8691 0.2636 -0.4184
vn -0.8638 0.2620 -0.4304
vn -0.8581 0.2603 -0.4427
vn -0.8520 0.2584 -0.4553
vn -0.8455 0.2565 -0.4683
vn -0.8386 0.2544 -0.4817
vn -0.8312 0.2521 -0.4956
vn -0.8232 0.2497 -0.5098
vn -0.8148 0.2471 -0.5245
vn -0.8056 0.2444 -0.5397
vn -0.7958 0.2414 -0.5554
vn -0.7853 0.2382 -0.5715
vn -0.7740 0.2348 -0.5880
vn -0.7618 0.2311 -0.6052
vn -0.7488 0.2271 -0.6227
vn -0.7347 0.2229 -0.6407
vn -0.7196 0.2183 -0.6592
vn -0.7032 0.2133 -0.6782
vn -0.6857 0.2080 -0.6975
vn -0.6668 0.2023 -0.7173
vn -0.6464 0.1961 -0.7374
vn -0.6245 0.1894 -0.7577
vn -0.6009 0.1823 -0.7782
vn -0.5756 0.1746 -0.7989
vn -0.5484 0.1664 -0.8195
vn -0.5192 0.1575 -0.8400
vn -0.4882 0.1481 -0.8600
vn -0.4551 0.1380 -0.8797
vn -0.4199 0.1274 -0.8986
vn -0.3828 0.1161 -0.9165
vn -0.3432 0.1042 -0.9335
vn -0.3022 0.0917 -0.9488
vn -0.2592 0.0786 -0.9626
vn -0.2144 0.0651 -0.9746
vn -0.1687 0.0511 -0.9843
vn -0.1211 0.0367 -0.9920
vn -0.0732 0.0222 -0.9971
vn -0.0244 0.0074 -0.9997
vn -0.9569 0.2903 0.0024
vn -0.9569 0.2903 0.0073
vn -0.9569 0.2903 0.0121
vn -0.9568 0.2902 0.0169
vn -0.9567 0.2902 0.0218
vn -0.9566 0.2902 0.0266
vn -0.9565 0.2901 0.0315
vn -0.9563 0.2901 0.0364
vn -0.9561 0.2901 0.0413
vn -0.9559 0.2900 0.0462
vn -0.9557 0.2899 0.0512
vn -0.9554 0.2898 0.0561
vn -0.9551 0.2897 0.0611
vn -0.9548 0.2896 0.0661
vn -0.9545 0.2896 0.0712
vn -0.9542 0.2894 0.0762
vn -0.9538 0.2893 0.0814
vn -0.9534 0.2892 0.0865
vn -0.9529 0.2891 0.0917
vn -0.9524 0.2889 0.0969
vn -0.9519 0.2888 0.1022
vn -0.9514 0.2886 0.1075
vn -0.9508 0.2884 0.1128
vn -0.9502 0.2882 0.1183
vn -0.9496 0.2880 0.1237
vn -0.9489 0.2878 0.1293
vn -0.9482 0.2876 0.1349
vn -0.9474 0.2874 0.1405
vn -0.9467 0.2872 0.1462
vn -0.9458 0.2869 0.1520
vn -0.9449 0.2867 0.1579
vn -0.9440 0.2864 0.1639
vn -0.9430 0.2861 0.1699
vn -0.9420 0.2857 0.1760
vn -0.9409 0.2854 0.1823
vn -0.9398 0.2851 0.1886
vn -0.9386 0.2847 0.1950
vn -0.9373 0.2843 0.2015
vn -0.9360 0.2839 0.2081
vn -0.9346 0.2835 0.2148
vn -0.9331 0.2831 0.2217
vn -0.9316 0.2826 0.2287
vn -0.9299 0.2821 0.2359
vn -0.9282 0.2816 0.2431
vn -0.9264 0.2810 0.2505
vn -0.9245 0.2805 0.2581
vn -0.9225 0.2798 0.2658
vn -0.9204 0.2792 0.2737
vn -0.9182 0.2785 0.2818
vn -0.9158 0.2778 0.2900
vn -0.9133 0.2771 0.2985
vn -0.9107 0.2763 0.3071
vn -0.9079 0.2754 0.3160
vn -0.9050 0.2745 0.3250
vn -0.9019 0.2736 0.3343
vn -0.8986 0.2726 0.3439
vn -0.8951 0.2715 0.3537
vn -0.8914 0.2704 0.3638
vn -0.8875 0.2692 0.3741
vn -0.8833 0.2680 0.3847
vn -0.8788 0.2666 0.3957
vn -0.8742 0.2651 0.4069
vn -0.8691 0.2636 0.4185
vn -0.8638 0.2620 0.4303
vn -0.8581 0.2603 0.4427
vn -0.8520 0.2584 0.4553
vn -0.8455 0.2565 0.4683
vn -0.8386 0.2544 0.4817
vn -0.8312 0.2521 0.4956
vn -0.8232 0.2497 0.5098
vn -0.8148 0.2471 0.5245
vn -0.8056 0.2444 0.5397
vn -0.7958 0.2414 0.5554
vn -0.7853 0.2382 0.5715
vn -0.7740 0.2348 0.5880
vn -0.7618 0.2311 0.6052
vn -0.7488 0.2271 0.6227
vn -0.7347 0.2229 0.6407
vn -0.7196 0.2183 0.6592
vn -0.7032 0.2133 0.6782
vn -0.6857 0.2080 0.6975
vn -0.6668 0.2023 0.7173
vn -0.6464 0.1961 0.7374
vn -0.6245 0.1894 0.7577
vn -0.6009 0.1823 0.7782
vn -0.5756 0.1746 0.7989
vn -0.5484 0.1664 0.8195
vn -0.5192 0.1575 0.8400
vn -0.4882 0.1481 0.8600
vn -0.4551 0.1380 0.8797
vn -0.4199 0.1274 0.8986
vn -0.3828 0.1161 0.9165
vn -0.3432 0.1042 0.9335
vn -0.3022 0.0917 0.9488
vn -0.2592 0.0786 0.9626
vn -0.2144 0.0651 0.9746
vn -0.1687 0.0511 0.9843
vn -0.1211 0.0367 0.9920
vn -0.0732 0.0222 0.9971
vn -0.0244 0.0074 0.9997
vn -0.8819 0.4714 -0.0024
vn -0.8819 0.4714 -0.0072
vn -0.8819 0.4714 -0.0121
vn -0.8818 0.4713 -0.0169
vn -0.8817 0.4713 -0.0218
vn -0.8816 0.4712 -0.0266
vn -0.8815 0.4712 -0.0315
vn -0.8813 0.4711 -0.0364
vn -0.8812 0.4710 -0.0413
vn -0.8810 0.4709 -0.0462
vn -0.8808 0.4708 -0.0512
vn -0.8805 0.4707 -0.0561
vn -0.8803 0.4705 -0.0611
vn -0.8800 0.4704 -0.0661
vn -0.8797 0.4702 -0.0712
vn -0.8794 0.4700 -0.0762
vn -0.8790 0.4698 -0.0814
vn -0.8786 0.4696 -0.0865
vn -0.8782 0.4694 -0.0917
vn -0.8778 0.4692 -0.0969
vn -0.8773 0.4689 -0.1022
vn -0.8768 0.4687 -0.1075
vn -0.8763 0.4684 -0.1129
vn -0.8757 0.4681 -0.1183
vn -0.8751 0.4678 -0.1237
vn -0.8745 0.4675 -0.1293
vn -0.8739 0.4671 -0.1349
vn -0.8732 0.4667 -0.1405
vn -0.8724 0.4663 -0.1463
vn -0.8717 0.4659 -0.1520
vn -0.8709 0.4655 -0.1579
vn -0.8700 0.4650 -0.1639
vn -0.8691 0.4645 -0.1699
vn -0.8681 0.4641 -0.1760
vn -0.8671 0.4635 -0.1822
vn -0.8661 0.4629 -0.1886
vn -0.8650 0.4623 -0.1950
vn -0.8638 0.4617 -0.2015
vn -0.8626 0.4611 -0.2081
vn -0.8613 0.4604 -0.2148
vn -0.8600 0.4597 -0.2217
vn -0.8585 0.4589 -0.2287
vn -0.8570 0.4581 -0.2358
vn -0.8554 0.4573 -0.2431
vn -0.8538 0.4564 -0.2505
vn -0.8520 0.4554 -0.2581
vn -0.8502 0.4544 -0.2658
vn -0.8483 0.4534 -0.2737
vn -0.8462 0.4523 -0.2818
vn -0.8440 0.4511 -0.2900
vn -0.8417 0.4499 -0.2985
vn -0.8393 0.4486 -0.3071
vn -0.8367 0.4472 -0.3160
vn -0.8340 0.4458 -0.3251
vn -0.8311 0.4443 -0.3344
vn -0.8281 0.4426 -0.3439
vn -0.8249 0.4409 -0.3537
vn -0.8215 0.4391 -0.3638
vn -0.8179 0.4372 -0.3741
vn -0.8141 0.4351 -0.3847
vn -0.8099 0.4329 -0.3957
vn -0.8056 0.4306 -0.4069
vn -0.8010 0.4282 -0.4185
vn -0.7961 0.4255 -0.4303
vn -0.7908 0.4227 -0.4427
vn -0.7852 0.4197 -0.4553
vn -0.7792 0.4166 -0.4684
vn -0.7729 0.4131 -0.4817
vn -0.7660 0.4094 -0.4956
vn -0.7587 0.4055 -0.5098
vn -0.7509 0.4013 -0.5245
vn -0.7424 0.3969 -0.5398
vn -0.7334 0.3920 -0.5553
vn -0.7237 0.3868 -0.5715
vn -0.7134 0.3812 -0.5880
vn -0.7021 0.3753 -0.6051
vn -0.6901 0.3689 -0.6226
vn -0.6771 0.3619 -0.6407
vn -0.6631 0.3545 -0.6592
vn -0.6482 0.3464 -0.6781
vn -0.6320 0.3378 -0.6975
vn -0.6146 0.3285 -0.7172
vn -0.5957 0.3184 -0.7374
vn -0.5755 0.3076 -0.7577
vn -0.5538 0.2960 -0.7783
vn -0.5305 0.2836 -0.7989
vn -0.5055 0.2702 -0.8194
vn -0.4786 0.2558 -0.8399
vn -0.4500 0.2405 -0.8600
vn -0.4193 0.2242 -0.8797
vn -0.3871 0.2069 -0.8986
vn -0.3528 0.1885 -0.9165
vn -0.3163 0.1691 -0.9335
vn -0.2784 0.1489 -0.9489
vn -0.2390 0.1277 -0.9626
vn -0.1975 0.1056 -0.9746
vn -0.1553 0.0830 -0.9844
vn -0.1114 0.0596 -0.9920
vn -0.0673 0.0360 -0.9971
vn -0.0225 0.0120 -0.9997
vn -0.8819 0.4714 0.0024
vn -0.8819 0.4714 0.0072
vn -0.8819 0.4714 0.0121
vn -0.8818 0.4713 0.0169
vn -0.8817 0.4713 0.0218
vn -0.8816 0.4712 0.0266
vn -0.8815 0.4712 0.0315
vn -0.8813 0.4711 0.0364
vn -0.8812 0.4710 0.0413
vn -0.8810 0.4709 0.0462
vn -0.8808 0.4708 0.0512
vn -0.8805 0.4707 0.0561
vn -0.8803 0.4705 0.0611
vn -0.8800 0.4704 0.0661
vn -0.8797 0.4702 0.0712
vn -0.8794 0.4700 0.0762
vn -0.8790 0.4698 0.0814
vn -0.8786 0.4696 0.0865
vn -0.8782 0.4694 0.0917
vn -0.8778 0.4692 0.0969
vn -0.8773 0.4689 0.1022
vn -0.8768 0.4687 0.1075
vn -0.8763 0.4684 0.1129
vn -0.8757 0.4681 0.1183
vn -0.8751 0.4678 0.1237
vn -0.8745 0.4675 0.1293
vn -0.8739 0.4671 0.1349
vn -0.8732 0.4667 0.1405
vn -0.8724 0.4663 0.1463
vn -0.8717 0.4659 0.1520
vn -0.8709 0.4655 0.1579
vn -0.8700 0.4650 0.1639
vn -0.8691 0.4645 0.1699
vn -0.8681 0.4641 0.1760
vn -0.8671 0.4635 0.1822
vn -0.8661 0.4629 0.1886
vn -0.8650 0.4623 0.1950
vn -0.8638 0.4617 0.2015
vn -0.8626 0.4611 0.2081
vn -0.8613 0.4604 0.2149
vn -0.8600 0.4597 0.2217
vn -0.8585 0.4589 0.2287
vn -0.8570 0.4581 0.2358
vn -0.8554 0.4573 0.2431
vn -0.8538 0.4564 0.2505
vn -0.8520 0.4554 0.2581
vn -0.8502 0.4544 0.2658
vn -0.8483 0.4534 0.2737
vn -0.8462 0.4523 0.2818
vn -0.8440 0.4511 0.2900
vn -0.8417 0.4499 0.2985
vn -0.8393 0.4486 0.3071
vn -0.8367 0.4472 0.3160
vn -0.8340 0.4458 0.3251
vn -0.8311 0.4443 0.3344
vn -0.8281 0.4426 0.3439
vn -0.8249 0.4409 0.3537
vn -0.8215 0.4391 0.3638
vn -0.8179 0.4372 0.3741
vn -0.8141 0.4351 0.3847
vn -0.8099 0.4330 0.3957
vn -0.8056 0.4306 0.4069
vn -0.8010 0.4282 0.4185
vn -0.7961 0.4255 0.4303
vn -0.7908 0.4227 0.4427
vn -0.7852 0.4197 0.4553
vn -0.7792 0.4165 0.4684
vn -0.7729 0.4131 0.4817
vn -0.7660 0.4094 0.4956
vn -0.7587 0.4055 0.5098
vn -0.7509 0.4013 0.5245
vn -0.7424 0.3969 0.5398
vn -0.7334 0.3920 0.5553
vn -0.7237 0.3868 0.5715
vn -0.7134 0.3812 0.5880
vn -0.7021 0.3753 0.6051
vn -0.6901 0.3689 0.6226
vn -0.6771 0.3619 0.6407
vn -0.6631 0.3545 0.6592
vn -0.6482 0.3464 0.6781
vn -0.6320 0.3378 0.6975
vn -0.6146 0.3285 0.7172
vn -0.5957 0.3184 0.7374
vn -0.5755 0.3076 0.7577
vn -0.5538 0.2960 0.7783
vn -0.5305 0.2836 0.7989
vn -0.5055 0.2702 0.8194
vn -0.4786 0.2558 0.8399
vn -0.4500 0.2405 0.8600
vn -0.4193 0.2242 0.8797
vn -0.3871 0.2069 0.8986
vn -0.3528 0.1885 0.9165
vn -0.3163 0.1691 0.9335
vn -0.2784 0.1489 0.9489
vn -0.2390 0.1277 0.9626
vn -0.1975 0.1056 0.9746
vn -0.1553 0.0830 0.9844
vn -0.1114 0.0596 0.9920
vn -0.0673 0.0360 0.9971
vn -0.0225 0.0120 0.9997
vn -0.7730 0.6344 -0.0024
vn -0.7730 0.6344 -0.0073
vn -0.7730 0.6343 -0.0121
vn -0.7729 0.6343 -0.0169
vn -0.7728 0.6342 -0.0218
vn -0.7727 0.6342 -0.0267
vn -0.7726 0.6341 -0.0315
vn -0.7725 0.6340 -0.0364
vn -0.7724 0.6338 -0.0413
vn -0.7722 0.6337 -0.0462
vn -0.7720 0.6336 -0.0512
vn -0.7718 0.6334 -0.0561
vn -0.7716 0.6332 -0.0611
vn -0.7713 0.6330 -0.0661
vn -0.7711 0.6327 -0.0712
vn -0.7708 0.6325 -0.0763
vn -0.7704 0.6323 -0.0813
vn -0.7701 0.6320 -0.0865
vn -0.7697 0.6317 -0.0917
vn -0.7694 0.6314 -0.0969
vn -0.7690 0.6311 -0.1022
vn -0.7685 0.6307 -0.1075
vn -0.7681 0.6303 -0.1128
vn -0.7676 0.6299 -0.1183
vn -0.7671 0.6295 -0.1237
vn -0.7665 0.6291 -0.1293
vn -0.7659 0.6286 -0.1349
vn -0.7653 0.6281 -0.1405
vn -0.7647 0.6276 -0.1462
vn -0.7640 0.6270 -0.1520
vn -0.7633 0.6264 -0.1579
vn -0.7626 0.6258 -0.1638
vn -0.7618 0.6252 -0.1699
vn -0.7609 0.6245 -0.1760
vn -0.7600 0.6238 -0.1823
vn -0.7592 0.6230 -0.1885
vn -0.7582 0.6222 -0.1950
vn -0.7572 0.6214 -0.2015
vn -0.7561 0.6205 -0.2081
vn -0.7550 0.6196 -0.2149
vn -0.7538 0.6186 -0.2217
vn -0.7525 0.6176 -0.2287
vn -0.7512 0.6165 -0.2359
vn -0.7498 0.6153 -0.2431
vn -0.7483 0.6142 -0.2505
vn -0.7468 0.6129 -0.2581
vn -0.7452 0.6116 -0.2658
vn -0.7435 0.6102 -0.2737
vn -0.7417 0.6087 -0.2818
vn -0.7398 0.6071 -0.2900
vn -0.7378 0.6055 -0.2985
vn -0.7356 0.6037 -0.3071
vn -0.7334 0.6019 -0.3160
vn -0.7310 0.6000 -0.3250
vn -0.7285 0.5979 -0.3344
vn -0.7259 0.5957 -0.3439
vn -0.7231 0.5934 -0.3537
vn -0.7201 0.5909 -0.3638
vn -0.7168 0.5884 -0.3741
vn -0.7135 0.5856 -0.3847
vn -0.7099 0.5826 -0.3957
vn -0.7061 0.5795 -0.4069
vn -0.7021 0.5762 -0.4184
vn -0.6978 0.5726 -0.4304
vn -0.6932 0.5689 -0.4426
vn -0.6883 0.5648 -0.4553
vn -0.6830 0.5605 -0.4683
vn -0.6774 0.5559 -0.4817
vn -0.6714 0.5510 -0.4956
vn -0.6650 0.5457 -0.5098
vn -0.6581 0.5401 -0.5246
vn -0.6507 0.5341 -0.5398
vn -0.6429 0.5276 -0.5553
vn -0.6344 0.5206 -0.5714
vn -0.6252 0.5132 -0.5881
vn -0.6155 0.5050 -0.6051
vn -0.6048 0.4964 -0.6227
vn -0.5935 0.4871 -0.6407
vn -0.5813 0.4771 -0.6592
vn -0.5682 0.4662 -0.6781
vn -0.5538 0.4546 -0.6975
vn -0.5386 0.4420 -0.7173
vn -0.5222 0.4285 -0.7373
vn -0.5045 0.4140 -0.7577
vn -0.4854 0.3984 -0.7783
vn -0.4649 0.3816 -0.7989
vn -0.4431 0.3636 -0.8194
vn -0.4195 0.3443 -0.8400
vn -0.3944 0.3237 -0.8601
vn -0.3677 0.3017 -0.8797
vn -0.3391 0.2784 -0.8986
vn -0.3092 0.2537 -0.9165
vn -0.2774 0.2276 -0.9334
vn -0.2441 0.2003 -0.9488
vn -0.2094 0.1718 -0.9626
vn -0.1733 0.1422 -0.9746
vn -0.1360 0.1117 -0.9844
vn -0.0979 0.0803 -0.9920
vn -0.0591 0.0484 -0.9971
vn -0.0197 0.0162 -0.9997
vn -0.7730 0.6344 0.0024
vn -0.7730 0.6344 0.0073
vn -0.7730 0.6343 0.0121
vn -0.7729 0.6343 0.0169
vn -0.7728 0.6342 0.0218
vn -0.7727 0.6342 0.0267
vn -0.7726 0.6341 0.0315
vn -0.7725 0.6340 0.0364
vn -0.7724 0.6338 0.0413
vn -0.7722 0.6337 0.0462
vn -0.7720 0.6336 0.0512
vn -0.7718 0.6334 0.0561
vn -0.7716 0.6332 0.0611
vn -0.7713 0.6330 0.0661
vn -0.7711 0.6327 0.0712
vn -0.7708 0.6325 0.0763
vn -0.7704 0.6323 0.0813
vn -0.7701 0.6320 0.0865
vn -0.7697 0.6317 0.0917
vn -0.7694 0.6314 0.0969
vn -0.7690 0.6311 0.1022
vn -0.7685 0.6307 0.1075
vn -0.7681 0.6303 0.1128
vn -0.7676 0.6299 0.1183
vn -0.7671 0.6295 0.1237
vn -0.7665 0.6291 0.1293
vn -0.7659 0.6286 0.1349
vn -0.7653 0.6281 0.1405
vn -0.7647 0.6276 0.1462
vn -0.7640 0.6270 0.1520
vn -0.7633 0.6264 0.1579
vn -0.7626 0.6258 0.1638
vn -0.7618 0.6252 0.1699
vn -0.7609 0.6245 0.1760
vn -0.7600 0.6238 0.1823
vn -0.7592 0.6230 0.1885
vn -0.7582 0.6222 0.1950
vn -0.7572 0.6214 0.2015
vn -0.7561 0.6205 0.2081
vn -0.7550 0.6196 0.2149
vn -0.7538 0.6186 0.2217
vn -0.7525 0.6176 0.2287
vn -0.7512 0.6165 0.2359
vn -0.7498 0.6153 0.2431
vn -0.7483 0.6142 0.2505
vn -0.7468 0.6129 0.2581
vn -0.7452 0.6116 0.2658
vn -0.7435 0.6102 0.2737
vn -0.7417 0.6087 0.2818
vn -0.7398 0.6071 0.2900
vn -0.7378 0.6055 0.2985
vn -0.7356 0.6037 0.3071
vn -0.7334 0.6019 0.3160
vn -0.7310 0.6000 0.3250
vn -0.7285 0.5979 0.3344
vn -0.7259 0.5957 0.3439
vn -0.7231 0.5934 0.3537
vn -0.7201 0.5909 0.3638
vn -0.7168 0.5884 0.3741
vn -0.7135 0.5856 0.3847
vn -0.7099 0.5826 0.3957
vn -0.7061 0.5795 0.4069
vn -0.7021 0.5762 0.4184
vn -0.6978 0.5726 0.4304
vn -0.6932 0.5689 0.4426
vn -0.6883 0.5648 0.4553
vn -0.6830 0.5605 0.4683
vn -0.6774 0.5559 0.4817
vn -0.6714 0.5510 0.4956
vn -0.6650 0.5457 0.5098
vn -0.6581 0.5401 0.5246
vn -0.6507 0.5341 0.5398
vn -0.6429 0.5276 0.5553
vn -0.6344 0.5206 0.5714
vn -0.6252 0.5132 0.5881
vn -0.6155 0.5050 0.6051
vn -0.6048 0.4964 0.6227
vn -0.5935 0.4871 0.6407
vn -0.5813 0.4771 0.6592
vn -0.5682 0.4662 0.6781
vn -0.5538 0.4546 0.6975
vn -0.5386 0.4420 0.7173
vn -0.5222 0.4285 0.7373
vn -0.5045 0.4140 0.7577
vn -0.4854 0.3984 0.7783
vn -0.4649 0.3816 0.7989
vn -0.4431 0.3636 0.8194
vn -0.4195 0.3443 0.8400
vn -0.3944 0.3237 0.8601
vn -0.3677 0.3017 0.8797
vn -0.3391 0.2784 0.8986
vn -0.3092 0.2537 0.9165
vn -0.2774 0.2276 0.9334
vn -0.2441 0.2003 0.9488
vn -0.2094 0.1718 0.9626
vn -0.1733 0.1422 0.9746
vn -0.1360 0.1117 0.9844
vn -0.0979 0.0803 0.9920
vn -0.0591 0.0484 0.9971
vn -0.0197 0.0162 0.9997
vn -0.6344 0.7730 -0.0024
vn -0.6344 0.7730 -0.0072
vn -0.6344 0.7729 -0.0121
vn -0.6343 0.7729 -0.0169
vn -0.6342 0.7728 -0.0218
vn -0.6342 0.7727 -0.0267
vn -0.6341 0.7726 -0.0315
vn -0.6340 0.7725 -0.0364
vn -0.6338 0.7724 -0.0413
vn -0.6337 0.7722 -0.0462
vn -0.6336 0.7720 -0.0512
vn -0.6334 0.7718 -0.0561
vn -0.6332 0.7716 -0.0611
vn -0.6330 0.7713 -0.0661
vn -0.6328 0.7710 -0.0712
vn -0.6326 0.7707 -0.0762
vn -0.6323 0.7704 -0.0814
vn -0.6320 0.7701 -0.0865
vn -0.6317 0.7697 -0.0917
vn -0.6314 0.7694 -0.0969
vn -0.6311 0.7690 -0.1022
vn -0.6307 0.7685 -0.1075
vn -0.6303 0.7681 -0.1128
vn -0.6300 0.7676 -0.1183
vn -0.6295 0.7671 -0.1237
vn -0.6291 0.7665 -0.1293
vn -0.6286 0.7660 -0.1349
vn -0.6281 0.7653 -0.1405
vn -0.6276 0.7647 -0.1463
vn -0.6270 0.7640 -0.1520
vn -0.6264 0.7633 -0.1579
vn -0.6258 0.7626 -0.1639
vn -0.6252 0.7618 -0.1699
vn -0.6245 0.7609 -0.1760
vn -0.6238 0.7601 -0.1822
vn -0.6230 0.7591 -0.1886
vn -0.6222 0.7582 -0.1950
vn -0.6214 0.7572 -0.2015
vn -0.6205 0.7561 -0.2081
vn -0.6196 0.7550 -0.2149
vn -0.6186 0.7538 -0.2217
vn -0.6176 0.7525 -0.2287
vn -0.6165 0.7512 -0.2359
vn -0.6154 0.7498 -0.2431
vn -0.6142 0.7483 -0.2505
vn -0.6129 0.7468 -0.2581
vn -0.6116 0.7452 -0.2658
vn -0.6102 0.7435 -0.2737
vn -0.6087 0.7417 -0.2818
vn -0.6071 0.7398 -0.2900
vn -0.6055 0.7378 -0.2985
vn -0.6037 0.7357 -0.3071
vn -0.6019 0.7334 -0.3160
vn -0.5999 0.7310 -0.3251
vn -0.5979 0.7285 -0.3344
vn -0.5957 0.7259 -0.3439
vn -0.5934 0.7230 -0.3537
vn -0.5909 0.7200 -0.3638
vn -0.5883 0.7169 -0.3741
vn -0.5856 0.7135 -0.3847
vn -0.5826 0.7099 -0.3957
vn -0.5795 0.7061 -0.4069
vn -0.5762 0.7021 -0.4184
vn -0.5726 0.6978 -0.4304
vn -0.5688 0.6932 -0.4427
vn -0.5648 0.6883 -0.4553
vn -0.5605 0.6830 -0.4683
vn -0.5559 0.6774 -0.4817
vn -0.5510 0.6714 -0.4956
vn -0.5458 0.6650 -0.5098
vn -0.5401 0.6581 -0.5246
vn -0.5341 0.6507 -0.5397
vn -0.5276 0.6429 -0.5554
vn -0.5206 0.6344 -0.5715
vn -0.5131 0.6252 -0.5880
vn -0.5051 0.6154 -0.6052
vn -0.4964 0.6049 -0.6227
vn -0.4871 0.5935 -0.6407
vn -0.4771 0.5813 -0.6592
vn -0.4662 0.5681 -0.6782
vn -0.4546 0.5539 -0.6975
vn -0.4420 0.5386 -0.7173
vn -0.4286 0.5222 -0.7374
vn -0.4140 0.5044 -0.7577
vn -0.3983 0.4854 -0.7783
vn -0.3815 0.4650 -0.7989
vn -0.3636 0.4430 -0.8195
vn -0.3443 0.4195 -0.8399
vn -0.3237 0.3944 -0.8600
vn -0.3017 0.3676 -0.8797
vn -0.2784 0.3392 -0.8986
vn -0.2537 0.3092 -0.9165
vn -0.2276 0.2774 -0.9334
vn -0.2003 0.2441 -0.9488
vn -0.1718 0.2094 -0.9626
vn -0.1422 0.1732 -0.9746
vn -0.1117 0.1361 -0.9844
vn -0.0802 0.0978 -0.9920
vn -0.0485 0.0590 -0.9971
vn -0.0162 0.0197 -0.9997
vn -0.6344 0.7730 0.0024
vn -0.6344 0.7730 0.0073
vn -0.6344 0.7729 0.0121
vn -0.6343 0.7729 0.0169
vn -0.6342 0.7728 0.0218
vn -0.6342 0.7727 0.0267
vn -0.6341 0.7726 0.0315
vn -0.6340 0.7725 0.0364
vn -0.6338 0.7724 0.0413
vn -0.6337 0.7722 0.0462
vn -0.6336 0.7720 0.0512
vn -0.6334 0.7718 0.0561
vn -0.6332 0.7716 0.0611
vn -0.6330 0.7713 0.0661
vn -0.6328 0.7710 0.0712
vn -0.6326 0.7707 0.0763
vn -0.6323 0.7704 0.0814
vn -0.6320 0.7701 0.0865
vn -0.6317 0.7697 0.0917
vn -0.6314 0.7694 0.0969
vn -0.6311 0.7690 0.1022
vn -0.6307 0.7685 0.1075
vn -0.6303 0.7681 0.1129
vn -0.6300 0.7676 0.1183
vn -0.6295 0.7671 0.1237
vn -0.6291 0.7665 0.1293
vn -0.6286 0.7660 0.1349
vn -0.6281 0.7653 0.1405
vn -0.6276 0.7647 0.1463
vn -0.6270 0.7640 0.1520
vn -0.6264 0.7633 0.1579
vn -0.6258 0.7626 0.1639
vn -0.6252 0.7618 0.1699
vn -0.6245 0.7609 0.1760
vn -0.6238 0.7601 0.1822
vn -0.6230 0.7591 0.1886
vn -0.6222 0.7582 0.1950
vn -0.6214 0.7572 0.2015
vn -0.6205 0.7561 0.2081
vn -0.6196 0.7550 0.2149
vn -0.6186 0.7538 0.2217
vn -0.6176 0.7525 0.2287
vn -0.6165 0.7512 0.2359
vn -0.6154 0.7498 0.2431
vn -0.6142 0.7483 0.2505
vn -0.6129 0.7468 0.2581
vn -0.6116 0.7452 0.2658
vn -0.6102 0.7435 0.2737
vn -0.6087 0.7417 0.2818
vn -0.6071 0.7398 0.2900
vn -0.6055 0.7378 0.2985
vn -0.6037 0.7357 0.3071
vn -0.6019 0.7334 0.3160
vn -0.5999 0.7310 0.3251
vn -0.5979 0.7285 0.3344
vn -0.5957 0.7259 0.3439
vn -0.5934 0.7230 0.3537
vn -0.5909 0.7200 0.3638
vn -0.5883 0.7169 0.3741
vn -0.5856 0.7135 0.3847
vn -0.5826 0.7099 0.3957
vn -0.5795 0.7061 0.4069
vn -0.5762 0.7021 0.4184
vn -0.5726 0.6978 0.4304
vn -0.5688 0.6932 0.4427
vn -0.5648 0.6883 0.4553
vn -0.5605 0.6830 0.4683
vn -0.5559 0.6774 0.4817
vn -0.5510 0.6714 0.4956
vn -0.5458 0.6650 0.5098
vn -0.5401 0.6581 0.5246
vn -0.5341 0.6507 0.5397
vn -0.5275 0.6429 0.5554
vn -0.5206 0.6344 0.5714
vn -0.5131 0.6252 0.5880
vn -0.5051 0.6154 0.6052
vn -0.4964 0.6049 0.6227
vn -0.4871 0.5935 0.6407
vn -0.4771 0.5813 0.6592
vn -0.4662 0.5681 0.6782
vn -0.4546 0.5539 0.6975
vn -0.4420 0.5386 0.7173
vn -0.4286 0.5222 0.7374
vn -0.4140 0.5044 0.7577
vn -0.3983 0.4854 0.7783
vn -0.3815 0.4650 0.7989
vn -0.3636 0.4430 0.8195
vn -0.3443 0.4195 0.8399
vn -0.3237 0.3944 0.8600
vn -0.3017 0.3676 0.8797
vn -0.2784 0.3392 0.8986
vn -0.2537 0.3092 0.9165
vn -0.2276 0.2774 0.9334
vn -0.2003 0.2441 0.9488
vn -0.1718 0.2094 0.9626
vn -0.1422 0.1732 0.9746
vn -0.1117 0.1361 0.9844
vn -0.0802 0.0978 0.9920
vn -0.0485 0.0590 0.9971
vn -0.0162 0.0197 0.9997
vn -0.4714 0.8819 -0.0024
vn -0.4714 0.8819 -0.0072
vn -0.4714 0.8819 -0.0121
vn -0.4713 0.8818 -0.0169
vn -0.4713 0.8817 -0.0218
vn -0.4712 0.8816 -0.0266
vn -0.4711 0.8815 -0.0315
vn -0.4711 0.8813 -0.0364
vn -0.4710 0.8812 -0.0413
vn -0.4709 0.8810 -0.0462
vn -0.4708 0.8808 -0.0512
vn -0.4706 0.8805 -0.0561
vn -0.4705 0.8803 -0.0611
vn -0.4704 0.8800 -0.0661
vn -0.4702 0.8797 -0.0712
vn -0.4700 0.8794 -0.0763
vn -0.4698 0.8790 -0.0814
vn -0.4696 0.8786 -0.0865
vn -0.4694 0.8782 -0.0917
vn -0.4692 0.8778 -0.0969
vn -0.4689 0.8773 -0.1022
vn -0.4687 0.8768 -0.1075
vn -0.4684 0.8763 -0.1128
vn -0.4681 0.8757 -0.1183
vn -0.4678 0.8752 -0.1237
vn -0.4675 0.8745 -0.1293
vn -0.4671 0.8739 -0.1349
vn -0.4667 0.8732 -0.1405
vn -0.4663 0.8724 -0.1462
vn -0.4659 0.8717 -0.1520
vn -0.4655 0.8709 -0.1579
vn -0.4650 0.8700 -0.1639
vn -0.4646 0.8691 -0.1699
vn -0.4640 0.8681 -0.1760
vn -0.4635 0.8672 -0.1822
vn -0.4629 0.8661 -0.1886
vn -0.4623 0.8650 -0.1950
vn -0.4617 0.8638 -0.2015
vn -0.4611 0.8626 -0.2081
vn -0.4604 0.8613 -0.2149
vn -0.4597 0.8600 -0.2217
vn -0.4589 0.8586 -0.2287
vn -0.4581 0.8570 -0.2358
vn -0.4572 0.8555 -0.2431
vn -0.4564 0.8538 -0.2505
vn -0.4554 0.8521 -0.2581
vn -0.4545 0.8502 -0.2658
vn -0.4534 0.8482 -0.2737
vn -0.4523 0.8462 -0.2818
vn -0.4512 0.8440 -0.2900
vn -0.4499 0.8417 -0.2985
vn -0.4486 0.8393 -0.3071
vn -0.4473 0.8367 -0.3160
vn -0.4458 0.8340 -0.3251
vn -0.4443 0.8312 -0.3344
vn -0.4426 0.8281 -0.3439
vn -0.4409 0.8249 -0.3537
vn -0.4391 0.8215 -0.3638
vn -0.4372 0.8179 -0.3741
vn -0.4351 0.8140 -0.3847
vn -0.4329 0.8100 -0.3956
vn -0.4306 0.8056 -0.4069
vn -0.4282 0.8010 -0.4185
vn -0.4255 0.7961 -0.4303
vn -0.4228 0.7908 -0.4426
vn -0.4197 0.7852 -0.4553
vn -0.4165 0.7792 -0.4683
vn -0.4131 0.7729 -0.4817
vn -0.4095 0.7660 -0.4956
vn -0.4055 0.7587 -0.5098
vn -0.4013 0.7509 -0.5245
vn -0.3969 0.7424 -0.5398
vn -0.3920 0.7334 -0.5553
vn -0.3868 0.7237 -0.5715
vn -0.3813 0.7133 -0.5880
vn -0.3753 0.7021 -0.6052
vn -0.3689 0.6901 -0.6227
vn -0.3619 0.6771 -0.6407
vn -0.3545 0.6632 -0.6592
vn -0.3464 0.6481 -0.6782
vn -0.3378 0.6320 -0.6975
vn -0.3285 0.6145 -0.7173
vn -0.3184 0.5957 -0.7373
vn -0.3076 0.5755 -0.7577
vn -0.2960 0.5538 -0.7783
vn -0.2835 0.5305 -0.7989
vn -0.2702 0.5054 -0.8195
vn -0.2558 0.4786 -0.8399
vn -0.2405 0.4500 -0.8601
vn -0.2241 0.4194 -0.8797
vn -0.2068 0.3870 -0.8986
vn -0.1886 0.3527 -0.9165
vn -0.1692 0.3164 -0.9334
vn -0.1488 0.2785 -0.9488
vn -0.1278 0.2388 -0.9626
vn -0.1056 0.1977 -0.9746
vn -0.0830 0.1553 -0.9844
vn -0.0596 0.1116 -0.9920
vn -0.0360 0.0673 -0.9971
vn -0.0120 0.0225 -0.9997
vn -0.4714 0.8819 0.0024
vn -0.4714 0.8819 0.0072
vn -0.4714 0.8819 0.0121
vn -0.4713 0.8818 0.0169
vn -0.4713 0.8817 0.0218
vn -0.4712 0.8816 0.0266
vn -0.4711 0.8815 0.0315
vn -0.4711 0.8813 0.0364
vn -0.4710 0.8812 0.0413
vn -0.4709 0.8810 0.0462
vn -0.4708 0.8808 0.0512
vn -0.4706 0.8805 0.0561
vn -0.4705 0.8803 0.0611
vn -0.4704 0.8800 0.0661
vn -0.4702 0.8797 0.0712
vn -0.4700 0.8794 0.0763
vn -0.4698 0.8790 0.0814
vn -0.4696 0.8786 0.0865
vn -0.4694 0.8782 0.0917
vn -0.4692 0.8778 0.0969
vn -0.4689 0.8773 0.1022
vn -0.4687 0.8768 0.1075
vn -0.4684 0.8763 0.1128
vn -0.4681 0.8757 0.1183
vn -0.4678 0.8752 0.1237
vn -0.4675 0.8745 0.1293
vn -0.4671 0.8739 0.1349
vn -0.4667 0.8732 0.1405
vn -0.4663 0.8724 0.1462
vn -0.4659 0.8717 0.1520
vn -0.4655 0.8709 0.1579
vn -0.4650 0.8700 0.1639
vn -0.4646 0.8691 0.1699
vn -0.4640 0.8681 0.1760
vn -0.4635 0.8672 0.1822
vn -0.4629 0.8661 0.1886
vn -0.4623 0.8650 0.1950
vn -0.4617 0.8638 0.2015
vn -0.4611 0.8626 0.2081
vn -0.4604 0.8613 0.2149
vn -0.4597 0.8600 0.2217
vn -0.4589 0.8586 0.2287
vn -0.4581 0.8570 0.2358
vn -0.4572 0.8555 0.2431
vn -0.4564 0.8538 0.2505
vn -0.4554 0.8521 0.2581
vn -0.4545 0.8502 0.2658
vn -0.4534 0.8482 0.2737
vn -0.4523 0.8462 0.2818
vn -0.4512 0.8440 0.2900
vn -0.4499 0.8417 0.2985
vn -0.4486 0.8393 0.3071
vn -0.4473 0.8367 0.3160
vn -0.4458 0.8340 0.3251
vn -0.4443 0.8312 0.3344
vn -0.4426 0.8281 0.3439
vn -0.4409 0.8249 0.3537
vn -0.4391 0.8215 0.3638
vn -0.4372 0.8179 0.3741
vn -0.4351 0.8140 0.3847
vn -0.4329 0.8100 0.3956
vn -0.4306 0.8056 0.4069
vn -0.4281 0.8010 0.4185
vn -0.4255 0.7961 0.4304
vn -0.4228 0.7908 0.4426
vn -0.4197 0.7852 0.4553
vn -0.4165 0.7792 0.4683
vn -0.4131 0.7729 0.4817
vn -0.4095 0.7660 0.4956
vn -0.4055 0.7587 0.5098
vn -0.4013 0.7509 0.5245
vn -0.3969 0.7424 0.5398
vn -0.3920 0.7334 0.5553
vn -0.3868 0.7237 0.5715
vn -0.3813 0.7133 0.5880
vn -0.3753 0.7021 0.6052
vn -0.3689 0.6901 0.6227
vn -0.3619 0.6771 0.6407
vn -0.3545 0.6632 0.6592
vn -0.3464 0.6481 0.6782
vn -0.3378 0.6320 0.6975
vn -0.3285 0.6145 0.7173
vn -0.3184 0.5957 0.7374
vn -0.3076 0.5755 0.7577
vn -0.2960 0.5538 0.7783
vn -0.2835 0.5305 0.7989
vn -0.2702 0.5054 0.8195
vn -0.2558 0.4786 0.8399
vn -0.2405 0.4500 0.8601
vn -0.2241 0.4194 0.8797
vn -0.2068 0.3870 0.8986
vn -0.1886 0.3527 0.9165
vn -0.1692 0.3164 0.9334
vn -0.1488 0.2785 0.9488
vn -0.1278 0.2388 0.9626
vn -0.1056 0.1977 0.9746
vn -0.0830 0.1553 0.9844
vn -0.0596 0.1116 0.9920
vn -0.0360 0.0673 0.9971
vn -0.0120 0.0225 0.9997
vn -0.2903 0.9569 -0.0024
vn -0.2903 0.9569 -0.0073
vn -0.2903 0.9569 -0.0121
vn -0.2902 0.9568 -0.0169
vn -0.2902 0.9567 -0.0218
vn -0.2902 0.9566 -0.0266
vn -0.2901 0.9565 -0.0315
vn -0.2901 0.9563 -0.0364
vn -0.2900 0.9561 -0.0413
vn -0.2900 0.9559 -0.0463
vn -0.2899 0.9557 -0.0512
vn -0.2898 0.9554 -0.0561
vn -0.2897 0.9552 -0.0611
vn -0.2897 0.9548 -0.0661
vn -0.2896 0.9545 -0.0712
vn -0.2894 0.9542 -0.0763
vn -0.2893 0.9538 -0.0813
vn -0.2892 0.9534 -0.0865
vn -0.2890 0.9529 -0.0917
vn -0.2889 0.9524 -0.0969
vn -0.2888 0.9519 -0.1022
vn -0.2886 0.9514 -0.1075
vn -0.2884 0.9508 -0.1129
vn -0.2883 0.9502 -0.1183
vn -0.2880 0.9496 -0.1237
vn -0.2878 0.9489 -0.1293
vn -0.2876 0.9482 -0.1349
vn -0.2874 0.9474 -0.1405
vn -0.2872 0.9467 -0.1462
vn -0.2869 0.9458 -0.1520
vn -0.2866 0.9449 -0.1579
vn -0.2864 0.9440 -0.1639
vn -0.2861 0.9430 -0.1699
vn -0.2857 0.9420 -0.1760
vn -0.2854 0.9409 -0.1823
vn -0.2851 0.9398 -0.1886
vn -0.2847 0.9386 -0.1950
vn -0.2843 0.9373 -0.2015
vn -0.2839 0.9360 -0.2081
vn -0.2835 0.9346 -0.2149
vn -0.2831 0.9331 -0.2217
vn -0.2826 0.9316 -0.2287
vn -0.2821 0.9299 -0.2358
vn -0.2816 0.9282 -0.2431
vn -0.2810 0.9264 -0.2505
vn -0.2805 0.9245 -0.2581
vn -0.2798 0.9225 -0.2658
vn -0.2792 0.9204 -0.2737
vn -0.2785 0.9182 -0.2818
vn -0.2778 0.9158 -0.2900
vn -0.2770 0.9133 -0.2985
vn -0.2763 0.9107 -0.3071
vn -0.2754 0.9079 -0.3160
vn -0.2745 0.9050 -0.3250
vn -0.2736 0.9019 -0.3344
vn -0.2726 0.8986 -0.3439
vn -0.2715 0.8951 -0.3537
vn -0.2704 0.8914 -0.3638
vn -0.2692 0.8874 -0.3741
vn -0.2679 0.8833 -0.3847
vn -0.2666 0.8789 -0.3956
vn -0.2652 0.8741 -0.4069
vn -0.2636 0.8691 -0.4185
vn -0.2620 0.8638 -0.4304
vn -0.2603 0.8581 -0.4427
vn -0.2585 0.8520 -0.4553
vn -0.2565 0.8455 -0.4683
vn -0.2544 0.8386 -0.4817
vn -0.2521 0.8312 -0.4956
vn -0.2497 0.8232 -0.5098
vn -0.2472 0.8147 -0.5245
vn -0.2443 0.8056 -0.5398
vn -0.2414 0.7958 -0.5554
vn -0.2382 0.7853 -0.5714
vn -0.2348 0.7740 -0.5880
vn -0.2311 0.7618 -0.6051
vn -0.2271 0.7488 -0.6227
vn -0.2229 0.7347 -0.6407
vn -0.2183 0.7196 -0.6592
vn -0.2134 0.7033 -0.6782
vn -0.2080 0.6857 -0.6975
vn -0.2023 0.6668 -0.7173
vn -0.1961 0.6464 -0.7374
vn -0.1894 0.6245 -0.7577
vn -0.1823 0.6009 -0.7782
vn -0.1746 0.5756 -0.7989
vn -0.1663 0.5484 -0.8195
vn -0.1576 0.5193 -0.8399
vn -0.1482 0.4882 -0.8600
vn -0.1380 0.4551 -0.8797
vn -0.1274 0.4199 -0.8986
vn -0.1161 0.3827 -0.9165
vn -0.1042 0.3433 -0.9334
vn -0.0917 0.3022 -0.9488
vn -0.0786 0.2592 -0.9626
vn -0.0650 0.2145 -0.9746
vn -0.0511 0.1685 -0.9844
vn -0.0367 0.1211 -0.9920
vn -0.0222 0.0731 -0.9971
vn -0.0074 0.0244 -0.9997
vn -0.2903 0.9569 0.0024
vn -0.2903 0.9569 0.0073
vn -0.2903 0.9569 0.0121
vn -0.2902 0.9568 0.0170
vn -0.2902 0.9567 0.0218
vn -0.2902 0.9566 0.0266
vn -0.2901 0.9565 0.0315
vn -0.2901 0.9563 0.0364
vn -0.2900 0.9561 0.0413
vn -0.2900 0.9559 0.0463
vn -0.2899 0.9557 0.0512
vn -0.2898 0.9554 0.0561
vn -0.2897 0.9552 0.0611
vn -0.2897 0.9548 0.0661
vn -0.2896 0.9545 0.0712
vn -0.2894 0.9542 0.0763
vn -0.2893 0.9538 0.0813
vn -0.2892 0.9534 0.0865
vn -0.2890 0.9529 0.0917
vn -0.2889 0.9524 0.0969
vn -0.2888 0.9519 0.1022
vn -0.2886 0.9514 0.1075
vn -0.2884 0.9508 0.1129
vn -0.2883 0.9502 0.1183
vn -0.2880 0.9496 0.1237
vn -0.2878 0.9489 0.1293
vn -0.2876 0.9482 0.1349
vn -0.2874 0.9474 0.1405
vn -0.2872 0.9467 0.1462
vn -0.2869 0.9458 0.1520
vn -0.2866 0.9449 0.1579
vn -0.2864 0.9440 0.1639
vn -0.2861 0.9430 0.1699
vn -0.2857 0.9420 0.1760
vn -0.2854 0.9409 0.1823
vn -0.2851 0.9398 0.1886
vn -0.2847 0.9386 0.1950
vn -0.2843 0.9373 0.2015
vn -0.2839 0.9360 0.2081
vn -0.2835 0.9346 0.2149
vn -0.2831 0.9331 0.2217
vn -0.2826 0.9316 0.2287
vn -0.2821 0.9299 0.2358
vn -0.2816 0.9282 0.2431
vn -0.2810 0.9264 0.2505
vn -0.2805 0.9245 0.2581
vn -0.2798 0.9225 0.2658
vn -0.2792 0.9204 0.2737
vn -0.2785 0.9182 0.2818
vn -0.2778 0.9158 0.2900
vn -0.2770 0.9133 0.2985
vn -0.2763 0.9107 0.3071
vn -0.2754 0.9079 0.3160
vn -0.2745 0.9050 0.3250
vn -0.2736 0.9019 0.3344
vn -0.2726 0.8986 0.3439
vn -0.2715 0.8951 0.3537
vn -0.2704 0.8914 0.3638
vn -0.2692 0.8874 0.3741
vn -0.2679 0.8833 0.3847
vn -0.2666 0.8788 0.3957
vn -0.2652 0.8741 0.4069
vn -0.2636 0.8691 0.4185
vn -0.2620 0.8638 0.4304
vn -0.2603 0.8581 0.4426
vn -0.2585 0.8520 0.4553
vn -0.2565 0.8455 0.4683
vn -0.2544 0.8386 0.4817
vn -0.2521 0.8312 0.4956
vn -0.2497 0.8232 0.5098
vn -0.2472 0.8147 0.5245
vn -0.2443 0.8056 0.5398
vn -0.2414 0.7958 0.5554
vn -0.2382 0.7853 0.5714
vn -0.2348 0.7740 0.5880
vn -0.2311 0.7618 0.6051
vn -0.2271 0.7488 0.6227
vn -0.2229 0.7347 0.6407
vn -0.2183 0.7196 0.6592
vn -0.2134 0.7033 0.6782
vn -0.2080 0.6857 0.6975
vn -0.2023 0.6668 0.7173
vn -0.1961 0.6464 0.7374
vn -0.1894 0.6245 0.7577
vn -0.1823 0.6009 0.7782
vn -0.1746 0.5756 0.7989
vn -0.1663 0.5484 0.8195
vn -0.1576 0.5193 0.8399
vn -0.1482 0.4883 0.8600
vn -0.1380 0.4551 0.8797
vn -0.1274 0.4199 0.8986
vn -0.1161 0.3827 0.9165
vn -0.1042 0.3433 0.9334
vn -0.0917 0.3022 0.9488
vn -0.0786 0.2592 0.9626
vn -0.0650 0.2145 0.9746
vn -0.0511 0.1685 0.9844
vn -0.0367 0.1211 0.9920
vn -0.0222 0.0730 0.9971
vn -0.0074 0.0244 0.9997
vn -0.0980 0.9952 -0.0024
vn -0.0980 0.9952 -0.0072
vn -0.0980 0.9951 -0.0121
vn -0.0980 0.9950 -0.0169
vn -0.0980 0.9949 -0.0218
vn -0.0980 0.9948 -0.0266
vn -0.0980 0.9947 -0.0315
vn -0.0980 0.9945 -0.0364
vn -0.0979 0.9943 -0.0413
vn -0.0979 0.9941 -0.0462
vn -0.0979 0.9939 -0.0512
vn -0.0979 0.9936 -0.0561
vn -0.0978 0.9933 -0.0611
vn -0.0978 0.9930 -0.0661
vn -0.0978 0.9927 -0.0712
vn -0.0977 0.9923 -0.0762
vn -0.0977 0.9919 -0.0813
vn -0.0976 0.9915 -0.0865
vn -0.0976 0.9910 -0.0917
vn -0.0976 0.9905 -0.0969
vn -0.0975 0.9900 -0.1022
vn -0.0975 0.9894 -0.1075
vn -0.0974 0.9888 -0.1128
vn -0.0973 0.9882 -0.1183
vn -0.0973 0.9875 -0.1237
vn -0.0972 0.9868 -0.1293
vn -0.0971 0.9861 -0.1349
vn -0.0970 0.9853 -0.1405
vn -0.0970 0.9845 -0.1462
vn -0.0969 0.9836 -0.1521
vn -0.0968 0.9827 -0.1579
vn -0.0967 0.9817 -0.1639
vn -0.0966 0.9807 -0.1699
vn -0.0965 0.9796 -0.1760
vn -0.0964 0.9785 -0.1822
vn -0.0963 0.9773 -0.1885
vn -0.0961 0.9761 -0.1950
vn -0.0960 0.9748 -0.2015
vn -0.0959 0.9734 -0.2081
vn -0.0957 0.9719 -0.2149
vn -0.0956 0.9704 -0.2217
vn -0.0954 0.9688 -0.2287
vn -0.0952 0.9671 -0.2359
vn -0.0951 0.9653 -0.2431
vn -0.0949 0.9634 -0.2505
vn -0.0947 0.9615 -0.2581
vn -0.0945 0.9594 -0.2658
vn -0.0943 0.9572 -0.2737
vn -0.0940 0.9549 -0.2818
vn -0.0938 0.9524 -0.2900
vn -0.0935 0.9498 -0.2985
vn -0.0933 0.9471 -0.3071
vn -0.0930 0.9442 -0.3160
vn -0.0927 0.9411 -0.3250
vn -0.0924 0.9379 -0.3344
vn -0.0920 0.9345 -0.3439
vn -0.0917 0.9309 -0.3537
vn -0.0913 0.9270 -0.3638
vn -0.0909 0.9229 -0.3741
vn -0.0905 0.9186 -0.3847
vn -0.0900 0.9140 -0.3957
vn -0.0895 0.9091 -0.4069
vn -0.0890 0.9039 -0.4185
vn -0.0885 0.8983 -0.4303
vn -0.0879 0.8924 -0.4427
vn -0.0873 0.8861 -0.4553
vn -0.0866 0.8793 -0.4683
vn -0.0859 0.8721 -0.4817
vn -0.0851 0.8644 -0.4956
vn -0.0843 0.8561 -0.5099
vn -0.0834 0.8473 -0.5245
vn -0.0825 0.8378 -0.5397
vn -0.0815 0.8276 -0.5553
vn -0.0804 0.8167 -0.5715
vn -0.0793 0.8049 -0.5881
vn -0.0780 0.7923 -0.6051
vn -0.0767 0.7787 -0.6227
vn -0.0753 0.7641 -0.6407
vn -0.0737 0.7483 -0.6592
vn -0.0720 0.7314 -0.6782
vn -0.0702 0.7131 -0.6975
vn -0.0683 0.6935 -0.7173
vn -0.0662 0.6722 -0.7374
vn -0.0640 0.6494 -0.7577
vn -0.0615 0.6249 -0.7783
vn -0.0590 0.5986 -0.7989
vn -0.0562 0.5703 -0.8195
vn -0.0532 0.5401 -0.8399
vn -0.0500 0.5078 -0.8600
vn -0.0466 0.4732 -0.8797
vn -0.0430 0.4367 -0.8986
vn -0.0392 0.3981 -0.9165
vn -0.0352 0.3571 -0.9334
vn -0.0309 0.3142 -0.9488
vn -0.0265 0.2695 -0.9626
vn -0.0220 0.2230 -0.9746
vn -0.0173 0.1752 -0.9844
vn -0.0124 0.1259 -0.9920
vn -0.0075 0.0760 -0.9971
vn -0.0025 0.0254 -0.9997
vn -0.0980 0.9952 0.0024
vn -0.0980 0.9952 0.0072
vn -0.0980 0.9951 0.0121
vn -0.0980 0.9950 0.0169
vn -0.0980 0.9949 0.0218
vn -0.0980 0.9948 0.0266
vn -0.0980 0.9947 0.0315
vn -0.0980 0.9945 0.0364
vn -0.0979 0.9943 0.0413
vn -0.0979 0.9941 0.0462
vn -0.0979 0.9939 0.0512
vn -0.0979 0.9936 0.0561
vn -0.0978 0.9933 0.0611
vn -0.0978 0.9930 0.0661
vn -0.0978 0.9927 0.0712
vn -0.0977 0.9923 0.0762
vn -0.0977 0.9919 0.0813
vn -0.0976 0.9915 0.0865
vn -0.0976 0.9910 0.0917
vn -0.0976 0.9905 0.0969
vn -0.0975 0.9900 0.1022
vn -0.0975 0.9894 0.1075
vn -0.0974 0.9888 0.1128
vn -0.0973 0.9882 0.1183
vn -0.0973 0.9875 0.1237
vn -0.0972 0.9868 0.1293
vn -0.0971 0.9861 0.1349
vn -0.0970 0.9853 0.1405
vn -0.0970 0.9845 0.1462
vn -0.0969 0.9836 0.1521
vn -0.0968 0.9827 0.1579
vn -0.0967 0.9817 0.1639
vn -0.0966 0.9807 0.1699
vn -0.0965 0.9796 0.1760
vn -0.0964 0.9785 0.1822
vn -0.0963 0.9773 0.1885
vn -0.0961 0.9761 0.1950
vn -0.0960 0.9748 0.2015
vn -0.0959 0.9734 0.2081
vn -0.0957 0.9719 0.2149
vn -0.0956 0.9704 0.2217
vn -0.0954 0.9688 0.2287
vn -0.0952 0.9671 0.2359
vn -0.0951 0.9653 0.2431
vn -0.0949 0.9634 0.2505
vn -0.0947 0.9615 0.2581
vn -0.0945 0.9594 0.2658
vn -0.0943 0.9572 0.2737
vn -0.0940 0.9549 0.2818
vn -0.0938 0.9524 0.2900
vn -0.0935 0.9498 0.2985
vn -0.0933 0.9471 0.3071
vn -0.0930 0.9442 0.3160
vn -0.0927 0.9411 0.3251
vn -0.0924 0.9379 0.3344
vn -0.0920 0.9345 0.3439
vn -0.0917 0.9309 0.3537
vn -0.0913 0.9270 0.3638
vn -0.0909 0.9229 0.3741
vn -0.0905 0.9186 0.3847
vn -0.0900 0.9140 0.3957
vn -0.0895 0.9091 0.4069
vn -0.0890 0.9039 0.4185
vn -0.0885 0.8983 0.4303
vn -0.0879 0.8924 0.4427
vn -0.0873 0.8861 0.4553
vn -0.0866 0.8793 0.4683
vn -0.0859 0.8721 0.4817
vn -0.0851 0.8644 0.4956
vn -0.0843 0.8561 0.5099
vn -0.0834 0.8473 0.5245
vn -0.0825 0.8378 0.5397
vn -0.0815 0.8276 0.5553
vn -0.0804 0.8167 0.5715
vn -0.0793 0.8049 0.5881
vn -0.0780 0.7923 0.6051
vn -0.0767 0.7787 0.6227
vn -0.0753 0.7641 0.6407
vn -0.0737 0.7483 0.6592
vn -0.0720 0.7314 0.6781
vn -0.0702 0.7131 0.6975
vn -0.0683 0.6935 0.7173
vn -0.0662 0.6722 0.7374
vn -0.0640 0.6494 0.7577
vn -0.0615 0.6249 0.7783
vn -0.0590 0.5986 0.7989
vn -0.0562 0.5703 0.8195
vn -0.0532 0.5401 0.8399
vn -0.0500 0.5078 0.8600
vn -0.0466 0.4732 0.8797
vn -0.0430 0.4367 0.8986
vn -0.0392 0.3981 0.9165
vn -0.0352 0.3571 0.9334
vn -0.0309 0.3142 0.9488
vn -0.0265 0.2695 0.9626
vn -0.0220 0.2230 0.9746
vn -0.0173 0.1752 0.9844
vn -0.0124 0.1259 0.9920
vn -0.0075 0.0760 0.9971
vn -0.0025 0.0254 0.9997
vn -0.0000 -0.0000 -1.0000
vt 0.031250 0.525000
vt 0.031250 0.975000
vt 0.000000 0.975000
vt 0.000000 0.525000
vt 0.937500 0.525000
vt 0.937500 0.975000
vt 0.906250 0.975000
vt 0.906250 0.525000
vt 0.875000 0.975000
vt 0.875000 0.525000
vt 0.875000 0.975000
vt 0.843750 0.975000
vt 0.843750 0.525000
vt 0.843750 0.975000
vt 0.812500 0.975000
vt 0.812500 0.525000
vt 0.781250 0.975000
vt 0.781250 0.525000
vt 0.750000 0.975000
vt 0.750000 0.525000
vt 0.718750 0.975000
vt 0.718750 0.525000
vt 0.687500 0.975000
vt 0.687500 0.525000
vt 0.656250 0.975000
vt 0.656250 0.525000
vt 0.625000 0.975000
vt 0.625000 0.525000
vt 0.625000 0.975000
vt 0.593750 0.975000
vt 0.593750 0.525000
vt 0.593750 0.975000
vt 0.562500 0.975000
vt 0.562500 0.525000
vt 0.531250 0.975000
vt 0.531250 0.525000
vt 0.500000 0.975000
vt 0.500000 0.525000
vt 0.468750 0.975000
vt 0.468750 0.525000
vt 0.437500 0.975000
vt 0.437500 0.525000
vt 0.406250 0.975000
vt 0.406250 0.525000
vt 0.375000 0.975000
vt 0.375000 0.525000
vt 0.375000 0.975000
vt 0.343750 0.975000
vt 0.343750 0.525000
vt 0.343750 0.975000
vt 0.312500 0.975000
vt 0.312500 0.525000
vt 0.281250 0.975000
vt 0.281250 0.525000
vt 0.250000 0.975000
vt 0.250000 0.525000
vt 0.218750 0.975000
vt 0.218750 0.525000
vt 0.187500 0.975000
vt 0.187500 0.525000
vt 0.156250 0.975000
vt 0.156250 0.525000
vt 0.125000 0.975000
vt 0.125000 0.525000
vt 0.125000 0.975000
vt 0.093750 0.975000
vt 0.093750 0.525000
vt 0.093750 0.975000
vt 0.062500 0.975000
vt 0.062500 0.525000
vt 0.968750 0.525000
vt 0.968750 0.975000
vt 0.292117 0.461736
vt 0.250000 0.465884
vt 0.207883 0.461736
vt 0.167385 0.449451
vt 0.130061 0.429501
vt 0.097347 0.402653
vt 0.070499 0.369939
vt 0.050549 0.332615
vt 0.038264 0.292117
vt 0.034116 0.250000
vt 0.038264 0.207883
vt 0.050549 0.167385
vt 0.070499 0.130061
vt 0.097347 0.097347
vt 0.130061 0.070499
vt 0.167385 0.050549
vt 0.207883 0.038264
vt 0.250000 0.034116
vt 0.292117 0.038264
vt 0.332615 0.050549
vt 0.369939 0.070499
vt 0.402653 0.097347
vt 0.429501 0.130061
vt 0.449451 0.167385
vt 0.461736 0.207883
vt 0.465884 0.250000
vt 0.461736 0.292117
vt 0.449451 0.332615
vt 0.429501 0.369939
vt 0.402653 0.402653
vt 0.369939 0.429501
vt 0.332615 0.449451
vt 1.000000 0.525000
vt 1.000000 0.975000
vt 0.968750 0.524607
vt 1.000000 0.524607
vt 0.968751 0.524215
vt 0.999999 0.524215
vt 0.968752 0.523822
vt 0.999998 0.523822
vt 0.968753 0.523430
vt 0.999997 0.523430
vt 0.968755 0.523039
vt 0.999995 0.523038
vt 0.968757 0.522647
vt 0.999993 0.522647
vt 0.968760 0.522257
vt 0.999991 0.522257
vt 0.968762 0.521867
vt 0.999988 0.521867
vt 0.968766 0.521477
vt 0.999984 0.521477
vt 0.968769 0.521089
vt 0.999981 0.521089
vt 0.968773 0.520702
vt 0.999977 0.520702
vt 0.968778 0.520315
vt 0.999972 0.520316
vt 0.968783 0.519930
vt 0.999967 0.519930
vt 0.968788 0.519546
vt 0.999962 0.519546
vt 0.968793 0.519164
vt 0.999957 0.519164
vt 0.968799 0.518783
vt 0.999951 0.518783
vt 0.968806 0.518403
vt 0.999944 0.518403
vt 0.968812 0.518025
vt 0.999938 0.518025
vt 0.968819 0.517649
vt 0.999930 0.517649
vt 0.968827 0.517275
vt 0.999923 0.517275
vt 0.968835 0.516902
vt 0.999915 0.516902
vt 0.968843 0.516532
vt 0.999907 0.516532
vt 0.968851 0.516163
vt 0.999899 0.516163
vt 0.968860 0.515797
vt 0.999890 0.515797
vt 0.968870 0.515433
vt 0.999880 0.515433
vt 0.968879 0.515071
vt 0.999871 0.515071
vt 0.968889 0.514712
vt 0.999861 0.514712
vt 0.968899 0.514355
vt 0.999851 0.514356
vt 0.968910 0.514001
vt 0.999840 0.514002
vt 0.968921 0.513650
vt 0.999829 0.513650
vt 0.968933 0.513302
vt 0.999817 0.513302
vt 0.968944 0.512956
vt 0.999806 0.512956
vt 0.968956 0.512614
vt 0.999794 0.512613
vt 0.968969 0.512274
vt 0.999781 0.512274
vt 0.968981 0.511937
vt 0.999769 0.511937
vt 0.968994 0.511604
vt 0.999756 0.511604
vt 0.969008 0.511274
vt 0.999742 0.511274
vt 0.969021 0.510948
vt 0.999729 0.510948
vt 0.969036 0.510625
vt 0.999715 0.510625
vt 0.969050 0.510305
vt 0.999700 0.510305
vt 0.969065 0.509990
vt 0.999685 0.509989
vt 0.969079 0.509677
vt 0.999671 0.509677
vt 0.969095 0.509369
vt 0.999655 0.509369
vt 0.969110 0.509064
vt 0.999640 0.509064
vt 0.969126 0.508764
vt 0.999624 0.508764
vt 0.969142 0.508467
vt 0.999608 0.508467
vt 0.969159 0.508175
vt 0.999591 0.508175
vt 0.969175 0.507886
vt 0.999574 0.507886
vt 0.969193 0.507602
vt 0.999557 0.507602
vt 0.969210 0.500000
vt 0.999540 0.500000
vt 0.750689 0.489932
vt 0.796133 0.485456
vt 0.795391 0.478196
vt 0.750000 0.482667
vt 0.795338 0.477927
vt 0.750000 0.482393
vt 0.795283 0.477654
vt 0.750000 0.482114
vt 0.795228 0.477378
vt 0.750000 0.481832
vt 0.795173 0.477097
vt 0.750000 0.481546
vt 0.795116 0.476813
vt 0.750000 0.481256
vt 0.795059 0.476525
vt 0.750000 0.480962
vt 0.795001 0.476233
vt 0.750000 0.480665
vt 0.794942 0.475937
vt 0.750000 0.480364
vt 0.794883 0.475639
vt 0.750000 0.480059
vt 0.794822 0.475336
vt 0.750000 0.479751
vt 0.794761 0.475031
vt 0.750000 0.479439
vt 0.794700 0.474722
vt 0.750000 0.479124
vt 0.794638 0.474410
vt 0.750000 0.478806
vt 0.794575 0.474094
vt 0.750000 0.478485
vt 0.794512 0.473776
vt 0.750000 0.478160
vt 0.794448 0.473455
vt 0.750000 0.477833
vt 0.794383 0.473130
vt 0.750000 0.477502
vt 0.794318 0.472804
vt 0.750000 0.477169
vt 0.794253 0.472474
vt 0.750000 0.476832
vt 0.794187 0.472142
vt 0.750000 0.476494
vt 0.794120 0.471807
vt 0.750000 0.476152
vt 0.794053 0.471469
vt 0.750000 0.475808
vt 0.793985 0.471129
vt 0.750000 0.475462
vt 0.793918 0.470787
vt 0.750000 0.475113
vt 0.793849 0.470443
vt 0.750000 0.474762
vt 0.793780 0.470096
vt 0.750000 0.474408
vt 0.793711 0.469748
vt 0.750000 0.474053
vt 0.793641 0.469397
vt 0.750000 0.473695
vt 0.793571 0.469045
vt 0.750000 0.473336
vt 0.793500 0.468691
vt 0.750000 0.472975
vt 0.793429 0.468335
vt 0.750000 0.472612
vt 0.793359 0.467977
vt 0.750000 0.472248
vt 0.793287 0.467618
vt 0.750000 0.471881
vt 0.793215 0.467257
vt 0.750000 0.471514
vt 0.793143 0.466895
vt 0.750000 0.471145
vt 0.793071 0.466532
vt 0.750000 0.470774
vt 0.792998 0.466168
vt 0.750000 0.470403
vt 0.792926 0.465802
vt 0.750000 0.470030
vt 0.792853 0.465436
vt 0.750000 0.469656
vt 0.792780 0.465068
vt 0.750000 0.469282
vt 0.792707 0.464700
vt 0.750000 0.468906
vt 0.792633 0.464331
vt 0.750000 0.468530
vt 0.792560 0.463961
vt 0.750000 0.468153
vt 0.792486 0.463591
vt 0.750000 0.467776
vt 0.792412 0.463221
vt 0.750000 0.467398
vt 0.792338 0.462850
vt 0.750000 0.467020
vt 0.792265 0.462479
vt 0.750000 0.466641
vt 0.792191 0.462107
vt 0.750000 0.466263
vt 0.792117 0.461736
vt 0.750000 0.465884
vt 1.000000 0.975393
vt 0.968750 0.975393
vt 0.999999 0.975785
vt 0.968751 0.975785
vt 0.999998 0.976178
vt 0.968752 0.976178
vt 0.999997 0.976570
vt 0.968753 0.976570
vt 0.999995 0.976961
vt 0.968755 0.976961
vt 0.999993 0.977353
vt 0.968757 0.977353
vt 0.999991 0.977743
vt 0.968759 0.977743
vt 0.999988 0.978133
vt 0.968762 0.978133
vt 0.999984 0.978523
vt 0.968766 0.978523
vt 0.999981 0.978911
vt 0.968769 0.978911
vt 0.999977 0.979298
vt 0.968773 0.979298
vt 0.999972 0.979685
vt 0.968778 0.979685
vt 0.999967 0.980070
vt 0.968783 0.980070
vt 0.999962 0.980454
vt 0.968788 0.980454
vt 0.999957 0.980836
vt 0.968793 0.980836
vt 0.999951 0.981217
vt 0.968799 0.981217
vt 0.999944 0.981597
vt 0.968806 0.981597
vt 0.999938 0.981975
vt 0.968812 0.981975
vt 0.999930 0.982351
vt 0.968819 0.982351
vt 0.999923 0.982726
vt 0.968827 0.982725
vt 0.999915 0.983098
vt 0.968835 0.983098
vt 0.999907 0.983468
vt 0.968843 0.983468
vt 0.999899 0.983837
vt 0.968851 0.983837
vt 0.999890 0.984203
vt 0.968860 0.984203
vt 0.999881 0.984567
vt 0.968870 0.984567
vt 0.999871 0.984929
vt 0.968879 0.984929
vt 0.999861 0.985288
vt 0.968889 0.985288
vt 0.999851 0.985644
vt 0.968899 0.985644
vt 0.999840 0.985998
vt 0.968910 0.985998
vt 0.999829 0.986350
vt 0.968921 0.986350
vt 0.999817 0.986698
vt 0.968932 0.986698
vt 0.999806 0.987044
vt 0.968944 0.987044
vt 0.999794 0.987386
vt 0.968956 0.987387
vt 0.999781 0.987726
vt 0.968969 0.987726
vt 0.999769 0.988062
vt 0.968981 0.988063
vt 0.999756 0.988396
vt 0.968994 0.988396
vt 0.999742 0.988726
vt 0.969008 0.988726
vt 0.999729 0.989052
vt 0.969021 0.989052
vt 0.999715 0.989375
vt 0.969036 0.989375
vt 0.999700 0.989695
vt 0.969050 0.989695
vt 0.999685 0.990010
vt 0.969065 0.990010
vt 0.999671 0.990323
vt 0.969080 0.990323
vt 0.999655 0.990631
vt 0.969095 0.990631
vt 0.999640 0.990936
vt 0.969110 0.990936
vt 0.999624 0.991236
vt 0.969126 0.991236
vt 0.999608 0.991533
vt 0.969142 0.991533
vt 0.999591 0.991825
vt 0.969159 0.991825
vt 0.999574 0.992114
vt 0.969175 0.992114
vt 0.999557 0.992398
vt 0.969193 0.992398
vt 0.999540 1.000000
vt 0.969210 1.000000
vt 0.296133 0.485456
vt 0.250689 0.489932
vt 0.250000 0.482667
vt 0.295391 0.478196
vt 0.250000 0.482393
vt 0.295338 0.477927
vt 0.250000 0.482114
vt 0.295283 0.477654
vt 0.250000 0.481832
vt 0.295228 0.477378
vt 0.250000 0.481546
vt 0.295172 0.477097
vt 0.250000 0.481256
vt 0.295116 0.476813
vt 0.250000 0.480962
vt 0.295058 0.476525
vt 0.250000 0.480665
vt 0.295000 0.476233
vt 0.250000 0.480364
vt 0.294942 0.475937
vt 0.250000 0.480059
vt 0.294882 0.475639
vt 0.250000 0.479751
vt 0.294822 0.475336
vt 0.250000 0.479439
vt 0.294761 0.475031
vt 0.250000 0.479124
vt 0.294700 0.474722
vt 0.250000 0.478806
vt 0.294638 0.474410
vt 0.250000 0.478485
vt 0.294575 0.474094
vt 0.250000 0.478160
vt 0.294512 0.473776
vt 0.250000 0.477833
vt 0.294448 0.473455
vt 0.250000 0.477502
vt 0.294383 0.473130
vt 0.250000 0.477169
vt 0.294318 0.472804
vt 0.250000 0.476832
vt 0.294253 0.472474
vt 0.250000 0.476494
vt 0.294187 0.472142
vt 0.250000 0.476152
vt 0.294120 0.471806
vt 0.250000 0.475808
vt 0.294053 0.471469
vt 0.250000 0.475462
vt 0.293985 0.471129
vt 0.250000 0.475113
vt 0.293917 0.470787
vt 0.250000 0.474762
vt 0.293849 0.470443
vt 0.250000 0.474408
vt 0.293780 0.470097
vt 0.250000 0.474053
vt 0.293711 0.469748
vt 0.250000 0.473695
vt 0.293641 0.469397
vt 0.250000 0.473336
vt 0.293571 0.469045
vt 0.250000 0.472975
vt 0.293500 0.468691
vt 0.250000 0.472612
vt 0.293429 0.468335
vt 0.250000 0.472248
vt 0.293358 0.467977
vt 0.250000 0.471881
vt 0.293287 0.467618
vt 0.250000 0.471514
vt 0.293215 0.467257
vt 0.250000 0.471145
vt 0.293143 0.466895
vt 0.250000 0.470774
vt 0.293071 0.466532
vt 0.250000 0.470403
vt 0.292998 0.466168
vt 0.250000 0.470030
vt 0.292926 0.465802
vt 0.250000 0.469656
vt 0.292853 0.465436
vt 0.250000 0.469282
vt 0.292780 0.465068
vt 0.250000 0.468906
vt 0.292706 0.464700
vt 0.250000 0.468530
vt 0.292633 0.464331
vt 0.250000 0.468153
vt 0.292560 0.463961
vt 0.250000 0.467776
vt 0.292486 0.463592
vt 0.250000 0.467398
vt 0.292412 0.463221
vt 0.250000 0.467020
vt 0.292338 0.462850
vt 0.250000 0.466641
vt 0.292265 0.462479
vt 0.250000 0.466263
vt 0.292191 0.462107
vt 0.937500 0.524607
vt 0.968750 0.524607
vt 0.937501 0.524215
vt 0.968749 0.524215
vt 0.937502 0.523822
vt 0.968748 0.523822
vt 0.937503 0.523430
vt 0.968747 0.523430
vt 0.937505 0.523039
vt 0.968745 0.523039
vt 0.937507 0.522647
vt 0.968743 0.522647
vt 0.937509 0.522257
vt 0.968741 0.522257
vt 0.937512 0.521867
vt 0.968738 0.521867
vt 0.937516 0.521477
vt 0.968734 0.521477
vt 0.937519 0.521089
vt 0.968731 0.521089
vt 0.937523 0.520702
vt 0.968727 0.520702
vt 0.937528 0.520315
vt 0.968722 0.520315
vt 0.937533 0.519930
vt 0.968717 0.519930
vt 0.937538 0.519546
vt 0.968712 0.519546
vt 0.937543 0.519164
vt 0.968707 0.519164
vt 0.937549 0.518783
vt 0.968701 0.518783
vt 0.937556 0.518403
vt 0.968694 0.518403
vt 0.937562 0.518025
vt 0.968688 0.518025
vt 0.937569 0.517649
vt 0.968681 0.517649
vt 0.937577 0.517274
vt 0.968673 0.517275
vt 0.937585 0.516902
vt 0.968665 0.516902
vt 0.937593 0.516532
vt 0.968657 0.516532
vt 0.937601 0.516163
vt 0.968649 0.516163
vt 0.937610 0.515797
vt 0.968640 0.515797
vt 0.937620 0.515433
vt 0.968630 0.515433
vt 0.937629 0.515071
vt 0.968621 0.515071
vt 0.937639 0.514712
vt 0.968611 0.514712
vt 0.937649 0.514356
vt 0.968601 0.514355
vt 0.937660 0.514001
vt 0.968590 0.514002
vt 0.937671 0.513650
vt 0.968579 0.513650
vt 0.937682 0.513302
vt 0.968567 0.513302
vt 0.937694 0.512956
vt 0.968556 0.512956
vt 0.937706 0.512614
vt 0.968544 0.512614
vt 0.937719 0.512274
vt 0.968531 0.512274
vt 0.937731 0.511938
vt 0.968519 0.511938
vt 0.937744 0.511604
vt 0.968506 0.511604
vt 0.937758 0.511274
vt 0.968492 0.511274
vt 0.937772 0.510948
vt 0.968479 0.510948
vt 0.937786 0.510625
vt 0.968464 0.510625
vt 0.937800 0.510305
vt 0.968450 0.510305
vt 0.937814 0.509990
vt 0.968436 0.509990
vt 0.937829 0.509677
vt 0.968421 0.509677
vt 0.937845 0.509369
vt 0.968405 0.509369
vt 0.937860 0.509064
vt 0.968390 0.509064
vt 0.937876 0.508764
vt 0.968374 0.508764
vt 0.937892 0.508467
vt 0.968358 0.508467
vt 0.937909 0.508175
vt 0.968341 0.508175
vt 0.937926 0.507886
vt 0.968325 0.507886
vt 0.937942 0.507602
vt 0.968307 0.507602
vt 0.937960 0.500000
vt 0.968290 0.500000
vt 0.797484 0.485187
vt 0.841182 0.471932
vt 0.839038 0.464956
vt 0.838933 0.464703
vt 0.838826 0.464446
vt 0.838718 0.464185
vt 0.838609 0.463921
vt 0.838498 0.463653
vt 0.838385 0.463381
vt 0.838272 0.463107
vt 0.838156 0.462828
vt 0.838040 0.462547
vt 0.837922 0.462262
vt 0.837803 0.461974
vt 0.837682 0.461683
vt 0.837561 0.461389
vt 0.837438 0.461092
vt 0.837313 0.460792
vt 0.837188 0.460490
vt 0.837061 0.460184
vt 0.836934 0.459876
vt 0.836805 0.459566
vt 0.836675 0.459253
vt 0.836545 0.458937
vt 0.836413 0.458619
vt 0.836280 0.458299
vt 0.836147 0.457977
vt 0.836012 0.457652
vt 0.835877 0.457326
vt 0.835741 0.456998
vt 0.835605 0.456668
vt 0.835467 0.456336
vt 0.835329 0.456002
vt 0.835190 0.455667
vt 0.835051 0.455330
vt 0.834911 0.454992
vt 0.834770 0.454652
vt 0.834629 0.454311
vt 0.834487 0.453969
vt 0.834344 0.453626
vt 0.834202 0.453281
vt 0.834059 0.452936
vt 0.833915 0.452590
vt 0.833772 0.452243
vt 0.833628 0.451896
vt 0.833484 0.451547
vt 0.833339 0.451199
vt 0.833195 0.450850
vt 0.833050 0.450500
vt 0.832905 0.450150
vt 0.832760 0.449801
vt 0.832615 0.449451
vt 0.968750 0.975393
vt 0.937500 0.975393
vt 0.968749 0.975785
vt 0.937501 0.975785
vt 0.968748 0.976178
vt 0.937502 0.976178
vt 0.968747 0.976570
vt 0.937503 0.976570
vt 0.968745 0.976961
vt 0.937505 0.976961
vt 0.968743 0.977353
vt 0.937507 0.977353
vt 0.968740 0.977743
vt 0.937509 0.977743
vt 0.968738 0.978133
vt 0.937512 0.978133
vt 0.968734 0.978523
vt 0.937516 0.978523
vt 0.968731 0.978911
vt 0.937519 0.978911
vt 0.968727 0.979298
vt 0.937523 0.979298
vt 0.968722 0.979685
vt 0.937528 0.979685
vt 0.968717 0.980070
vt 0.937533 0.980070
vt 0.968712 0.980454
vt 0.937538 0.980454
vt 0.968707 0.980836
vt 0.937543 0.980836
vt 0.968701 0.981217
vt 0.937549 0.981217
vt 0.968694 0.981597
vt 0.937556 0.981597
vt 0.968688 0.981975
vt 0.937562 0.981975
vt 0.968681 0.982351
vt 0.937569 0.982351
vt 0.968673 0.982726
vt 0.937577 0.982726
vt 0.968665 0.983098
vt 0.937585 0.983098
vt 0.968657 0.983468
vt 0.937593 0.983468
vt 0.968649 0.983837
vt 0.937601 0.983837
vt 0.968640 0.984203
vt 0.937610 0.984203
vt 0.968630 0.984567
vt 0.937620 0.984567
vt 0.968621 0.984929
vt 0.937629 0.984929
vt 0.968611 0.985288
vt 0.937639 0.985288
vt 0.968601 0.985644
vt 0.937649 0.985644
vt 0.968590 0.985998
vt 0.937660 0.985998
vt 0.968579 0.986350
vt 0.937671 0.986350
vt 0.968567 0.986698
vt 0.937683 0.986698
vt 0.968556 0.987044
vt 0.937694 0.987044
vt 0.968544 0.987386
vt 0.937706 0.987386
vt 0.968531 0.987726
vt 0.937719 0.987726
vt 0.968519 0.988063
vt 0.937731 0.988062
vt 0.968506 0.988396
vt 0.937744 0.988396
vt 0.968492 0.988726
vt 0.937758 0.988726
vt 0.968479 0.989052
vt 0.937772 0.989052
vt 0.968464 0.989375
vt 0.937786 0.989375
vt 0.968450 0.989695
vt 0.937800 0.989695
vt 0.968436 0.990010
vt 0.937814 0.990010
vt 0.968421 0.990323
vt 0.937829 0.990323
vt 0.968405 0.990631
vt 0.937845 0.990631
vt 0.968390 0.990936
vt 0.937860 0.990936
vt 0.968374 0.991236
vt 0.937876 0.991236
vt 0.968358 0.991533
vt 0.937892 0.991533
vt 0.968341 0.991825
vt 0.937909 0.991825
vt 0.968325 0.992114
vt 0.937926 0.992114
vt 0.968307 0.992398
vt 0.937943 0.992398
vt 0.968290 1.000000
vt 0.937960 1.000000
vt 0.341182 0.471932
vt 0.297484 0.485188
vt 0.339038 0.464956
vt 0.338933 0.464703
vt 0.338826 0.464446
vt 0.338718 0.464185
vt 0.338609 0.463921
vt 0.338498 0.463653
vt 0.338385 0.463381
vt 0.338272 0.463107
vt 0.338156 0.462828
vt 0.338040 0.462547
vt 0.337922 0.462262
vt 0.337803 0.461974
vt 0.337682 0.461683
vt 0.337560 0.461389
vt 0.337437 0.461092
vt 0.337313 0.460792
vt 0.337188 0.460490
vt 0.337061 0.460184
vt 0.336934 0.459876
vt 0.336805 0.459566
vt 0.336675 0.459253
vt 0.336545 0.458937
vt 0.336413 0.458619
vt 0.336280 0.458299
vt 0.336147 0.457977
vt 0.336013 0.457653
vt 0.335877 0.457326
vt 0.335741 0.456998
vt 0.335605 0.456668
vt 0.335467 0.456336
vt 0.335329 0.456002
vt 0.335190 0.455667
vt 0.335051 0.455330
vt 0.334910 0.454992
vt 0.334770 0.454652
vt 0.334628 0.454311
vt 0.334487 0.453969
vt 0.334345 0.453626
vt 0.334202 0.453281
vt 0.334059 0.452936
vt 0.333916 0.452590
vt 0.333772 0.452243
vt 0.333628 0.451896
vt 0.333484 0.451547
vt 0.333339 0.451199
vt 0.333195 0.450850
vt 0.333050 0.450500
vt 0.332905 0.450151
vt 0.332760 0.449801
vt 0.906250 0.524607
vt 0.906251 0.524215
vt 0.937499 0.524215
vt 0.906252 0.523822
vt 0.937498 0.523822
vt 0.906253 0.523430
vt 0.937497 0.523430
vt 0.906255 0.523039
vt 0.937495 0.523039
vt 0.906257 0.522647
vt 0.937493 0.522647
vt 0.906260 0.522257
vt 0.937490 0.522257
vt 0.906262 0.521867
vt 0.937488 0.521867
vt 0.906266 0.521477
vt 0.937484 0.521477
vt 0.906269 0.521089
vt 0.937481 0.521089
vt 0.906273 0.520702
vt 0.937477 0.520702
vt 0.906278 0.520315
vt 0.937472 0.520315
vt 0.906283 0.519930
vt 0.937467 0.519930
vt 0.906288 0.519546
vt 0.937462 0.519546
vt 0.906293 0.519164
vt 0.937457 0.519164
vt 0.906299 0.518783
vt 0.937451 0.518783
vt 0.906306 0.518403
vt 0.937444 0.518403
vt 0.906312 0.518025
vt 0.937438 0.518025
vt 0.906319 0.517649
vt 0.937431 0.517649
vt 0.906327 0.517275
vt 0.937423 0.517275
vt 0.906335 0.516902
vt 0.937415 0.516902
vt 0.906343 0.516532
vt 0.937407 0.516532
vt 0.906351 0.516163
vt 0.937399 0.516163
vt 0.906360 0.515797
vt 0.937390 0.515797
vt 0.906370 0.515433
vt 0.937380 0.515433
vt 0.906379 0.515071
vt 0.937371 0.515071
vt 0.906389 0.514712
vt 0.937361 0.514712
vt 0.906399 0.514355
vt 0.937351 0.514356
vt 0.906410 0.514001
vt 0.937340 0.514001
vt 0.906421 0.513650
vt 0.937329 0.513650
vt 0.906432 0.513302
vt 0.937317 0.513302
vt 0.906444 0.512956
vt 0.937306 0.512956
vt 0.906456 0.512614
vt 0.937294 0.512613
vt 0.906469 0.512274
vt 0.937281 0.512274
vt 0.906481 0.511937
vt 0.937269 0.511937
vt 0.906494 0.511604
vt 0.937256 0.511604
vt 0.906508 0.511274
vt 0.937242 0.511274
vt 0.906521 0.510948
vt 0.937229 0.510948
vt 0.906536 0.510625
vt 0.937214 0.510625
vt 0.906550 0.510305
vt 0.937200 0.510305
vt 0.906564 0.509989
vt 0.937185 0.509990
vt 0.906579 0.509677
vt 0.937171 0.509677
vt 0.906595 0.509369
vt 0.937155 0.509369
vt 0.906610 0.509064
vt 0.937140 0.509064
vt 0.906626 0.508764
vt 0.937124 0.508764
vt 0.906642 0.508467
vt 0.937108 0.508467
vt 0.906659 0.508175
vt 0.937091 0.508175
vt 0.906676 0.507886
vt 0.937074 0.507886
vt 0.906693 0.507602
vt 0.937057 0.507602
vt 0.906710 0.500000
vt 0.937040 0.500000
vt 0.842455 0.471405
vt 0.882726 0.449879
vt 0.879262 0.443455
vt 0.879110 0.443228
vt 0.878956 0.442996
vt 0.878799 0.442761
vt 0.878640 0.442524
vt 0.878479 0.442282
vt 0.878316 0.442038
vt 0.878151 0.441791
vt 0.877983 0.441541
vt 0.877814 0.441287
vt 0.877643 0.441031
vt 0.877470 0.440772
vt 0.877294 0.440510
vt 0.877118 0.440245
vt 0.876939 0.439978
vt 0.876759 0.439708
vt 0.876577 0.439436
vt 0.876393 0.439161
vt 0.876208 0.438884
vt 0.876021 0.438604
vt 0.875833 0.438323
vt 0.875643 0.438039
vt 0.875452 0.437752
vt 0.875260 0.437464
vt 0.875066 0.437175
vt 0.874871 0.436882
vt 0.874675 0.436589
vt 0.874477 0.436293
vt 0.874278 0.435996
vt 0.874079 0.435697
vt 0.873878 0.435397
vt 0.873677 0.435095
vt 0.873474 0.434792
vt 0.873271 0.434488
vt 0.873066 0.434182
vt 0.872862 0.433875
vt 0.872656 0.433567
vt 0.872449 0.433258
vt 0.872242 0.432948
vt 0.872034 0.432638
vt 0.871826 0.432326
vt 0.871618 0.432014
vt 0.871409 0.431701
vt 0.871199 0.431388
vt 0.870990 0.431074
vt 0.870780 0.430760
vt 0.870570 0.430445
vt 0.870360 0.430131
vt 0.870149 0.429816
vt 0.869939 0.429501
vt 0.906250 0.975393
vt 0.937499 0.975785
vt 0.906251 0.975785
vt 0.937498 0.976178
vt 0.906252 0.976178
vt 0.937497 0.976570
vt 0.906253 0.976570
vt 0.937495 0.976961
vt 0.906255 0.976961
vt 0.937493 0.977353
vt 0.906257 0.977353
vt 0.937490 0.977743
vt 0.906259 0.977743
vt 0.937488 0.978133
vt 0.906262 0.978133
vt 0.937484 0.978523
vt 0.906266 0.978523
vt 0.937481 0.978911
vt 0.906269 0.978911
vt 0.937477 0.979298
vt 0.906273 0.979298
vt 0.937472 0.979685
vt 0.906278 0.979685
vt 0.937467 0.980070
vt 0.906283 0.980070
vt 0.937462 0.980454
vt 0.906288 0.980454
vt 0.937457 0.980836
vt 0.906293 0.980836
vt 0.937451 0.981217
vt 0.906299 0.981217
vt 0.937444 0.981597
vt 0.906306 0.981597
vt 0.937438 0.981975
vt 0.906312 0.981975
vt 0.937431 0.982351
vt 0.906319 0.982351
vt 0.937423 0.982726
vt 0.906327 0.982725
vt 0.937415 0.983098
vt 0.906335 0.983098
vt 0.937407 0.983468
vt 0.906343 0.983468
vt 0.937399 0.983837
vt 0.906351 0.983837
vt 0.937390 0.984203
vt 0.906360 0.984203
vt 0.937380 0.984567
vt 0.906370 0.984567
vt 0.937371 0.984929
vt 0.906379 0.984929
vt 0.937361 0.985288
vt 0.906389 0.985288
vt 0.937351 0.985644
vt 0.906399 0.985644
vt 0.937340 0.985999
vt 0.906410 0.985998
vt 0.937329 0.986350
vt 0.906421 0.986350
vt 0.937317 0.986698
vt 0.906432 0.986698
vt 0.937306 0.987044
vt 0.906444 0.987044
vt 0.937294 0.987386
vt 0.906456 0.987386
vt 0.937281 0.987726
vt 0.906469 0.987726
vt 0.937269 0.988062
vt 0.906481 0.988062
vt 0.937256 0.988396
vt 0.906494 0.988396
vt 0.937242 0.988726
vt 0.906508 0.988726
vt 0.937229 0.989052
vt 0.906521 0.989052
vt 0.937214 0.989375
vt 0.906535 0.989375
vt 0.937200 0.989695
vt 0.906550 0.989695
vt 0.937185 0.990010
vt 0.906564 0.990010
vt 0.937171 0.990323
vt 0.906579 0.990323
vt 0.937155 0.990631
vt 0.906595 0.990631
vt 0.937140 0.990936
vt 0.906610 0.990936
vt 0.937124 0.991236
vt 0.906626 0.991236
vt 0.937108 0.991533
vt 0.906642 0.991533
vt 0.937091 0.991825
vt 0.906659 0.991825
vt 0.937074 0.992114
vt 0.906675 0.992114
vt 0.937057 0.992398
vt 0.906693 0.992398
vt 0.937040 1.000000
vt 0.906710 1.000000
vt 0.382726 0.449879
vt 0.342455 0.471405
vt 0.379263 0.443455
vt 0.379110 0.443227
vt 0.378956 0.442996
vt 0.378799 0.442761
vt 0.378640 0.442523
vt 0.378479 0.442282
vt 0.378316 0.442038
vt 0.378150 0.441791
vt 0.377983 0.441540
vt 0.377814 0.441287
vt 0.377643 0.441031
vt 0.377470 0.440772
vt 0.377295 0.440510
vt 0.377118 0.440245
vt 0.376939 0.439978
vt 0.376759 0.439708
vt 0.376577 0.439436
vt 0.376393 0.439161
vt 0.376208 0.438884
vt 0.376021 0.438604
vt 0.375833 0.438322
vt 0.375643 0.438039
vt 0.375452 0.437753
vt 0.375260 0.437464
vt 0.375066 0.437174
vt 0.374871 0.436882
vt 0.374675 0.436589
vt 0.374477 0.436293
vt 0.374279 0.435996
vt 0.374079 0.435697
vt 0.373878 0.435397
vt 0.373677 0.435095
vt 0.373474 0.434792
vt 0.373271 0.434488
vt 0.373066 0.434182
vt 0.372861 0.433875
vt 0.372656 0.433567
vt 0.372449 0.433258
vt 0.372242 0.432948
vt 0.372035 0.432638
vt 0.371826 0.432326
vt 0.371618 0.432014
vt 0.371409 0.431701
vt 0.371200 0.431388
vt 0.370990 0.431074
vt 0.370780 0.430760
vt 0.370570 0.430445
vt 0.370359 0.430131
vt 0.370149 0.429816
vt 0.875000 0.524607
vt 0.875001 0.524215
vt 0.906249 0.524215
vt 0.875002 0.523822
vt 0.906248 0.523822
vt 0.875003 0.523430
vt 0.906247 0.523430
vt 0.875005 0.523039
vt 0.906245 0.523038
vt 0.875007 0.522647
vt 0.906243 0.522647
vt 0.875010 0.522257
vt 0.906241 0.522257
vt 0.875012 0.521867
vt 0.906238 0.521867
vt 0.875016 0.521478
vt 0.906234 0.521478
vt 0.875019 0.521089
vt 0.906231 0.521089
vt 0.875023 0.520702
vt 0.906227 0.520702
vt 0.875028 0.520315
vt 0.906222 0.520315
vt 0.875033 0.519930
vt 0.906217 0.519930
vt 0.875038 0.519546
vt 0.906212 0.519546
vt 0.875043 0.519164
vt 0.906207 0.519164
vt 0.875049 0.518783
vt 0.906201 0.518783
vt 0.875056 0.518403
vt 0.906194 0.518403
vt 0.875062 0.518025
vt 0.906188 0.518025
vt 0.875069 0.517649
vt 0.906181 0.517649
vt 0.875077 0.517275
vt 0.906173 0.517275
vt 0.875085 0.516902
vt 0.906165 0.516902
vt 0.875093 0.516532
vt 0.906157 0.516532
vt 0.875101 0.516163
vt 0.906149 0.516163
vt 0.875110 0.515797
vt 0.906140 0.515797
vt 0.875119 0.515433
vt 0.906130 0.515433
vt 0.875129 0.515071
vt 0.906121 0.515071
vt 0.875139 0.514712
vt 0.906111 0.514712
vt 0.875149 0.514355
vt 0.906101 0.514355
vt 0.875160 0.514001
vt 0.906090 0.514002
vt 0.875171 0.513650
vt 0.906079 0.513650
vt 0.875183 0.513302
vt 0.906067 0.513302
vt 0.875194 0.512956
vt 0.906056 0.512956
vt 0.875206 0.512614
vt 0.906044 0.512614
vt 0.875219 0.512274
vt 0.906031 0.512274
vt 0.875231 0.511937
vt 0.906019 0.511938
vt 0.875244 0.511604
vt 0.906006 0.511604
vt 0.875258 0.511274
vt 0.905992 0.511274
vt 0.875271 0.510948
vt 0.905978 0.510948
vt 0.875286 0.510625
vt 0.905965 0.510625
vt 0.875300 0.510305
vt 0.905950 0.510305
vt 0.875315 0.509990
vt 0.905936 0.509990
vt 0.875329 0.509677
vt 0.905921 0.509677
vt 0.875345 0.509369
vt 0.905905 0.509369
vt 0.875360 0.509064
vt 0.905890 0.509064
vt 0.875376 0.508764
vt 0.905874 0.508764
vt 0.875392 0.508467
vt 0.905858 0.508467
vt 0.875409 0.508175
vt 0.905841 0.508175
vt 0.875426 0.507886
vt 0.905824 0.507886
vt 0.875443 0.507602
vt 0.905807 0.507602
vt 0.875460 0.500000
vt 0.905790 0.500000
vt 0.883872 0.449113
vt 0.919170 0.420145
vt 0.914520 0.414520
vt 0.914326 0.414326
vt 0.914129 0.414130
vt 0.913930 0.413930
vt 0.913728 0.413728
vt 0.913523 0.413523
vt 0.913315 0.413315
vt 0.913105 0.413105
vt 0.912892 0.412892
vt 0.912676 0.412676
vt 0.912458 0.412458
vt 0.912238 0.412238
vt 0.912015 0.412015
vt 0.911790 0.411790
vt 0.911563 0.411563
vt 0.911334 0.411334
vt 0.911102 0.411102
vt 0.910868 0.410868
vt 0.910632 0.410632
vt 0.910395 0.410395
vt 0.910155 0.410155
vt 0.909914 0.409914
vt 0.909670 0.409670
vt 0.909426 0.409425
vt 0.909179 0.409179
vt 0.908930 0.408930
vt 0.908681 0.408681
vt 0.908429 0.408429
vt 0.908176 0.408177
vt 0.907923 0.407923
vt 0.907667 0.407667
vt 0.907411 0.407411
vt 0.907153 0.407153
vt 0.906894 0.406894
vt 0.906634 0.406634
vt 0.906373 0.406373
vt 0.906111 0.406111
vt 0.905848 0.405848
vt 0.905585 0.405585
vt 0.905321 0.405320
vt 0.905056 0.405056
vt 0.904790 0.404790
vt 0.904524 0.404524
vt 0.904258 0.404258
vt 0.903991 0.403991
vt 0.903724 0.403724
vt 0.903456 0.403456
vt 0.903189 0.403189
vt 0.902921 0.402921
vt 0.902653 0.402653
vt 0.906250 0.975393
vt 0.875000 0.975393
vt 0.906249 0.975785
vt 0.875001 0.975785
vt 0.906248 0.976178
vt 0.875002 0.976178
vt 0.906247 0.976570
vt 0.875003 0.976570
vt 0.906245 0.976961
vt 0.875005 0.976961
vt 0.906243 0.977353
vt 0.875007 0.977353
vt 0.906241 0.977743
vt 0.875010 0.977743
vt 0.906238 0.978133
vt 0.875012 0.978133
vt 0.906234 0.978523
vt 0.875016 0.978523
vt 0.906231 0.978911
vt 0.875019 0.978911
vt 0.906227 0.979298
vt 0.875023 0.979298
vt 0.906222 0.979685
vt 0.875028 0.979685
vt 0.906217 0.980070
vt 0.875033 0.980070
vt 0.906212 0.980454
vt 0.875038 0.980454
vt 0.906207 0.980836
vt 0.875043 0.980836
vt 0.906201 0.981217
vt 0.875049 0.981217
vt 0.906194 0.981597
vt 0.875056 0.981597
vt 0.906188 0.981975
vt 0.875062 0.981975
vt 0.906181 0.982351
vt 0.875069 0.982351
vt 0.906173 0.982726
vt 0.875077 0.982725
vt 0.906165 0.983098
vt 0.875085 0.983098
vt 0.906157 0.983469
vt 0.875093 0.983468
vt 0.906149 0.983837
vt 0.875101 0.983837
vt 0.906140 0.984203
vt 0.875110 0.984203
vt 0.906130 0.984567
vt 0.875119 0.984567
vt 0.906121 0.984929
vt 0.875129 0.984929
vt 0.906111 0.985288
vt 0.875139 0.985288
vt 0.906101 0.985645
vt 0.875149 0.985644
vt 0.906090 0.985998
vt 0.875160 0.985998
vt 0.906079 0.986350
vt 0.875171 0.986350
vt 0.906067 0.986698
vt 0.875183 0.986698
vt 0.906056 0.987044
vt 0.875194 0.987044
vt 0.906044 0.987386
vt 0.875206 0.987387
vt 0.906031 0.987726
vt 0.875219 0.987726
vt 0.906019 0.988063
vt 0.875231 0.988062
vt 0.906006 0.988396
vt 0.875244 0.988396
vt 0.905992 0.988726
vt 0.875258 0.988726
vt 0.905979 0.989052
vt 0.875272 0.989052
vt 0.905965 0.989375
vt 0.875286 0.989375
vt 0.905950 0.989695
vt 0.875300 0.989695
vt 0.905935 0.990010
vt 0.875314 0.990010
vt 0.905921 0.990323
vt 0.875329 0.990323
vt 0.905905 0.990631
vt 0.875345 0.990631
vt 0.905890 0.990936
vt 0.875360 0.990936
vt 0.905874 0.991236
vt 0.875376 0.991236
vt 0.905858 0.991533
vt 0.875392 0.991533
vt 0.905841 0.991825
vt 0.875409 0.991825
vt 0.905824 0.992114
vt 0.875425 0.992114
vt 0.905807 0.992398
vt 0.875443 0.992398
vt 0.905790 1.000000
vt 0.875460 1.000000
vt 0.419170 0.420145
vt 0.383872 0.449113
vt 0.414520 0.414520
vt 0.414326 0.414326
vt 0.414130 0.414130
vt 0.413930 0.413930
vt 0.413728 0.413728
vt 0.413523 0.413523
vt 0.413315 0.413315
vt 0.413105 0.413105
vt 0.412892 0.412892
vt 0.412676 0.412676
vt 0.412458 0.412458
vt 0.412238 0.412238
vt 0.412015 0.412015
vt 0.411790 0.411790
vt 0.411563 0.411563
vt 0.411333 0.411334
vt 0.411102 0.411102
vt 0.410868 0.410868
vt 0.410632 0.410632
vt 0.410395 0.410395
vt 0.410155 0.410155
vt 0.409914 0.409914
vt 0.409670 0.409670
vt 0.409425 0.409425
vt 0.409179 0.409179
vt 0.408930 0.408930
vt 0.408681 0.408681
vt 0.408429 0.408429
vt 0.408177 0.408177
vt 0.407923 0.407923
vt 0.407667 0.407667
vt 0.407411 0.407411
vt 0.407153 0.407153
vt 0.406894 0.406894
vt 0.406634 0.406634
vt 0.406373 0.406373
vt 0.406111 0.406111
vt 0.405848 0.405848
vt 0.405585 0.405585
vt 0.405321 0.405321
vt 0.405056 0.405056
vt 0.404790 0.404790
vt 0.404524 0.404524
vt 0.404258 0.404258
vt 0.403991 0.403991
vt 0.403724 0.403724
vt 0.403456 0.403456
vt 0.403189 0.403189
vt 0.402921 0.402921
vt 0.843750 0.524607
vt 0.843751 0.524215
vt 0.874999 0.524215
vt 0.843752 0.523822
vt 0.874998 0.523822
vt 0.843753 0.523430
vt 0.874997 0.523430
vt 0.843755 0.523039
vt 0.874995 0.523038
vt 0.843757 0.522647
vt 0.874993 0.522647
vt 0.843760 0.522257
vt 0.874991 0.522257
vt 0.843762 0.521867
vt 0.874988 0.521867
vt 0.843766 0.521478
vt 0.874984 0.521478
vt 0.843769 0.521089
vt 0.874981 0.521089
vt 0.843773 0.520702
vt 0.874977 0.520702
vt 0.843778 0.520315
vt 0.874972 0.520316
vt 0.843783 0.519930
vt 0.874967 0.519930
vt 0.843788 0.519546
vt 0.874962 0.519546
vt 0.843793 0.519164
vt 0.874957 0.519164
vt 0.843799 0.518783
vt 0.874951 0.518783
vt 0.843806 0.518403
vt 0.874944 0.518403
vt 0.843812 0.518025
vt 0.874938 0.518025
vt 0.843819 0.517649
vt 0.874931 0.517649
vt 0.843827 0.517275
vt 0.874923 0.517275
vt 0.843835 0.516902
vt 0.874915 0.516902
vt 0.843843 0.516532
vt 0.874907 0.516532
vt 0.843851 0.516163
vt 0.874899 0.516163
vt 0.843860 0.515797
vt 0.874890 0.515797
vt 0.843870 0.515433
vt 0.874880 0.515433
vt 0.843879 0.515071
vt 0.874871 0.515071
vt 0.843889 0.514712
vt 0.874861 0.514712
vt 0.843899 0.514355
vt 0.874851 0.514355
vt 0.843910 0.514001
vt 0.874840 0.514002
vt 0.843921 0.513650
vt 0.874829 0.513650
vt 0.843933 0.513302
vt 0.874817 0.513302
vt 0.843944 0.512956
vt 0.874806 0.512956
vt 0.843956 0.512614
vt 0.874794 0.512614
vt 0.843969 0.512274
vt 0.874781 0.512274
vt 0.843981 0.511937
vt 0.874769 0.511937
vt 0.843994 0.511604
vt 0.874756 0.511604
vt 0.844008 0.511274
vt 0.874742 0.511274
vt 0.844021 0.510948
vt 0.874729 0.510948
vt 0.844036 0.510625
vt 0.874715 0.510625
vt 0.844050 0.510305
vt 0.874700 0.510305
vt 0.844065 0.509990
vt 0.874685 0.509990
vt 0.844079 0.509677
vt 0.874670 0.509677
vt 0.844095 0.509369
vt 0.874655 0.509369
vt 0.844110 0.509064
vt 0.874640 0.509064
vt 0.844126 0.508764
vt 0.874624 0.508764
vt 0.844142 0.508467
vt 0.874608 0.508467
vt 0.844159 0.508175
vt 0.874591 0.508175
vt 0.844176 0.507886
vt 0.874574 0.507886
vt 0.844193 0.507602
vt 0.874557 0.507602
vt 0.844210 0.500000
vt 0.874540 0.500000
vt 0.920145 0.419170
vt 0.949114 0.383872
vt 0.943455 0.379263
vt 0.943227 0.379110
vt 0.942996 0.378956
vt 0.942761 0.378799
vt 0.942524 0.378640
vt 0.942282 0.378479
vt 0.942038 0.378316
vt 0.941791 0.378151
vt 0.941541 0.377983
vt 0.941287 0.377814
vt 0.941031 0.377643
vt 0.940772 0.377470
vt 0.940510 0.377295
vt 0.940245 0.377118
vt 0.939978 0.376939
vt 0.939708 0.376759
vt 0.939436 0.376577
vt 0.939161 0.376393
vt 0.938884 0.376208
vt 0.938604 0.376021
vt 0.938323 0.375833
vt 0.938038 0.375643
vt 0.937753 0.375452
vt 0.937464 0.375260
vt 0.937174 0.375066
vt 0.936882 0.374871
vt 0.936589 0.374674
vt 0.936293 0.374477
vt 0.935996 0.374278
vt 0.935697 0.374079
vt 0.935397 0.373878
vt 0.935095 0.373677
vt 0.934792 0.373474
vt 0.934488 0.373271
vt 0.934182 0.373066
vt 0.933875 0.372861
vt 0.933567 0.372656
vt 0.933258 0.372449
vt 0.932949 0.372242
vt 0.932638 0.372034
vt 0.932326 0.371826
vt 0.932014 0.371618
vt 0.931701 0.371409
vt 0.931388 0.371199
vt 0.931074 0.370990
vt 0.930760 0.370780
vt 0.930445 0.370570
vt 0.930131 0.370360
vt 0.929816 0.370149
vt 0.929501 0.369939
vt 0.843750 0.975393
vt 0.874999 0.975785
vt 0.843751 0.975785
vt 0.874998 0.976178
vt 0.843752 0.976178
vt 0.874997 0.976570
vt 0.843753 0.976570
vt 0.874995 0.976961
vt 0.843755 0.976961
vt 0.874993 0.977353
vt 0.843757 0.977353
vt 0.874991 0.977743
vt 0.843760 0.977743
vt 0.874988 0.978133
vt 0.843762 0.978133
vt 0.874984 0.978523
vt 0.843766 0.978523
vt 0.874981 0.978911
vt 0.843769 0.978911
vt 0.874977 0.979298
vt 0.843773 0.979298
vt 0.874972 0.979685
vt 0.843778 0.979685
vt 0.874967 0.980070
vt 0.843783 0.980070
vt 0.874962 0.980454
vt 0.843788 0.980454
vt 0.874957 0.980836
vt 0.843793 0.980836
vt 0.874951 0.981217
vt 0.843799 0.981217
vt 0.874944 0.981597
vt 0.843806 0.981597
vt 0.874938 0.981975
vt 0.843812 0.981975
vt 0.874931 0.982351
vt 0.843819 0.982351
vt 0.874923 0.982726
vt 0.843827 0.982725
vt 0.874915 0.983098
vt 0.843835 0.983098
vt 0.874907 0.983469
vt 0.843843 0.983468
vt 0.874899 0.983837
vt 0.843851 0.983837
vt 0.874890 0.984203
vt 0.843860 0.984203
vt 0.874880 0.984567
vt 0.843870 0.984567
vt 0.874871 0.984929
vt 0.843879 0.984929
vt 0.874861 0.985288
vt 0.843889 0.985288
vt 0.874851 0.985645
vt 0.843899 0.985644
vt 0.874840 0.985998
vt 0.843910 0.985998
vt 0.874829 0.986350
vt 0.843921 0.986350
vt 0.874817 0.986698
vt 0.843933 0.986698
vt 0.874806 0.987044
vt 0.843944 0.987044
vt 0.874794 0.987386
vt 0.843956 0.987387
vt 0.874781 0.987726
vt 0.843969 0.987726
vt 0.874769 0.988063
vt 0.843981 0.988063
vt 0.874756 0.988396
vt 0.843994 0.988396
vt 0.874742 0.988726
vt 0.844008 0.988726
vt 0.874729 0.989052
vt 0.844021 0.989052
vt 0.874715 0.989375
vt 0.844036 0.989375
vt 0.874700 0.989695
vt 0.844050 0.989695
vt 0.874686 0.990011
vt 0.844064 0.990010
vt 0.874670 0.990323
vt 0.844079 0.990323
vt 0.874655 0.990631
vt 0.844095 0.990631
vt 0.874640 0.990936
vt 0.844110 0.990936
vt 0.874624 0.991236
vt 0.844126 0.991236
vt 0.874608 0.991533
vt 0.844142 0.991533
vt 0.874591 0.991825
vt 0.844159 0.991825
vt 0.874574 0.992114
vt 0.844176 0.992114
vt 0.874557 0.992398
vt 0.844193 0.992398
vt 0.874540 1.000000
vt 0.844210 1.000000
vt 0.449113 0.383872
vt 0.420145 0.419170
vt 0.443455 0.379263
vt 0.443227 0.379110
vt 0.442996 0.378956
vt 0.442761 0.378799
vt 0.442524 0.378640
vt 0.442282 0.378479
vt 0.442038 0.378316
vt 0.441791 0.378150
vt 0.441540 0.377983
vt 0.441287 0.377814
vt 0.441031 0.377643
vt 0.440772 0.377470
vt 0.440510 0.377295
vt 0.440245 0.377118
vt 0.439978 0.376939
vt 0.439708 0.376759
vt 0.439436 0.376577
vt 0.439161 0.376393
vt 0.438884 0.376208
vt 0.438604 0.376021
vt 0.438323 0.375833
vt 0.438039 0.375643
vt 0.437753 0.375452
vt 0.437464 0.375260
vt 0.437174 0.375066
vt 0.436882 0.374871
vt 0.436589 0.374674
vt 0.436293 0.374477
vt 0.435996 0.374279
vt 0.435697 0.374079
vt 0.435397 0.373878
vt 0.435095 0.373677
vt 0.434792 0.373474
vt 0.434488 0.373271
vt 0.434182 0.373066
vt 0.433875 0.372861
vt 0.433567 0.372656
vt 0.433258 0.372449
vt 0.432948 0.372242
vt 0.432638 0.372035
vt 0.432326 0.371826
vt 0.432014 0.371618
vt 0.431701 0.371409
vt 0.431388 0.371200
vt 0.431074 0.370990
vt 0.430760 0.370780
vt 0.430445 0.370570
vt 0.430131 0.370359
vt 0.429816 0.370149
vt 0.812500 0.524607
vt 0.812501 0.524215
vt 0.843749 0.524215
vt 0.812502 0.523822
vt 0.843748 0.523822
vt 0.812503 0.523430
vt 0.843747 0.523430
vt 0.812505 0.523039
vt 0.843745 0.523039
vt 0.812507 0.522647
vt 0.843743 0.522647
vt 0.812510 0.522257
vt 0.843741 0.522257
vt 0.812512 0.521867
vt 0.843738 0.521867
vt 0.812516 0.521477
vt 0.843734 0.521477
vt 0.812519 0.521089
vt 0.843731 0.521089
vt 0.812523 0.520702
vt 0.843727 0.520702
vt 0.812528 0.520315
vt 0.843722 0.520315
vt 0.812533 0.519930
vt 0.843717 0.519930
vt 0.812538 0.519546
vt 0.843712 0.519546
vt 0.812543 0.519164
vt 0.843707 0.519164
vt 0.812549 0.518783
vt 0.843701 0.518783
vt 0.812556 0.518403
vt 0.843694 0.518403
vt 0.812562 0.518025
vt 0.843688 0.518025
vt 0.812569 0.517649
vt 0.843681 0.517649
vt 0.812577 0.517275
vt 0.843673 0.517275
vt 0.812585 0.516902
vt 0.843665 0.516902
vt 0.812593 0.516532
vt 0.843657 0.516532
vt 0.812601 0.516163
vt 0.843649 0.516163
vt 0.812610 0.515797
vt 0.843640 0.515797
vt 0.812620 0.515433
vt 0.843630 0.515433
vt 0.812629 0.515071
vt 0.843621 0.515071
vt 0.812639 0.514712
vt 0.843611 0.514712
vt 0.812649 0.514356
vt 0.843601 0.514356
vt 0.812660 0.514001
vt 0.843590 0.514001
vt 0.812671 0.513650
vt 0.843579 0.513650
vt 0.812683 0.513302
vt 0.843567 0.513302
vt 0.812694 0.512956
vt 0.843556 0.512956
vt 0.812706 0.512614
vt 0.843544 0.512613
vt 0.812719 0.512274
vt 0.843531 0.512274
vt 0.812731 0.511937
vt 0.843519 0.511937
vt 0.812744 0.511604
vt 0.843506 0.511604
vt 0.812758 0.511274
vt 0.843492 0.511274
vt 0.812771 0.510948
vt 0.843478 0.510948
vt 0.812786 0.510625
vt 0.843464 0.510625
vt 0.812800 0.510305
vt 0.843450 0.510305
vt 0.812814 0.509990
vt 0.843435 0.509989
vt 0.812830 0.509677
vt 0.843421 0.509677
vt 0.812845 0.509369
vt 0.843405 0.509369
vt 0.812860 0.509064
vt 0.843390 0.509064
vt 0.812876 0.508764
vt 0.843374 0.508764
vt 0.812892 0.508467
vt 0.843358 0.508467
vt 0.812909 0.508175
vt 0.843341 0.508175
vt 0.812926 0.507886
vt 0.843324 0.507886
vt 0.812943 0.507602
vt 0.843307 0.507602
vt 0.812960 0.500000
vt 0.843290 0.500000
vt 0.949879 0.382726
vt 0.971405 0.342455
vt 0.964956 0.339038
vt 0.964703 0.338933
vt 0.964445 0.338826
vt 0.964185 0.338718
vt 0.963921 0.338609
vt 0.963653 0.338498
vt 0.963381 0.338385
vt 0.963107 0.338272
vt 0.962828 0.338156
vt 0.962547 0.338040
vt 0.962262 0.337922
vt 0.961974 0.337803
vt 0.961683 0.337682
vt 0.961389 0.337560
vt 0.961092 0.337437
vt 0.960792 0.337313
vt 0.960490 0.337188
vt 0.960184 0.337061
vt 0.959876 0.336934
vt 0.959566 0.336805
vt 0.959253 0.336675
vt 0.958937 0.336545
vt 0.958619 0.336413
vt 0.958299 0.336280
vt 0.957977 0.336147
vt 0.957653 0.336013
vt 0.957326 0.335877
vt 0.956998 0.335741
vt 0.956668 0.335605
vt 0.956336 0.335467
vt 0.956002 0.335329
vt 0.955667 0.335190
vt 0.955330 0.335051
vt 0.954992 0.334910
vt 0.954652 0.334770
vt 0.954311 0.334628
vt 0.953969 0.334487
vt 0.953625 0.334344
vt 0.953282 0.334202
vt 0.952936 0.334059
vt 0.952590 0.333916
vt 0.952243 0.333772
vt 0.951896 0.333628
vt 0.951547 0.333484
vt 0.951199 0.333339
vt 0.950850 0.333195
vt 0.950500 0.333050
vt 0.950151 0.332905
vt 0.949801 0.332760
vt 0.949451 0.332615
vt 0.812500 0.975393
vt 0.843749 0.975785
vt 0.812501 0.975785
vt 0.843748 0.976178
vt 0.812502 0.976178
vt 0.843747 0.976570
vt 0.812503 0.976570
vt 0.843745 0.976961
vt 0.812505 0.976961
vt 0.843743 0.977353
vt 0.812507 0.977353
vt 0.843740 0.977743
vt 0.812509 0.977743
vt 0.843738 0.978133
vt 0.812512 0.978133
vt 0.843734 0.978523
vt 0.812516 0.978523
vt 0.843731 0.978911
vt 0.812519 0.978911
vt 0.843727 0.979298
vt 0.812523 0.979298
vt 0.843722 0.979684
vt 0.812528 0.979685
vt 0.843717 0.980070
vt 0.812533 0.980070
vt 0.843712 0.980454
vt 0.812538 0.980454
vt 0.843707 0.980836
vt 0.812543 0.980836
vt 0.843701 0.981217
vt 0.812549 0.981217
vt 0.843694 0.981597
vt 0.812556 0.981597
vt 0.843688 0.981975
vt 0.812562 0.981975
vt 0.843681 0.982351
vt 0.812569 0.982351
vt 0.843673 0.982726
vt 0.812577 0.982725
vt 0.843665 0.983098
vt 0.812585 0.983098
vt 0.843657 0.983468
vt 0.812593 0.983468
vt 0.843649 0.983837
vt 0.812601 0.983837
vt 0.843640 0.984203
vt 0.812610 0.984203
vt 0.843630 0.984567
vt 0.812620 0.984567
vt 0.843621 0.984929
vt 0.812629 0.984929
vt 0.843611 0.985288
vt 0.812639 0.985288
vt 0.843601 0.985644
vt 0.812649 0.985644
vt 0.843590 0.985999
vt 0.812660 0.985998
vt 0.843579 0.986350
vt 0.812671 0.986350
vt 0.843567 0.986698
vt 0.812683 0.986698
vt 0.843556 0.987044
vt 0.812694 0.987044
vt 0.843544 0.987386
vt 0.812706 0.987386
vt 0.843531 0.987726
vt 0.812719 0.987726
vt 0.843519 0.988062
vt 0.812731 0.988062
vt 0.843506 0.988396
vt 0.812744 0.988396
vt 0.843492 0.988726
vt 0.812758 0.988726
vt 0.843479 0.989052
vt 0.812771 0.989052
vt 0.843464 0.989375
vt 0.812786 0.989375
vt 0.843450 0.989695
vt 0.812800 0.989695
vt 0.843435 0.990010
vt 0.812814 0.990010
vt 0.843421 0.990323
vt 0.812830 0.990323
vt 0.843405 0.990631
vt 0.812845 0.990631
vt 0.843390 0.990936
vt 0.812860 0.990936
vt 0.843374 0.991236
vt 0.812876 0.991236
vt 0.843358 0.991533
vt 0.812892 0.991533
vt 0.843341 0.991825
vt 0.812909 0.991825
vt 0.843324 0.992114
vt 0.812926 0.992114
vt 0.843307 0.992398
vt 0.812943 0.992398
vt 0.843290 1.000000
vt 0.812960 1.000000
vt 0.471405 0.342455
vt 0.449879 0.382726
vt 0.464956 0.339038
vt 0.464703 0.338933
vt 0.464446 0.338826
vt 0.464185 0.338718
vt 0.463921 0.338609
vt 0.463653 0.338498
vt 0.463381 0.338385
vt 0.463107 0.338272
vt 0.462828 0.338156
vt 0.462547 0.338040
vt 0.462262 0.337922
vt 0.461974 0.337803
vt 0.461683 0.337682
vt 0.461389 0.337560
vt 0.461092 0.337437
vt 0.460792 0.337313
vt 0.460490 0.337188
vt 0.460184 0.337061
vt 0.459876 0.336934
vt 0.459566 0.336805
vt 0.459253 0.336675
vt 0.458937 0.336545
vt 0.458619 0.336413
vt 0.458299 0.336280
vt 0.457977 0.336147
vt 0.457653 0.336013
vt 0.457326 0.335877
vt 0.456998 0.335741
vt 0.456668 0.335605
vt 0.456336 0.335467
vt 0.456002 0.335329
vt 0.455667 0.335190
vt 0.455330 0.335050
vt 0.454992 0.334910
vt 0.454652 0.334770
vt 0.454311 0.334628
vt 0.453969 0.334487
vt 0.453626 0.334345
vt 0.453281 0.334202
vt 0.452936 0.334059
vt 0.452590 0.333916
vt 0.452243 0.333772
vt 0.451896 0.333628
vt 0.451547 0.333484
vt 0.451199 0.333339
vt 0.450850 0.333195
vt 0.450500 0.333050
vt 0.450150 0.332905
vt 0.449801 0.332760
vt 0.781250 0.524607
vt 0.812500 0.524607
vt 0.781251 0.524215
vt 0.812499 0.524215
vt 0.781252 0.523822
vt 0.812498 0.523822
vt 0.781253 0.523430
vt 0.812497 0.523430
vt 0.781255 0.523039
vt 0.812495 0.523038
vt 0.781257 0.522647
vt 0.812493 0.522647
vt 0.781259 0.522257
vt 0.812491 0.522257
vt 0.781262 0.521867
vt 0.812488 0.521867
vt 0.781266 0.521477
vt 0.812484 0.521477
vt 0.781269 0.521089
vt 0.812481 0.521089
vt 0.781273 0.520702
vt 0.812477 0.520702
vt 0.781278 0.520315
vt 0.812472 0.520316
vt 0.781283 0.519930
vt 0.812467 0.519930
vt 0.781288 0.519546
vt 0.812462 0.519546
vt 0.781293 0.519164
vt 0.812457 0.519164
vt 0.781299 0.518783
vt 0.812451 0.518783
vt 0.781306 0.518403
vt 0.812444 0.518403
vt 0.781312 0.518025
vt 0.812438 0.518025
vt 0.781319 0.517649
vt 0.812431 0.517649
vt 0.781327 0.517274
vt 0.812423 0.517275
vt 0.781335 0.516902
vt 0.812415 0.516902
vt 0.781343 0.516532
vt 0.812407 0.516532
vt 0.781351 0.516163
vt 0.812399 0.516163
vt 0.781360 0.515797
vt 0.812390 0.515797
vt 0.781370 0.515433
vt 0.812380 0.515433
vt 0.781379 0.515071
vt 0.812371 0.515071
vt 0.781389 0.514712
vt 0.812361 0.514712
vt 0.781399 0.514356
vt 0.812351 0.514355
vt 0.781410 0.514002
vt 0.812340 0.514001
vt 0.781421 0.513650
vt 0.812329 0.513650
vt 0.781432 0.513302
vt 0.812317 0.513302
vt 0.781444 0.512956
vt 0.812306 0.512956
vt 0.781456 0.512614
vt 0.812294 0.512614
vt 0.781469 0.512274
vt 0.812281 0.512274
vt 0.781481 0.511937
vt 0.812269 0.511938
vt 0.781494 0.511604
vt 0.812256 0.511604
vt 0.781508 0.511274
vt 0.812242 0.511274
vt 0.781521 0.510948
vt 0.812228 0.510948
vt 0.781536 0.510625
vt 0.812214 0.510625
vt 0.781550 0.510305
vt 0.812200 0.510305
vt 0.781565 0.509990
vt 0.812185 0.509990
vt 0.781579 0.509677
vt 0.812171 0.509677
vt 0.781595 0.509369
vt 0.812155 0.509369
vt 0.781610 0.509064
vt 0.812140 0.509064
vt 0.781626 0.508764
vt 0.812124 0.508764
vt 0.781642 0.508467
vt 0.812108 0.508467
vt 0.781659 0.508175
vt 0.812091 0.508175
vt 0.781676 0.507886
vt 0.812074 0.507886
vt 0.781693 0.507602
vt 0.812057 0.507602
vt 0.781710 0.500000
vt 0.812040 0.500000
vt 0.971932 0.341182
vt 0.985187 0.297484
vt 0.978196 0.295391
vt 0.977927 0.295338
vt 0.977654 0.295283
vt 0.977378 0.295228
vt 0.977097 0.295172
vt 0.976813 0.295116
vt 0.976524 0.295058
vt 0.976233 0.295000
vt 0.975937 0.294942
vt 0.975639 0.294882
vt 0.975336 0.294822
vt 0.975031 0.294761
vt 0.974722 0.294700
vt 0.974410 0.294638
vt 0.974094 0.294575
vt 0.973776 0.294512
vt 0.973455 0.294448
vt 0.973130 0.294383
vt 0.972804 0.294318
vt 0.972474 0.294253
vt 0.972142 0.294187
vt 0.971807 0.294120
vt 0.971469 0.294053
vt 0.971129 0.293985
vt 0.970788 0.293917
vt 0.970443 0.293849
vt 0.970096 0.293780
vt 0.969748 0.293711
vt 0.969397 0.293641
vt 0.969045 0.293571
vt 0.968691 0.293500
vt 0.968335 0.293429
vt 0.967977 0.293358
vt 0.967618 0.293287
vt 0.967257 0.293215
vt 0.966896 0.293143
vt 0.966532 0.293071
vt 0.966168 0.292998
vt 0.965802 0.292926
vt 0.965436 0.292853
vt 0.965068 0.292780
vt 0.964700 0.292707
vt 0.964331 0.292633
vt 0.963962 0.292560
vt 0.963591 0.292486
vt 0.963221 0.292412
vt 0.962850 0.292338
vt 0.962479 0.292265
vt 0.962107 0.292191
vt 0.961736 0.292117
vt 0.812500 0.975393
vt 0.781250 0.975393
vt 0.812499 0.975785
vt 0.781251 0.975785
vt 0.812498 0.976178
vt 0.781252 0.976178
vt 0.812497 0.976570
vt 0.781253 0.976570
vt 0.812495 0.976961
vt 0.781255 0.976961
vt 0.812493 0.977353
vt 0.781257 0.977353
vt 0.812491 0.977743
vt 0.781259 0.977743
vt 0.812488 0.978133
vt 0.781262 0.978133
vt 0.812484 0.978523
vt 0.781266 0.978523
vt 0.812481 0.978911
vt 0.781269 0.978911
vt 0.812477 0.979298
vt 0.781273 0.979298
vt 0.812472 0.979685
vt 0.781278 0.979684
vt 0.812467 0.980070
vt 0.781283 0.980070
vt 0.812462 0.980454
vt 0.781288 0.980454
vt 0.812457 0.980836
vt 0.781293 0.980836
vt 0.812451 0.981217
vt 0.781299 0.981217
vt 0.812444 0.981597
vt 0.781306 0.981597
vt 0.812438 0.981975
vt 0.781312 0.981975
vt 0.812431 0.982351
vt 0.781319 0.982351
vt 0.812423 0.982726
vt 0.781327 0.982726
vt 0.812415 0.983098
vt 0.781335 0.983098
vt 0.812407 0.983468
vt 0.781343 0.983468
vt 0.812399 0.983837
vt 0.781351 0.983837
vt 0.812390 0.984203
vt 0.781360 0.984203
vt 0.812380 0.984567
vt 0.781370 0.984567
vt 0.812371 0.984929
vt 0.781379 0.984929
vt 0.812361 0.985288
vt 0.781389 0.985288
vt 0.812351 0.985644
vt 0.781399 0.985644
vt 0.812340 0.985998
vt 0.781410 0.985999
vt 0.812329 0.986350
vt 0.781421 0.986350
vt 0.812317 0.986698
vt 0.781433 0.986698
vt 0.812306 0.987044
vt 0.781444 0.987044
vt 0.812294 0.987386
vt 0.781456 0.987386
vt 0.812281 0.987726
vt 0.781469 0.987726
vt 0.812269 0.988062
vt 0.781481 0.988062
vt 0.812256 0.988396
vt 0.781494 0.988396
vt 0.812242 0.988726
vt 0.781508 0.988726
vt 0.812229 0.989052
vt 0.781521 0.989052
vt 0.812215 0.989375
vt 0.781536 0.989375
vt 0.812200 0.989695
vt 0.781550 0.989695
vt 0.812185 0.990010
vt 0.781565 0.990010
vt 0.812171 0.990323
vt 0.781579 0.990323
vt 0.812155 0.990631
vt 0.781595 0.990631
vt 0.812140 0.990936
vt 0.781610 0.990936
vt 0.812124 0.991236
vt 0.781626 0.991236
vt 0.812108 0.991533
vt 0.781642 0.991533
vt 0.812091 0.991825
vt 0.781659 0.991825
vt 0.812074 0.992114
vt 0.781676 0.992114
vt 0.812057 0.992398
vt 0.781693 0.992398
vt 0.812040 1.000000
vt 0.781710 1.000000
vt 0.485187 0.297484
vt 0.471932 0.341181
vt 0.478196 0.295391
vt 0.477927 0.295338
vt 0.477654 0.295283
vt 0.477378 0.295228
vt 0.477097 0.295172
vt 0.476813 0.295116
vt 0.476524 0.295058
vt 0.476233 0.295000
vt 0.475937 0.294942
vt 0.475639 0.294882
vt 0.475336 0.294822
vt 0.475031 0.294761
vt 0.474722 0.294700
vt 0.474410 0.294638
vt 0.474094 0.294575
vt 0.473776 0.294512
vt 0.473455 0.294448
vt 0.473131 0.294383
vt 0.472804 0.294318
vt 0.472474 0.294253
vt 0.472142 0.294187
vt 0.471807 0.294120
vt 0.471469 0.294053
vt 0.471129 0.293985
vt 0.470787 0.293917
vt 0.470443 0.293849
vt 0.470096 0.293780
vt 0.469748 0.293711
vt 0.469397 0.293641
vt 0.469045 0.293571
vt 0.468691 0.293500
vt 0.468335 0.293429
vt 0.467977 0.293358
vt 0.467618 0.293287
vt 0.467257 0.293215
vt 0.466895 0.293143
vt 0.466532 0.293071
vt 0.466168 0.292998
vt 0.465802 0.292926
vt 0.465436 0.292853
vt 0.465068 0.292780
vt 0.464700 0.292706
vt 0.464331 0.292633
vt 0.463962 0.292560
vt 0.463591 0.292486
vt 0.463221 0.292412
vt 0.462850 0.292338
vt 0.462479 0.292265
vt 0.462107 0.292191
vt 0.750000 0.524607
vt 0.750001 0.524215
vt 0.781249 0.524215
vt 0.750002 0.523822
vt 0.781248 0.523822
vt 0.750003 0.523430
vt 0.781247 0.523430
vt 0.750005 0.523039
vt 0.781245 0.523038
vt 0.750007 0.522647
vt 0.781243 0.522647
vt 0.750010 0.522257
vt 0.781241 0.522257
vt 0.750012 0.521867
vt 0.781238 0.521867
vt 0.750016 0.521477
vt 0.781234 0.521477
vt 0.750019 0.521089
vt 0.781231 0.521089
vt 0.750023 0.520702
vt 0.781227 0.520702
vt 0.750028 0.520315
vt 0.781222 0.520316
vt 0.750033 0.519930
vt 0.781217 0.519930
vt 0.750038 0.519546
vt 0.781212 0.519546
vt 0.750043 0.519164
vt 0.781207 0.519164
vt 0.750049 0.518783
vt 0.781201 0.518783
vt 0.750056 0.518403
vt 0.781194 0.518403
vt 0.750062 0.518025
vt 0.781188 0.518025
vt 0.750069 0.517649
vt 0.781181 0.517649
vt 0.750077 0.517274
vt 0.781173 0.517275
vt 0.750085 0.516902
vt 0.781165 0.516902
vt 0.750093 0.516532
vt 0.781157 0.516532
vt 0.750101 0.516163
vt 0.781149 0.516163
vt 0.750110 0.515797
vt 0.781140 0.515797
vt 0.750120 0.515433
vt 0.781130 0.515433
vt 0.750129 0.515071
vt 0.781121 0.515071
vt 0.750139 0.514712
vt 0.781111 0.514712
vt 0.750149 0.514356
vt 0.781101 0.514356
vt 0.750160 0.514002
vt 0.781090 0.514001
vt 0.750171 0.513650
vt 0.781079 0.513650
vt 0.750183 0.513302
vt 0.781067 0.513302
vt 0.750194 0.512956
vt 0.781056 0.512956
vt 0.750206 0.512614
vt 0.781044 0.512614
vt 0.750219 0.512274
vt 0.781031 0.512274
vt 0.750231 0.511937
vt 0.781019 0.511937
vt 0.750244 0.511604
vt 0.781006 0.511604
vt 0.750258 0.511274
vt 0.780992 0.511274
vt 0.750271 0.510948
vt 0.780978 0.510948
vt 0.750286 0.510625
vt 0.780964 0.510625
vt 0.750300 0.510305
vt 0.780950 0.510305
vt 0.750314 0.509989
vt 0.780935 0.509990
vt 0.750329 0.509677
vt 0.780921 0.509677
vt 0.750345 0.509369
vt 0.780905 0.509369
vt 0.750360 0.509064
vt 0.780890 0.509064
vt 0.750376 0.508764
vt 0.780874 0.508764
vt 0.750392 0.508467
vt 0.780858 0.508467
vt 0.750409 0.508175
vt 0.780841 0.508175
vt 0.750426 0.507886
vt 0.780824 0.507886
vt 0.750443 0.507602
vt 0.780807 0.507602
vt 0.750460 0.500000
vt 0.780790 0.500000
vt 0.985456 0.296133
vt 0.989932 0.250689
vt 0.982666 0.250000
vt 0.982393 0.250000
vt 0.982114 0.250000
vt 0.981832 0.250000
vt 0.981546 0.250000
vt 0.981256 0.250000
vt 0.980962 0.250000
vt 0.980665 0.250000
vt 0.980364 0.250000
vt 0.980059 0.250000
vt 0.979751 0.250000
vt 0.979439 0.250000
vt 0.979124 0.250000
vt 0.978806 0.250000
vt 0.978485 0.250000
vt 0.978160 0.250000
vt 0.977832 0.250000
vt 0.977502 0.250000
vt 0.977169 0.250000
vt 0.976832 0.250000
vt 0.976494 0.250000
vt 0.976152 0.250000
vt 0.975808 0.250000
vt 0.975461 0.250000
vt 0.975113 0.250000
vt 0.974761 0.250000
vt 0.974408 0.250000
vt 0.974053 0.250000
vt 0.973696 0.250000
vt 0.973336 0.250000
vt 0.972975 0.250000
vt 0.972612 0.250000
vt 0.972248 0.250000
vt 0.971881 0.250000
vt 0.971513 0.250000
vt 0.971145 0.250000
vt 0.970774 0.250000
vt 0.970403 0.250000
vt 0.970030 0.250000
vt 0.969656 0.250000
vt 0.969282 0.250000
vt 0.968906 0.250000
vt 0.968530 0.250000
vt 0.968154 0.250000
vt 0.967776 0.250000
vt 0.967398 0.250000
vt 0.967020 0.250000
vt 0.966641 0.250000
vt 0.966263 0.250000
vt 0.965884 0.250000
vt 0.750000 0.975393
vt 0.781249 0.975785
vt 0.750001 0.975785
vt 0.781248 0.976178
vt 0.750002 0.976178
vt 0.781247 0.976570
vt 0.750003 0.976570
vt 0.781245 0.976961
vt 0.750005 0.976961
vt 0.781243 0.977353
vt 0.750007 0.977353
vt 0.781240 0.977743
vt 0.750009 0.977743
vt 0.781238 0.978133
vt 0.750012 0.978133
vt 0.781234 0.978523
vt 0.750016 0.978523
vt 0.781231 0.978911
vt 0.750019 0.978911
vt 0.781227 0.979298
vt 0.750023 0.979298
vt 0.781222 0.979685
vt 0.750028 0.979685
vt 0.781217 0.980070
vt 0.750033 0.980070
vt 0.781212 0.980454
vt 0.750038 0.980454
vt 0.781207 0.980836
vt 0.750043 0.980836
vt 0.781201 0.981217
vt 0.750049 0.981217
vt 0.781194 0.981597
vt 0.750056 0.981597
vt 0.781188 0.981975
vt 0.750062 0.981975
vt 0.781181 0.982351
vt 0.750069 0.982351
vt 0.781173 0.982726
vt 0.750077 0.982726
vt 0.781165 0.983098
vt 0.750085 0.983098
vt 0.781157 0.983468
vt 0.750093 0.983468
vt 0.781149 0.983837
vt 0.750101 0.983837
vt 0.781140 0.984203
vt 0.750110 0.984203
vt 0.781130 0.984567
vt 0.750120 0.984567
vt 0.781121 0.984929
vt 0.750129 0.984929
vt 0.781111 0.985288
vt 0.750139 0.985288
vt 0.781101 0.985644
vt 0.750149 0.985644
vt 0.781090 0.985999
vt 0.750160 0.985999
vt 0.781079 0.986350
vt 0.750171 0.986350
vt 0.781067 0.986698
vt 0.750183 0.986698
vt 0.781056 0.987044
vt 0.750194 0.987044
vt 0.781044 0.987386
vt 0.750206 0.987386
vt 0.781031 0.987726
vt 0.750219 0.987726
vt 0.781019 0.988063
vt 0.750231 0.988062
vt 0.781006 0.988396
vt 0.750244 0.988396
vt 0.780992 0.988726
vt 0.750258 0.988726
vt 0.780978 0.989052
vt 0.750271 0.989052
vt 0.780964 0.989375
vt 0.750286 0.989375
vt 0.780950 0.989695
vt 0.750300 0.989695
vt 0.780935 0.990010
vt 0.750314 0.990010
vt 0.780921 0.990323
vt 0.750329 0.990323
vt 0.780905 0.990631
vt 0.750345 0.990631
vt 0.780890 0.990936
vt 0.750360 0.990936
vt 0.780874 0.991236
vt 0.750376 0.991236
vt 0.780858 0.991533
vt 0.750392 0.991533
vt 0.780841 0.991825
vt 0.750409 0.991825
vt 0.780824 0.992114
vt 0.750426 0.992114
vt 0.780807 0.992398
vt 0.750443 0.992398
vt 0.780790 1.000000
vt 0.750460 1.000000
vt 0.489932 0.250689
vt 0.485456 0.296133
vt 0.482667 0.250000
vt 0.482393 0.250000
vt 0.482114 0.250000
vt 0.481832 0.250000
vt 0.481546 0.250000
vt 0.481256 0.250000
vt 0.480962 0.250000
vt 0.480665 0.250000
vt 0.480364 0.250000
vt 0.480059 0.250000
vt 0.479751 0.250000
vt 0.479439 0.250000
vt 0.479124 0.250000
vt 0.478806 0.250000
vt 0.478485 0.250000
vt 0.478160 0.250000
vt 0.477832 0.250000
vt 0.477502 0.250000
vt 0.477169 0.250000
vt 0.476832 0.250000
vt 0.476494 0.250000
vt 0.476152 0.250000
vt 0.475808 0.250000
vt 0.475462 0.250000
vt 0.475113 0.250000
vt 0.474762 0.250000
vt 0.474408 0.250000
vt 0.474053 0.250000
vt 0.473696 0.250000
vt 0.473336 0.250000
vt 0.472975 0.250000
vt 0.472612 0.250000
vt 0.472247 0.250000
vt 0.471881 0.250000
vt 0.471514 0.250000
vt 0.471145 0.250000
vt 0.470774 0.250000
vt 0.470403 0.250000
vt 0.470030 0.250000
vt 0.469656 0.250000
vt 0.469282 0.250000
vt 0.468906 0.250000
vt 0.468530 0.250000
vt 0.468153 0.250000
vt 0.467776 0.250000
vt 0.467398 0.250000
vt 0.467020 0.250000
vt 0.466641 0.250000
vt 0.466263 0.250000
vt 0.718750 0.524607
vt 0.718751 0.524215
vt 0.749999 0.524215
vt 0.718752 0.523822
vt 0.749998 0.523822
vt 0.718753 0.523430
vt 0.749997 0.523430
vt 0.718755 0.523039
vt 0.749995 0.523038
vt 0.718757 0.522647
vt 0.749993 0.522647
vt 0.718759 0.522257
vt 0.749991 0.522257
vt 0.718762 0.521867
vt 0.749988 0.521867
vt 0.718766 0.521477
vt 0.749984 0.521477
vt 0.718769 0.521089
vt 0.749981 0.521089
vt 0.718773 0.520702
vt 0.749977 0.520702
vt 0.718778 0.520315
vt 0.749972 0.520316
vt 0.718783 0.519930
vt 0.749967 0.519930
vt 0.718788 0.519546
vt 0.749962 0.519546
vt 0.718793 0.519164
vt 0.749957 0.519164
vt 0.718799 0.518783
vt 0.749951 0.518783
vt 0.718806 0.518403
vt 0.749944 0.518403
vt 0.718812 0.518025
vt 0.749938 0.518025
vt 0.718819 0.517649
vt 0.749931 0.517649
vt 0.718827 0.517275
vt 0.749923 0.517275
vt 0.718835 0.516902
vt 0.749915 0.516902
vt 0.718843 0.516532
vt 0.749907 0.516532
vt 0.718851 0.516163
vt 0.749899 0.516163
vt 0.718860 0.515797
vt 0.749890 0.515797
vt 0.718870 0.515433
vt 0.749880 0.515433
vt 0.718879 0.515071
vt 0.749871 0.515071
vt 0.718889 0.514712
vt 0.749861 0.514712
vt 0.718899 0.514355
vt 0.749851 0.514356
vt 0.718910 0.514001
vt 0.749840 0.514002
vt 0.718921 0.513650
vt 0.749829 0.513650
vt 0.718933 0.513302
vt 0.749817 0.513302
vt 0.718944 0.512956
vt 0.749806 0.512956
vt 0.718956 0.512614
vt 0.749794 0.512613
vt 0.718969 0.512274
vt 0.749781 0.512274
vt 0.718981 0.511937
vt 0.749769 0.511937
vt 0.718994 0.511604
vt 0.749756 0.511604
vt 0.719008 0.511274
vt 0.749742 0.511274
vt 0.719021 0.510948
vt 0.749729 0.510948
vt 0.719036 0.510625
vt 0.749715 0.510625
vt 0.719050 0.510305
vt 0.749700 0.510305
vt 0.719065 0.509990
vt 0.749685 0.509989
vt 0.719079 0.509677
vt 0.749671 0.509677
vt 0.719095 0.509369
vt 0.749655 0.509369
vt 0.719110 0.509064
vt 0.749640 0.509064
vt 0.719126 0.508764
vt 0.749624 0.508764
vt 0.719142 0.508467
vt 0.749608 0.508467
vt 0.719159 0.508175
vt 0.749591 0.508175
vt 0.719176 0.507886
vt 0.749574 0.507886
vt 0.719193 0.507602
vt 0.749557 0.507602
vt 0.719210 0.500000
vt 0.749540 0.500000
vt 0.989932 0.249311
vt 0.985456 0.203867
vt 0.978196 0.204609
vt 0.977927 0.204663
vt 0.977654 0.204717
vt 0.977378 0.204772
vt 0.977097 0.204828
vt 0.976813 0.204884
vt 0.976524 0.204941
vt 0.976233 0.205000
vt 0.975937 0.205058
vt 0.975638 0.205118
vt 0.975336 0.205178
vt 0.975031 0.205239
vt 0.974722 0.205300
vt 0.974410 0.205362
vt 0.974094 0.205425
vt 0.973776 0.205488
vt 0.973455 0.205552
vt 0.973131 0.205617
vt 0.972803 0.205682
vt 0.972474 0.205747
vt 0.972142 0.205813
vt 0.971807 0.205880
vt 0.971469 0.205947
vt 0.971129 0.206015
vt 0.970787 0.206083
vt 0.970443 0.206151
vt 0.970096 0.206220
vt 0.969748 0.206289
vt 0.969397 0.206359
vt 0.969045 0.206429
vt 0.968691 0.206500
vt 0.968335 0.206571
vt 0.967977 0.206642
vt 0.967618 0.206713
vt 0.967257 0.206785
vt 0.966896 0.206857
vt 0.966532 0.206929
vt 0.966168 0.207002
vt 0.965802 0.207074
vt 0.965436 0.207147
vt 0.965068 0.207220
vt 0.964700 0.207293
vt 0.964331 0.207367
vt 0.963961 0.207440
vt 0.963592 0.207514
vt 0.963221 0.207588
vt 0.962850 0.207662
vt 0.962479 0.207735
vt 0.962107 0.207809
vt 0.961736 0.207883
vt 0.718750 0.975393
vt 0.749999 0.975785
vt 0.718751 0.975785
vt 0.749998 0.976178
vt 0.718752 0.976178
vt 0.749997 0.976570
vt 0.718753 0.976570
vt 0.749995 0.976961
vt 0.718755 0.976961
vt 0.749993 0.977353
vt 0.718757 0.977353
vt 0.749991 0.977743
vt 0.718759 0.977743
vt 0.749988 0.978133
vt 0.718762 0.978133
vt 0.749984 0.978523
vt 0.718766 0.978523
vt 0.749981 0.978911
vt 0.718769 0.978911
vt 0.749977 0.979298
vt 0.718773 0.979298
vt 0.749972 0.979685
vt 0.718778 0.979685
vt 0.749967 0.980070
vt 0.718783 0.980070
vt 0.749962 0.980454
vt 0.718788 0.980454
vt 0.749957 0.980836
vt 0.718793 0.980836
vt 0.749951 0.981217
vt 0.718799 0.981217
vt 0.749944 0.981597
vt 0.718806 0.981597
vt 0.749938 0.981975
vt 0.718812 0.981975
vt 0.749931 0.982351
vt 0.718819 0.982351
vt 0.749923 0.982726
vt 0.718827 0.982725
vt 0.749915 0.983098
vt 0.718835 0.983098
vt 0.749907 0.983468
vt 0.718843 0.983468
vt 0.749899 0.983837
vt 0.718851 0.983837
vt 0.749890 0.984203
vt 0.718860 0.984203
vt 0.749880 0.984567
vt 0.718870 0.984567
vt 0.749871 0.984929
vt 0.718879 0.984929
vt 0.749861 0.985288
vt 0.718889 0.985288
vt 0.749851 0.985644
vt 0.718899 0.985644
vt 0.749840 0.985998
vt 0.718910 0.985998
vt 0.749829 0.986350
vt 0.718921 0.986350
vt 0.749817 0.986698
vt 0.718933 0.986698
vt 0.749806 0.987044
vt 0.718944 0.987044
vt 0.749794 0.987386
vt 0.718956 0.987387
vt 0.749781 0.987726
vt 0.718969 0.987726
vt 0.749769 0.988062
vt 0.718981 0.988063
vt 0.749756 0.988396
vt 0.718994 0.988396
vt 0.749742 0.988726
vt 0.719008 0.988726
vt 0.749729 0.989052
vt 0.719021 0.989052
vt 0.749715 0.989375
vt 0.719036 0.989375
vt 0.749700 0.989695
vt 0.719050 0.989695
vt 0.749685 0.990010
vt 0.719065 0.990010
vt 0.749671 0.990323
vt 0.719079 0.990323
vt 0.749655 0.990631
vt 0.719095 0.990631
vt 0.749640 0.990936
vt 0.719110 0.990936
vt 0.749624 0.991236
vt 0.719126 0.991236
vt 0.749608 0.991533
vt 0.719142 0.991533
vt 0.749591 0.991825
vt 0.719159 0.991825
vt 0.749574 0.992114
vt 0.719176 0.992114
vt 0.749557 0.992398
vt 0.719193 0.992398
vt 0.749540 1.000000
vt 0.719210 1.000000
vt 0.485456 0.203867
vt 0.489932 0.249311
vt 0.478196 0.204609
vt 0.477927 0.204663
vt 0.477654 0.204717
vt 0.477378 0.204772
vt 0.477097 0.204828
vt 0.476813 0.204884
vt 0.476525 0.204942
vt 0.476233 0.205000
vt 0.475937 0.205058
vt 0.475638 0.205118
vt 0.475336 0.205178
vt 0.475031 0.205239
vt 0.474722 0.205300
vt 0.474410 0.205362
vt 0.474094 0.205425
vt 0.473776 0.205488
vt 0.473455 0.205552
vt 0.473130 0.205617
vt 0.472804 0.205682
vt 0.472474 0.205747
vt 0.472142 0.205813
vt 0.471807 0.205880
vt 0.471469 0.205947
vt 0.471129 0.206015
vt 0.470787 0.206083
vt 0.470443 0.206151
vt 0.470096 0.206220
vt 0.469748 0.206289
vt 0.469397 0.206359
vt 0.469045 0.206429
vt 0.468691 0.206500
vt 0.468335 0.206571
vt 0.467977 0.206642
vt 0.467618 0.206713
vt 0.467257 0.206785
vt 0.466895 0.206857
vt 0.466532 0.206929
vt 0.466168 0.207002
vt 0.465802 0.207074
vt 0.465436 0.207147
vt 0.465068 0.207220
vt 0.464700 0.207293
vt 0.464331 0.207367
vt 0.463962 0.207440
vt 0.463591 0.207514
vt 0.463221 0.207588
vt 0.462850 0.207662
vt 0.462479 0.207735
vt 0.462107 0.207809
vt 0.687500 0.524607
vt 0.718750 0.524607
vt 0.687501 0.524215
vt 0.718749 0.524215
vt 0.687502 0.523822
vt 0.718748 0.523822
vt 0.687503 0.523430
vt 0.718747 0.523430
vt 0.687505 0.523039
vt 0.718745 0.523039
vt 0.687507 0.522647
vt 0.718743 0.522647
vt 0.687510 0.522257
vt 0.718741 0.522257
vt 0.687512 0.521867
vt 0.718738 0.521867
vt 0.687516 0.521477
vt 0.718734 0.521477
vt 0.687519 0.521089
vt 0.718731 0.521089
vt 0.687523 0.520702
vt 0.718727 0.520702
vt 0.687528 0.520315
vt 0.718722 0.520315
vt 0.687533 0.519930
vt 0.718717 0.519930
vt 0.687538 0.519546
vt 0.718712 0.519546
vt 0.687543 0.519164
vt 0.718707 0.519164
vt 0.687549 0.518783
vt 0.718701 0.518783
vt 0.687556 0.518403
vt 0.718694 0.518403
vt 0.687562 0.518025
vt 0.718688 0.518025
vt 0.687569 0.517649
vt 0.718681 0.517649
vt 0.687577 0.517274
vt 0.718673 0.517275
vt 0.687585 0.516902
vt 0.718665 0.516902
vt 0.687593 0.516532
vt 0.718657 0.516532
vt 0.687601 0.516163
vt 0.718649 0.516163
vt 0.687610 0.515797
vt 0.718640 0.515797
vt 0.687620 0.515433
vt 0.718631 0.515433
vt 0.687629 0.515071
vt 0.718621 0.515071
vt 0.687639 0.514712
vt 0.718611 0.514712
vt 0.687649 0.514356
vt 0.718601 0.514355
vt 0.687660 0.514001
vt 0.718590 0.514002
vt 0.687671 0.513650
vt 0.718579 0.513650
vt 0.687683 0.513302
vt 0.718567 0.513302
vt 0.687694 0.512956
vt 0.718556 0.512956
vt 0.687706 0.512614
vt 0.718544 0.512614
vt 0.687719 0.512274
vt 0.718531 0.512274
vt 0.687731 0.511938
vt 0.718519 0.511938
vt 0.687744 0.511604
vt 0.718506 0.511604
vt 0.687758 0.511274
vt 0.718492 0.511274
vt 0.687771 0.510948
vt 0.718478 0.510948
vt 0.687786 0.510625
vt 0.718464 0.510625
vt 0.687800 0.510305
vt 0.718450 0.510305
vt 0.687814 0.509990
vt 0.718436 0.509990
vt 0.687829 0.509677
vt 0.718421 0.509677
vt 0.687845 0.509369
vt 0.718405 0.509369
vt 0.687860 0.509064
vt 0.718390 0.509064
vt 0.687876 0.508764
vt 0.718374 0.508764
vt 0.687892 0.508467
vt 0.718358 0.508467
vt 0.687909 0.508175
vt 0.718341 0.508175
vt 0.687926 0.507886
vt 0.718325 0.507886
vt 0.687943 0.507602
vt 0.718307 0.507602
vt 0.687960 0.500000
vt 0.718290 0.500000
vt 0.985187 0.202516
vt 0.971932 0.158818
vt 0.964956 0.160962
vt 0.964703 0.161067
vt 0.964446 0.161174
vt 0.964185 0.161282
vt 0.963921 0.161391
vt 0.963653 0.161502
vt 0.963381 0.161615
vt 0.963107 0.161728
vt 0.962828 0.161844
vt 0.962547 0.161960
vt 0.962262 0.162078
vt 0.961974 0.162197
vt 0.961683 0.162318
vt 0.961389 0.162440
vt 0.961092 0.162563
vt 0.960792 0.162687
vt 0.960490 0.162812
vt 0.960184 0.162939
vt 0.959876 0.163066
vt 0.959566 0.163195
vt 0.959253 0.163325
vt 0.958937 0.163455
vt 0.958619 0.163587
vt 0.958299 0.163720
vt 0.957977 0.163853
vt 0.957653 0.163987
vt 0.957326 0.164123
vt 0.956998 0.164259
vt 0.956668 0.164395
vt 0.956336 0.164533
vt 0.956002 0.164671
vt 0.955667 0.164810
vt 0.955330 0.164950
vt 0.954992 0.165090
vt 0.954652 0.165230
vt 0.954311 0.165372
vt 0.953969 0.165513
vt 0.953625 0.165655
vt 0.953281 0.165798
vt 0.952936 0.165941
vt 0.952590 0.166084
vt 0.952243 0.166228
vt 0.951896 0.166372
vt 0.951547 0.166516
vt 0.951199 0.166661
vt 0.950850 0.166805
vt 0.950500 0.166950
vt 0.950150 0.167095
vt 0.949801 0.167240
vt 0.949451 0.167385
vt 0.718750 0.975393
vt 0.687500 0.975393
vt 0.718749 0.975785
vt 0.687501 0.975785
vt 0.718748 0.976178
vt 0.687502 0.976178
vt 0.718747 0.976570
vt 0.687503 0.976570
vt 0.718745 0.976961
vt 0.687505 0.976961
vt 0.718743 0.977353
vt 0.687507 0.977353
vt 0.718740 0.977743
vt 0.687509 0.977743
vt 0.718738 0.978133
vt 0.687512 0.978133
vt 0.718734 0.978523
vt 0.687516 0.978523
vt 0.718731 0.978911
vt 0.687519 0.978911
vt 0.718727 0.979298
vt 0.687523 0.979298
vt 0.718722 0.979685
vt 0.687528 0.979685
vt 0.718717 0.980070
vt 0.687533 0.980070
vt 0.718712 0.980454
vt 0.687538 0.980454
vt 0.718707 0.980836
vt 0.687543 0.980836
vt 0.718701 0.981217
vt 0.687549 0.981217
vt 0.718694 0.981597
vt 0.687556 0.981597
vt 0.718688 0.981975
vt 0.687562 0.981975
vt 0.718681 0.982351
vt 0.687569 0.982351
vt 0.718673 0.982726
vt 0.687577 0.982726
vt 0.718665 0.983098
vt 0.687585 0.983098
vt 0.718657 0.983468
vt 0.687593 0.983468
vt 0.718649 0.983837
vt 0.687601 0.983837
vt 0.718640 0.984203
vt 0.687610 0.984203
vt 0.718631 0.984567
vt 0.687620 0.984567
vt 0.718621 0.984929
vt 0.687629 0.984929
vt 0.718611 0.985288
vt 0.687639 0.985288
vt 0.718601 0.985644
vt 0.687649 0.985644
vt 0.718590 0.985998
vt 0.687660 0.985998
vt 0.718579 0.986350
vt 0.687671 0.986350
vt 0.718567 0.986698
vt 0.687683 0.986698
vt 0.718556 0.987044
vt 0.687694 0.987044
vt 0.718544 0.987386
vt 0.687706 0.987386
vt 0.718531 0.987726
vt 0.687719 0.987726
vt 0.718519 0.988063
vt 0.687731 0.988062
vt 0.718506 0.988396
vt 0.687744 0.988396
vt 0.718492 0.988726
vt 0.687758 0.988726
vt 0.718479 0.989052
vt 0.687771 0.989052
vt 0.718464 0.989375
vt 0.687786 0.989375
vt 0.718450 0.989695
vt 0.687800 0.989695
vt 0.718436 0.990010
vt 0.687815 0.990010
vt 0.718421 0.990323
vt 0.687829 0.990323
vt 0.718405 0.990631
vt 0.687845 0.990631
vt 0.718390 0.990936
vt 0.687860 0.990936
vt 0.718374 0.991236
vt 0.687876 0.991236
vt 0.718358 0.991533
vt 0.687892 0.991533
vt 0.718341 0.991825
vt 0.687909 0.991825
vt 0.718325 0.992114
vt 0.687926 0.992114
vt 0.718307 0.992398
vt 0.687943 0.992398
vt 0.718290 1.000000
vt 0.687960 1.000000
vt 0.471932 0.158818
vt 0.485188 0.202516
vt 0.464956 0.160962
vt 0.464703 0.161067
vt 0.464446 0.161174
vt 0.464185 0.161282
vt 0.463921 0.161391
vt 0.463653 0.161502
vt 0.463381 0.161615
vt 0.463107 0.161728
vt 0.462828 0.161844
vt 0.462547 0.161960
vt 0.462262 0.162078
vt 0.461974 0.162197
vt 0.461683 0.162318
vt 0.461389 0.162440
vt 0.461092 0.162563
vt 0.460792 0.162687
vt 0.460490 0.162812
vt 0.460184 0.162939
vt 0.459876 0.163066
vt 0.459566 0.163195
vt 0.459253 0.163325
vt 0.458937 0.163455
vt 0.458619 0.163587
vt 0.458299 0.163720
vt 0.457977 0.163853
vt 0.457653 0.163987
vt 0.457326 0.164123
vt 0.456998 0.164259
vt 0.456668 0.164395
vt 0.456336 0.164533
vt 0.456002 0.164671
vt 0.455667 0.164810
vt 0.455330 0.164950
vt 0.454992 0.165090
vt 0.454652 0.165230
vt 0.454311 0.165372
vt 0.453969 0.165513
vt 0.453626 0.165655
vt 0.453281 0.165798
vt 0.452936 0.165941
vt 0.452590 0.166084
vt 0.452243 0.166228
vt 0.451896 0.166372
vt 0.451547 0.166516
vt 0.451199 0.166661
vt 0.450850 0.166805
vt 0.450500 0.166950
vt 0.450150 0.167095
vt 0.449801 0.167240
vt 0.656250 0.524607
vt 0.656251 0.524215
vt 0.687499 0.524215
vt 0.656252 0.523822
vt 0.687498 0.523822
vt 0.656253 0.523430
vt 0.687497 0.523430
vt 0.656255 0.523039
vt 0.687495 0.523039
vt 0.656257 0.522647
vt 0.687493 0.522647
vt 0.656260 0.522257
vt 0.687491 0.522257
vt 0.656262 0.521867
vt 0.687488 0.521867
vt 0.656266 0.521477
vt 0.687484 0.521477
vt 0.656269 0.521089
vt 0.687481 0.521089
vt 0.656273 0.520702
vt 0.687477 0.520702
vt 0.656278 0.520315
vt 0.687472 0.520315
vt 0.656283 0.519930
vt 0.687467 0.519930
vt 0.656288 0.519546
vt 0.687462 0.519546
vt 0.656293 0.519164
vt 0.687457 0.519164
vt 0.656299 0.518783
vt 0.687451 0.518783
vt 0.656306 0.518403
vt 0.687444 0.518403
vt 0.656312 0.518025
vt 0.687438 0.518025
vt 0.656319 0.517649
vt 0.687431 0.517649
vt 0.656327 0.517275
vt 0.687423 0.517275
vt 0.656335 0.516902
vt 0.687415 0.516902
vt 0.656343 0.516532
vt 0.687407 0.516532
vt 0.656351 0.516163
vt 0.687399 0.516163
vt 0.656360 0.515797
vt 0.687390 0.515797
vt 0.656370 0.515433
vt 0.687380 0.515433
vt 0.656379 0.515071
vt 0.687371 0.515071
vt 0.656389 0.514712
vt 0.687361 0.514712
vt 0.656399 0.514355
vt 0.687351 0.514356
vt 0.656410 0.514001
vt 0.687340 0.514001
vt 0.656421 0.513650
vt 0.687329 0.513650
vt 0.656432 0.513302
vt 0.687317 0.513302
vt 0.656444 0.512956
vt 0.687306 0.512956
vt 0.656456 0.512614
vt 0.687294 0.512613
vt 0.656469 0.512274
vt 0.687281 0.512274
vt 0.656481 0.511937
vt 0.687269 0.511937
vt 0.656494 0.511604
vt 0.687256 0.511604
vt 0.656508 0.511274
vt 0.687242 0.511274
vt 0.656521 0.510948
vt 0.687228 0.510948
vt 0.656536 0.510625
vt 0.687214 0.510625
vt 0.656550 0.510305
vt 0.687200 0.510305
vt 0.656564 0.509989
vt 0.687185 0.509990
vt 0.656579 0.509677
vt 0.687171 0.509677
vt 0.656595 0.509369
vt 0.687155 0.509369
vt 0.656610 0.509064
vt 0.687140 0.509064
vt 0.656626 0.508764
vt 0.687124 0.508764
vt 0.656642 0.508467
vt 0.687108 0.508467
vt 0.656659 0.508175
vt 0.687091 0.508175
vt 0.656676 0.507886
vt 0.687074 0.507886
vt 0.656693 0.507602
vt 0.687057 0.507602
vt 0.656710 0.500000
vt 0.687040 0.500000
vt 0.971405 0.157545
vt 0.949879 0.117274
vt 0.943455 0.120737
vt 0.943228 0.120890
vt 0.942996 0.121044
vt 0.942761 0.121201
vt 0.942524 0.121360
vt 0.942282 0.121521
vt 0.942038 0.121684
vt 0.941791 0.121850
vt 0.941540 0.122017
vt 0.941287 0.122186
vt 0.941031 0.122357
vt 0.940772 0.122530
vt 0.940510 0.122705
vt 0.940245 0.122882
vt 0.939978 0.123061
vt 0.939708 0.123241
vt 0.939436 0.123423
vt 0.939161 0.123607
vt 0.938884 0.123792
vt 0.938604 0.123979
vt 0.938323 0.124167
vt 0.938038 0.124357
vt 0.937753 0.124548
vt 0.937465 0.124740
vt 0.937175 0.124934
vt 0.936882 0.125129
vt 0.936589 0.125325
vt 0.936293 0.125523
vt 0.935996 0.125721
vt 0.935697 0.125921
vt 0.935397 0.126122
vt 0.935095 0.126323
vt 0.934792 0.126526
vt 0.934488 0.126729
vt 0.934182 0.126934
vt 0.933875 0.127139
vt 0.933567 0.127344
vt 0.933258 0.127551
vt 0.932948 0.127758
vt 0.932638 0.127965
vt 0.932326 0.128173
vt 0.932014 0.128382
vt 0.931701 0.128591
vt 0.931388 0.128800
vt 0.931074 0.129010
vt 0.930760 0.129220
vt 0.930446 0.129430
vt 0.930131 0.129641
vt 0.929816 0.129851
vt 0.929501 0.130061
vt 0.656250 0.975393
vt 0.687499 0.975785
vt 0.656251 0.975785
vt 0.687498 0.976178
vt 0.656252 0.976178
vt 0.687497 0.976570
vt 0.656253 0.976570
vt 0.687495 0.976961
vt 0.656255 0.976961
vt 0.687493 0.977353
vt 0.656257 0.977353
vt 0.687491 0.977743
vt 0.656259 0.977743
vt 0.687488 0.978133
vt 0.656262 0.978133
vt 0.687484 0.978523
vt 0.656266 0.978523
vt 0.687481 0.978911
vt 0.656269 0.978911
vt 0.687477 0.979298
vt 0.656273 0.979298
vt 0.687472 0.979685
vt 0.656278 0.979685
vt 0.687467 0.980070
vt 0.656283 0.980070
vt 0.687462 0.980454
vt 0.656288 0.980454
vt 0.687457 0.980836
vt 0.656293 0.980836
vt 0.687451 0.981217
vt 0.656299 0.981217
vt 0.687444 0.981597
vt 0.656306 0.981597
vt 0.687438 0.981975
vt 0.656312 0.981975
vt 0.687431 0.982351
vt 0.656319 0.982351
vt 0.687423 0.982726
vt 0.656327 0.982725
vt 0.687415 0.983098
vt 0.656335 0.983098
vt 0.687407 0.983468
vt 0.656343 0.983468
vt 0.687399 0.983837
vt 0.656351 0.983837
vt 0.687390 0.984203
vt 0.656360 0.984203
vt 0.687380 0.984567
vt 0.656370 0.984567
vt 0.687371 0.984929
vt 0.656379 0.984929
vt 0.687361 0.985288
vt 0.656389 0.985288
vt 0.687351 0.985644
vt 0.656399 0.985644
vt 0.687340 0.985999
vt 0.656410 0.985998
vt 0.687329 0.986350
vt 0.656421 0.986350
vt 0.687317 0.986698
vt 0.656432 0.986698
vt 0.687306 0.987044
vt 0.656444 0.987044
vt 0.687294 0.987386
vt 0.656456 0.987386
vt 0.687281 0.987726
vt 0.656469 0.987726
vt 0.687269 0.988062
vt 0.656481 0.988062
vt 0.687256 0.988396
vt 0.656494 0.988396
vt 0.687242 0.988726
vt 0.656508 0.988726
vt 0.687228 0.989052
vt 0.656521 0.989052
vt 0.687214 0.989375
vt 0.656536 0.989375
vt 0.687200 0.989695
vt 0.656550 0.989695
vt 0.687185 0.990010
vt 0.656564 0.990010
vt 0.687171 0.990323
vt 0.656579 0.990323
vt 0.687155 0.990631
vt 0.656595 0.990631
vt 0.687140 0.990936
vt 0.656610 0.990936
vt 0.687124 0.991236
vt 0.656626 0.991236
vt 0.687108 0.991533
vt 0.656642 0.991533
vt 0.687091 0.991825
vt 0.656659 0.991825
vt 0.687074 0.992114
vt 0.656676 0.992114
vt 0.687057 0.992398
vt 0.656693 0.992398
vt 0.687040 1.000000
vt 0.656710 1.000000
vt 0.449879 0.117274
vt 0.471405 0.157545
vt 0.443455 0.120737
vt 0.443227 0.120890
vt 0.442996 0.121044
vt 0.442761 0.121201
vt 0.442524 0.121360
vt 0.442282 0.121521
vt 0.442038 0.121684
vt 0.441791 0.121849
vt 0.441540 0.122017
vt 0.441287 0.122186
vt 0.441031 0.122357
vt 0.440772 0.122530
vt 0.440510 0.122705
vt 0.440245 0.122882
vt 0.439978 0.123061
vt 0.439708 0.123241
vt 0.439436 0.123423
vt 0.439161 0.123607
vt 0.438884 0.123792
vt 0.438604 0.123979
vt 0.438323 0.124167
vt 0.438039 0.124357
vt 0.437752 0.124548
vt 0.437464 0.124740
vt 0.437174 0.124934
vt 0.436882 0.125129
vt 0.436589 0.125325
vt 0.436293 0.125523
vt 0.435996 0.125721
vt 0.435697 0.125921
vt 0.435397 0.126122
vt 0.435095 0.126323
vt 0.434792 0.126526
vt 0.434488 0.126729
vt 0.434182 0.126934
vt 0.433875 0.127139
vt 0.433567 0.127344
vt 0.433258 0.127551
vt 0.432948 0.127758
vt 0.432638 0.127965
vt 0.432326 0.128174
vt 0.432014 0.128382
vt 0.431701 0.128591
vt 0.431388 0.128800
vt 0.431074 0.129010
vt 0.430760 0.129220
vt 0.430445 0.129430
vt 0.430131 0.129641
vt 0.429816 0.129851
vt 0.625000 0.524607
vt 0.625001 0.524215
vt 0.656249 0.524215
vt 0.625002 0.523822
vt 0.656248 0.523822
vt 0.625003 0.523430
vt 0.656247 0.523430
vt 0.625005 0.523039
vt 0.656245 0.523038
vt 0.625007 0.522647
vt 0.656243 0.522647
vt 0.625010 0.522257
vt 0.656241 0.522257
vt 0.625012 0.521867
vt 0.656238 0.521867
vt 0.625016 0.521478
vt 0.656234 0.521478
vt 0.625019 0.521089
vt 0.656231 0.521089
vt 0.625023 0.520702
vt 0.656227 0.520702
vt 0.625028 0.520315
vt 0.656222 0.520315
vt 0.625033 0.519930
vt 0.656217 0.519930
vt 0.625038 0.519546
vt 0.656212 0.519546
vt 0.625043 0.519164
vt 0.656207 0.519164
vt 0.625049 0.518783
vt 0.656201 0.518783
vt 0.625056 0.518403
vt 0.656194 0.518403
vt 0.625062 0.518025
vt 0.656188 0.518025
vt 0.625069 0.517649
vt 0.656181 0.517649
vt 0.625077 0.517275
vt 0.656173 0.517275
vt 0.625085 0.516902
vt 0.656165 0.516902
vt 0.625093 0.516532
vt 0.656157 0.516532
vt 0.625101 0.516163
vt 0.656149 0.516163
vt 0.625110 0.515797
vt 0.656140 0.515797
vt 0.625120 0.515433
vt 0.656131 0.515433
vt 0.625129 0.515071
vt 0.656121 0.515071
vt 0.625139 0.514712
vt 0.656111 0.514712
vt 0.625149 0.514355
vt 0.656101 0.514355
vt 0.625160 0.514001
vt 0.656090 0.514002
vt 0.625171 0.513650
vt 0.656079 0.513650
vt 0.625183 0.513302
vt 0.656067 0.513302
vt 0.625194 0.512956
vt 0.656056 0.512956
vt 0.625206 0.512614
vt 0.656044 0.512614
vt 0.625219 0.512274
vt 0.656031 0.512274
vt 0.625231 0.511937
vt 0.656019 0.511938
vt 0.625244 0.511604
vt 0.656006 0.511604
vt 0.625258 0.511274
vt 0.655992 0.511274
vt 0.625271 0.510948
vt 0.655978 0.510948
vt 0.625286 0.510625
vt 0.655964 0.510625
vt 0.625300 0.510305
vt 0.655950 0.510305
vt 0.625314 0.509990
vt 0.655936 0.509990
vt 0.625329 0.509677
vt 0.655921 0.509677
vt 0.625345 0.509369
vt 0.655905 0.509369
vt 0.625360 0.509064
vt 0.655890 0.509064
vt 0.625376 0.508764
vt 0.655874 0.508764
vt 0.625392 0.508467
vt 0.655858 0.508467
vt 0.625409 0.508175
vt 0.655841 0.508175
vt 0.625426 0.507886
vt 0.655824 0.507886
vt 0.625443 0.507602
vt 0.655807 0.507602
vt 0.625460 0.500000
vt 0.655790 0.500000
vt 0.949113 0.116128
vt 0.920145 0.080830
vt 0.914520 0.085480
vt 0.914326 0.085674
vt 0.914130 0.085870
vt 0.913930 0.086070
vt 0.913728 0.086272
vt 0.913523 0.086477
vt 0.913315 0.086685
vt 0.913105 0.086895
vt 0.912892 0.087108
vt 0.912676 0.087324
vt 0.912458 0.087542
vt 0.912238 0.087762
vt 0.912015 0.087985
vt 0.911790 0.088210
vt 0.911563 0.088437
vt 0.911334 0.088667
vt 0.911102 0.088898
vt 0.910868 0.089132
vt 0.910632 0.089368
vt 0.910395 0.089605
vt 0.910155 0.089845
vt 0.909914 0.090086
vt 0.909670 0.090330
vt 0.909426 0.090575
vt 0.909179 0.090821
vt 0.908930 0.091070
vt 0.908681 0.091319
vt 0.908429 0.091571
vt 0.908176 0.091823
vt 0.907923 0.092077
vt 0.907667 0.092333
vt 0.907411 0.092590
vt 0.907153 0.092847
vt 0.906894 0.093106
vt 0.906634 0.093366
vt 0.906373 0.093627
vt 0.906111 0.093889
vt 0.905848 0.094152
vt 0.905585 0.094415
vt 0.905320 0.094679
vt 0.905056 0.094944
vt 0.904790 0.095210
vt 0.904524 0.095476
vt 0.904258 0.095742
vt 0.903991 0.096009
vt 0.903724 0.096276
vt 0.903456 0.096544
vt 0.903189 0.096811
vt 0.902921 0.097079
vt 0.902653 0.097347
vt 0.625000 0.975393
vt 0.656249 0.975785
vt 0.625001 0.975785
vt 0.656248 0.976178
vt 0.625002 0.976178
vt 0.656247 0.976570
vt 0.625003 0.976570
vt 0.656245 0.976961
vt 0.625005 0.976961
vt 0.656243 0.977353
vt 0.625007 0.977353
vt 0.656241 0.977743
vt 0.625010 0.977743
vt 0.656238 0.978133
vt 0.625012 0.978133
vt 0.656234 0.978523
vt 0.625016 0.978523
vt 0.656231 0.978911
vt 0.625019 0.978911
vt 0.656227 0.979298
vt 0.625023 0.979298
vt 0.656222 0.979685
vt 0.625028 0.979685
vt 0.656217 0.980070
vt 0.625033 0.980070
vt 0.656212 0.980454
vt 0.625038 0.980454
vt 0.656207 0.980836
vt 0.625043 0.980836
vt 0.656201 0.981217
vt 0.625049 0.981217
vt 0.656194 0.981597
vt 0.625056 0.981597
vt 0.656188 0.981975
vt 0.625062 0.981975
vt 0.656181 0.982351
vt 0.625069 0.982351
vt 0.656173 0.982726
vt 0.625077 0.982725
vt 0.656165 0.983098
vt 0.625085 0.983098
vt 0.656157 0.983469
vt 0.625093 0.983468
vt 0.656149 0.983837
vt 0.625101 0.983837
vt 0.656140 0.984203
vt 0.625110 0.984203
vt 0.656131 0.984567
vt 0.625120 0.984567
vt 0.656121 0.984929
vt 0.625129 0.984929
vt 0.656111 0.985288
vt 0.625139 0.985288
vt 0.656101 0.985645
vt 0.625149 0.985644
vt 0.656090 0.985998
vt 0.625160 0.985998
vt 0.656079 0.986350
vt 0.625171 0.986350
vt 0.656067 0.986698
vt 0.625183 0.986698
vt 0.656056 0.987044
vt 0.625194 0.987044
vt 0.656044 0.987386
vt 0.625206 0.987387
vt 0.656031 0.987726
vt 0.625219 0.987726
vt 0.656019 0.988063
vt 0.625231 0.988062
vt 0.656006 0.988396
vt 0.625244 0.988396
vt 0.655992 0.988726
vt 0.625258 0.988726
vt 0.655979 0.989052
vt 0.625271 0.989052
vt 0.655964 0.989375
vt 0.625286 0.989375
vt 0.655950 0.989695
vt 0.625300 0.989695
vt 0.655935 0.990010
vt 0.625314 0.990010
vt 0.655921 0.990323
vt 0.625329 0.990323
vt 0.655905 0.990631
vt 0.625345 0.990631
vt 0.655890 0.990936
vt 0.625360 0.990936
vt 0.655874 0.991236
vt 0.625376 0.991236
vt 0.655858 0.991533
vt 0.625392 0.991533
vt 0.655841 0.991825
vt 0.625409 0.991825
vt 0.655824 0.992114
vt 0.625426 0.992114
vt 0.655807 0.992398
vt 0.625443 0.992398
vt 0.655790 1.000000
vt 0.625460 1.000000
vt 0.420145 0.080830
vt 0.449113 0.116128
vt 0.414520 0.085480
vt 0.414326 0.085674
vt 0.414130 0.085870
vt 0.413930 0.086070
vt 0.413728 0.086272
vt 0.413523 0.086477
vt 0.413315 0.086685
vt 0.413105 0.086895
vt 0.412892 0.087108
vt 0.412676 0.087324
vt 0.412458 0.087542
vt 0.412238 0.087762
vt 0.412015 0.087985
vt 0.411790 0.088210
vt 0.411563 0.088437
vt 0.411334 0.088667
vt 0.411102 0.088898
vt 0.410868 0.089132
vt 0.410632 0.089368
vt 0.410395 0.089605
vt 0.410155 0.089845
vt 0.409914 0.090086
vt 0.409670 0.090330
vt 0.409425 0.090575
vt 0.409179 0.090821
vt 0.408930 0.091070
vt 0.408681 0.091319
vt 0.408429 0.091571
vt 0.408177 0.091823
vt 0.407923 0.092077
vt 0.407667 0.092333
vt 0.407411 0.092590
vt 0.407153 0.092847
vt 0.406894 0.093106
vt 0.406634 0.093366
vt 0.406373 0.093627
vt 0.406111 0.093889
vt 0.405848 0.094152
vt 0.405585 0.094415
vt 0.405321 0.094679
vt 0.405056 0.094944
vt 0.404790 0.095210
vt 0.404524 0.095476
vt 0.404258 0.095742
vt 0.403991 0.096009
vt 0.403724 0.096276
vt 0.403456 0.096544
vt 0.403189 0.096811
vt 0.402921 0.097079
vt 0.593750 0.524607
vt 0.625000 0.524607
vt 0.593751 0.524215
vt 0.624999 0.524215
vt 0.593752 0.523822
vt 0.624998 0.523822
vt 0.593753 0.523430
vt 0.624997 0.523430
vt 0.593755 0.523039
vt 0.624995 0.523038
vt 0.593757 0.522647
vt 0.624993 0.522647
vt 0.593759 0.522257
vt 0.624991 0.522257
vt 0.593762 0.521867
vt 0.624988 0.521867
vt 0.593766 0.521478
vt 0.624984 0.521478
vt 0.593769 0.521089
vt 0.624981 0.521089
vt 0.593773 0.520702
vt 0.624977 0.520702
vt 0.593778 0.520315
vt 0.624972 0.520316
vt 0.593783 0.519930
vt 0.624967 0.519930
vt 0.593788 0.519546
vt 0.624962 0.519546
vt 0.593793 0.519164
vt 0.624957 0.519164
vt 0.593799 0.518783
vt 0.624951 0.518783
vt 0.593806 0.518403
vt 0.624944 0.518403
vt 0.593812 0.518025
vt 0.624938 0.518025
vt 0.593819 0.517649
vt 0.624931 0.517649
vt 0.593827 0.517275
vt 0.624923 0.517275
vt 0.593835 0.516902
vt 0.624915 0.516902
vt 0.593843 0.516532
vt 0.624907 0.516532
vt 0.593851 0.516163
vt 0.624899 0.516163
vt 0.593860 0.515797
vt 0.624890 0.515797
vt 0.593870 0.515433
vt 0.624880 0.515433
vt 0.593879 0.515071
vt 0.624871 0.515071
vt 0.593889 0.514712
vt 0.624861 0.514712
vt 0.593899 0.514355
vt 0.624851 0.514355
vt 0.593910 0.514001
vt 0.624840 0.514002
vt 0.593921 0.513650
vt 0.624829 0.513650
vt 0.593932 0.513302
vt 0.624818 0.513302
vt 0.593944 0.512956
vt 0.624806 0.512956
vt 0.593956 0.512614
vt 0.624794 0.512614
vt 0.593969 0.512274
vt 0.624781 0.512274
vt 0.593981 0.511937
vt 0.624769 0.511937
vt 0.593994 0.511604
vt 0.624756 0.511604
vt 0.594008 0.511274
vt 0.624742 0.511274
vt 0.594021 0.510948
vt 0.624729 0.510948
vt 0.594036 0.510625
vt 0.624715 0.510625
vt 0.594050 0.510305
vt 0.624700 0.510305
vt 0.594065 0.509990
vt 0.624685 0.509990
vt 0.594079 0.509677
vt 0.624671 0.509677
vt 0.594095 0.509369
vt 0.624655 0.509369
vt 0.594110 0.509064
vt 0.624640 0.509064
vt 0.594126 0.508764
vt 0.624624 0.508764
vt 0.594142 0.508467
vt 0.624608 0.508467
vt 0.594159 0.508175
vt 0.624591 0.508175
vt 0.594176 0.507886
vt 0.624574 0.507886
vt 0.594193 0.507602
vt 0.624557 0.507602
vt 0.594210 0.500000
vt 0.624540 0.500000
vt 0.919170 0.079855
vt 0.883872 0.050887
vt 0.879263 0.056545
vt 0.879111 0.056773
vt 0.878956 0.057004
vt 0.878799 0.057239
vt 0.878640 0.057476
vt 0.878479 0.057718
vt 0.878316 0.057962
vt 0.878151 0.058209
vt 0.877983 0.058460
vt 0.877814 0.058713
vt 0.877643 0.058969
vt 0.877470 0.059228
vt 0.877294 0.059490
vt 0.877118 0.059755
vt 0.876939 0.060022
vt 0.876759 0.060292
vt 0.876577 0.060564
vt 0.876393 0.060839
vt 0.876208 0.061116
vt 0.876022 0.061396
vt 0.875833 0.061678
vt 0.875643 0.061961
vt 0.875452 0.062247
vt 0.875260 0.062536
vt 0.875066 0.062826
vt 0.874871 0.063118
vt 0.874675 0.063411
vt 0.874477 0.063707
vt 0.874278 0.064004
vt 0.874079 0.064303
vt 0.873878 0.064603
vt 0.873677 0.064905
vt 0.873474 0.065208
vt 0.873271 0.065512
vt 0.873066 0.065818
vt 0.872861 0.066125
vt 0.872656 0.066433
vt 0.872449 0.066742
vt 0.872242 0.067052
vt 0.872035 0.067362
vt 0.871826 0.067674
vt 0.871618 0.067986
vt 0.871409 0.068299
vt 0.871199 0.068612
vt 0.870990 0.068926
vt 0.870780 0.069240
vt 0.870570 0.069555
vt 0.870360 0.069869
vt 0.870149 0.070184
vt 0.869939 0.070499
vt 0.625000 0.975393
vt 0.593750 0.975393
vt 0.624999 0.975785
vt 0.593751 0.975785
vt 0.624998 0.976178
vt 0.593752 0.976178
vt 0.624997 0.976570
vt 0.593753 0.976570
vt 0.624995 0.976961
vt 0.593755 0.976961
vt 0.624993 0.977353
vt 0.593757 0.977353
vt 0.624991 0.977743
vt 0.593760 0.977743
vt 0.624988 0.978133
vt 0.593762 0.978133
vt 0.624984 0.978523
vt 0.593766 0.978523
vt 0.624981 0.978911
vt 0.593769 0.978911
vt 0.624977 0.979298
vt 0.593773 0.979298
vt 0.624972 0.979685
vt 0.593778 0.979685
vt 0.624967 0.980070
vt 0.593783 0.980070
vt 0.624962 0.980454
vt 0.593788 0.980454
vt 0.624957 0.980836
vt 0.593793 0.980836
vt 0.624951 0.981217
vt 0.593799 0.981217
vt 0.624944 0.981597
vt 0.593806 0.981597
vt 0.624938 0.981975
vt 0.593812 0.981975
vt 0.624931 0.982351
vt 0.593819 0.982351
vt 0.624923 0.982726
vt 0.593827 0.982725
vt 0.624915 0.983098
vt 0.593835 0.983098
vt 0.624907 0.983469
vt 0.593843 0.983468
vt 0.624899 0.983837
vt 0.593851 0.983837
vt 0.624890 0.984203
vt 0.593860 0.984203
vt 0.624880 0.984567
vt 0.593870 0.984567
vt 0.624871 0.984929
vt 0.593879 0.984929
vt 0.624861 0.985288
vt 0.593889 0.985288
vt 0.624851 0.985645
vt 0.593899 0.985644
vt 0.624840 0.985998
vt 0.593910 0.985998
vt 0.624829 0.986350
vt 0.593921 0.986350
vt 0.624818 0.986698
vt 0.593933 0.986698
vt 0.624806 0.987044
vt 0.593944 0.987044
vt 0.624794 0.987386
vt 0.593956 0.987387
vt 0.624781 0.987726
vt 0.593969 0.987726
vt 0.624769 0.988063
vt 0.593981 0.988063
vt 0.624756 0.988396
vt 0.593994 0.988396
vt 0.624742 0.988726
vt 0.594008 0.988726
vt 0.624729 0.989052
vt 0.594021 0.989052
vt 0.624715 0.989375
vt 0.594036 0.989375
vt 0.624700 0.989695
vt 0.594050 0.989695
vt 0.624686 0.990011
vt 0.594064 0.990010
vt 0.624671 0.990323
vt 0.594079 0.990323
vt 0.624655 0.990631
vt 0.594095 0.990631
vt 0.624640 0.990936
vt 0.594110 0.990936
vt 0.624624 0.991236
vt 0.594126 0.991236
vt 0.624608 0.991533
vt 0.594142 0.991533
vt 0.624591 0.991825
vt 0.594159 0.991825
vt 0.624574 0.992114
vt 0.594176 0.992114
vt 0.624557 0.992398
vt 0.594193 0.992398
vt 0.624540 1.000000
vt 0.594210 1.000000
vt 0.383872 0.050887
vt 0.419170 0.079855
vt 0.379263 0.056545
vt 0.379110 0.056773
vt 0.378956 0.057004
vt 0.378799 0.057239
vt 0.378640 0.057476
vt 0.378479 0.057718
vt 0.378316 0.057962
vt 0.378151 0.058209
vt 0.377983 0.058460
vt 0.377814 0.058713
vt 0.377643 0.058969
vt 0.377470 0.059228
vt 0.377295 0.059490
vt 0.377118 0.059755
vt 0.376939 0.060022
vt 0.376759 0.060292
vt 0.376577 0.060564
vt 0.376393 0.060839
vt 0.376208 0.061116
vt 0.376021 0.061396
vt 0.375833 0.061678
vt 0.375643 0.061961
vt 0.375452 0.062247
vt 0.375260 0.062536
vt 0.375066 0.062826
vt 0.374871 0.063118
vt 0.374675 0.063411
vt 0.374477 0.063707
vt 0.374278 0.064004
vt 0.374079 0.064303
vt 0.373878 0.064603
vt 0.373677 0.064905
vt 0.373474 0.065208
vt 0.373271 0.065512
vt 0.373066 0.065818
vt 0.372861 0.066125
vt 0.372656 0.066433
vt 0.372449 0.066742
vt 0.372242 0.067052
vt 0.372034 0.067362
vt 0.371826 0.067674
vt 0.371618 0.067986
vt 0.371409 0.068299
vt 0.371200 0.068612
vt 0.370990 0.068926
vt 0.370780 0.069240
vt 0.370570 0.069555
vt 0.370360 0.069869
vt 0.370149 0.070184
vt 0.562500 0.524607
vt 0.562501 0.524215
vt 0.593749 0.524215
vt 0.562502 0.523822
vt 0.593748 0.523822
vt 0.562503 0.523430
vt 0.593747 0.523430
vt 0.562505 0.523039
vt 0.593745 0.523039
vt 0.562507 0.522647
vt 0.593743 0.522647
vt 0.562509 0.522257
vt 0.593741 0.522257
vt 0.562512 0.521867
vt 0.593738 0.521867
vt 0.562516 0.521477
vt 0.593734 0.521477
vt 0.562519 0.521089
vt 0.593731 0.521089
vt 0.562523 0.520702
vt 0.593727 0.520702
vt 0.562528 0.520315
vt 0.593722 0.520315
vt 0.562533 0.519930
vt 0.593717 0.519930
vt 0.562538 0.519546
vt 0.593712 0.519546
vt 0.562543 0.519164
vt 0.593707 0.519164
vt 0.562549 0.518783
vt 0.593701 0.518783
vt 0.562556 0.518403
vt 0.593694 0.518403
vt 0.562562 0.518025
vt 0.593688 0.518025
vt 0.562569 0.517649
vt 0.593681 0.517649
vt 0.562577 0.517275
vt 0.593673 0.517275
vt 0.562585 0.516902
vt 0.593665 0.516902
vt 0.562593 0.516532
vt 0.593657 0.516532
vt 0.562601 0.516163
vt 0.593649 0.516163
vt 0.562610 0.515797
vt 0.593640 0.515797
vt 0.562620 0.515433
vt 0.593630 0.515433
vt 0.562629 0.515071
vt 0.593621 0.515071
vt 0.562639 0.514712
vt 0.593611 0.514712
vt 0.562649 0.514356
vt 0.593601 0.514356
vt 0.562660 0.514001
vt 0.593590 0.514001
vt 0.562671 0.513650
vt 0.593579 0.513650
vt 0.562682 0.513302
vt 0.593567 0.513302
vt 0.562694 0.512956
vt 0.593556 0.512956
vt 0.562706 0.512614
vt 0.593544 0.512613
vt 0.562719 0.512274
vt 0.593531 0.512274
vt 0.562731 0.511937
vt 0.593519 0.511937
vt 0.562744 0.511604
vt 0.593506 0.511604
vt 0.562758 0.511274
vt 0.593492 0.511274
vt 0.562771 0.510948
vt 0.593479 0.510948
vt 0.562786 0.510625
vt 0.593464 0.510625
vt 0.562800 0.510305
vt 0.593450 0.510305
vt 0.562815 0.509990
vt 0.593435 0.509989
vt 0.562829 0.509677
vt 0.593421 0.509677
vt 0.562845 0.509369
vt 0.593405 0.509369
vt 0.562860 0.509064
vt 0.593390 0.509064
vt 0.562876 0.508764
vt 0.593374 0.508764
vt 0.562892 0.508467
vt 0.593358 0.508467
vt 0.562909 0.508175
vt 0.593341 0.508175
vt 0.562926 0.507886
vt 0.593324 0.507886
vt 0.562943 0.507602
vt 0.593307 0.507602
vt 0.562960 0.500000
vt 0.593290 0.500000
vt 0.882726 0.050121
vt 0.842455 0.028595
vt 0.839038 0.035044
vt 0.838933 0.035297
vt 0.838826 0.035554
vt 0.838718 0.035815
vt 0.838609 0.036079
vt 0.838498 0.036347
vt 0.838385 0.036619
vt 0.838272 0.036894
vt 0.838156 0.037172
vt 0.838040 0.037453
vt 0.837922 0.037738
vt 0.837803 0.038026
vt 0.837682 0.038317
vt 0.837560 0.038611
vt 0.837437 0.038908
vt 0.837313 0.039208
vt 0.837188 0.039510
vt 0.837061 0.039816
vt 0.836934 0.040124
vt 0.836805 0.040434
vt 0.836675 0.040747
vt 0.836545 0.041063
vt 0.836413 0.041381
vt 0.836281 0.041701
vt 0.836147 0.042023
vt 0.836012 0.042347
vt 0.835877 0.042674
vt 0.835741 0.043002
vt 0.835605 0.043332
vt 0.835467 0.043664
vt 0.835329 0.043998
vt 0.835190 0.044333
vt 0.835051 0.044670
vt 0.834910 0.045008
vt 0.834770 0.045348
vt 0.834629 0.045689
vt 0.834487 0.046031
vt 0.834344 0.046374
vt 0.834202 0.046719
vt 0.834059 0.047064
vt 0.833916 0.047410
vt 0.833772 0.047757
vt 0.833628 0.048104
vt 0.833484 0.048453
vt 0.833339 0.048801
vt 0.833195 0.049150
vt 0.833050 0.049500
vt 0.832905 0.049849
vt 0.832760 0.050199
vt 0.832615 0.050549
vt 0.562500 0.975393
vt 0.593749 0.975785
vt 0.562501 0.975785
vt 0.593748 0.976178
vt 0.562502 0.976178
vt 0.593747 0.976570
vt 0.562503 0.976570
vt 0.593745 0.976961
vt 0.562505 0.976961
vt 0.593743 0.977353
vt 0.562507 0.977353
vt 0.593741 0.977743
vt 0.562509 0.977743
vt 0.593738 0.978133
vt 0.562512 0.978133
vt 0.593734 0.978523
vt 0.562516 0.978523
vt 0.593731 0.978911
vt 0.562519 0.978911
vt 0.593727 0.979298
vt 0.562523 0.979298
vt 0.593722 0.979684
vt 0.562528 0.979685
vt 0.593717 0.980070
vt 0.562533 0.980070
vt 0.593712 0.980454
vt 0.562538 0.980454
vt 0.593707 0.980836
vt 0.562543 0.980836
vt 0.593701 0.981217
vt 0.562549 0.981217
vt 0.593694 0.981597
vt 0.562556 0.981597
vt 0.593688 0.981975
vt 0.562562 0.981975
vt 0.593681 0.982351
vt 0.562569 0.982351
vt 0.593673 0.982726
vt 0.562577 0.982725
vt 0.593665 0.983098
vt 0.562585 0.983098
vt 0.593657 0.983468
vt 0.562593 0.983468
vt 0.593649 0.983837
vt 0.562601 0.983837
vt 0.593640 0.984203
vt 0.562610 0.984203
vt 0.593630 0.984567
vt 0.562620 0.984567
vt 0.593621 0.984929
vt 0.562629 0.984929
vt 0.593611 0.985288
vt 0.562639 0.985288
vt 0.593601 0.985644
vt 0.562649 0.985644
vt 0.593590 0.985999
vt 0.562660 0.985998
vt 0.593579 0.986350
vt 0.562671 0.986350
vt 0.593567 0.986698
vt 0.562682 0.986698
vt 0.593556 0.987044
vt 0.562694 0.987044
vt 0.593544 0.987386
vt 0.562706 0.987386
vt 0.593531 0.987726
vt 0.562719 0.987726
vt 0.593519 0.988062
vt 0.562731 0.988062
vt 0.593506 0.988396
vt 0.562744 0.988396
vt 0.593492 0.988726
vt 0.562758 0.988726
vt 0.593479 0.989052
vt 0.562771 0.989052
vt 0.593464 0.989375
vt 0.562786 0.989375
vt 0.593450 0.989695
vt 0.562800 0.989695
vt 0.593435 0.990010
vt 0.562814 0.990010
vt 0.593421 0.990323
vt 0.562830 0.990323
vt 0.593405 0.990631
vt 0.562845 0.990631
vt 0.593390 0.990936
vt 0.562860 0.990936
vt 0.593374 0.991236
vt 0.562876 0.991236
vt 0.593358 0.991533
vt 0.562892 0.991533
vt 0.593341 0.991825
vt 0.562909 0.991825
vt 0.593324 0.992114
vt 0.562926 0.992114
vt 0.593307 0.992398
vt 0.562943 0.992398
vt 0.593290 1.000000
vt 0.562960 1.000000
vt 0.342455 0.028595
vt 0.382726 0.050121
vt 0.339038 0.035044
vt 0.338933 0.035297
vt 0.338826 0.035554
vt 0.338718 0.035815
vt 0.338609 0.036079
vt 0.338498 0.036347
vt 0.338386 0.036619
vt 0.338272 0.036894
vt 0.338156 0.037172
vt 0.338040 0.037453
vt 0.337922 0.037738
vt 0.337803 0.038026
vt 0.337682 0.038317
vt 0.337560 0.038611
vt 0.337437 0.038908
vt 0.337313 0.039208
vt 0.337188 0.039510
vt 0.337061 0.039816
vt 0.336934 0.040124
vt 0.336805 0.040434
vt 0.336675 0.040747
vt 0.336545 0.041063
vt 0.336413 0.041381
vt 0.336280 0.041701
vt 0.336147 0.042023
vt 0.336013 0.042347
vt 0.335877 0.042674
vt 0.335741 0.043002
vt 0.335605 0.043332
vt 0.335467 0.043664
vt 0.335329 0.043998
vt 0.335190 0.044333
vt 0.335050 0.044670
vt 0.334910 0.045008
vt 0.334770 0.045348
vt 0.334628 0.045689
vt 0.334487 0.046031
vt 0.334345 0.046374
vt 0.334202 0.046719
vt 0.334059 0.047064
vt 0.333916 0.047410
vt 0.333772 0.047757
vt 0.333628 0.048104
vt 0.333484 0.048453
vt 0.333339 0.048801
vt 0.333195 0.049150
vt 0.333050 0.049500
vt 0.332905 0.049849
vt 0.332760 0.050199
vt 0.531250 0.524607
vt 0.562500 0.524607
vt 0.531251 0.524215
vt 0.562499 0.524215
vt 0.531252 0.523822
vt 0.562498 0.523822
vt 0.531253 0.523430
vt 0.562497 0.523430
vt 0.531255 0.523039
vt 0.562495 0.523038
vt 0.531257 0.522647
vt 0.562493 0.522647
vt 0.531260 0.522257
vt 0.562491 0.522257
vt 0.531262 0.521867
vt 0.562488 0.521867
vt 0.531266 0.521477
vt 0.562484 0.521477
vt 0.531269 0.521089
vt 0.562481 0.521089
vt 0.531273 0.520702
vt 0.562477 0.520702
vt 0.531278 0.520315
vt 0.562472 0.520316
vt 0.531283 0.519930
vt 0.562467 0.519930
vt 0.531288 0.519546
vt 0.562462 0.519546
vt 0.531293 0.519164
vt 0.562457 0.519164
vt 0.531299 0.518783
vt 0.562451 0.518783
vt 0.531306 0.518403
vt 0.562444 0.518403
vt 0.531312 0.518025
vt 0.562438 0.518025
vt 0.531319 0.517649
vt 0.562431 0.517649
vt 0.531327 0.517274
vt 0.562423 0.517275
vt 0.531335 0.516902
vt 0.562415 0.516902
vt 0.531343 0.516532
vt 0.562407 0.516532
vt 0.531351 0.516163
vt 0.562399 0.516163
vt 0.531360 0.515797
vt 0.562390 0.515797
vt 0.531370 0.515433
vt 0.562380 0.515433
vt 0.531379 0.515071
vt 0.562371 0.515071
vt 0.531389 0.514712
vt 0.562361 0.514712
vt 0.531399 0.514356
vt 0.562351 0.514355
vt 0.531410 0.514002
vt 0.562340 0.514001
vt 0.531421 0.513650
vt 0.562329 0.513650
vt 0.531432 0.513302
vt 0.562317 0.513302
vt 0.531444 0.512956
vt 0.562306 0.512956
vt 0.531456 0.512614
vt 0.562294 0.512614
vt 0.531469 0.512274
vt 0.562281 0.512274
vt 0.531481 0.511937
vt 0.562269 0.511938
vt 0.531494 0.511604
vt 0.562256 0.511604
vt 0.531508 0.511274
vt 0.562242 0.511274
vt 0.531521 0.510948
vt 0.562229 0.510948
vt 0.531536 0.510625
vt 0.562214 0.510625
vt 0.531550 0.510305
vt 0.562200 0.510305
vt 0.531564 0.509990
vt 0.562186 0.509990
vt 0.531579 0.509677
vt 0.562171 0.509677
vt 0.531595 0.509369
vt 0.562155 0.509369
vt 0.531610 0.509064
vt 0.562140 0.509064
vt 0.531626 0.508764
vt 0.562124 0.508764
vt 0.531642 0.508467
vt 0.562108 0.508467
vt 0.531659 0.508175
vt 0.562091 0.508175
vt 0.531676 0.507886
vt 0.562074 0.507886
vt 0.531693 0.507602
vt 0.562057 0.507602
vt 0.531710 0.500000
vt 0.562040 0.500000
vt 0.841182 0.028068
vt 0.797484 0.014813
vt 0.795391 0.021804
vt 0.795338 0.022073
vt 0.795283 0.022346
vt 0.795228 0.022622
vt 0.795173 0.022903
vt 0.795116 0.023187
vt 0.795059 0.023476
vt 0.795001 0.023767
vt 0.794942 0.024063
vt 0.794882 0.024362
vt 0.794822 0.024664
vt 0.794761 0.024969
vt 0.794700 0.025278
vt 0.794638 0.025591
vt 0.794575 0.025906
vt 0.794512 0.026224
vt 0.794448 0.026545
vt 0.794383 0.026869
vt 0.794318 0.027196
vt 0.794253 0.027526
vt 0.794187 0.027859
vt 0.794120 0.028193
vt 0.794053 0.028531
vt 0.793985 0.028871
vt 0.793918 0.029213
vt 0.793849 0.029557
vt 0.793780 0.029904
vt 0.793710 0.030252
vt 0.793641 0.030603
vt 0.793571 0.030955
vt 0.793500 0.031309
vt 0.793429 0.031665
vt 0.793358 0.032023
vt 0.793287 0.032382
vt 0.793215 0.032743
vt 0.793143 0.033105
vt 0.793071 0.033468
vt 0.792998 0.033832
vt 0.792926 0.034198
vt 0.792853 0.034564
vt 0.792780 0.034932
vt 0.792706 0.035300
vt 0.792633 0.035669
vt 0.792560 0.036038
vt 0.792486 0.036408
vt 0.792412 0.036779
vt 0.792338 0.037150
vt 0.792265 0.037521
vt 0.792191 0.037893
vt 0.792117 0.038264
vt 0.562500 0.975393
vt 0.531250 0.975393
vt 0.562499 0.975785
vt 0.531251 0.975785
vt 0.562498 0.976178
vt 0.531252 0.976178
vt 0.562497 0.976570
vt 0.531253 0.976570
vt 0.562495 0.976961
vt 0.531255 0.976961
vt 0.562493 0.977353
vt 0.531257 0.977353
vt 0.562491 0.977743
vt 0.531259 0.977743
vt 0.562488 0.978133
vt 0.531262 0.978133
vt 0.562484 0.978523
vt 0.531266 0.978523
vt 0.562481 0.978911
vt 0.531269 0.978911
vt 0.562477 0.979298
vt 0.531273 0.979298
vt 0.562472 0.979685
vt 0.531278 0.979684
vt 0.562467 0.980070
vt 0.531283 0.980070
vt 0.562462 0.980454
vt 0.531288 0.980454
vt 0.562457 0.980836
vt 0.531293 0.980836
vt 0.562451 0.981217
vt 0.531299 0.981217
vt 0.562444 0.981597
vt 0.531306 0.981597
vt 0.562438 0.981975
vt 0.531312 0.981975
vt 0.562431 0.982351
vt 0.531319 0.982351
vt 0.562423 0.982726
vt 0.531327 0.982726
vt 0.562415 0.983098
vt 0.531335 0.983098
vt 0.562407 0.983468
vt 0.531343 0.983468
vt 0.562399 0.983837
vt 0.531351 0.983837
vt 0.562390 0.984203
vt 0.531360 0.984203
vt 0.562380 0.984567
vt 0.531370 0.984567
vt 0.562371 0.984929
vt 0.531379 0.984929
vt 0.562361 0.985288
vt 0.531389 0.985288
vt 0.562351 0.985644
vt 0.531399 0.985644
vt 0.562340 0.985998
vt 0.531410 0.985999
vt 0.562329 0.986350
vt 0.531421 0.986350
vt 0.562317 0.986698
vt 0.531432 0.986698
vt 0.562306 0.987044
vt 0.531444 0.987044
vt 0.562294 0.987386
vt 0.531456 0.987386
vt 0.562281 0.987726
vt 0.531469 0.987726
vt 0.562269 0.988062
vt 0.531481 0.988062
vt 0.562256 0.988396
vt 0.531494 0.988396
vt 0.562242 0.988726
vt 0.531508 0.988726
vt 0.562229 0.989052
vt 0.531521 0.989052
vt 0.562215 0.989375
vt 0.531536 0.989375
vt 0.562200 0.989695
vt 0.531550 0.989695
vt 0.562186 0.990010
vt 0.531564 0.990010
vt 0.562171 0.990323
vt 0.531579 0.990323
vt 0.562155 0.990631
vt 0.531595 0.990631
vt 0.562140 0.990936
vt 0.531610 0.990936
vt 0.562124 0.991236
vt 0.531626 0.991236
vt 0.562108 0.991533
vt 0.531642 0.991533
vt 0.562091 0.991825
vt 0.531659 0.991825
vt 0.562074 0.992114
vt 0.531676 0.992114
vt 0.562057 0.992398
vt 0.531693 0.992398
vt 0.562040 1.000000
vt 0.531710 1.000000
vt 0.297484 0.014813
vt 0.341181 0.028068
vt 0.295391 0.021804
vt 0.295338 0.022073
vt 0.295283 0.022346
vt 0.295228 0.022622
vt 0.295172 0.022903
vt 0.295116 0.023187
vt 0.295059 0.023476
vt 0.295000 0.023767
vt 0.294942 0.024063
vt 0.294882 0.024362
vt 0.294822 0.024664
vt 0.294761 0.024969
vt 0.294700 0.025278
vt 0.294638 0.025591
vt 0.294575 0.025906
vt 0.294512 0.026224
vt 0.294448 0.026545
vt 0.294383 0.026869
vt 0.294318 0.027196
vt 0.294253 0.027526
vt 0.294187 0.027859
vt 0.294120 0.028193
vt 0.294053 0.028531
vt 0.293985 0.028871
vt 0.293917 0.029213
vt 0.293849 0.029557
vt 0.293780 0.029904
vt 0.293711 0.030252
vt 0.293641 0.030603
vt 0.293571 0.030955
vt 0.293500 0.031309
vt 0.293429 0.031665
vt 0.293358 0.032023
vt 0.293287 0.032382
vt 0.293215 0.032743
vt 0.293143 0.033105
vt 0.293071 0.033468
vt 0.292998 0.033832
vt 0.292926 0.034198
vt 0.292853 0.034564
vt 0.292780 0.034932
vt 0.292706 0.035300
vt 0.292633 0.035669
vt 0.292560 0.036038
vt 0.292486 0.036409
vt 0.292412 0.036779
vt 0.292338 0.037150
vt 0.292265 0.037521
vt 0.292191 0.037893
vt 0.500000 0.524607
vt 0.500001 0.524215
vt 0.531249 0.524215
vt 0.500002 0.523822
vt 0.531248 0.523822
vt 0.500003 0.523430
vt 0.531247 0.523430
vt 0.500005 0.523039
vt 0.531245 0.523038
vt 0.500007 0.522647
vt 0.531243 0.522647
vt 0.500010 0.522257
vt 0.531240 0.522257
vt 0.500012 0.521867
vt 0.531238 0.521867
vt 0.500016 0.521477
vt 0.531234 0.521477
vt 0.500019 0.521089
vt 0.531231 0.521089
vt 0.500023 0.520702
vt 0.531227 0.520702
vt 0.500028 0.520315
vt 0.531222 0.520316
vt 0.500033 0.519930
vt 0.531217 0.519930
vt 0.500038 0.519546
vt 0.531212 0.519546
vt 0.500043 0.519164
vt 0.531207 0.519164
vt 0.500049 0.518783
vt 0.531201 0.518783
vt 0.500056 0.518403
vt 0.531194 0.518403
vt 0.500062 0.518025
vt 0.531188 0.518025
vt 0.500069 0.517649
vt 0.531181 0.517649
vt 0.500077 0.517274
vt 0.531173 0.517275
vt 0.500085 0.516902
vt 0.531165 0.516902
vt 0.500093 0.516532
vt 0.531157 0.516532
vt 0.500101 0.516163
vt 0.531149 0.516163
vt 0.500110 0.515797
vt 0.531140 0.515797
vt 0.500120 0.515433
vt 0.531130 0.515433
vt 0.500129 0.515071
vt 0.531121 0.515071
vt 0.500139 0.514712
vt 0.531111 0.514712
vt 0.500149 0.514356
vt 0.531101 0.514356
vt 0.500160 0.514002
vt 0.531090 0.514001
vt 0.500171 0.513650
vt 0.531079 0.513650
vt 0.500183 0.513302
vt 0.531067 0.513302
vt 0.500194 0.512956
vt 0.531056 0.512956
vt 0.500206 0.512614
vt 0.531044 0.512614
vt 0.500219 0.512274
vt 0.531031 0.512274
vt 0.500231 0.511937
vt 0.531019 0.511937
vt 0.500244 0.511604
vt 0.531006 0.511604
vt 0.500258 0.511274
vt 0.530992 0.511274
vt 0.500271 0.510948
vt 0.530978 0.510948
vt 0.500286 0.510625
vt 0.530964 0.510625
vt 0.500300 0.510305
vt 0.530950 0.510305
vt 0.500314 0.509989
vt 0.530935 0.509990
vt 0.500329 0.509677
vt 0.530921 0.509677
vt 0.500345 0.509369
vt 0.530905 0.509369
vt 0.500360 0.509064
vt 0.530890 0.509064
vt 0.500376 0.508764
vt 0.530874 0.508764
vt 0.500392 0.508467
vt 0.530858 0.508467
vt 0.500409 0.508175
vt 0.530841 0.508175
vt 0.500426 0.507886
vt 0.530824 0.507886
vt 0.500443 0.507602
vt 0.530807 0.507602
vt 0.500460 0.500000
vt 0.530790 0.500000
vt 0.796133 0.014544
vt 0.750689 0.010068
vt 0.750000 0.017333
vt 0.750000 0.017608
vt 0.750000 0.017886
vt 0.750000 0.018168
vt 0.750000 0.018454
vt 0.750000 0.018744
vt 0.750000 0.019038
vt 0.750000 0.019335
vt 0.750000 0.019636
vt 0.750000 0.019941
vt 0.750000 0.020249
vt 0.750000 0.020561
vt 0.750000 0.020876
vt 0.750000 0.021194
vt 0.750000 0.021515
vt 0.750000 0.021840
vt 0.750000 0.022168
vt 0.750000 0.022498
vt 0.750000 0.022831
vt 0.750000 0.023168
vt 0.750000 0.023507
vt 0.750000 0.023848
vt 0.750000 0.024192
vt 0.750000 0.024538
vt 0.750000 0.024887
vt 0.750000 0.025238
vt 0.750000 0.025592
vt 0.750000 0.025947
vt 0.750000 0.026305
vt 0.750000 0.026664
vt 0.750000 0.027025
vt 0.750000 0.027388
vt 0.750000 0.027753
vt 0.750000 0.028119
vt 0.750000 0.028486
vt 0.750000 0.028855
vt 0.750000 0.029226
vt 0.750000 0.029597
vt 0.750000 0.029970
vt 0.750000 0.030344
vt 0.750000 0.030718
vt 0.750000 0.031094
vt 0.750000 0.031470
vt 0.750000 0.031847
vt 0.750000 0.032224
vt 0.750000 0.032602
vt 0.750000 0.032980
vt 0.750000 0.033359
vt 0.750000 0.033737
vt 0.750000 0.034116
vt 0.500000 0.975393
vt 0.531249 0.975785
vt 0.500001 0.975785
vt 0.531248 0.976178
vt 0.500002 0.976178
vt 0.531247 0.976570
vt 0.500003 0.976570
vt 0.531245 0.976961
vt 0.500005 0.976961
vt 0.531243 0.977353
vt 0.500007 0.977353
vt 0.531240 0.977743
vt 0.500009 0.977743
vt 0.531238 0.978133
vt 0.500012 0.978133
vt 0.531234 0.978523
vt 0.500016 0.978523
vt 0.531231 0.978911
vt 0.500019 0.978911
vt 0.531227 0.979298
vt 0.500023 0.979298
vt 0.531222 0.979685
vt 0.500028 0.979685
vt 0.531217 0.980070
vt 0.500033 0.980070
vt 0.531212 0.980454
vt 0.500038 0.980454
vt 0.531207 0.980836
vt 0.500043 0.980836
vt 0.531201 0.981217
vt 0.500049 0.981217
vt 0.531194 0.981597
vt 0.500056 0.981597
vt 0.531188 0.981975
vt 0.500062 0.981975
vt 0.531181 0.982351
vt 0.500069 0.982351
vt 0.531173 0.982726
vt 0.500077 0.982726
vt 0.531165 0.983098
vt 0.500085 0.983098
vt 0.531157 0.983468
vt 0.500093 0.983468
vt 0.531149 0.983837
vt 0.500101 0.983837
vt 0.531140 0.984203
vt 0.500110 0.984203
vt 0.531130 0.984567
vt 0.500120 0.984567
vt 0.531121 0.984929
vt 0.500129 0.984929
vt 0.531111 0.985288
vt 0.500139 0.985288
vt 0.531101 0.985644
vt 0.500149 0.985644
vt 0.531090 0.985999
vt 0.500160 0.985999
vt 0.531079 0.986350
vt 0.500171 0.986350
vt 0.531068 0.986698
vt 0.500182 0.986698
vt 0.531056 0.987044
vt 0.500194 0.987044
vt 0.531044 0.987386
vt 0.500206 0.987386
vt 0.531031 0.987726
vt 0.500219 0.987726
vt 0.531019 0.988063
vt 0.500231 0.988062
vt 0.531006 0.988396
vt 0.500244 0.988396
vt 0.530992 0.988726
vt 0.500258 0.988726
vt 0.530978 0.989052
vt 0.500271 0.989052
vt 0.530964 0.989375
vt 0.500286 0.989375
vt 0.530950 0.989695
vt 0.500300 0.989695
vt 0.530935 0.990010
vt 0.500314 0.990010
vt 0.530921 0.990323
vt 0.500329 0.990323
vt 0.530905 0.990631
vt 0.500345 0.990631
vt 0.530890 0.990936
vt 0.500360 0.990936
vt 0.530874 0.991236
vt 0.500376 0.991236
vt 0.530858 0.991533
vt 0.500392 0.991533
vt 0.530841 0.991825
vt 0.500409 0.991825
vt 0.530824 0.992114
vt 0.500426 0.992114
vt 0.530807 0.992398
vt 0.500443 0.992398
vt 0.530790 1.000000
vt 0.500460 1.000000
vt 0.250689 0.010068
vt 0.296133 0.014544
vt 0.250000 0.017333
vt 0.250000 0.017608
vt 0.250000 0.017886
vt 0.250000 0.018168
vt 0.250000 0.018454
vt 0.250000 0.018744
vt 0.250000 0.019038
vt 0.250000 0.019335
vt 0.250000 0.019636
vt 0.250000 0.019941
vt 0.250000 0.020249
vt 0.250000 0.020561
vt 0.250000 0.020876
vt 0.250000 0.021194
vt 0.250000 0.021515
vt 0.250000 0.021840
vt 0.250000 0.022168
vt 0.250000 0.022498
vt 0.250000 0.022831
vt 0.250000 0.023168
vt 0.250000 0.023507
vt 0.250000 0.023848
vt 0.250000 0.024192
vt 0.250000 0.024538
vt 0.250000 0.024887
vt 0.250000 0.025238
vt 0.250000 0.025592
vt 0.250000 0.025947
vt 0.250000 0.026305
vt 0.250000 0.026664
vt 0.250000 0.027025
vt 0.250000 0.027388
vt 0.250000 0.027753
vt 0.250000 0.028119
vt 0.250000 0.028486
vt 0.250000 0.028855
vt 0.250000 0.029226
vt 0.250000 0.029597
vt 0.250000 0.029970
vt 0.250000 0.030344
vt 0.250000 0.030718
vt 0.250000 0.031094
vt 0.250000 0.031470
vt 0.250000 0.031847
vt 0.250000 0.032224
vt 0.250000 0.032602
vt 0.250000 0.032980
vt 0.250000 0.033359
vt 0.250000 0.033737
vt 0.468750 0.524607
vt 0.468751 0.524215
vt 0.499999 0.524215
vt 0.468752 0.523822
vt 0.499998 0.523822
vt 0.468753 0.523430
vt 0.499997 0.523430
vt 0.468755 0.523039
vt 0.499995 0.523038
vt 0.468757 0.522647
vt 0.499993 0.522647
vt 0.468759 0.522257
vt 0.499991 0.522257
vt 0.468762 0.521867
vt 0.499988 0.521867
vt 0.468766 0.521477
vt 0.499984 0.521477
vt 0.468769 0.521089
vt 0.499981 0.521089
vt 0.468773 0.520702
vt 0.499977 0.520702
vt 0.468778 0.520315
vt 0.499972 0.520316
vt 0.468783 0.519930
vt 0.499967 0.519930
vt 0.468788 0.519546
vt 0.499962 0.519546
vt 0.468793 0.519164
vt 0.499957 0.519164
vt 0.468799 0.518783
vt 0.499951 0.518783
vt 0.468806 0.518403
vt 0.499944 0.518403
vt 0.468812 0.518025
vt 0.499938 0.518025
vt 0.468819 0.517649
vt 0.499931 0.517649
vt 0.468827 0.517275
vt 0.499923 0.517275
vt 0.468835 0.516902
vt 0.499915 0.516902
vt 0.468843 0.516532
vt 0.499907 0.516532
vt 0.468851 0.516163
vt 0.499899 0.516163
vt 0.468860 0.515797
vt 0.499890 0.515797
vt 0.468869 0.515433
vt 0.499880 0.515433
vt 0.468879 0.515071
vt 0.499871 0.515071
vt 0.468889 0.514712
vt 0.499861 0.514712
vt 0.468899 0.514355
vt 0.499851 0.514356
vt 0.468910 0.514001
vt 0.499840 0.514002
vt 0.468921 0.513650
vt 0.499829 0.513650
vt 0.468933 0.513302
vt 0.499817 0.513302
vt 0.468944 0.512956
vt 0.499806 0.512956
vt 0.468956 0.512614
vt 0.499794 0.512613
vt 0.468969 0.512274
vt 0.499781 0.512274
vt 0.468981 0.511937
vt 0.499769 0.511937
vt 0.468994 0.511604
vt 0.499756 0.511604
vt 0.469008 0.511274
vt 0.499742 0.511274
vt 0.469021 0.510948
vt 0.499729 0.510948
vt 0.469036 0.510625
vt 0.499715 0.510625
vt 0.469050 0.510305
vt 0.499700 0.510305
vt 0.469065 0.509990
vt 0.499685 0.509989
vt 0.469079 0.509677
vt 0.499671 0.509677
vt 0.469095 0.509369
vt 0.499655 0.509369
vt 0.469110 0.509064
vt 0.499640 0.509064
vt 0.469126 0.508764
vt 0.499624 0.508764
vt 0.469142 0.508467
vt 0.499608 0.508467
vt 0.469159 0.508175
vt 0.499591 0.508175
vt 0.469176 0.507886
vt 0.499574 0.507886
vt 0.469193 0.507602
vt 0.499557 0.507602
vt 0.469210 0.500000
vt 0.499540 0.500000
vt 0.749311 0.010068
vt 0.703867 0.014544
vt 0.704609 0.021804
vt 0.704663 0.022073
vt 0.704717 0.022346
vt 0.704772 0.022622
vt 0.704828 0.022903
vt 0.704884 0.023187
vt 0.704942 0.023476
vt 0.705000 0.023767
vt 0.705058 0.024063
vt 0.705118 0.024362
vt 0.705178 0.024664
vt 0.705239 0.024969
vt 0.705300 0.025278
vt 0.705362 0.025591
vt 0.705425 0.025906
vt 0.705488 0.026224
vt 0.705552 0.026545
vt 0.705617 0.026869
vt 0.705682 0.027196
vt 0.705747 0.027526
vt 0.705813 0.027859
vt 0.705880 0.028193
vt 0.705947 0.028531
vt 0.706015 0.028871
vt 0.706083 0.029213
vt 0.706151 0.029557
vt 0.706220 0.029904
vt 0.706289 0.030252
vt 0.706359 0.030603
vt 0.706429 0.030955
vt 0.706500 0.031309
vt 0.706571 0.031665
vt 0.706642 0.032023
vt 0.706713 0.032382
vt 0.706785 0.032743
vt 0.706857 0.033105
vt 0.706929 0.033468
vt 0.707002 0.033832
vt 0.707074 0.034198
vt 0.707147 0.034564
vt 0.707220 0.034932
vt 0.707293 0.035300
vt 0.707367 0.035669
vt 0.707440 0.036038
vt 0.707514 0.036409
vt 0.707588 0.036779
vt 0.707662 0.037150
vt 0.707736 0.037521
vt 0.707809 0.037893
vt 0.707883 0.038264
vt 0.468750 0.975393
vt 0.499999 0.975785
vt 0.468751 0.975785
vt 0.499998 0.976178
vt 0.468752 0.976178
vt 0.499997 0.976570
vt 0.468753 0.976570
vt 0.499995 0.976961
vt 0.468755 0.976961
vt 0.499993 0.977353
vt 0.468757 0.977353
vt 0.499990 0.977743
vt 0.468759 0.977743
vt 0.499988 0.978133
vt 0.468762 0.978133
vt 0.499984 0.978523
vt 0.468766 0.978523
vt 0.499981 0.978911
vt 0.468769 0.978911
vt 0.499977 0.979298
vt 0.468773 0.979298
vt 0.499972 0.979685
vt 0.468778 0.979685
vt 0.499967 0.980070
vt 0.468783 0.980070
vt 0.499962 0.980454
vt 0.468788 0.980454
vt 0.499957 0.980836
vt 0.468793 0.980836
vt 0.499951 0.981217
vt 0.468799 0.981217
vt 0.499944 0.981597
vt 0.468806 0.981597
vt 0.499938 0.981975
vt 0.468812 0.981975
vt 0.499931 0.982351
vt 0.468819 0.982351
vt 0.499923 0.982726
vt 0.468827 0.982725
vt 0.499915 0.983098
vt 0.468835 0.983098
vt 0.499907 0.983468
vt 0.468843 0.983468
vt 0.499899 0.983837
vt 0.468851 0.983837
vt 0.499890 0.984203
vt 0.468860 0.984203
vt 0.499881 0.984567
vt 0.468870 0.984567
vt 0.499871 0.984929
vt 0.468879 0.984929
vt 0.499861 0.985288
vt 0.468889 0.985288
vt 0.499851 0.985644
vt 0.468899 0.985644
vt 0.499840 0.985998
vt 0.468910 0.985998
vt 0.499829 0.986350
vt 0.468921 0.986350
vt 0.499817 0.986698
vt 0.468933 0.986698
vt 0.499806 0.987044
vt 0.468944 0.987044
vt 0.499794 0.987386
vt 0.468956 0.987387
vt 0.499781 0.987726
vt 0.468969 0.987726
vt 0.499769 0.988062
vt 0.468981 0.988063
vt 0.499756 0.988396
vt 0.468994 0.988396
vt 0.499742 0.988726
vt 0.469008 0.988726
vt 0.499729 0.989052
vt 0.469021 0.989052
vt 0.499715 0.989375
vt 0.469036 0.989375
vt 0.499700 0.989695
vt 0.469050 0.989695
vt 0.499685 0.990010
vt 0.469065 0.990010
vt 0.499671 0.990323
vt 0.469079 0.990323
vt 0.499655 0.990631
vt 0.469095 0.990631
vt 0.499640 0.990936
vt 0.469110 0.990936
vt 0.499624 0.991236
vt 0.469126 0.991236
vt 0.499608 0.991533
vt 0.469142 0.991533
vt 0.499591 0.991825
vt 0.469159 0.991825
vt 0.499574 0.992114
vt 0.469176 0.992114
vt 0.499557 0.992398
vt 0.469193 0.992398
vt 0.499540 1.000000
vt 0.469210 1.000000
vt 0.203867 0.014544
vt 0.249311 0.010068
vt 0.204609 0.021804
vt 0.204663 0.022073
vt 0.204717 0.022346
vt 0.204772 0.022622
vt 0.204828 0.022903
vt 0.204884 0.023187
vt 0.204941 0.023476
vt 0.205000 0.023767
vt 0.205058 0.024063
vt 0.205118 0.024362
vt 0.205178 0.024664
vt 0.205239 0.024969
vt 0.205300 0.025278
vt 0.205362 0.025591
vt 0.205425 0.025906
vt 0.205488 0.026224
vt 0.205552 0.026545
vt 0.205617 0.026869
vt 0.205682 0.027196
vt 0.205747 0.027526
vt 0.205813 0.027859
vt 0.205880 0.028193
vt 0.205947 0.028531
vt 0.206015 0.028871
vt 0.206083 0.029213
vt 0.206151 0.029557
vt 0.206220 0.029904
vt 0.206289 0.030252
vt 0.206359 0.030603
vt 0.206429 0.030955
vt 0.206500 0.031309
vt 0.206571 0.031665
vt 0.206642 0.032023
vt 0.206713 0.032382
vt 0.206785 0.032743
vt 0.206857 0.033105
vt 0.206929 0.033468
vt 0.207002 0.033832
vt 0.207074 0.034198
vt 0.207147 0.034564
vt 0.207220 0.034932
vt 0.207293 0.035300
vt 0.207367 0.035669
vt 0.207440 0.036038
vt 0.207514 0.036408
vt 0.207588 0.036779
vt 0.207662 0.037150
vt 0.207735 0.037521
vt 0.207809 0.037893
vt 0.437500 0.524607
vt 0.437501 0.524215
vt 0.468749 0.524215
vt 0.437502 0.523822
vt 0.468748 0.523822
vt 0.437503 0.523430
vt 0.468747 0.523430
vt 0.437505 0.523039
vt 0.468745 0.523039
vt 0.437507 0.522647
vt 0.468743 0.522647
vt 0.437510 0.522257
vt 0.468741 0.522257
vt 0.437512 0.521867
vt 0.468738 0.521867
vt 0.437516 0.521477
vt 0.468734 0.521477
vt 0.437519 0.521089
vt 0.468731 0.521089
vt 0.437523 0.520702
vt 0.468727 0.520702
vt 0.437528 0.520315
vt 0.468722 0.520315
vt 0.437533 0.519930
vt 0.468717 0.519930
vt 0.437538 0.519546
vt 0.468712 0.519546
vt 0.437543 0.519164
vt 0.468707 0.519164
vt 0.437549 0.518783
vt 0.468701 0.518783
vt 0.437556 0.518403
vt 0.468694 0.518403
vt 0.437562 0.518025
vt 0.468688 0.518025
vt 0.437569 0.517649
vt 0.468681 0.517649
vt 0.437577 0.517274
vt 0.468673 0.517275
vt 0.437585 0.516902
vt 0.468665 0.516902
vt 0.437593 0.516532
vt 0.468657 0.516532
vt 0.437601 0.516163
vt 0.468649 0.516163
vt 0.437610 0.515797
vt 0.468640 0.515797
vt 0.437620 0.515433
vt 0.468630 0.515433
vt 0.437629 0.515071
vt 0.468621 0.515071
vt 0.437639 0.514712
vt 0.468611 0.514712
vt 0.437649 0.514356
vt 0.468601 0.514355
vt 0.437660 0.514001
vt 0.468590 0.514002
vt 0.437671 0.513650
vt 0.468579 0.513650
vt 0.437682 0.513302
vt 0.468567 0.513302
vt 0.437694 0.512956
vt 0.468556 0.512956
vt 0.437706 0.512614
vt 0.468544 0.512614
vt 0.437719 0.512274
vt 0.468531 0.512274
vt 0.437731 0.511938
vt 0.468519 0.511938
vt 0.437744 0.511604
vt 0.468506 0.511604
vt 0.437758 0.511274
vt 0.468492 0.511274
vt 0.437771 0.510948
vt 0.468479 0.510948
vt 0.437786 0.510625
vt 0.468464 0.510625
vt 0.437800 0.510305
vt 0.468450 0.510305
vt 0.437815 0.509990
vt 0.468435 0.509990
vt 0.437829 0.509677
vt 0.468421 0.509677
vt 0.437845 0.509369
vt 0.468405 0.509369
vt 0.437860 0.509064
vt 0.468390 0.509064
vt 0.437876 0.508764
vt 0.468374 0.508764
vt 0.437892 0.508467
vt 0.468358 0.508467
vt 0.437909 0.508175
vt 0.468341 0.508175
vt 0.437926 0.507886
vt 0.468325 0.507886
vt 0.437943 0.507602
vt 0.468307 0.507602
vt 0.437960 0.500000
vt 0.468290 0.500000
vt 0.702516 0.014813
vt 0.658818 0.028068
vt 0.660962 0.035044
vt 0.661067 0.035297
vt 0.661174 0.035554
vt 0.661282 0.035815
vt 0.661391 0.036079
vt 0.661502 0.036347
vt 0.661615 0.036619
vt 0.661728 0.036894
vt 0.661844 0.037172
vt 0.661960 0.037453
vt 0.662078 0.037738
vt 0.662198 0.038026
vt 0.662318 0.038317
vt 0.662440 0.038611
vt 0.662563 0.038908
vt 0.662687 0.039208
vt 0.662812 0.039510
vt 0.662939 0.039816
vt 0.663066 0.040124
vt 0.663195 0.040434
vt 0.663325 0.040747
vt 0.663455 0.041063
vt 0.663587 0.041381
vt 0.663720 0.041701
vt 0.663853 0.042023
vt 0.663987 0.042347
vt 0.664123 0.042674
vt 0.664258 0.043002
vt 0.664395 0.043332
vt 0.664533 0.043664
vt 0.664671 0.043998
vt 0.664810 0.044333
vt 0.664950 0.044670
vt 0.665090 0.045008
vt 0.665230 0.045348
vt 0.665372 0.045689
vt 0.665513 0.046031
vt 0.665656 0.046374
vt 0.665798 0.046719
vt 0.665941 0.047064
vt 0.666084 0.047410
vt 0.666228 0.047757
vt 0.666372 0.048104
vt 0.666516 0.048453
vt 0.666661 0.048801
vt 0.666805 0.049150
vt 0.666950 0.049500
vt 0.667095 0.049849
vt 0.667240 0.050199
vt 0.667385 0.050549
vt 0.437500 0.975393
vt 0.468749 0.975785
vt 0.437501 0.975785
vt 0.468748 0.976178
vt 0.437502 0.976178
vt 0.468747 0.976570
vt 0.437503 0.976570
vt 0.468745 0.976961
vt 0.437505 0.976961
vt 0.468743 0.977353
vt 0.437507 0.977353
vt 0.468740 0.977743
vt 0.437509 0.977743
vt 0.468738 0.978133
vt 0.437512 0.978133
vt 0.468734 0.978523
vt 0.437516 0.978523
vt 0.468731 0.978911
vt 0.437519 0.978911
vt 0.468727 0.979298
vt 0.437523 0.979298
vt 0.468722 0.979685
vt 0.437528 0.979685
vt 0.468717 0.980070
vt 0.437533 0.980070
vt 0.468712 0.980454
vt 0.437538 0.980454
vt 0.468707 0.980836
vt 0.437543 0.980836
vt 0.468701 0.981217
vt 0.437549 0.981217
vt 0.468694 0.981597
vt 0.437556 0.981597
vt 0.468688 0.981975
vt 0.437562 0.981975
vt 0.468681 0.982351
vt 0.437569 0.982351
vt 0.468673 0.982726
vt 0.437577 0.982726
vt 0.468665 0.983098
vt 0.437585 0.983098
vt 0.468657 0.983468
vt 0.437593 0.983468
vt 0.468649 0.983837
vt 0.437601 0.983837
vt 0.468640 0.984203
vt 0.437610 0.984203
vt 0.468630 0.984567
vt 0.437620 0.984567
vt 0.468621 0.984929
vt 0.437629 0.984929
vt 0.468611 0.985288
vt 0.437639 0.985288
vt 0.468601 0.985644
vt 0.437649 0.985644
vt 0.468590 0.985998
vt 0.437660 0.985998
vt 0.468579 0.986350
vt 0.437671 0.986350
vt 0.468567 0.986698
vt 0.437682 0.986698
vt 0.468556 0.987044
vt 0.437694 0.987044
vt 0.468544 0.987386
vt 0.437706 0.987386
vt 0.468531 0.987726
vt 0.437719 0.987726
vt 0.468519 0.988063
vt 0.437731 0.988062
vt 0.468506 0.988396
vt 0.437744 0.988396
vt 0.468492 0.988726
vt 0.437758 0.988726
vt 0.468479 0.989052
vt 0.437771 0.989052
vt 0.468464 0.989375
vt 0.437786 0.989375
vt 0.468450 0.989695
vt 0.437800 0.989695
vt 0.468435 0.990010
vt 0.437815 0.990010
vt 0.468421 0.990323
vt 0.437829 0.990323
vt 0.468405 0.990631
vt 0.437845 0.990631
vt 0.468390 0.990936
vt 0.437860 0.990936
vt 0.468374 0.991236
vt 0.437876 0.991236
vt 0.468358 0.991533
vt 0.437892 0.991533
vt 0.468341 0.991825
vt 0.437909 0.991825
vt 0.468325 0.992114
vt 0.437926 0.992114
vt 0.468307 0.992398
vt 0.437943 0.992398
vt 0.468290 1.000000
vt 0.437960 1.000000
vt 0.158818 0.028068
vt 0.202516 0.014813
vt 0.160962 0.035044
vt 0.161067 0.035297
vt 0.161174 0.035554
vt 0.161282 0.035815
vt 0.161391 0.036079
vt 0.161502 0.036347
vt 0.161615 0.036619
vt 0.161728 0.036894
vt 0.161844 0.037172
vt 0.161960 0.037453
vt 0.162078 0.037738
vt 0.162197 0.038026
vt 0.162318 0.038317
vt 0.162440 0.038611
vt 0.162563 0.038908
vt 0.162687 0.039208
vt 0.162812 0.039510
vt 0.162939 0.039816
vt 0.163066 0.040124
vt 0.163195 0.040434
vt 0.163325 0.040747
vt 0.163455 0.041063
vt 0.163587 0.041381
vt 0.163720 0.041701
vt 0.163853 0.042023
vt 0.163987 0.042347
vt 0.164123 0.042674
vt 0.164259 0.043002
vt 0.164395 0.043332
vt 0.164533 0.043664
vt 0.164671 0.043998
vt 0.164810 0.044333
vt 0.164950 0.044670
vt 0.165090 0.045008
vt 0.165230 0.045348
vt 0.165372 0.045689
vt 0.165513 0.046031
vt 0.165655 0.046374
vt 0.165798 0.046719
vt 0.165941 0.047064
vt 0.166084 0.047410
vt 0.166228 0.047757
vt 0.166372 0.048104
vt 0.166516 0.048453
vt 0.166661 0.048801
vt 0.166805 0.049150
vt 0.166950 0.049500
vt 0.167095 0.049849
vt 0.167240 0.050199
vt 0.406250 0.524607
vt 0.406251 0.524215
vt 0.437499 0.524215
vt 0.406252 0.523822
vt 0.437498 0.523822
vt 0.406253 0.523430
vt 0.437497 0.523430
vt 0.406255 0.523039
vt 0.437495 0.523039
vt 0.406257 0.522647
vt 0.437493 0.522647
vt 0.406260 0.522257
vt 0.437491 0.522257
vt 0.406262 0.521867
vt 0.437488 0.521867
vt 0.406266 0.521477
vt 0.437484 0.521477
vt 0.406269 0.521089
vt 0.437481 0.521089
vt 0.406273 0.520702
vt 0.437477 0.520702
vt 0.406278 0.520315
vt 0.437472 0.520315
vt 0.406283 0.519930
vt 0.437467 0.519930
vt 0.406288 0.519546
vt 0.437462 0.519546
vt 0.406293 0.519164
vt 0.437457 0.519164
vt 0.406299 0.518783
vt 0.437451 0.518783
vt 0.406306 0.518403
vt 0.437444 0.518403
vt 0.406312 0.518025
vt 0.437438 0.518025
vt 0.406319 0.517649
vt 0.437431 0.517649
vt 0.406327 0.517275
vt 0.437423 0.517275
vt 0.406335 0.516902
vt 0.437415 0.516902
vt 0.406343 0.516532
vt 0.437407 0.516532
vt 0.406351 0.516163
vt 0.437399 0.516163
vt 0.406360 0.515797
vt 0.437390 0.515797
vt 0.406370 0.515433
vt 0.437380 0.515433
vt 0.406379 0.515071
vt 0.437371 0.515071
vt 0.406389 0.514712
vt 0.437361 0.514712
vt 0.406399 0.514355
vt 0.437351 0.514356
vt 0.406410 0.514001
vt 0.437340 0.514001
vt 0.406421 0.513650
vt 0.437329 0.513650
vt 0.406432 0.513302
vt 0.437317 0.513302
vt 0.406444 0.512956
vt 0.437306 0.512956
vt 0.406456 0.512614
vt 0.437294 0.512613
vt 0.406469 0.512274
vt 0.437281 0.512274
vt 0.406481 0.511937
vt 0.437269 0.511937
vt 0.406494 0.511604
vt 0.437256 0.511604
vt 0.406508 0.511274
vt 0.437242 0.511274
vt 0.406521 0.510948
vt 0.437228 0.510948
vt 0.406536 0.510625
vt 0.437214 0.510625
vt 0.406550 0.510305
vt 0.437200 0.510305
vt 0.406564 0.509989
vt 0.437185 0.509990
vt 0.406579 0.509677
vt 0.437171 0.509677
vt 0.406595 0.509369
vt 0.437155 0.509369
vt 0.406610 0.509064
vt 0.437140 0.509064
vt 0.406626 0.508764
vt 0.437124 0.508764
vt 0.406642 0.508467
vt 0.437108 0.508467
vt 0.406659 0.508175
vt 0.437091 0.508175
vt 0.406676 0.507886
vt 0.437074 0.507886
vt 0.406693 0.507602
vt 0.437057 0.507602
vt 0.406710 0.500000
vt 0.437040 0.500000
vt 0.657545 0.028595
vt 0.617274 0.050121
vt 0.620737 0.056545
vt 0.620890 0.056773
vt 0.621044 0.057004
vt 0.621201 0.057239
vt 0.621360 0.057476
vt 0.621521 0.057718
vt 0.621684 0.057962
vt 0.621850 0.058209
vt 0.622017 0.058460
vt 0.622186 0.058713
vt 0.622357 0.058969
vt 0.622531 0.059228
vt 0.622705 0.059490
vt 0.622882 0.059755
vt 0.623061 0.060022
vt 0.623241 0.060292
vt 0.623423 0.060564
vt 0.623607 0.060839
vt 0.623792 0.061116
vt 0.623979 0.061396
vt 0.624167 0.061678
vt 0.624357 0.061961
vt 0.624548 0.062247
vt 0.624740 0.062536
vt 0.624934 0.062826
vt 0.625129 0.063118
vt 0.625326 0.063411
vt 0.625523 0.063707
vt 0.625722 0.064004
vt 0.625921 0.064303
vt 0.626122 0.064603
vt 0.626323 0.064905
vt 0.626526 0.065208
vt 0.626729 0.065512
vt 0.626934 0.065818
vt 0.627138 0.066125
vt 0.627344 0.066433
vt 0.627551 0.066742
vt 0.627758 0.067052
vt 0.627965 0.067362
vt 0.628174 0.067674
vt 0.628382 0.067986
vt 0.628591 0.068299
vt 0.628800 0.068612
vt 0.629010 0.068926
vt 0.629220 0.069240
vt 0.629430 0.069555
vt 0.629641 0.069869
vt 0.629851 0.070184
vt 0.630061 0.070499
vt 0.406250 0.975393
vt 0.437499 0.975785
vt 0.406251 0.975785
vt 0.437498 0.976178
vt 0.406252 0.976178
vt 0.437497 0.976570
vt 0.406253 0.976570
vt 0.437495 0.976961
vt 0.406255 0.976961
vt 0.437493 0.977353
vt 0.406257 0.977353
vt 0.437490 0.977743
vt 0.406259 0.977743
vt 0.437488 0.978133
vt 0.406262 0.978133
vt 0.437484 0.978523
vt 0.406266 0.978523
vt 0.437481 0.978911
vt 0.406269 0.978911
vt 0.437477 0.979298
vt 0.406273 0.979298
vt 0.437472 0.979685
vt 0.406278 0.979685
vt 0.437467 0.980070
vt 0.406283 0.980070
vt 0.437462 0.980454
vt 0.406288 0.980454
vt 0.437457 0.980836
vt 0.406293 0.980836
vt 0.437451 0.981217
vt 0.406299 0.981217
vt 0.437444 0.981597
vt 0.406306 0.981597
vt 0.437438 0.981975
vt 0.406312 0.981975
vt 0.437431 0.982351
vt 0.406319 0.982351
vt 0.437423 0.982726
vt 0.406327 0.982725
vt 0.437415 0.983098
vt 0.406335 0.983098
vt 0.437407 0.983468
vt 0.406343 0.983468
vt 0.437399 0.983837
vt 0.406351 0.983837
vt 0.437390 0.984203
vt 0.406360 0.984203
vt 0.437380 0.984567
vt 0.406370 0.984567
vt 0.437371 0.984929
vt 0.406379 0.984929
vt 0.437361 0.985288
vt 0.406389 0.985288
vt 0.437351 0.985644
vt 0.406399 0.985644
vt 0.437340 0.985999
vt 0.406410 0.985998
vt 0.437329 0.986350
vt 0.406421 0.986350
vt 0.437317 0.986698
vt 0.406432 0.986698
vt 0.437306 0.987044
vt 0.406444 0.987044
vt 0.437294 0.987386
vt 0.406456 0.987386
vt 0.437281 0.987726
vt 0.406469 0.987726
vt 0.437269 0.988062
vt 0.406481 0.988062
vt 0.437256 0.988396
vt 0.406494 0.988396
vt 0.437242 0.988726
vt 0.406508 0.988726
vt 0.437228 0.989052
vt 0.406521 0.989052
vt 0.437214 0.989375
vt 0.406535 0.989375
vt 0.437200 0.989695
vt 0.406550 0.989695
vt 0.437185 0.990010
vt 0.406564 0.990010
vt 0.437171 0.990323
vt 0.406579 0.990323
vt 0.437155 0.990631
vt 0.406595 0.990631
vt 0.437140 0.990936
vt 0.406610 0.990936
vt 0.437124 0.991236
vt 0.406626 0.991236
vt 0.437108 0.991533
vt 0.406642 0.991533
vt 0.437091 0.991825
vt 0.406659 0.991825
vt 0.437074 0.992114
vt 0.406676 0.992114
vt 0.437057 0.992398
vt 0.406693 0.992398
vt 0.437040 1.000000
vt 0.406710 1.000000
vt 0.117274 0.050121
vt 0.157545 0.028595
vt 0.120737 0.056545
vt 0.120890 0.056773
vt 0.121044 0.057004
vt 0.121201 0.057239
vt 0.121360 0.057476
vt 0.121521 0.057718
vt 0.121684 0.057962
vt 0.121849 0.058209
vt 0.122017 0.058460
vt 0.122186 0.058713
vt 0.122357 0.058969
vt 0.122530 0.059228
vt 0.122705 0.059490
vt 0.122882 0.059755
vt 0.123061 0.060022
vt 0.123241 0.060292
vt 0.123423 0.060564
vt 0.123607 0.060839
vt 0.123792 0.061116
vt 0.123979 0.061396
vt 0.124167 0.061678
vt 0.124357 0.061961
vt 0.124548 0.062247
vt 0.124740 0.062536
vt 0.124934 0.062826
vt 0.125129 0.063118
vt 0.125325 0.063411
vt 0.125523 0.063707
vt 0.125721 0.064004
vt 0.125921 0.064303
vt 0.126122 0.064603
vt 0.126323 0.064905
vt 0.126526 0.065208
vt 0.126729 0.065512
vt 0.126934 0.065818
vt 0.127139 0.066125
vt 0.127344 0.066433
vt 0.127551 0.066742
vt 0.127758 0.067052
vt 0.127965 0.067362
vt 0.128174 0.067674
vt 0.128382 0.067986
vt 0.128591 0.068299
vt 0.128800 0.068612
vt 0.129010 0.068926
vt 0.129220 0.069240
vt 0.129430 0.069555
vt 0.129641 0.069869
vt 0.129851 0.070184
vt 0.375000 0.524607
vt 0.406250 0.524607
vt 0.375001 0.524215
vt 0.406249 0.524215
vt 0.375002 0.523822
vt 0.406248 0.523822
vt 0.375003 0.523430
vt 0.406247 0.523430
vt 0.375005 0.523039
vt 0.406245 0.523038
vt 0.375007 0.522647
vt 0.406243 0.522647
vt 0.375009 0.522257
vt 0.406241 0.522257
vt 0.375012 0.521867
vt 0.406238 0.521867
vt 0.375016 0.521478
vt 0.406234 0.521478
vt 0.375019 0.521089
vt 0.406231 0.521089
vt 0.375023 0.520702
vt 0.406227 0.520702
vt 0.375028 0.520315
vt 0.406222 0.520315
vt 0.375033 0.519930
vt 0.406217 0.519930
vt 0.375038 0.519546
vt 0.406212 0.519546
vt 0.375043 0.519164
vt 0.406207 0.519164
vt 0.375049 0.518783
vt 0.406201 0.518783
vt 0.375056 0.518403
vt 0.406194 0.518403
vt 0.375062 0.518025
vt 0.406188 0.518025
vt 0.375069 0.517649
vt 0.406181 0.517649
vt 0.375077 0.517275
vt 0.406173 0.517275
vt 0.375085 0.516902
vt 0.406165 0.516902
vt 0.375093 0.516532
vt 0.406157 0.516532
vt 0.375101 0.516163
vt 0.406149 0.516163
vt 0.375110 0.515797
vt 0.406140 0.515797
vt 0.375120 0.515433
vt 0.406130 0.515433
vt 0.375129 0.515071
vt 0.406121 0.515071
vt 0.375139 0.514712
vt 0.406111 0.514712
vt 0.375149 0.514355
vt 0.406101 0.514355
vt 0.375160 0.514001
vt 0.406090 0.514002
vt 0.375171 0.513650
vt 0.406079 0.513650
vt 0.375182 0.513302
vt 0.406068 0.513302
vt 0.375194 0.512956
vt 0.406056 0.512956
vt 0.375206 0.512614
vt 0.406044 0.512614
vt 0.375219 0.512274
vt 0.406031 0.512274
vt 0.375231 0.511937
vt 0.406019 0.511938
vt 0.375244 0.511604
vt 0.406006 0.511604
vt 0.375258 0.511274
vt 0.405992 0.511274
vt 0.375272 0.510948
vt 0.405978 0.510948
vt 0.375286 0.510625
vt 0.405964 0.510625
vt 0.375300 0.510305
vt 0.405950 0.510305
vt 0.375315 0.509990
vt 0.405936 0.509990
vt 0.375329 0.509677
vt 0.405921 0.509677
vt 0.375345 0.509369
vt 0.405905 0.509369
vt 0.375360 0.509064
vt 0.405890 0.509064
vt 0.375376 0.508764
vt 0.405874 0.508764
vt 0.375392 0.508467
vt 0.405858 0.508467
vt 0.375409 0.508175
vt 0.405841 0.508175
vt 0.375426 0.507886
vt 0.405825 0.507886
vt 0.375443 0.507602
vt 0.405807 0.507602
vt 0.375460 0.500000
vt 0.405790 0.500000
vt 0.616128 0.050887
vt 0.580830 0.079855
vt 0.585480 0.085480
vt 0.585674 0.085674
vt 0.585870 0.085870
vt 0.586070 0.086070
vt 0.586272 0.086272
vt 0.586477 0.086477
vt 0.586685 0.086685
vt 0.586895 0.086895
vt 0.587108 0.087108
vt 0.587324 0.087324
vt 0.587542 0.087542
vt 0.587762 0.087762
vt 0.587985 0.087985
vt 0.588210 0.088210
vt 0.588437 0.088437
vt 0.588667 0.088667
vt 0.588898 0.088898
vt 0.589132 0.089132
vt 0.589368 0.089368
vt 0.589605 0.089605
vt 0.589845 0.089845
vt 0.590086 0.090086
vt 0.590330 0.090330
vt 0.590575 0.090575
vt 0.590821 0.090821
vt 0.591069 0.091070
vt 0.591319 0.091319
vt 0.591571 0.091571
vt 0.591823 0.091823
vt 0.592077 0.092077
vt 0.592333 0.092333
vt 0.592590 0.092590
vt 0.592847 0.092847
vt 0.593106 0.093106
vt 0.593366 0.093366
vt 0.593627 0.093627
vt 0.593889 0.093889
vt 0.594152 0.094152
vt 0.594415 0.094415
vt 0.594679 0.094679
vt 0.594944 0.094944
vt 0.595210 0.095210
vt 0.595476 0.095476
vt 0.595742 0.095742
vt 0.596009 0.096009
vt 0.596276 0.096276
vt 0.596544 0.096544
vt 0.596811 0.096811
vt 0.597079 0.097079
vt 0.597347 0.097347
vt 0.406250 0.975393
vt 0.375000 0.975393
vt 0.406249 0.975785
vt 0.375001 0.975785
vt 0.406248 0.976178
vt 0.375002 0.976178
vt 0.406247 0.976570
vt 0.375003 0.976570
vt 0.406245 0.976961
vt 0.375005 0.976961
vt 0.406243 0.977353
vt 0.375007 0.977353
vt 0.406241 0.977743
vt 0.375009 0.977743
vt 0.406238 0.978133
vt 0.375012 0.978133
vt 0.406234 0.978523
vt 0.375016 0.978523
vt 0.406231 0.978911
vt 0.375019 0.978911
vt 0.406227 0.979298
vt 0.375023 0.979298
vt 0.406222 0.979685
vt 0.375028 0.979685
vt 0.406217 0.980070
vt 0.375033 0.980070
vt 0.406212 0.980454
vt 0.375038 0.980454
vt 0.406207 0.980836
vt 0.375043 0.980836
vt 0.406201 0.981217
vt 0.375049 0.981217
vt 0.406194 0.981597
vt 0.375056 0.981597
vt 0.406188 0.981975
vt 0.375062 0.981975
vt 0.406181 0.982351
vt 0.375069 0.982351
vt 0.406173 0.982726
vt 0.375077 0.982725
vt 0.406165 0.983098
vt 0.375085 0.983098
vt 0.406157 0.983469
vt 0.375093 0.983468
vt 0.406149 0.983837
vt 0.375101 0.983837
vt 0.406140 0.984203
vt 0.375110 0.984203
vt 0.406130 0.984567
vt 0.375120 0.984567
vt 0.406121 0.984929
vt 0.375129 0.984929
vt 0.406111 0.985288
vt 0.375139 0.985288
vt 0.406101 0.985645
vt 0.375149 0.985644
vt 0.406090 0.985998
vt 0.375160 0.985998
vt 0.406079 0.986350
vt 0.375171 0.986350
vt 0.406068 0.986698
vt 0.375183 0.986698
vt 0.406056 0.987044
vt 0.375194 0.987044
vt 0.406044 0.987386
vt 0.375206 0.987387
vt 0.406031 0.987726
vt 0.375219 0.987726
vt 0.406019 0.988063
vt 0.375231 0.988062
vt 0.406006 0.988396
vt 0.375244 0.988396
vt 0.405992 0.988726
vt 0.375258 0.988726
vt 0.405979 0.989052
vt 0.375271 0.989052
vt 0.405964 0.989375
vt 0.375286 0.989375
vt 0.405950 0.989695
vt 0.375300 0.989695
vt 0.405935 0.990010
vt 0.375315 0.990010
vt 0.405921 0.990323
vt 0.375329 0.990323
vt 0.405905 0.990631
vt 0.375345 0.990631
vt 0.405890 0.990936
vt 0.375360 0.990936
vt 0.405874 0.991236
vt 0.375376 0.991236
vt 0.405858 0.991533
vt 0.375392 0.991533
vt 0.405841 0.991825
vt 0.375409 0.991825
vt 0.405824 0.992114
vt 0.375426 0.992114
vt 0.405807 0.992398
vt 0.375443 0.992398
vt 0.405790 1.000000
vt 0.375460 1.000000
vt 0.080830 0.079855
vt 0.116128 0.050887
vt 0.085480 0.085480
vt 0.085674 0.085674
vt 0.085870 0.085870
vt 0.086070 0.086070
vt 0.086272 0.086272
vt 0.086477 0.086477
vt 0.086685 0.086685
vt 0.086895 0.086895
vt 0.087108 0.087108
vt 0.087324 0.087324
vt 0.087542 0.087542
vt 0.087762 0.087762
vt 0.087985 0.087985
vt 0.088210 0.088210
vt 0.088437 0.088437
vt 0.088667 0.088667
vt 0.088898 0.088898
vt 0.089132 0.089132
vt 0.089368 0.089368
vt 0.089605 0.089605
vt 0.089845 0.089845
vt 0.090086 0.090086
vt 0.090330 0.090330
vt 0.090575 0.090575
vt 0.090821 0.090821
vt 0.091070 0.091070
vt 0.091319 0.091319
vt 0.091571 0.091571
vt 0.091823 0.091823
vt 0.092077 0.092078
vt 0.092333 0.092333
vt 0.092590 0.092590
vt 0.092847 0.092847
vt 0.093106 0.093106
vt 0.093366 0.093366
vt 0.093627 0.093627
vt 0.093889 0.093889
vt 0.094152 0.094152
vt 0.094415 0.094415
vt 0.094679 0.094679
vt 0.094944 0.094944
vt 0.095210 0.095210
vt 0.095476 0.095476
vt 0.095742 0.095742
vt 0.096009 0.096009
vt 0.096276 0.096276
vt 0.096544 0.096544
vt 0.096811 0.096811
vt 0.097079 0.097079
vt 0.343750 0.524607
vt 0.343751 0.524215
vt 0.374999 0.524215
vt 0.343752 0.523822
vt 0.374998 0.523822
vt 0.343753 0.523430
vt 0.374997 0.523430
vt 0.343755 0.523039
vt 0.374995 0.523038
vt 0.343757 0.522647
vt 0.374993 0.522647
vt 0.343760 0.522257
vt 0.374991 0.522257
vt 0.343762 0.521867
vt 0.374988 0.521867
vt 0.343766 0.521478
vt 0.374984 0.521478
vt 0.343769 0.521089
vt 0.374981 0.521089
vt 0.343773 0.520702
vt 0.374977 0.520702
vt 0.343778 0.520315
vt 0.374972 0.520316
vt 0.343783 0.519930
vt 0.374967 0.519930
vt 0.343788 0.519546
vt 0.374962 0.519546
vt 0.343793 0.519164
vt 0.374957 0.519164
vt 0.343799 0.518783
vt 0.374951 0.518783
vt 0.343806 0.518403
vt 0.374944 0.518403
vt 0.343812 0.518025
vt 0.374938 0.518025
vt 0.343819 0.517649
vt 0.374931 0.517649
vt 0.343827 0.517275
vt 0.374923 0.517275
vt 0.343835 0.516902
vt 0.374915 0.516902
vt 0.343843 0.516532
vt 0.374907 0.516532
vt 0.343851 0.516163
vt 0.374899 0.516163
vt 0.343860 0.515797
vt 0.374890 0.515797
vt 0.343870 0.515433
vt 0.374880 0.515433
vt 0.343879 0.515071
vt 0.374871 0.515071
vt 0.343889 0.514712
vt 0.374861 0.514712
vt 0.343899 0.514355
vt 0.374851 0.514355
vt 0.343910 0.514001
vt 0.374840 0.514002
vt 0.343921 0.513650
vt 0.374829 0.513650
vt 0.343932 0.513302
vt 0.374817 0.513302
vt 0.343944 0.512956
vt 0.374806 0.512956
vt 0.343956 0.512614
vt 0.374794 0.512614
vt 0.343969 0.512274
vt 0.374781 0.512274
vt 0.343981 0.511937
vt 0.374769 0.511937
vt 0.343994 0.511604
vt 0.374756 0.511604
vt 0.344008 0.511274
vt 0.374742 0.511274
vt 0.344021 0.510948
vt 0.374729 0.510948
vt 0.344036 0.510625
vt 0.374715 0.510625
vt 0.344050 0.510305
vt 0.374700 0.510305
vt 0.344065 0.509990
vt 0.374686 0.509990
vt 0.344079 0.509677
vt 0.374671 0.509677
vt 0.344095 0.509369
vt 0.374655 0.509369
vt 0.344110 0.509064
vt 0.374640 0.509064
vt 0.344126 0.508764
vt 0.374624 0.508764
vt 0.344142 0.508467
vt 0.374608 0.508467
vt 0.344159 0.508175
vt 0.374591 0.508175
vt 0.344176 0.507886
vt 0.374574 0.507886
vt 0.344193 0.507602
vt 0.374557 0.507602
vt 0.344210 0.500000
vt 0.374540 0.500000
vt 0.579855 0.080830
vt 0.550886 0.116128
vt 0.556545 0.120737
vt 0.556773 0.120890
vt 0.557004 0.121044
vt 0.557239 0.121201
vt 0.557477 0.121360
vt 0.557718 0.121521
vt 0.557962 0.121684
vt 0.558209 0.121849
vt 0.558460 0.122017
vt 0.558713 0.122186
vt 0.558969 0.122357
vt 0.559228 0.122530
vt 0.559490 0.122705
vt 0.559755 0.122882
vt 0.560022 0.123061
vt 0.560292 0.123241
vt 0.560564 0.123423
vt 0.560839 0.123607
vt 0.561116 0.123792
vt 0.561396 0.123979
vt 0.561677 0.124167
vt 0.561961 0.124357
vt 0.562247 0.124548
vt 0.562536 0.124740
vt 0.562826 0.124934
vt 0.563118 0.125129
vt 0.563411 0.125325
vt 0.563707 0.125523
vt 0.564004 0.125721
vt 0.564303 0.125921
vt 0.564603 0.126122
vt 0.564905 0.126323
vt 0.565208 0.126526
vt 0.565512 0.126729
vt 0.565818 0.126934
vt 0.566125 0.127139
vt 0.566433 0.127344
vt 0.566742 0.127551
vt 0.567052 0.127758
vt 0.567362 0.127965
vt 0.567674 0.128174
vt 0.567986 0.128382
vt 0.568299 0.128591
vt 0.568612 0.128800
vt 0.568926 0.129010
vt 0.569240 0.129220
vt 0.569555 0.129430
vt 0.569869 0.129641
vt 0.570184 0.129851
vt 0.570499 0.130061
vt 0.343750 0.975393
vt 0.374999 0.975785
vt 0.343751 0.975785
vt 0.374998 0.976178
vt 0.343752 0.976178
vt 0.374997 0.976570
vt 0.343753 0.976570
vt 0.374995 0.976961
vt 0.343755 0.976961
vt 0.374993 0.977353
vt 0.343757 0.977353
vt 0.374991 0.977743
vt 0.343760 0.977743
vt 0.374988 0.978133
vt 0.343762 0.978133
vt 0.374984 0.978523
vt 0.343766 0.978523
vt 0.374981 0.978911
vt 0.343769 0.978911
vt 0.374977 0.979298
vt 0.343773 0.979298
vt 0.374972 0.979685
vt 0.343778 0.979685
vt 0.374967 0.980070
vt 0.343783 0.980070
vt 0.374962 0.980454
vt 0.343788 0.980454
vt 0.374957 0.980836
vt 0.343793 0.980836
vt 0.374951 0.981217
vt 0.343799 0.981217
vt 0.374944 0.981597
vt 0.343806 0.981597
vt 0.374938 0.981975
vt 0.343812 0.981975
vt 0.374931 0.982351
vt 0.343819 0.982351
vt 0.374923 0.982726
vt 0.343827 0.982725
vt 0.374915 0.983098
vt 0.343835 0.983098
vt 0.374907 0.983469
vt 0.343843 0.983468
vt 0.374899 0.983837
vt 0.343851 0.983837
vt 0.374890 0.984203
vt 0.343860 0.984203
vt 0.374880 0.984567
vt 0.343870 0.984567
vt 0.374871 0.984929
vt 0.343879 0.984929
vt 0.374861 0.985288
vt 0.343889 0.985288
vt 0.374851 0.985645
vt 0.343899 0.985644
vt 0.374840 0.985998
vt 0.343910 0.985998
vt 0.374829 0.986350
vt 0.343921 0.986350
vt 0.374817 0.986698
vt 0.343933 0.986698
vt 0.374806 0.987044
vt 0.343944 0.987044
vt 0.374794 0.987386
vt 0.343956 0.987387
vt 0.374781 0.987726
vt 0.343969 0.987726
vt 0.374769 0.988063
vt 0.343981 0.988063
vt 0.374756 0.988396
vt 0.343994 0.988396
vt 0.374742 0.988726
vt 0.344008 0.988726
vt 0.374729 0.989052
vt 0.344021 0.989052
vt 0.374715 0.989375
vt 0.344036 0.989375
vt 0.374700 0.989695
vt 0.344050 0.989695
vt 0.374686 0.990011
vt 0.344065 0.990010
vt 0.374671 0.990323
vt 0.344079 0.990323
vt 0.374655 0.990631
vt 0.344095 0.990631
vt 0.374640 0.990936
vt 0.344110 0.990936
vt 0.374624 0.991236
vt 0.344126 0.991236
vt 0.374608 0.991533
vt 0.344142 0.991533
vt 0.374591 0.991825
vt 0.344159 0.991825
vt 0.374574 0.992114
vt 0.344176 0.992114
vt 0.374557 0.992398
vt 0.344193 0.992398
vt 0.374540 1.000000
vt 0.344210 1.000000
vt 0.050887 0.116128
vt 0.079855 0.080830
vt 0.056545 0.120737
vt 0.056773 0.120890
vt 0.057004 0.121044
vt 0.057239 0.121201
vt 0.057476 0.121360
vt 0.057718 0.121521
vt 0.057962 0.121684
vt 0.058209 0.121850
vt 0.058460 0.122017
vt 0.058713 0.122186
vt 0.058969 0.122357
vt 0.059228 0.122530
vt 0.059490 0.122705
vt 0.059755 0.122882
vt 0.060022 0.123061
vt 0.060292 0.123241
vt 0.060564 0.123423
vt 0.060839 0.123607
vt 0.061116 0.123792
vt 0.061396 0.123979
vt 0.061678 0.124167
vt 0.061961 0.124357
vt 0.062247 0.124548
vt 0.062536 0.124740
vt 0.062826 0.124934
vt 0.063118 0.125129
vt 0.063411 0.125325
vt 0.063707 0.125523
vt 0.064004 0.125721
vt 0.064303 0.125921
vt 0.064603 0.126122
vt 0.064905 0.126323
vt 0.065208 0.126526
vt 0.065512 0.126729
vt 0.065818 0.126934
vt 0.066125 0.127139
vt 0.066433 0.127344
vt 0.066742 0.127551
vt 0.067052 0.127758
vt 0.067362 0.127965
vt 0.067674 0.128174
vt 0.067986 0.128382
vt 0.068299 0.128591
vt 0.068612 0.128800
vt 0.068926 0.129010
vt 0.069240 0.129220
vt 0.069555 0.129430
vt 0.069869 0.129641
vt 0.070184 0.129851
vt 0.312500 0.524607
vt 0.312501 0.524215
vt 0.343749 0.524215
vt 0.312502 0.523822
vt 0.343748 0.523822
vt 0.312503 0.523430
vt 0.343747 0.523430
vt 0.312505 0.523039
vt 0.343745 0.523039
vt 0.312507 0.522647
vt 0.343743 0.522647
vt 0.312510 0.522257
vt 0.343741 0.522257
vt 0.312512 0.521867
vt 0.343738 0.521867
vt 0.312516 0.521477
vt 0.343734 0.521477
vt 0.312519 0.521089
vt 0.343731 0.521089
vt 0.312523 0.520702
vt 0.343727 0.520702
vt 0.312528 0.520315
vt 0.343722 0.520315
vt 0.312533 0.519930
vt 0.343717 0.519930
vt 0.312538 0.519546
vt 0.343712 0.519546
vt 0.312543 0.519164
vt 0.343707 0.519164
vt 0.312549 0.518783
vt 0.343701 0.518783
vt 0.312556 0.518403
vt 0.343694 0.518403
vt 0.312562 0.518025
vt 0.343688 0.518025
vt 0.312569 0.517649
vt 0.343681 0.517649
vt 0.312577 0.517275
vt 0.343673 0.517275
vt 0.312585 0.516902
vt 0.343665 0.516902
vt 0.312593 0.516532
vt 0.343657 0.516532
vt 0.312601 0.516163
vt 0.343649 0.516163
vt 0.312610 0.515797
vt 0.343640 0.515797
vt 0.312620 0.515433
vt 0.343630 0.515433
vt 0.312629 0.515071
vt 0.343621 0.515071
vt 0.312639 0.514712
vt 0.343611 0.514712
vt 0.312649 0.514356
vt 0.343601 0.514356
vt 0.312660 0.514001
vt 0.343590 0.514001
vt 0.312671 0.513650
vt 0.343579 0.513650
vt 0.312683 0.513302
vt 0.343567 0.513302
vt 0.312694 0.512956
vt 0.343556 0.512956
vt 0.312706 0.512614
vt 0.343544 0.512613
vt 0.312719 0.512274
vt 0.343531 0.512274
vt 0.312731 0.511937
vt 0.343519 0.511937
vt 0.312744 0.511604
vt 0.343506 0.511604
vt 0.312758 0.511274
vt 0.343492 0.511274
vt 0.312771 0.510948
vt 0.343479 0.510948
vt 0.312786 0.510625
vt 0.343464 0.510625
vt 0.312800 0.510305
vt 0.343450 0.510305
vt 0.312815 0.509990
vt 0.343435 0.509989
vt 0.312829 0.509677
vt 0.343421 0.509677
vt 0.312845 0.509369
vt 0.343405 0.509369
vt 0.312860 0.509064
vt 0.343390 0.509064
vt 0.312876 0.508764
vt 0.343374 0.508764
vt 0.312892 0.508467
vt 0.343358 0.508467
vt 0.312909 0.508175
vt 0.343341 0.508175
vt 0.312926 0.507886
vt 0.343324 0.507886
vt 0.312943 0.507602
vt 0.343307 0.507602
vt 0.312960 0.500000
vt 0.343290 0.500000
vt 0.550121 0.117274
vt 0.528595 0.157545
vt 0.535044 0.160962
vt 0.535297 0.161067
vt 0.535554 0.161174
vt 0.535815 0.161282
vt 0.536079 0.161391
vt 0.536347 0.161502
vt 0.536619 0.161615
vt 0.536894 0.161728
vt 0.537172 0.161844
vt 0.537453 0.161960
vt 0.537738 0.162078
vt 0.538026 0.162197
vt 0.538317 0.162318
vt 0.538611 0.162440
vt 0.538908 0.162563
vt 0.539208 0.162687
vt 0.539510 0.162812
vt 0.539816 0.162939
vt 0.540124 0.163066
vt 0.540434 0.163195
vt 0.540747 0.163325
vt 0.541063 0.163455
vt 0.541381 0.163587
vt 0.541701 0.163720
vt 0.542023 0.163853
vt 0.542347 0.163987
vt 0.542674 0.164123
vt 0.543002 0.164259
vt 0.543332 0.164395
vt 0.543664 0.164533
vt 0.543998 0.164671
vt 0.544333 0.164810
vt 0.544670 0.164950
vt 0.545008 0.165090
vt 0.545348 0.165230
vt 0.545689 0.165372
vt 0.546031 0.165513
vt 0.546374 0.165655
vt 0.546719 0.165798
vt 0.547064 0.165941
vt 0.547410 0.166084
vt 0.547757 0.166228
vt 0.548105 0.166372
vt 0.548453 0.166516
vt 0.548801 0.166661
vt 0.549150 0.166805
vt 0.549500 0.166950
vt 0.549850 0.167095
vt 0.550199 0.167240
vt 0.550549 0.167385
vt 0.312500 0.975393
vt 0.343749 0.975785
vt 0.312501 0.975785
vt 0.343748 0.976178
vt 0.312502 0.976178
vt 0.343747 0.976570
vt 0.312503 0.976570
vt 0.343745 0.976961
vt 0.312505 0.976961
vt 0.343743 0.977353
vt 0.312507 0.977353
vt 0.343740 0.977743
vt 0.312509 0.977743
vt 0.343738 0.978133
vt 0.312512 0.978133
vt 0.343734 0.978523
vt 0.312516 0.978523
vt 0.343731 0.978911
vt 0.312519 0.978911
vt 0.343727 0.979298
vt 0.312523 0.979298
vt 0.343722 0.979684
vt 0.312528 0.979685
vt 0.343717 0.980070
vt 0.312533 0.980070
vt 0.343712 0.980454
vt 0.312538 0.980454
vt 0.343707 0.980836
vt 0.312543 0.980836
vt 0.343701 0.981217
vt 0.312549 0.981217
vt 0.343694 0.981597
vt 0.312556 0.981597
vt 0.343688 0.981975
vt 0.312562 0.981975
vt 0.343681 0.982351
vt 0.312569 0.982351
vt 0.343673 0.982726
vt 0.312577 0.982725
vt 0.343665 0.983098
vt 0.312585 0.983098
vt 0.343657 0.983468
vt 0.312593 0.983468
vt 0.343649 0.983837
vt 0.312601 0.983837
vt 0.343640 0.984203
vt 0.312610 0.984203
vt 0.343630 0.984567
vt 0.312620 0.984567
vt 0.343621 0.984929
vt 0.312629 0.984929
vt 0.343611 0.985288
vt 0.312639 0.985288
vt 0.343601 0.985644
vt 0.312649 0.985644
vt 0.343590 0.985999
vt 0.312660 0.985998
vt 0.343579 0.986350
vt 0.312671 0.986350
vt 0.343567 0.986698
vt 0.312683 0.986698
vt 0.343556 0.987044
vt 0.312694 0.987044
vt 0.343544 0.987386
vt 0.312706 0.987386
vt 0.343531 0.987726
vt 0.312719 0.987726
vt 0.343519 0.988062
vt 0.312731 0.988062
vt 0.343506 0.988396
vt 0.312744 0.988396
vt 0.343492 0.988726
vt 0.312758 0.988726
vt 0.343479 0.989052
vt 0.312771 0.989052
vt 0.343464 0.989375
vt 0.312786 0.989375
vt 0.343450 0.989695
vt 0.312800 0.989695
vt 0.343435 0.990010
vt 0.312815 0.990010
vt 0.343421 0.990323
vt 0.312829 0.990323
vt 0.343405 0.990631
vt 0.312845 0.990631
vt 0.343390 0.990936
vt 0.312860 0.990936
vt 0.343374 0.991236
vt 0.312876 0.991236
vt 0.343358 0.991533
vt 0.312892 0.991533
vt 0.343341 0.991825
vt 0.312909 0.991825
vt 0.343324 0.992114
vt 0.312926 0.992114
vt 0.343307 0.992398
vt 0.312943 0.992398
vt 0.343290 1.000000
vt 0.312960 1.000000
vt 0.028595 0.157545
vt 0.050121 0.117274
vt 0.035044 0.160962
vt 0.035297 0.161067
vt 0.035554 0.161174
vt 0.035815 0.161282
vt 0.036079 0.161391
vt 0.036347 0.161502
vt 0.036619 0.161615
vt 0.036894 0.161728
vt 0.037172 0.161844
vt 0.037453 0.161960
vt 0.037738 0.162078
vt 0.038026 0.162197
vt 0.038317 0.162318
vt 0.038611 0.162440
vt 0.038908 0.162563
vt 0.039208 0.162687
vt 0.039510 0.162812
vt 0.039816 0.162939
vt 0.040124 0.163066
vt 0.040434 0.163195
vt 0.040747 0.163325
vt 0.041063 0.163455
vt 0.041381 0.163587
vt 0.041701 0.163720
vt 0.042023 0.163853
vt 0.042347 0.163987
vt 0.042674 0.164123
vt 0.043002 0.164259
vt 0.043332 0.164395
vt 0.043664 0.164533
vt 0.043998 0.164671
vt 0.044333 0.164810
vt 0.044670 0.164950
vt 0.045008 0.165090
vt 0.045348 0.165230
vt 0.045689 0.165372
vt 0.046031 0.165513
vt 0.046374 0.165655
vt 0.046719 0.165798
vt 0.047064 0.165941
vt 0.047410 0.166084
vt 0.047757 0.166228
vt 0.048104 0.166372
vt 0.048453 0.166516
vt 0.048801 0.166661
vt 0.049150 0.166805
vt 0.049500 0.166950
vt 0.049849 0.167095
vt 0.050199 0.167240
vt 0.281250 0.524607
vt 0.312500 0.524607
vt 0.281251 0.524215
vt 0.312499 0.524215
vt 0.281252 0.523822
vt 0.312498 0.523822
vt 0.281253 0.523430
vt 0.312497 0.523430
vt 0.281255 0.523039
vt 0.312495 0.523038
vt 0.281257 0.522647
vt 0.312493 0.522647
vt 0.281260 0.522257
vt 0.312491 0.522257
vt 0.281262 0.521867
vt 0.312488 0.521867
vt 0.281266 0.521477
vt 0.312484 0.521477
vt 0.281269 0.521089
vt 0.312481 0.521089
vt 0.281273 0.520702
vt 0.312477 0.520702
vt 0.281278 0.520315
vt 0.312472 0.520316
vt 0.281283 0.519930
vt 0.312467 0.519930
vt 0.281288 0.519546
vt 0.312462 0.519546
vt 0.281293 0.519164
vt 0.312457 0.519164
vt 0.281299 0.518783
vt 0.312451 0.518783
vt 0.281306 0.518403
vt 0.312444 0.518403
vt 0.281312 0.518025
vt 0.312438 0.518025
vt 0.281319 0.517649
vt 0.312431 0.517649
vt 0.281327 0.517274
vt 0.312423 0.517275
vt 0.281335 0.516902
vt 0.312415 0.516902
vt 0.281343 0.516532
vt 0.312407 0.516532
vt 0.281351 0.516163
vt 0.312399 0.516163
vt 0.281360 0.515797
vt 0.312390 0.515797
vt 0.281370 0.515433
vt 0.312380 0.515433
vt 0.281379 0.515071
vt 0.312371 0.515071
vt 0.281389 0.514712
vt 0.312361 0.514712
vt 0.281399 0.514356
vt 0.312351 0.514355
vt 0.281410 0.514002
vt 0.312340 0.514001
vt 0.281421 0.513650
vt 0.312329 0.513650
vt 0.281432 0.513302
vt 0.312317 0.513302
vt 0.281444 0.512956
vt 0.312306 0.512956
vt 0.281456 0.512614
vt 0.312294 0.512614
vt 0.281469 0.512274
vt 0.312281 0.512274
vt 0.281481 0.511937
vt 0.312269 0.511938
vt 0.281494 0.511604
vt 0.312256 0.511604
vt 0.281508 0.511274
vt 0.312242 0.511274
vt 0.281521 0.510948
vt 0.312229 0.510948
vt 0.281536 0.510625
vt 0.312214 0.510625
vt 0.281550 0.510305
vt 0.312200 0.510305
vt 0.281565 0.509990
vt 0.312185 0.509990
vt 0.281579 0.509677
vt 0.312171 0.509677
vt 0.281595 0.509369
vt 0.312155 0.509369
vt 0.281610 0.509064
vt 0.312140 0.509064
vt 0.281626 0.508764
vt 0.312124 0.508764
vt 0.281642 0.508467
vt 0.312108 0.508467
vt 0.281659 0.508175
vt 0.312091 0.508175
vt 0.281676 0.507886
vt 0.312075 0.507886
vt 0.281693 0.507602
vt 0.312057 0.507602
vt 0.281710 0.500000
vt 0.312040 0.500000
vt 0.528068 0.158818
vt 0.514813 0.202516
vt 0.521804 0.204609
vt 0.522073 0.204663
vt 0.522346 0.204717
vt 0.522623 0.204772
vt 0.522903 0.204828
vt 0.523188 0.204884
vt 0.523476 0.204942
vt 0.523767 0.205000
vt 0.524063 0.205058
vt 0.524361 0.205118
vt 0.524664 0.205178
vt 0.524969 0.205239
vt 0.525278 0.205300
vt 0.525591 0.205362
vt 0.525906 0.205425
vt 0.526224 0.205488
vt 0.526545 0.205552
vt 0.526870 0.205617
vt 0.527196 0.205682
vt 0.527526 0.205747
vt 0.527859 0.205813
vt 0.528193 0.205880
vt 0.528531 0.205947
vt 0.528871 0.206015
vt 0.529213 0.206083
vt 0.529557 0.206151
vt 0.529904 0.206220
vt 0.530252 0.206289
vt 0.530603 0.206359
vt 0.530955 0.206429
vt 0.531309 0.206500
vt 0.531665 0.206571
vt 0.532023 0.206642
vt 0.532382 0.206713
vt 0.532743 0.206785
vt 0.533105 0.206857
vt 0.533468 0.206929
vt 0.533832 0.207002
vt 0.534198 0.207074
vt 0.534564 0.207147
vt 0.534932 0.207220
vt 0.535300 0.207293
vt 0.535669 0.207367
vt 0.536038 0.207440
vt 0.536409 0.207514
vt 0.536779 0.207588
vt 0.537150 0.207662
vt 0.537521 0.207735
vt 0.537893 0.207809
vt 0.538264 0.207883
vt 0.312500 0.975393
vt 0.281250 0.975393
vt 0.312499 0.975785
vt 0.281251 0.975785
vt 0.312498 0.976178
vt 0.281252 0.976178
vt 0.312497 0.976570
vt 0.281253 0.976570
vt 0.312495 0.976961
vt 0.281255 0.976961
vt 0.312493 0.977353
vt 0.281257 0.977353
vt 0.312491 0.977743
vt 0.281259 0.977743
vt 0.312488 0.978133
vt 0.281262 0.978133
vt 0.312484 0.978523
vt 0.281266 0.978523
vt 0.312481 0.978911
vt 0.281269 0.978911
vt 0.312477 0.979298
vt 0.281273 0.979298
vt 0.312472 0.979685
vt 0.281278 0.979684
vt 0.312467 0.980070
vt 0.281283 0.980070
vt 0.312462 0.980454
vt 0.281288 0.980454
vt 0.312457 0.980836
vt 0.281293 0.980836
vt 0.312451 0.981217
vt 0.281299 0.981217
vt 0.312444 0.981597
vt 0.281306 0.981597
vt 0.312438 0.981975
vt 0.281312 0.981975
vt 0.312431 0.982351
vt 0.281319 0.982351
vt 0.312423 0.982726
vt 0.281327 0.982726
vt 0.312415 0.983098
vt 0.281335 0.983098
vt 0.312407 0.983468
vt 0.281343 0.983468
vt 0.312399 0.983837
vt 0.281351 0.983837
vt 0.312390 0.984203
vt 0.281360 0.984203
vt 0.312380 0.984567
vt 0.281369 0.984567
vt 0.312371 0.984929
vt 0.281379 0.984929
vt 0.312361 0.985288
vt 0.281389 0.985288
vt 0.312351 0.985644
vt 0.281399 0.985644
vt 0.312340 0.985998
vt 0.281410 0.985999
vt 0.312329 0.986350
vt 0.281421 0.986350
vt 0.312317 0.986698
vt 0.281433 0.986698
vt 0.312306 0.987044
vt 0.281444 0.987044
vt 0.312294 0.987386
vt 0.281456 0.987386
vt 0.312281 0.987726
vt 0.281469 0.987726
vt 0.312269 0.988062
vt 0.281481 0.988062
vt 0.312256 0.988396
vt 0.281494 0.988396
vt 0.312242 0.988726
vt 0.281508 0.988726
vt 0.312229 0.989052
vt 0.281521 0.989052
vt 0.312215 0.989375
vt 0.281536 0.989375
vt 0.312200 0.989695
vt 0.281550 0.989695
vt 0.312185 0.990010
vt 0.281565 0.990010
vt 0.312171 0.990323
vt 0.281579 0.990323
vt 0.312155 0.990631
vt 0.281595 0.990631
vt 0.312140 0.990936
vt 0.281610 0.990936
vt 0.312124 0.991236
vt 0.281626 0.991236
vt 0.312108 0.991533
vt 0.281642 0.991533
vt 0.312091 0.991825
vt 0.281659 0.991825
vt 0.312075 0.992114
vt 0.281676 0.992114
vt 0.312057 0.992398
vt 0.281693 0.992398
vt 0.312040 1.000000
vt 0.281710 1.000000
vt 0.014813 0.202516
vt 0.028068 0.158818
vt 0.021804 0.204609
vt 0.022073 0.204663
vt 0.022346 0.204717
vt 0.022622 0.204772
vt 0.022903 0.204828
vt 0.023187 0.204884
vt 0.023476 0.204941
vt 0.023767 0.205000
vt 0.024063 0.205058
vt 0.024362 0.205118
vt 0.024664 0.205178
vt 0.024969 0.205239
vt 0.025278 0.205300
vt 0.025591 0.205362
vt 0.025906 0.205425
vt 0.026224 0.205488
vt 0.026545 0.205552
vt 0.026869 0.205617
vt 0.027196 0.205682
vt 0.027526 0.205747
vt 0.027859 0.205813
vt 0.028193 0.205880
vt 0.028531 0.205947
vt 0.028871 0.206015
vt 0.029213 0.206083
vt 0.029557 0.206151
vt 0.029904 0.206220
vt 0.030252 0.206289
vt 0.030603 0.206359
vt 0.030955 0.206429
vt 0.031309 0.206500
vt 0.031665 0.206571
vt 0.032023 0.206642
vt 0.032382 0.206713
vt 0.032743 0.206785
vt 0.033105 0.206857
vt 0.033468 0.206929
vt 0.033832 0.207002
vt 0.034198 0.207074
vt 0.034564 0.207147
vt 0.034932 0.207220
vt 0.035300 0.207293
vt 0.035669 0.207367
vt 0.036038 0.207440
vt 0.036409 0.207514
vt 0.036779 0.207588
vt 0.037150 0.207662
vt 0.037521 0.207735
vt 0.037893 0.207809
vt 0.250000 0.524607
vt 0.281250 0.524607
vt 0.250001 0.524215
vt 0.281249 0.524215
vt 0.250002 0.523822
vt 0.281248 0.523822
vt 0.250003 0.523430
vt 0.281247 0.523430
vt 0.250005 0.523039
vt 0.281245 0.523038
vt 0.250007 0.522647
vt 0.281243 0.522647
vt 0.250010 0.522257
vt 0.281240 0.522257
vt 0.250012 0.521867
vt 0.281238 0.521867
vt 0.250016 0.521477
vt 0.281234 0.521477
vt 0.250019 0.521089
vt 0.281231 0.521089
vt 0.250023 0.520702
vt 0.281227 0.520702
vt 0.250028 0.520315
vt 0.281222 0.520316
vt 0.250033 0.519930
vt 0.281217 0.519930
vt 0.250038 0.519546
vt 0.281212 0.519546
vt 0.250043 0.519164
vt 0.281207 0.519164
vt 0.250049 0.518783
vt 0.281201 0.518783
vt 0.250056 0.518403
vt 0.281194 0.518403
vt 0.250062 0.518025
vt 0.281188 0.518025
vt 0.250069 0.517649
vt 0.281181 0.517649
vt 0.250077 0.517274
vt 0.281173 0.517275
vt 0.250085 0.516902
vt 0.281165 0.516902
vt 0.250093 0.516532
vt 0.281157 0.516532
vt 0.250101 0.516163
vt 0.281149 0.516163
vt 0.250110 0.515797
vt 0.281140 0.515797
vt 0.250120 0.515433
vt 0.281130 0.515433
vt 0.250129 0.515071
vt 0.281121 0.515071
vt 0.250139 0.514712
vt 0.281111 0.514712
vt 0.250149 0.514356
vt 0.281101 0.514356
vt 0.250160 0.514002
vt 0.281090 0.514001
vt 0.250171 0.513650
vt 0.281079 0.513650
vt 0.250182 0.513302
vt 0.281068 0.513302
vt 0.250194 0.512956
vt 0.281056 0.512956
vt 0.250206 0.512614
vt 0.281044 0.512614
vt 0.250219 0.512274
vt 0.281031 0.512274
vt 0.250231 0.511937
vt 0.281019 0.511937
vt 0.250244 0.511604
vt 0.281006 0.511604
vt 0.250258 0.511274
vt 0.280992 0.511274
vt 0.250271 0.510948
vt 0.280978 0.510948
vt 0.250286 0.510625
vt 0.280964 0.510625
vt 0.250300 0.510305
vt 0.280950 0.510305
vt 0.250315 0.509989
vt 0.280935 0.509990
vt 0.250329 0.509677
vt 0.280921 0.509677
vt 0.250345 0.509369
vt 0.280905 0.509369
vt 0.250360 0.509064
vt 0.280890 0.509064
vt 0.250376 0.508764
vt 0.280874 0.508764
vt 0.250392 0.508467
vt 0.280858 0.508467
vt 0.250409 0.508175
vt 0.280841 0.508175
vt 0.250426 0.507886
vt 0.280824 0.507886
vt 0.250443 0.507602
vt 0.280807 0.507602
vt 0.250460 0.500000
vt 0.280790 0.500000
vt 0.514544 0.203867
vt 0.510068 0.249311
vt 0.517333 0.250000
vt 0.517608 0.250000
vt 0.517886 0.250000
vt 0.518168 0.250000
vt 0.518454 0.250000
vt 0.518744 0.250000
vt 0.519038 0.250000
vt 0.519335 0.250000
vt 0.519636 0.250000
vt 0.519941 0.250000
vt 0.520249 0.250000
vt 0.520561 0.250000
vt 0.520876 0.250000
vt 0.521194 0.250000
vt 0.521515 0.250000
vt 0.521840 0.250000
vt 0.522168 0.250000
vt 0.522498 0.250000
vt 0.522831 0.250000
vt 0.523168 0.250000
vt 0.523506 0.250000
vt 0.523848 0.250000
vt 0.524192 0.250000
vt 0.524538 0.250000
vt 0.524887 0.250000
vt 0.525238 0.250000
vt 0.525592 0.250000
vt 0.525947 0.250000
vt 0.526304 0.250000
vt 0.526664 0.250000
vt 0.527025 0.250000
vt 0.527388 0.250000
vt 0.527753 0.250000
vt 0.528119 0.250000
vt 0.528486 0.250000
vt 0.528855 0.250000
vt 0.529226 0.250000
vt 0.529597 0.250000
vt 0.529970 0.250000
vt 0.530343 0.250000
vt 0.530718 0.250000
vt 0.531094 0.250000
vt 0.531470 0.250000
vt 0.531847 0.250000
vt 0.532224 0.250000
vt 0.532602 0.250000
vt 0.532980 0.250000
vt 0.533359 0.250000
vt 0.533737 0.250000
vt 0.534116 0.250000
vt 0.281250 0.975393
vt 0.250000 0.975393
vt 0.281249 0.975785
vt 0.250001 0.975785
vt 0.281248 0.976178
vt 0.250002 0.976178
vt 0.281247 0.976570
vt 0.250003 0.976570
vt 0.281245 0.976961
vt 0.250005 0.976961
vt 0.281243 0.977353
vt 0.250007 0.977353
vt 0.281240 0.977743
vt 0.250009 0.977743
vt 0.281238 0.978133
vt 0.250012 0.978133
vt 0.281234 0.978523
vt 0.250016 0.978523
vt 0.281231 0.978911
vt 0.250019 0.978911
vt 0.281227 0.979298
vt 0.250023 0.979298
vt 0.281222 0.979685
vt 0.250028 0.979685
vt 0.281217 0.980070
vt 0.250033 0.980070
vt 0.281212 0.980454
vt 0.250038 0.980454
vt 0.281207 0.980836
vt 0.250043 0.980836
vt 0.281201 0.981217
vt 0.250049 0.981217
vt 0.281194 0.981597
vt 0.250056 0.981597
vt 0.281188 0.981975
vt 0.250062 0.981975
vt 0.281181 0.982351
vt 0.250069 0.982351
vt 0.281173 0.982726
vt 0.250077 0.982726
vt 0.281165 0.983098
vt 0.250085 0.983098
vt 0.281157 0.983468
vt 0.250093 0.983468
vt 0.281149 0.983837
vt 0.250101 0.983837
vt 0.281140 0.984203
vt 0.250110 0.984203
vt 0.281130 0.984567
vt 0.250120 0.984567
vt 0.281121 0.984929
vt 0.250129 0.984929
vt 0.281111 0.985288
vt 0.250139 0.985288
vt 0.281101 0.985644
vt 0.250149 0.985644
vt 0.281090 0.985999
vt 0.250160 0.985999
vt 0.281079 0.986350
vt 0.250171 0.986350
vt 0.281068 0.986698
vt 0.250182 0.986698
vt 0.281056 0.987044
vt 0.250194 0.987044
vt 0.281044 0.987386
vt 0.250206 0.987386
vt 0.281031 0.987726
vt 0.250219 0.987726
vt 0.281019 0.988063
vt 0.250231 0.988062
vt 0.281006 0.988396
vt 0.250244 0.988396
vt 0.280992 0.988726
vt 0.250258 0.988726
vt 0.280978 0.989052
vt 0.250271 0.989052
vt 0.280964 0.989375
vt 0.250286 0.989375
vt 0.280950 0.989695
vt 0.250300 0.989695
vt 0.280935 0.990010
vt 0.250315 0.990010
vt 0.280921 0.990323
vt 0.250329 0.990323
vt 0.280905 0.990631
vt 0.250345 0.990631
vt 0.280890 0.990936
vt 0.250360 0.990936
vt 0.280874 0.991236
vt 0.250376 0.991236
vt 0.280858 0.991533
vt 0.250392 0.991533
vt 0.280841 0.991825
vt 0.250409 0.991825
vt 0.280824 0.992114
vt 0.250426 0.992114
vt 0.280807 0.992398
vt 0.250443 0.992398
vt 0.280790 1.000000
vt 0.250460 1.000000
vt 0.010068 0.249311
vt 0.014544 0.203867
vt 0.017333 0.250000
vt 0.017608 0.250000
vt 0.017886 0.250000
vt 0.018168 0.250000
vt 0.018454 0.250000
vt 0.018744 0.250000
vt 0.019038 0.250000
vt 0.019335 0.250000
vt 0.019636 0.250000
vt 0.019941 0.250000
vt 0.020249 0.250000
vt 0.020561 0.250000
vt 0.020876 0.250000
vt 0.021194 0.250000
vt 0.021515 0.250000
vt 0.021840 0.250000
vt 0.022168 0.250000
vt 0.022498 0.250000
vt 0.022831 0.250000
vt 0.023168 0.250000
vt 0.023507 0.250000
vt 0.023848 0.250000
vt 0.024192 0.250000
vt 0.024538 0.250000
vt 0.024887 0.250000
vt 0.025238 0.250000
vt 0.025592 0.250000
vt 0.025947 0.250000
vt 0.026305 0.250000
vt 0.026664 0.250000
vt 0.027025 0.250000
vt 0.027388 0.250000
vt 0.027753 0.250000
vt 0.028119 0.250000
vt 0.028486 0.250000
vt 0.028855 0.250000
vt 0.029226 0.250000
vt 0.029597 0.250000
vt 0.029970 0.250000
vt 0.030344 0.250000
vt 0.030718 0.250000
vt 0.031094 0.250000
vt 0.031470 0.250000
vt 0.031847 0.250000
vt 0.032224 0.250000
vt 0.032602 0.250000
vt 0.032980 0.250000
vt 0.033359 0.250000
vt 0.033737 0.250000
vt 0.218750 0.524607
vt 0.218751 0.524215
vt 0.249999 0.524215
vt 0.218752 0.523822
vt 0.249998 0.523822
vt 0.218753 0.523430
vt 0.249997 0.523430
vt 0.218755 0.523039
vt 0.249995 0.523038
vt 0.218757 0.522647
vt 0.249993 0.522647
vt 0.218759 0.522257
vt 0.249991 0.522257
vt 0.218762 0.521867
vt 0.249988 0.521867
vt 0.218766 0.521477
vt 0.249984 0.521477
vt 0.218769 0.521089
vt 0.249981 0.521089
vt 0.218773 0.520702
vt 0.249977 0.520702
vt 0.218778 0.520315
vt 0.249972 0.520316
vt 0.218783 0.519930
vt 0.249967 0.519930
vt 0.218788 0.519546
vt 0.249962 0.519546
vt 0.218793 0.519164
vt 0.249957 0.519164
vt 0.218799 0.518783
vt 0.249951 0.518783
vt 0.218806 0.518403
vt 0.249944 0.518403
vt 0.218812 0.518025
vt 0.249938 0.518025
vt 0.218819 0.517649
vt 0.249931 0.517649
vt 0.218827 0.517275
vt 0.249923 0.517275
vt 0.218835 0.516902
vt 0.249915 0.516902
vt 0.218843 0.516532
vt 0.249907 0.516532
vt 0.218851 0.516163
vt 0.249899 0.516163
vt 0.218860 0.515797
vt 0.249890 0.515797
vt 0.218869 0.515433
vt 0.249880 0.515433
vt 0.218879 0.515071
vt 0.249871 0.515071
vt 0.218889 0.514712
vt 0.249861 0.514712
vt 0.218899 0.514355
vt 0.249851 0.514356
vt 0.218910 0.514001
vt 0.249840 0.514002
vt 0.218921 0.513650
vt 0.249829 0.513650
vt 0.218932 0.513302
vt 0.249818 0.513302
vt 0.218944 0.512956
vt 0.249806 0.512956
vt 0.218956 0.512614
vt 0.249794 0.512613
vt 0.218969 0.512274
vt 0.249781 0.512274
vt 0.218981 0.511937
vt 0.249769 0.511937
vt 0.218994 0.511604
vt 0.249756 0.511604
vt 0.219008 0.511274
vt 0.249742 0.511274
vt 0.219021 0.510948
vt 0.249729 0.510948
vt 0.219036 0.510625
vt 0.249714 0.510625
vt 0.219050 0.510305
vt 0.249700 0.510305
vt 0.219065 0.509990
vt 0.249685 0.509989
vt 0.219079 0.509677
vt 0.249671 0.509677
vt 0.219095 0.509369
vt 0.249655 0.509369
vt 0.219110 0.509064
vt 0.249640 0.509064
vt 0.219126 0.508764
vt 0.249624 0.508764
vt 0.219142 0.508467
vt 0.249608 0.508467
vt 0.219159 0.508175
vt 0.249591 0.508175
vt 0.219176 0.507886
vt 0.249574 0.507886
vt 0.219193 0.507602
vt 0.249557 0.507602
vt 0.219210 0.500000
vt 0.249540 0.500000
vt 0.510068 0.250689
vt 0.514544 0.296133
vt 0.521804 0.295391
vt 0.522073 0.295338
vt 0.522346 0.295283
vt 0.522622 0.295228
vt 0.522903 0.295172
vt 0.523187 0.295116
vt 0.523476 0.295059
vt 0.523767 0.295000
vt 0.524063 0.294942
vt 0.524362 0.294882
vt 0.524664 0.294822
vt 0.524969 0.294761
vt 0.525278 0.294700
vt 0.525591 0.294638
vt 0.525906 0.294575
vt 0.526224 0.294512
vt 0.526545 0.294448
vt 0.526869 0.294383
vt 0.527196 0.294318
vt 0.527526 0.294253
vt 0.527858 0.294187
vt 0.528193 0.294120
vt 0.528531 0.294053
vt 0.528871 0.293985
vt 0.529213 0.293917
vt 0.529557 0.293849
vt 0.529904 0.293780
vt 0.530252 0.293711
vt 0.530603 0.293641
vt 0.530955 0.293571
vt 0.531309 0.293500
vt 0.531665 0.293429
vt 0.532023 0.293358
vt 0.532382 0.293287
vt 0.532743 0.293215
vt 0.533105 0.293143
vt 0.533468 0.293071
vt 0.533832 0.292998
vt 0.534198 0.292926
vt 0.534564 0.292853
vt 0.534932 0.292780
vt 0.535300 0.292706
vt 0.535669 0.292633
vt 0.536038 0.292560
vt 0.536409 0.292486
vt 0.536779 0.292412
vt 0.537150 0.292338
vt 0.537521 0.292265
vt 0.537893 0.292191
vt 0.538264 0.292117
vt 0.218750 0.975393
vt 0.249999 0.975785
vt 0.218751 0.975785
vt 0.249998 0.976178
vt 0.218752 0.976178
vt 0.249997 0.976570
vt 0.218753 0.976570
vt 0.249995 0.976961
vt 0.218755 0.976961
vt 0.249993 0.977353
vt 0.218757 0.977353
vt 0.249991 0.977743
vt 0.218759 0.977743
vt 0.249988 0.978133
vt 0.218762 0.978133
vt 0.249984 0.978523
vt 0.218766 0.978523
vt 0.249981 0.978911
vt 0.218769 0.978911
vt 0.249977 0.979298
vt 0.218773 0.979298
vt 0.249972 0.979685
vt 0.218778 0.979685
vt 0.249967 0.980070
vt 0.218783 0.980070
vt 0.249962 0.980454
vt 0.218788 0.980454
vt 0.249957 0.980836
vt 0.218793 0.980836
vt 0.249951 0.981217
vt 0.218799 0.981217
vt 0.249944 0.981597
vt 0.218806 0.981597
vt 0.249938 0.981975
vt 0.218812 0.981975
vt 0.249931 0.982351
vt 0.218819 0.982351
vt 0.249923 0.982726
vt 0.218827 0.982725
vt 0.249915 0.983098
vt 0.218835 0.983098
vt 0.249907 0.983468
vt 0.218843 0.983468
vt 0.249899 0.983837
vt 0.218851 0.983837
vt 0.249890 0.984203
vt 0.218860 0.984203
vt 0.249881 0.984567
vt 0.218870 0.984567
vt 0.249871 0.984929
vt 0.218879 0.984929
vt 0.249861 0.985288
vt 0.218889 0.985288
vt 0.249851 0.985644
vt 0.218899 0.985644
vt 0.249840 0.985998
vt 0.218910 0.985998
vt 0.249829 0.986350
vt 0.218921 0.986350
vt 0.249818 0.986698
vt 0.218932 0.986698
vt 0.249806 0.987044
vt 0.218944 0.987044
vt 0.249794 0.987386
vt 0.218956 0.987387
vt 0.249781 0.987726
vt 0.218969 0.987726
vt 0.249769 0.988062
vt 0.218981 0.988063
vt 0.249756 0.988396
vt 0.218994 0.988396
vt 0.249742 0.988726
vt 0.219008 0.988726
vt 0.249729 0.989052
vt 0.219021 0.989052
vt 0.249714 0.989375
vt 0.219036 0.989375
vt 0.249700 0.989695
vt 0.219050 0.989695
vt 0.249685 0.990010
vt 0.219065 0.990010
vt 0.249671 0.990323
vt 0.219079 0.990323
vt 0.249655 0.990631
vt 0.219095 0.990631
vt 0.249640 0.990936
vt 0.219110 0.990936
vt 0.249624 0.991236
vt 0.219126 0.991236
vt 0.249608 0.991533
vt 0.219142 0.991533
vt 0.249591 0.991825
vt 0.219159 0.991825
vt 0.249574 0.992114
vt 0.219176 0.992114
vt 0.249557 0.992398
vt 0.219193 0.992398
vt 0.249540 1.000000
vt 0.219210 1.000000
vt 0.014544 0.296133
vt 0.010068 0.250689
vt 0.021804 0.295391
vt 0.022073 0.295338
vt 0.022346 0.295283
vt 0.022622 0.295228
vt 0.022903 0.295172
vt 0.023187 0.295116
vt 0.023476 0.295058
vt 0.023767 0.295000
vt 0.024063 0.294942
vt 0.024362 0.294882
vt 0.024664 0.294822
vt 0.024969 0.294761
vt 0.025278 0.294700
vt 0.025591 0.294638
vt 0.025906 0.294575
vt 0.026224 0.294512
vt 0.026545 0.294448
vt 0.026869 0.294383
vt 0.027196 0.294318
vt 0.027526 0.294253
vt 0.027859 0.294187
vt 0.028193 0.294120
vt 0.028531 0.294053
vt 0.028871 0.293985
vt 0.029213 0.293917
vt 0.029557 0.293849
vt 0.029904 0.293780
vt 0.030252 0.293711
vt 0.030603 0.293641
vt 0.030955 0.293571
vt 0.031309 0.293500
vt 0.031665 0.293429
vt 0.032023 0.293358
vt 0.032382 0.293287
vt 0.032743 0.293215
vt 0.033105 0.293143
vt 0.033468 0.293071
vt 0.033832 0.292998
vt 0.034198 0.292926
vt 0.034564 0.292853
vt 0.034932 0.292780
vt 0.035300 0.292706
vt 0.035669 0.292633
vt 0.036038 0.292560
vt 0.036408 0.292486
vt 0.036779 0.292412
vt 0.037150 0.292338
vt 0.037521 0.292265
vt 0.037893 0.292191
vt 0.187500 0.524607
vt 0.187501 0.524215
vt 0.218749 0.524215
vt 0.187502 0.523822
vt 0.218748 0.523822
vt 0.187503 0.523430
vt 0.218747 0.523430
vt 0.187505 0.523039
vt 0.218745 0.523039
vt 0.187507 0.522647
vt 0.218743 0.522647
vt 0.187509 0.522257
vt 0.218741 0.522257
vt 0.187512 0.521867
vt 0.218738 0.521867
vt 0.187516 0.521477
vt 0.218734 0.521477
vt 0.187519 0.521089
vt 0.218731 0.521089
vt 0.187523 0.520702
vt 0.218727 0.520702
vt 0.187528 0.520315
vt 0.218722 0.520315
vt 0.187533 0.519930
vt 0.218717 0.519930
vt 0.187538 0.519546
vt 0.218712 0.519546
vt 0.187543 0.519164
vt 0.218707 0.519164
vt 0.187549 0.518783
vt 0.218701 0.518783
vt 0.187556 0.518403
vt 0.218694 0.518403
vt 0.187562 0.518025
vt 0.218688 0.518025
vt 0.187569 0.517649
vt 0.218681 0.517649
vt 0.187577 0.517274
vt 0.218673 0.517275
vt 0.187585 0.516902
vt 0.218665 0.516902
vt 0.187593 0.516532
vt 0.218657 0.516532
vt 0.187601 0.516163
vt 0.218649 0.516163
vt 0.187610 0.515797
vt 0.218640 0.515797
vt 0.187620 0.515433
vt 0.218630 0.515433
vt 0.187629 0.515071
vt 0.218621 0.515071
vt 0.187639 0.514712
vt 0.218611 0.514712
vt 0.187649 0.514356
vt 0.218601 0.514355
vt 0.187660 0.514001
vt 0.218590 0.514002
vt 0.187671 0.513650
vt 0.218579 0.513650
vt 0.187682 0.513302
vt 0.218568 0.513302
vt 0.187694 0.512956
vt 0.218556 0.512956
vt 0.187706 0.512614
vt 0.218544 0.512614
vt 0.187719 0.512274
vt 0.218531 0.512274
vt 0.187731 0.511938
vt 0.218519 0.511938
vt 0.187744 0.511604
vt 0.218506 0.511604
vt 0.187758 0.511274
vt 0.218492 0.511274
vt 0.187771 0.510948
vt 0.218478 0.510948
vt 0.187786 0.510625
vt 0.218464 0.510625
vt 0.187800 0.510305
vt 0.218450 0.510305
vt 0.187815 0.509990
vt 0.218435 0.509990
vt 0.187829 0.509677
vt 0.218421 0.509677
vt 0.187845 0.509369
vt 0.218405 0.509369
vt 0.187860 0.509064
vt 0.218390 0.509064
vt 0.187876 0.508764
vt 0.218374 0.508764
vt 0.187892 0.508467
vt 0.218358 0.508467
vt 0.187909 0.508175
vt 0.218341 0.508175
vt 0.187926 0.507886
vt 0.218324 0.507886
vt 0.187943 0.507602
vt 0.218307 0.507602
vt 0.187960 0.500000
vt 0.218290 0.500000
vt 0.514812 0.297484
vt 0.528068 0.341181
vt 0.535044 0.339038
vt 0.535297 0.338933
vt 0.535554 0.338826
vt 0.535815 0.338718
vt 0.536079 0.338609
vt 0.536347 0.338498
vt 0.536619 0.338385
vt 0.536893 0.338272
vt 0.537172 0.338156
vt 0.537453 0.338040
vt 0.537738 0.337922
vt 0.538026 0.337803
vt 0.538317 0.337682
vt 0.538611 0.337560
vt 0.538908 0.337437
vt 0.539208 0.337313
vt 0.539510 0.337188
vt 0.539816 0.337061
vt 0.540124 0.336934
vt 0.540434 0.336805
vt 0.540747 0.336675
vt 0.541063 0.336545
vt 0.541381 0.336413
vt 0.541701 0.336280
vt 0.542023 0.336147
vt 0.542347 0.336013
vt 0.542674 0.335877
vt 0.543002 0.335741
vt 0.543332 0.335605
vt 0.543664 0.335467
vt 0.543998 0.335329
vt 0.544333 0.335190
vt 0.544670 0.335050
vt 0.545009 0.334910
vt 0.545348 0.334770
vt 0.545689 0.334628
vt 0.546031 0.334487
vt 0.546374 0.334345
vt 0.546719 0.334202
vt 0.547064 0.334059
vt 0.547410 0.333916
vt 0.547757 0.333772
vt 0.548104 0.333628
vt 0.548453 0.333484
vt 0.548801 0.333339
vt 0.549150 0.333195
vt 0.549500 0.333050
vt 0.549850 0.332905
vt 0.550199 0.332760
vt 0.550549 0.332615
vt 0.187500 0.975393
vt 0.218749 0.975785
vt 0.187501 0.975785
vt 0.218748 0.976178
vt 0.187502 0.976178
vt 0.218747 0.976570
vt 0.187503 0.976570
vt 0.218745 0.976961
vt 0.187505 0.976961
vt 0.218743 0.977353
vt 0.187507 0.977353
vt 0.218740 0.977743
vt 0.187509 0.977743
vt 0.218738 0.978133
vt 0.187512 0.978133
vt 0.218734 0.978523
vt 0.187516 0.978523
vt 0.218731 0.978911
vt 0.187519 0.978911
vt 0.218727 0.979298
vt 0.187523 0.979298
vt 0.218722 0.979685
vt 0.187528 0.979685
vt 0.218717 0.980070
vt 0.187533 0.980070
vt 0.218712 0.980454
vt 0.187538 0.980454
vt 0.218707 0.980836
vt 0.187543 0.980836
vt 0.218701 0.981217
vt 0.187549 0.981217
vt 0.218694 0.981597
vt 0.187556 0.981597
vt 0.218688 0.981975
vt 0.187562 0.981975
vt 0.218681 0.982351
vt 0.187569 0.982351
vt 0.218673 0.982726
vt 0.187577 0.982726
vt 0.218665 0.983098
vt 0.187585 0.983098
vt 0.218657 0.983468
vt 0.187593 0.983468
vt 0.218649 0.983837
vt 0.187601 0.983837
vt 0.218640 0.984203
vt 0.187610 0.984203
vt 0.218630 0.984567
vt 0.187620 0.984567
vt 0.218621 0.984929
vt 0.187629 0.984929
vt 0.218611 0.985288
vt 0.187639 0.985288
vt 0.218601 0.985644
vt 0.187649 0.985644
vt 0.218590 0.985998
vt 0.187660 0.985998
vt 0.218579 0.986350
vt 0.187671 0.986350
vt 0.218568 0.986698
vt 0.187682 0.986698
vt 0.218556 0.987044
vt 0.187694 0.987044
vt 0.218544 0.987386
vt 0.187706 0.987386
vt 0.218531 0.987726
vt 0.187719 0.987726
vt 0.218519 0.988063
vt 0.187731 0.988062
vt 0.218506 0.988396
vt 0.187744 0.988396
vt 0.218492 0.988726
vt 0.187758 0.988726
vt 0.218479 0.989052
vt 0.187771 0.989052
vt 0.218464 0.989375
vt 0.187786 0.989375
vt 0.218450 0.989695
vt 0.187800 0.989695
vt 0.218435 0.990010
vt 0.187815 0.990010
vt 0.218421 0.990323
vt 0.187829 0.990323
vt 0.218405 0.990631
vt 0.187845 0.990631
vt 0.218390 0.990936
vt 0.187860 0.990936
vt 0.218374 0.991236
vt 0.187876 0.991236
vt 0.218358 0.991533
vt 0.187892 0.991533
vt 0.218341 0.991825
vt 0.187909 0.991825
vt 0.218324 0.992114
vt 0.187926 0.992114
vt 0.218307 0.992398
vt 0.187943 0.992398
vt 0.218290 1.000000
vt 0.187960 1.000000
vt 0.028068 0.341182
vt 0.014813 0.297484
vt 0.035044 0.339038
vt 0.035297 0.338933
vt 0.035554 0.338826
vt 0.035815 0.338718
vt 0.036079 0.338609
vt 0.036347 0.338498
vt 0.036619 0.338385
vt 0.036894 0.338272
vt 0.037172 0.338156
vt 0.037453 0.338040
vt 0.037738 0.337922
vt 0.038026 0.337803
vt 0.038317 0.337682
vt 0.038611 0.337560
vt 0.038908 0.337437
vt 0.039208 0.337313
vt 0.039510 0.337188
vt 0.039816 0.337061
vt 0.040124 0.336934
vt 0.040434 0.336805
vt 0.040747 0.336675
vt 0.041063 0.336545
vt 0.041381 0.336413
vt 0.041701 0.336280
vt 0.042023 0.336147
vt 0.042347 0.336013
vt 0.042674 0.335877
vt 0.043002 0.335741
vt 0.043332 0.335605
vt 0.043664 0.335467
vt 0.043998 0.335329
vt 0.044333 0.335190
vt 0.044670 0.335051
vt 0.045008 0.334910
vt 0.045348 0.334770
vt 0.045689 0.334628
vt 0.046031 0.334487
vt 0.046374 0.334344
vt 0.046719 0.334202
vt 0.047064 0.334059
vt 0.047410 0.333916
vt 0.047757 0.333772
vt 0.048104 0.333628
vt 0.048453 0.333484
vt 0.048801 0.333339
vt 0.049150 0.333195
vt 0.049500 0.333050
vt 0.049849 0.332905
vt 0.050199 0.332760
vt 0.156250 0.524607
vt 0.156251 0.524215
vt 0.187499 0.524215
vt 0.156252 0.523822
vt 0.187498 0.523822
vt 0.156253 0.523430
vt 0.187497 0.523430
vt 0.156255 0.523039
vt 0.187495 0.523039
vt 0.156257 0.522647
vt 0.187493 0.522647
vt 0.156259 0.522257
vt 0.187491 0.522257
vt 0.156262 0.521867
vt 0.187488 0.521867
vt 0.156266 0.521477
vt 0.187484 0.521477
vt 0.156269 0.521089
vt 0.187481 0.521089
vt 0.156273 0.520702
vt 0.187477 0.520702
vt 0.156278 0.520315
vt 0.187472 0.520315
vt 0.156283 0.519930
vt 0.187467 0.519930
vt 0.156288 0.519546
vt 0.187462 0.519546
vt 0.156293 0.519164
vt 0.187457 0.519164
vt 0.156299 0.518783
vt 0.187451 0.518783
vt 0.156306 0.518403
vt 0.187444 0.518403
vt 0.156312 0.518025
vt 0.187438 0.518025
vt 0.156319 0.517649
vt 0.187431 0.517649
vt 0.156327 0.517275
vt 0.187423 0.517275
vt 0.156335 0.516902
vt 0.187415 0.516902
vt 0.156343 0.516532
vt 0.187407 0.516532
vt 0.156351 0.516163
vt 0.187399 0.516163
vt 0.156360 0.515797
vt 0.187390 0.515797
vt 0.156370 0.515433
vt 0.187380 0.515433
vt 0.156379 0.515071
vt 0.187371 0.515071
vt 0.156389 0.514712
vt 0.187361 0.514712
vt 0.156399 0.514355
vt 0.187351 0.514356
vt 0.156410 0.514001
vt 0.187340 0.514001
vt 0.156421 0.513650
vt 0.187329 0.513650
vt 0.156432 0.513302
vt 0.187317 0.513302
vt 0.156444 0.512956
vt 0.187306 0.512956
vt 0.156456 0.512614
vt 0.187294 0.512613
vt 0.156469 0.512274
vt 0.187281 0.512274
vt 0.156481 0.511937
vt 0.187269 0.511937
vt 0.156494 0.511604
vt 0.187256 0.511604
vt 0.156508 0.511274
vt 0.187242 0.511274
vt 0.156521 0.510948
vt 0.187228 0.510948
vt 0.156536 0.510625
vt 0.187214 0.510625
vt 0.156550 0.510305
vt 0.187200 0.510305
vt 0.156564 0.509989
vt 0.187185 0.509990
vt 0.156579 0.509677
vt 0.187171 0.509677
vt 0.156595 0.509369
vt 0.187155 0.509369
vt 0.156610 0.509064
vt 0.187140 0.509064
vt 0.156626 0.508764
vt 0.187124 0.508764
vt 0.156642 0.508467
vt 0.187108 0.508467
vt 0.156659 0.508175
vt 0.187091 0.508175
vt 0.156676 0.507886
vt 0.187074 0.507886
vt 0.156693 0.507602
vt 0.187057 0.507602
vt 0.156710 0.500000
vt 0.187040 0.500000
vt 0.528595 0.342455
vt 0.550121 0.382726
vt 0.556545 0.379263
vt 0.556773 0.379110
vt 0.557004 0.378956
vt 0.557239 0.378799
vt 0.557477 0.378640
vt 0.557718 0.378479
vt 0.557962 0.378316
vt 0.558209 0.378150
vt 0.558460 0.377983
vt 0.558713 0.377814
vt 0.558969 0.377643
vt 0.559228 0.377470
vt 0.559490 0.377295
vt 0.559755 0.377118
vt 0.560022 0.376939
vt 0.560292 0.376759
vt 0.560564 0.376577
vt 0.560839 0.376393
vt 0.561116 0.376208
vt 0.561396 0.376021
vt 0.561678 0.375833
vt 0.561961 0.375643
vt 0.562248 0.375452
vt 0.562536 0.375260
vt 0.562826 0.375066
vt 0.563118 0.374871
vt 0.563411 0.374675
vt 0.563707 0.374477
vt 0.564004 0.374279
vt 0.564303 0.374079
vt 0.564603 0.373878
vt 0.564905 0.373677
vt 0.565208 0.373474
vt 0.565512 0.373271
vt 0.565818 0.373066
vt 0.566125 0.372861
vt 0.566433 0.372656
vt 0.566742 0.372449
vt 0.567052 0.372242
vt 0.567362 0.372035
vt 0.567674 0.371826
vt 0.567986 0.371618
vt 0.568299 0.371409
vt 0.568612 0.371200
vt 0.568926 0.370990
vt 0.569240 0.370780
vt 0.569555 0.370570
vt 0.569869 0.370359
vt 0.570184 0.370149
vt 0.570499 0.369939
vt 0.156250 0.975393
vt 0.187499 0.975785
vt 0.156251 0.975785
vt 0.187498 0.976178
vt 0.156252 0.976178
vt 0.187497 0.976570
vt 0.156253 0.976570
vt 0.187495 0.976961
vt 0.156255 0.976961
vt 0.187493 0.977353
vt 0.156257 0.977353
vt 0.187491 0.977743
vt 0.156259 0.977743
vt 0.187488 0.978133
vt 0.156262 0.978133
vt 0.187484 0.978523
vt 0.156266 0.978523
vt 0.187481 0.978911
vt 0.156269 0.978911
vt 0.187477 0.979298
vt 0.156273 0.979298
vt 0.187472 0.979685
vt 0.156278 0.979685
vt 0.187467 0.980070
vt 0.156283 0.980070
vt 0.187462 0.980454
vt 0.156288 0.980454
vt 0.187457 0.980836
vt 0.156293 0.980836
vt 0.187451 0.981217
vt 0.156299 0.981217
vt 0.187444 0.981597
vt 0.156306 0.981597
vt 0.187438 0.981975
vt 0.156312 0.981975
vt 0.187431 0.982351
vt 0.156319 0.982351
vt 0.187423 0.982726
vt 0.156327 0.982725
vt 0.187415 0.983098
vt 0.156335 0.983098
vt 0.187407 0.983468
vt 0.156343 0.983468
vt 0.187399 0.983837
vt 0.156351 0.983837
vt 0.187390 0.984203
vt 0.156360 0.984203
vt 0.187380 0.984567
vt 0.156370 0.984567
vt 0.187371 0.984929
vt 0.156379 0.984929
vt 0.187361 0.985288
vt 0.156389 0.985288
vt 0.187351 0.985644
vt 0.156399 0.985644
vt 0.187340 0.985999
vt 0.156410 0.985998
vt 0.187329 0.986350
vt 0.156421 0.986350
vt 0.187317 0.986698
vt 0.156432 0.986698
vt 0.187306 0.987044
vt 0.156444 0.987044
vt 0.187294 0.987386
vt 0.156456 0.987386
vt 0.187281 0.987726
vt 0.156469 0.987726
vt 0.187269 0.988062
vt 0.156481 0.988062
vt 0.187256 0.988396
vt 0.156494 0.988396
vt 0.187242 0.988726
vt 0.156508 0.988726
vt 0.187228 0.989052
vt 0.156521 0.989052
vt 0.187214 0.989375
vt 0.156536 0.989375
vt 0.187200 0.989695
vt 0.156550 0.989695
vt 0.187185 0.990010
vt 0.156564 0.990010
vt 0.187171 0.990323
vt 0.156579 0.990323
vt 0.187155 0.990631
vt 0.156595 0.990631
vt 0.187140 0.990936
vt 0.156610 0.990936
vt 0.187124 0.991236
vt 0.156626 0.991236
vt 0.187108 0.991533
vt 0.156642 0.991533
vt 0.187091 0.991825
vt 0.156659 0.991825
vt 0.187074 0.992114
vt 0.156676 0.992114
vt 0.187057 0.992398
vt 0.156693 0.992398
vt 0.187040 1.000000
vt 0.156710 1.000000
vt 0.050121 0.382726
vt 0.028595 0.342455
vt 0.056545 0.379263
vt 0.056773 0.379110
vt 0.057004 0.378956
vt 0.057239 0.378799
vt 0.057476 0.378640
vt 0.057718 0.378479
vt 0.057962 0.378316
vt 0.058209 0.378151
vt 0.058460 0.377983
vt 0.058713 0.377814
vt 0.058969 0.377643
vt 0.059228 0.377470
vt 0.059490 0.377295
vt 0.059755 0.377118
vt 0.060022 0.376939
vt 0.060292 0.376759
vt 0.060564 0.376577
vt 0.060839 0.376393
vt 0.061116 0.376208
vt 0.061396 0.376021
vt 0.061678 0.375833
vt 0.061961 0.375643
vt 0.062247 0.375452
vt 0.062536 0.375260
vt 0.062826 0.375066
vt 0.063118 0.374871
vt 0.063411 0.374674
vt 0.063707 0.374477
vt 0.064004 0.374278
vt 0.064303 0.374079
vt 0.064603 0.373878
vt 0.064905 0.373677
vt 0.065208 0.373474
vt 0.065512 0.373271
vt 0.065818 0.373066
vt 0.066125 0.372861
vt 0.066433 0.372656
vt 0.066742 0.372449
vt 0.067052 0.372242
vt 0.067362 0.372034
vt 0.067674 0.371826
vt 0.067986 0.371618
vt 0.068299 0.371409
vt 0.068612 0.371199
vt 0.068926 0.370990
vt 0.069240 0.370780
vt 0.069555 0.370570
vt 0.069869 0.370360
vt 0.070184 0.370149
vt 0.125000 0.524607
vt 0.156250 0.524607
vt 0.125001 0.524215
vt 0.156249 0.524215
vt 0.125002 0.523822
vt 0.156248 0.523822
vt 0.125003 0.523430
vt 0.156247 0.523430
vt 0.125005 0.523039
vt 0.156245 0.523038
vt 0.125007 0.522647
vt 0.156243 0.522647
vt 0.125009 0.522257
vt 0.156241 0.522257
vt 0.125012 0.521867
vt 0.156238 0.521867
vt 0.125016 0.521478
vt 0.156234 0.521478
vt 0.125019 0.521089
vt 0.156231 0.521089
vt 0.125023 0.520702
vt 0.156227 0.520702
vt 0.125028 0.520315
vt 0.156222 0.520315
vt 0.125033 0.519930
vt 0.156217 0.519930
vt 0.125038 0.519546
vt 0.156212 0.519546
vt 0.125043 0.519164
vt 0.156207 0.519164
vt 0.125049 0.518783
vt 0.156201 0.518783
vt 0.125056 0.518403
vt 0.156194 0.518403
vt 0.125062 0.518025
vt 0.156188 0.518025
vt 0.125069 0.517649
vt 0.156181 0.517649
vt 0.125077 0.517275
vt 0.156173 0.517275
vt 0.125085 0.516902
vt 0.156165 0.516902
vt 0.125093 0.516532
vt 0.156157 0.516532
vt 0.125101 0.516163
vt 0.156149 0.516163
vt 0.125110 0.515797
vt 0.156140 0.515797
vt 0.125120 0.515433
vt 0.156130 0.515433
vt 0.125129 0.515071
vt 0.156121 0.515071
vt 0.125139 0.514712
vt 0.156111 0.514712
vt 0.125149 0.514355
vt 0.156101 0.514355
vt 0.125160 0.514001
vt 0.156090 0.514002
vt 0.125171 0.513650
vt 0.156079 0.513650
vt 0.125182 0.513302
vt 0.156068 0.513302
vt 0.125194 0.512956
vt 0.156056 0.512956
vt 0.125206 0.512614
vt 0.156044 0.512614
vt 0.125219 0.512274
vt 0.156031 0.512274
vt 0.125231 0.511937
vt 0.156019 0.511938
vt 0.125244 0.511604
vt 0.156006 0.511604
vt 0.125258 0.511274
vt 0.155992 0.511274
vt 0.125271 0.510948
vt 0.155979 0.510948
vt 0.125286 0.510625
vt 0.155965 0.510625
vt 0.125300 0.510305
vt 0.155950 0.510305
vt 0.125315 0.509990
vt 0.155936 0.509990
vt 0.125329 0.509677
vt 0.155921 0.509677
vt 0.125345 0.509369
vt 0.155905 0.509369
vt 0.125360 0.509064
vt 0.155890 0.509064
vt 0.125376 0.508764
vt 0.155874 0.508764
vt 0.125392 0.508467
vt 0.155858 0.508467
vt 0.125409 0.508175
vt 0.155841 0.508175
vt 0.125426 0.507886
vt 0.155824 0.507886
vt 0.125443 0.507602
vt 0.155807 0.507602
vt 0.125460 0.500000
vt 0.155790 0.500000
vt 0.550886 0.383872
vt 0.579855 0.419170
vt 0.585480 0.414520
vt 0.585674 0.414326
vt 0.585870 0.414130
vt 0.586070 0.413930
vt 0.586272 0.413728
vt 0.586477 0.413523
vt 0.586685 0.413315
vt 0.586895 0.413105
vt 0.587108 0.412892
vt 0.587324 0.412676
vt 0.587542 0.412458
vt 0.587762 0.412238
vt 0.587985 0.412015
vt 0.588210 0.411790
vt 0.588437 0.411563
vt 0.588667 0.411333
vt 0.588898 0.411102
vt 0.589132 0.410868
vt 0.589368 0.410632
vt 0.589605 0.410395
vt 0.589845 0.410155
vt 0.590086 0.409914
vt 0.590330 0.409670
vt 0.590575 0.409425
vt 0.590821 0.409179
vt 0.591070 0.408930
vt 0.591319 0.408681
vt 0.591571 0.408429
vt 0.591823 0.408177
vt 0.592077 0.407923
vt 0.592333 0.407667
vt 0.592589 0.407411
vt 0.592847 0.407153
vt 0.593106 0.406894
vt 0.593366 0.406634
vt 0.593627 0.406373
vt 0.593889 0.406111
vt 0.594152 0.405848
vt 0.594415 0.405585
vt 0.594679 0.405321
vt 0.594944 0.405056
vt 0.595210 0.404790
vt 0.595476 0.404524
vt 0.595742 0.404258
vt 0.596009 0.403991
vt 0.596276 0.403724
vt 0.596544 0.403456
vt 0.596811 0.403189
vt 0.597079 0.402921
vt 0.597347 0.402653
vt 0.156250 0.975393
vt 0.125000 0.975393
vt 0.156249 0.975785
vt 0.125001 0.975785
vt 0.156248 0.976178
vt 0.125002 0.976178
vt 0.156247 0.976570
vt 0.125003 0.976570
vt 0.156245 0.976961
vt 0.125005 0.976961
vt 0.156243 0.977353
vt 0.125007 0.977353
vt 0.156241 0.977743
vt 0.125009 0.977743
vt 0.156238 0.978133
vt 0.125012 0.978133
vt 0.156234 0.978523
vt 0.125016 0.978523
vt 0.156231 0.978911
vt 0.125019 0.978911
vt 0.156227 0.979298
vt 0.125023 0.979298
vt 0.156222 0.979685
vt 0.125028 0.979685
vt 0.156217 0.980070
vt 0.125033 0.980070
vt 0.156212 0.980454
vt 0.125038 0.980454
vt 0.156207 0.980836
vt 0.125043 0.980836
vt 0.156201 0.981217
vt 0.125049 0.981217
vt 0.156194 0.981597
vt 0.125056 0.981597
vt 0.156188 0.981975
vt 0.125062 0.981975
vt 0.156181 0.982351
vt 0.125069 0.982351
vt 0.156173 0.982726
vt 0.125077 0.982725
vt 0.156165 0.983098
vt 0.125085 0.983098
vt 0.156157 0.983469
vt 0.125093 0.983468
vt 0.156149 0.983837
vt 0.125101 0.983837
vt 0.156140 0.984203
vt 0.125110 0.984203
vt 0.156130 0.984567
vt 0.125120 0.984567
vt 0.156121 0.984929
vt 0.125129 0.984929
vt 0.156111 0.985288
vt 0.125139 0.985288
vt 0.156101 0.985645
vt 0.125149 0.985644
vt 0.156090 0.985998
vt 0.125160 0.985998
vt 0.156079 0.986350
vt 0.125171 0.986350
vt 0.156068 0.986698
vt 0.125182 0.986698
vt 0.156056 0.987044
vt 0.125194 0.987044
vt 0.156044 0.987386
vt 0.125206 0.987387
vt 0.156031 0.987726
vt 0.125219 0.987726
vt 0.156019 0.988063
vt 0.125231 0.988062
vt 0.156006 0.988396
vt 0.125244 0.988396
vt 0.155992 0.988726
vt 0.125258 0.988726
vt 0.155979 0.989052
vt 0.125271 0.989052
vt 0.155965 0.989375
vt 0.125286 0.989375
vt 0.155950 0.989695
vt 0.125300 0.989695
vt 0.155935 0.990010
vt 0.125315 0.990010
vt 0.155921 0.990323
vt 0.125329 0.990323
vt 0.155905 0.990631
vt 0.125345 0.990631
vt 0.155890 0.990936
vt 0.125360 0.990936
vt 0.155874 0.991236
vt 0.125376 0.991236
vt 0.155858 0.991533
vt 0.125392 0.991533
vt 0.155841 0.991825
vt 0.125409 0.991825
vt 0.155824 0.992114
vt 0.125426 0.992114
vt 0.155807 0.992398
vt 0.125443 0.992398
vt 0.155790 1.000000
vt 0.125460 1.000000
vt 0.079855 0.419170
vt 0.050887 0.383872
vt 0.085480 0.414520
vt 0.085674 0.414326
vt 0.085870 0.414130
vt 0.086070 0.413930
vt 0.086272 0.413728
vt 0.086477 0.413523
vt 0.086685 0.413315
vt 0.086895 0.413105
vt 0.087108 0.412892
vt 0.087324 0.412676
vt 0.087542 0.412458
vt 0.087762 0.412238
vt 0.087985 0.412015
vt 0.088210 0.411790
vt 0.088437 0.411563
vt 0.088667 0.411334
vt 0.088898 0.411102
vt 0.089132 0.410868
vt 0.089368 0.410632
vt 0.089605 0.410395
vt 0.089845 0.410155
vt 0.090086 0.409914
vt 0.090330 0.409670
vt 0.090575 0.409425
vt 0.090821 0.409179
vt 0.091070 0.408930
vt 0.091319 0.408681
vt 0.091571 0.408429
vt 0.091823 0.408177
vt 0.092077 0.407923
vt 0.092333 0.407667
vt 0.092590 0.407411
vt 0.092847 0.407153
vt 0.093106 0.406894
vt 0.093366 0.406634
vt 0.093627 0.406373
vt 0.093889 0.406111
vt 0.094152 0.405848
vt 0.094415 0.405585
vt 0.094679 0.405321
vt 0.094944 0.405056
vt 0.095210 0.404790
vt 0.095476 0.404524
vt 0.095742 0.404258
vt 0.096009 0.403991
vt 0.096276 0.403724
vt 0.096544 0.403456
vt 0.096811 0.403189
vt 0.097079 0.402921
vt 0.093750 0.524607
vt 0.093751 0.524215
vt 0.124999 0.524215
vt 0.093752 0.523822
vt 0.124998 0.523822
vt 0.093753 0.523430
vt 0.124997 0.523430
vt 0.093755 0.523039
vt 0.124995 0.523038
vt 0.093757 0.522647
vt 0.124993 0.522647
vt 0.093759 0.522257
vt 0.124991 0.522257
vt 0.093762 0.521867
vt 0.124988 0.521867
vt 0.093766 0.521478
vt 0.124984 0.521478
vt 0.093769 0.521089
vt 0.124981 0.521089
vt 0.093773 0.520702
vt 0.124977 0.520702
vt 0.093778 0.520315
vt 0.124972 0.520316
vt 0.093783 0.519930
vt 0.124967 0.519930
vt 0.093788 0.519546
vt 0.124962 0.519546
vt 0.093793 0.519164
vt 0.124957 0.519164
vt 0.093799 0.518783
vt 0.124951 0.518783
vt 0.093806 0.518403
vt 0.124944 0.518403
vt 0.093812 0.518025
vt 0.124938 0.518025
vt 0.093819 0.517649
vt 0.124931 0.517649
vt 0.093827 0.517275
vt 0.124923 0.517275
vt 0.093835 0.516902
vt 0.124915 0.516902
vt 0.093843 0.516532
vt 0.124907 0.516532
vt 0.093851 0.516163
vt 0.124899 0.516163
vt 0.093860 0.515797
vt 0.124890 0.515797
vt 0.093870 0.515433
vt 0.124880 0.515433
vt 0.093879 0.515071
vt 0.124871 0.515071
vt 0.093889 0.514712
vt 0.124861 0.514712
vt 0.093899 0.514355
vt 0.124851 0.514355
vt 0.093910 0.514001
vt 0.124840 0.514002
vt 0.093921 0.513650
vt 0.124829 0.513650
vt 0.093932 0.513302
vt 0.124818 0.513302
vt 0.093944 0.512956
vt 0.124806 0.512956
vt 0.093956 0.512614
vt 0.124794 0.512614
vt 0.093969 0.512274
vt 0.124781 0.512274
vt 0.093981 0.511937
vt 0.124769 0.511937
vt 0.093994 0.511604
vt 0.124756 0.511604
vt 0.094008 0.511274
vt 0.124742 0.511274
vt 0.094021 0.510948
vt 0.124729 0.510948
vt 0.094036 0.510625
vt 0.124714 0.510625
vt 0.094050 0.510305
vt 0.124700 0.510305
vt 0.094065 0.509990
vt 0.124685 0.509990
vt 0.094079 0.509677
vt 0.124671 0.509677
vt 0.094095 0.509369
vt 0.124655 0.509369
vt 0.094110 0.509064
vt 0.124640 0.509064
vt 0.094126 0.508764
vt 0.124624 0.508764
vt 0.094142 0.508467
vt 0.124608 0.508467
vt 0.094159 0.508175
vt 0.124591 0.508175
vt 0.094176 0.507886
vt 0.124574 0.507886
vt 0.094193 0.507602
vt 0.124557 0.507602
vt 0.094210 0.500000
vt 0.124540 0.500000
vt 0.580830 0.420145
vt 0.616128 0.449113
vt 0.620737 0.443455
vt 0.620890 0.443227
vt 0.621044 0.442996
vt 0.621201 0.442761
vt 0.621360 0.442523
vt 0.621521 0.442282
vt 0.621684 0.442038
vt 0.621850 0.441791
vt 0.622017 0.441540
vt 0.622186 0.441287
vt 0.622357 0.441031
vt 0.622531 0.440772
vt 0.622705 0.440510
vt 0.622882 0.440245
vt 0.623061 0.439978
vt 0.623241 0.439708
vt 0.623423 0.439436
vt 0.623607 0.439161
vt 0.623792 0.438884
vt 0.623979 0.438604
vt 0.624167 0.438322
vt 0.624357 0.438039
vt 0.624548 0.437752
vt 0.624740 0.437464
vt 0.624934 0.437174
vt 0.625129 0.436882
vt 0.625325 0.436589
vt 0.625523 0.436293
vt 0.625722 0.435996
vt 0.625921 0.435697
vt 0.626122 0.435397
vt 0.626323 0.435095
vt 0.626526 0.434792
vt 0.626729 0.434488
vt 0.626934 0.434182
vt 0.627139 0.433875
vt 0.627344 0.433567
vt 0.627551 0.433258
vt 0.627758 0.432948
vt 0.627965 0.432638
vt 0.628174 0.432326
vt 0.628382 0.432014
vt 0.628591 0.431701
vt 0.628801 0.431388
vt 0.629010 0.431074
vt 0.629220 0.430760
vt 0.629430 0.430445
vt 0.629641 0.430131
vt 0.629851 0.429816
vt 0.630061 0.429501
vt 0.093750 0.975393
vt 0.124999 0.975785
vt 0.093751 0.975785
vt 0.124998 0.976178
vt 0.093752 0.976178
vt 0.124997 0.976570
vt 0.093753 0.976570
vt 0.124995 0.976961
vt 0.093755 0.976961
vt 0.124993 0.977353
vt 0.093757 0.977353
vt 0.124991 0.977743
vt 0.093759 0.977743
vt 0.124988 0.978133
vt 0.093762 0.978133
vt 0.124984 0.978523
vt 0.093766 0.978523
vt 0.124981 0.978911
vt 0.093769 0.978911
vt 0.124977 0.979298
vt 0.093773 0.979298
vt 0.124972 0.979685
vt 0.093778 0.979685
vt 0.124967 0.980070
vt 0.093783 0.980070
vt 0.124962 0.980454
vt 0.093788 0.980454
vt 0.124957 0.980836
vt 0.093793 0.980836
vt 0.124951 0.981217
vt 0.093799 0.981217
vt 0.124944 0.981597
vt 0.093806 0.981597
vt 0.124938 0.981975
vt 0.093812 0.981975
vt 0.124931 0.982351
vt 0.093819 0.982351
vt 0.124923 0.982726
vt 0.093827 0.982725
vt 0.124915 0.983098
vt 0.093835 0.983098
vt 0.124907 0.983469
vt 0.093843 0.983468
vt 0.124899 0.983837
vt 0.093851 0.983837
vt 0.124890 0.984203
vt 0.093860 0.984203
vt 0.124880 0.984567
vt 0.093870 0.984567
vt 0.124871 0.984929
vt 0.093879 0.984929
vt 0.124861 0.985288
vt 0.093889 0.985288
vt 0.124851 0.985645
vt 0.093899 0.985644
vt 0.124840 0.985998
vt 0.093910 0.985998
vt 0.124829 0.986350
vt 0.093921 0.986350
vt 0.124818 0.986698
vt 0.093932 0.986698
vt 0.124806 0.987044
vt 0.093944 0.987044
vt 0.124794 0.987386
vt 0.093956 0.987387
vt 0.124781 0.987726
vt 0.093969 0.987726
vt 0.124769 0.988063
vt 0.093981 0.988063
vt 0.124756 0.988396
vt 0.093994 0.988396
vt 0.124742 0.988726
vt 0.094008 0.988726
vt 0.124729 0.989052
vt 0.094021 0.989052
vt 0.124714 0.989375
vt 0.094036 0.989375
vt 0.124700 0.989695
vt 0.094050 0.989695
vt 0.124686 0.990011
vt 0.094064 0.990010
vt 0.124671 0.990323
vt 0.094079 0.990323
vt 0.124655 0.990631
vt 0.094095 0.990631
vt 0.124640 0.990936
vt 0.094110 0.990936
vt 0.124624 0.991236
vt 0.094126 0.991236
vt 0.124608 0.991533
vt 0.094142 0.991533
vt 0.124591 0.991825
vt 0.094159 0.991825
vt 0.124574 0.992114
vt 0.094176 0.992114
vt 0.124557 0.992398
vt 0.094193 0.992398
vt 0.124540 1.000000
vt 0.094210 1.000000
vt 0.116128 0.449113
vt 0.080830 0.420145
vt 0.120737 0.443455
vt 0.120890 0.443227
vt 0.121044 0.442996
vt 0.121201 0.442761
vt 0.121360 0.442523
vt 0.121521 0.442282
vt 0.121684 0.442038
vt 0.121850 0.441791
vt 0.122017 0.441541
vt 0.122186 0.441287
vt 0.122357 0.441031
vt 0.122530 0.440772
vt 0.122705 0.440510
vt 0.122882 0.440245
vt 0.123061 0.439978
vt 0.123241 0.439708
vt 0.123423 0.439436
vt 0.123607 0.439161
vt 0.123792 0.438884
vt 0.123979 0.438604
vt 0.124167 0.438323
vt 0.124357 0.438039
vt 0.124548 0.437752
vt 0.124740 0.437464
vt 0.124934 0.437175
vt 0.125129 0.436882
vt 0.125325 0.436589
vt 0.125523 0.436293
vt 0.125721 0.435996
vt 0.125921 0.435697
vt 0.126122 0.435397
vt 0.126323 0.435095
vt 0.126526 0.434792
vt 0.126729 0.434488
vt 0.126934 0.434182
vt 0.127139 0.433875
vt 0.127344 0.433567
vt 0.127551 0.433258
vt 0.127758 0.432948
vt 0.127965 0.432638
vt 0.128173 0.432326
vt 0.128382 0.432014
vt 0.128591 0.431701
vt 0.128800 0.431388
vt 0.129010 0.431074
vt 0.129220 0.430760
vt 0.129430 0.430445
vt 0.129641 0.430131
vt 0.129851 0.429816
vt 0.062500 0.524607
vt 0.062501 0.524215
vt 0.093749 0.524215
vt 0.062502 0.523822
vt 0.093748 0.523822
vt 0.062503 0.523430
vt 0.093747 0.523430
vt 0.062505 0.523039
vt 0.093745 0.523039
vt 0.062507 0.522647
vt 0.093743 0.522647
vt 0.062509 0.522257
vt 0.093741 0.522257
vt 0.062512 0.521867
vt 0.093738 0.521867
vt 0.062516 0.521477
vt 0.093734 0.521477
vt 0.062519 0.521089
vt 0.093731 0.521089
vt 0.062523 0.520702
vt 0.093727 0.520702
vt 0.062528 0.520315
vt 0.093722 0.520315
vt 0.062533 0.519930
vt 0.093717 0.519930
vt 0.062538 0.519546
vt 0.093712 0.519546
vt 0.062543 0.519164
vt 0.093707 0.519164
vt 0.062549 0.518783
vt 0.093701 0.518783
vt 0.062556 0.518403
vt 0.093694 0.518403
vt 0.062562 0.518025
vt 0.093688 0.518025
vt 0.062569 0.517649
vt 0.093681 0.517649
vt 0.062577 0.517275
vt 0.093673 0.517275
vt 0.062585 0.516902
vt 0.093665 0.516902
vt 0.062593 0.516532
vt 0.093657 0.516532
vt 0.062601 0.516163
vt 0.093649 0.516163
vt 0.062610 0.515797
vt 0.093640 0.515797
vt 0.062620 0.515433
vt 0.093630 0.515433
vt 0.062629 0.515071
vt 0.093621 0.515071
vt 0.062639 0.514712
vt 0.093611 0.514712
vt 0.062649 0.514356
vt 0.093601 0.514356
vt 0.062660 0.514001
vt 0.093590 0.514001
vt 0.062671 0.513650
vt 0.093579 0.513650
vt 0.062682 0.513302
vt 0.093568 0.513302
vt 0.062694 0.512956
vt 0.093556 0.512956
vt 0.062706 0.512614
vt 0.093544 0.512613
vt 0.062719 0.512274
vt 0.093531 0.512274
vt 0.062731 0.511937
vt 0.093519 0.511937
vt 0.062744 0.511604
vt 0.093506 0.511604
vt 0.062758 0.511274
vt 0.093492 0.511274
vt 0.062771 0.510948
vt 0.093479 0.510948
vt 0.062786 0.510625
vt 0.093464 0.510625
vt 0.062800 0.510305
vt 0.093450 0.510305
vt 0.062815 0.509990
vt 0.093435 0.509989
vt 0.062829 0.509677
vt 0.093421 0.509677
vt 0.062845 0.509369
vt 0.093405 0.509369
vt 0.062860 0.509064
vt 0.093390 0.509064
vt 0.062876 0.508764
vt 0.093374 0.508764
vt 0.062892 0.508467
vt 0.093358 0.508467
vt 0.062909 0.508175
vt 0.093341 0.508175
vt 0.062926 0.507886
vt 0.093324 0.507886
vt 0.062943 0.507602
vt 0.093307 0.507602
vt 0.062960 0.500000
vt 0.093290 0.500000
vt 0.617274 0.449879
vt 0.657545 0.471405
vt 0.660962 0.464956
vt 0.661067 0.464703
vt 0.661174 0.464446
vt 0.661282 0.464185
vt 0.661391 0.463921
vt 0.661502 0.463653
vt 0.661615 0.463381
vt 0.661728 0.463106
vt 0.661844 0.462828
vt 0.661960 0.462547
vt 0.662078 0.462262
vt 0.662197 0.461974
vt 0.662318 0.461683
vt 0.662440 0.461389
vt 0.662563 0.461092
vt 0.662687 0.460792
vt 0.662812 0.460490
vt 0.662939 0.460184
vt 0.663066 0.459876
vt 0.663195 0.459566
vt 0.663325 0.459253
vt 0.663455 0.458937
vt 0.663587 0.458619
vt 0.663720 0.458299
vt 0.663853 0.457977
vt 0.663987 0.457653
vt 0.664123 0.457326
vt 0.664259 0.456998
vt 0.664395 0.456668
vt 0.664533 0.456336
vt 0.664671 0.456002
vt 0.664810 0.455667
vt 0.664950 0.455330
vt 0.665090 0.454992
vt 0.665230 0.454652
vt 0.665372 0.454311
vt 0.665513 0.453969
vt 0.665655 0.453626
vt 0.665798 0.453281
vt 0.665941 0.452936
vt 0.666084 0.452590
vt 0.666228 0.452243
vt 0.666372 0.451896
vt 0.666516 0.451547
vt 0.666661 0.451199
vt 0.666805 0.450850
vt 0.666950 0.450500
vt 0.667095 0.450150
vt 0.667240 0.449801
vt 0.667385 0.449451
vt 0.062500 0.975393
vt 0.093749 0.975785
vt 0.062501 0.975785
vt 0.093748 0.976178
vt 0.062502 0.976178
vt 0.093747 0.976570
vt 0.062503 0.976570
vt 0.093745 0.976961
vt 0.062505 0.976961
vt 0.093743 0.977353
vt 0.062507 0.977353
vt 0.093741 0.977743
vt 0.062509 0.977743
vt 0.093738 0.978133
vt 0.062512 0.978133
vt 0.093734 0.978523
vt 0.062516 0.978523
vt 0.093731 0.978911
vt 0.062519 0.978911
vt 0.093727 0.979298
vt 0.062523 0.979298
vt 0.093722 0.979684
vt 0.062528 0.979685
vt 0.093717 0.980070
vt 0.062533 0.980070
vt 0.093712 0.980454
vt 0.062538 0.980454
vt 0.093707 0.980836
vt 0.062543 0.980836
vt 0.093701 0.981217
vt 0.062549 0.981217
vt 0.093694 0.981597
vt 0.062556 0.981597
vt 0.093688 0.981975
vt 0.062562 0.981975
vt 0.093681 0.982351
vt 0.062569 0.982351
vt 0.093673 0.982726
vt 0.062577 0.982725
vt 0.093665 0.983098
vt 0.062585 0.983098
vt 0.093657 0.983468
vt 0.062593 0.983468
vt 0.093649 0.983837
vt 0.062601 0.983837
vt 0.093640 0.984203
vt 0.062610 0.984203
vt 0.093630 0.984567
vt 0.062620 0.984567
vt 0.093621 0.984929
vt 0.062629 0.984929
vt 0.093611 0.985288
vt 0.062639 0.985288
vt 0.093601 0.985644
vt 0.062649 0.985644
vt 0.093590 0.985999
vt 0.062660 0.985998
vt 0.093579 0.986350
vt 0.062671 0.986350
vt 0.093568 0.986698
vt 0.062682 0.986698
vt 0.093556 0.987044
vt 0.062694 0.987044
vt 0.093544 0.987386
vt 0.062706 0.987386
vt 0.093531 0.987726
vt 0.062719 0.987726
vt 0.093519 0.988062
vt 0.062731 0.988062
vt 0.093506 0.988396
vt 0.062744 0.988396
vt 0.093492 0.988726
vt 0.062758 0.988726
vt 0.093479 0.989052
vt 0.062771 0.989052
vt 0.093464 0.989375
vt 0.062786 0.989375
vt 0.093450 0.989695
vt 0.062800 0.989695
vt 0.093435 0.990010
vt 0.062815 0.990010
vt 0.093421 0.990323
vt 0.062829 0.990323
vt 0.093405 0.990631
vt 0.062845 0.990631
vt 0.093390 0.990936
vt 0.062860 0.990936
vt 0.093374 0.991236
vt 0.062876 0.991236
vt 0.093358 0.991533
vt 0.062892 0.991533
vt 0.093341 0.991825
vt 0.062909 0.991825
vt 0.093324 0.992114
vt 0.062926 0.992114
vt 0.093307 0.992398
vt 0.062943 0.992398
vt 0.093290 1.000000
vt 0.062960 1.000000
vt 0.157545 0.471405
vt 0.117274 0.449879
vt 0.160962 0.464956
vt 0.161067 0.464703
vt 0.161174 0.464446
vt 0.161282 0.464185
vt 0.161391 0.463921
vt 0.161502 0.463653
vt 0.161615 0.463381
vt 0.161728 0.463107
vt 0.161844 0.462828
vt 0.161960 0.462547
vt 0.162078 0.462262
vt 0.162197 0.461974
vt 0.162318 0.461683
vt 0.162440 0.461389
vt 0.162563 0.461092
vt 0.162687 0.460792
vt 0.162812 0.460490
vt 0.162939 0.460184
vt 0.163066 0.459876
vt 0.163195 0.459566
vt 0.163325 0.459253
vt 0.163455 0.458937
vt 0.163587 0.458619
vt 0.163720 0.458299
vt 0.163853 0.457977
vt 0.163987 0.457652
vt 0.164123 0.457326
vt 0.164259 0.456998
vt 0.164395 0.456668
vt 0.164533 0.456336
vt 0.164671 0.456002
vt 0.164810 0.455667
vt 0.164950 0.455330
vt 0.165090 0.454992
vt 0.165230 0.454652
vt 0.165372 0.454311
vt 0.165513 0.453969
vt 0.165655 0.453626
vt 0.165798 0.453281
vt 0.165941 0.452936
vt 0.166084 0.452590
vt 0.166228 0.452243
vt 0.166372 0.451896
vt 0.166516 0.451547
vt 0.166661 0.451199
vt 0.166805 0.450850
vt 0.166950 0.450500
vt 0.167095 0.450150
vt 0.167240 0.449801
vt 0.031250 0.524607
vt 0.031251 0.524215
vt 0.062499 0.524215
vt 0.031252 0.523822
vt 0.062498 0.523822
vt 0.031253 0.523430
vt 0.062497 0.523430
vt 0.031255 0.523039
vt 0.062495 0.523038
vt 0.031257 0.522647
vt 0.062493 0.522647
vt 0.031259 0.522257
vt 0.062491 0.522257
vt 0.031262 0.521867
vt 0.062488 0.521867
vt 0.031266 0.521477
vt 0.062484 0.521477
vt 0.031269 0.521089
vt 0.062481 0.521089
vt 0.031273 0.520702
vt 0.062477 0.520702
vt 0.031278 0.520315
vt 0.062472 0.520316
vt 0.031283 0.519930
vt 0.062467 0.519930
vt 0.031288 0.519546
vt 0.062462 0.519546
vt 0.031293 0.519164
vt 0.062457 0.519164
vt 0.031299 0.518783
vt 0.062451 0.518783
vt 0.031306 0.518403
vt 0.062444 0.518403
vt 0.031312 0.518025
vt 0.062438 0.518025
vt 0.031319 0.517649
vt 0.062431 0.517649
vt 0.031327 0.517274
vt 0.062423 0.517275
vt 0.031335 0.516902
vt 0.062415 0.516902
vt 0.031343 0.516532
vt 0.062407 0.516532
vt 0.031351 0.516163
vt 0.062399 0.516163
vt 0.031360 0.515797
vt 0.062390 0.515797
vt 0.031370 0.515433
vt 0.062380 0.515433
vt 0.031379 0.515071
vt 0.062371 0.515071
vt 0.031389 0.514712
vt 0.062361 0.514712
vt 0.031399 0.514356
vt 0.062351 0.514355
vt 0.031410 0.514002
vt 0.062340 0.514001
vt 0.031421 0.513650
vt 0.062329 0.513650
vt 0.031432 0.513302
vt 0.062318 0.513302
vt 0.031444 0.512956
vt 0.062306 0.512956
vt 0.031456 0.512614
vt 0.062294 0.512614
vt 0.031469 0.512274
vt 0.062281 0.512274
vt 0.031481 0.511937
vt 0.062269 0.511938
vt 0.031494 0.511604
vt 0.062256 0.511604
vt 0.031508 0.511274
vt 0.062242 0.511274
vt 0.031521 0.510948
vt 0.062229 0.510948
vt 0.031536 0.510625
vt 0.062214 0.510625
vt 0.031550 0.510305
vt 0.062200 0.510305
vt 0.031565 0.509990
vt 0.062185 0.509990
vt 0.031579 0.509677
vt 0.062171 0.509677
vt 0.031595 0.509369
vt 0.062155 0.509369
vt 0.031610 0.509064
vt 0.062140 0.509064
vt 0.031626 0.508764
vt 0.062124 0.508764
vt 0.031642 0.508467
vt 0.062108 0.508467
vt 0.031659 0.508175
vt 0.062091 0.508175
vt 0.031676 0.507886
vt 0.062074 0.507886
vt 0.031693 0.507602
vt 0.062057 0.507602
vt 0.031710 0.500000
vt 0.062040 0.500000
vt 0.658818 0.471932
vt 0.702516 0.485188
vt 0.704609 0.478196
vt 0.704663 0.477927
vt 0.704717 0.477654
vt 0.704772 0.477378
vt 0.704828 0.477097
vt 0.704884 0.476813
vt 0.704942 0.476524
vt 0.705000 0.476233
vt 0.705058 0.475937
vt 0.705118 0.475638
vt 0.705178 0.475336
vt 0.705239 0.475031
vt 0.705300 0.474722
vt 0.705362 0.474410
vt 0.705425 0.474094
vt 0.705488 0.473776
vt 0.705552 0.473455
vt 0.705616 0.473130
vt 0.705682 0.472804
vt 0.705747 0.472474
vt 0.705814 0.472142
vt 0.705880 0.471806
vt 0.705947 0.471469
vt 0.706015 0.471129
vt 0.706083 0.470787
vt 0.706151 0.470443
vt 0.706220 0.470096
vt 0.706289 0.469748
vt 0.706359 0.469397
vt 0.706429 0.469045
vt 0.706500 0.468691
vt 0.706571 0.468335
vt 0.706642 0.467977
vt 0.706713 0.467618
vt 0.706785 0.467257
vt 0.706857 0.466895
vt 0.706929 0.466532
vt 0.707001 0.466168
vt 0.707074 0.465802
vt 0.707147 0.465436
vt 0.707220 0.465068
vt 0.707293 0.464700
vt 0.707367 0.464331
vt 0.707440 0.463962
vt 0.707514 0.463591
vt 0.707588 0.463221
vt 0.707662 0.462850
vt 0.707735 0.462479
vt 0.707809 0.462107
vt 0.707883 0.461736
vt 0.031250 0.975393
vt 0.062499 0.975785
vt 0.031251 0.975785
vt 0.062498 0.976178
vt 0.031252 0.976178
vt 0.062497 0.976570
vt 0.031253 0.976570
vt 0.062495 0.976961
vt 0.031255 0.976961
vt 0.062493 0.977353
vt 0.031257 0.977353
vt 0.062491 0.977743
vt 0.031259 0.977743
vt 0.062488 0.978133
vt 0.031262 0.978133
vt 0.062484 0.978523
vt 0.031266 0.978523
vt 0.062481 0.978911
vt 0.031269 0.978911
vt 0.062477 0.979298
vt 0.031273 0.979298
vt 0.062472 0.979685
vt 0.031278 0.979684
vt 0.062467 0.980070
vt 0.031283 0.980070
vt 0.062462 0.980454
vt 0.031288 0.980454
vt 0.062457 0.980836
vt 0.031293 0.980836
vt 0.062451 0.981217
vt 0.031299 0.981217
vt 0.062444 0.981597
vt 0.031306 0.981597
vt 0.062438 0.981975
vt 0.031312 0.981975
vt 0.062431 0.982351
vt 0.031319 0.982351
vt 0.062423 0.982726
vt 0.031327 0.982726
vt 0.062415 0.983098
vt 0.031335 0.983098
vt 0.062407 0.983468
vt 0.031343 0.983468
vt 0.062399 0.983837
vt 0.031351 0.983837
vt 0.062390 0.984203
vt 0.031360 0.984203
vt 0.062380 0.984567
vt 0.031370 0.984567
vt 0.062371 0.984929
vt 0.031379 0.984929
vt 0.062361 0.985288
vt 0.031389 0.985288
vt 0.062351 0.985644
vt 0.031399 0.985644
vt 0.062340 0.985998
vt 0.031410 0.985999
vt 0.062329 0.986350
vt 0.031421 0.986350
vt 0.062318 0.986698
vt 0.031432 0.986698
vt 0.062306 0.987044
vt 0.031444 0.987044
vt 0.062294 0.987386
vt 0.031456 0.987386
vt 0.062281 0.987726
vt 0.031469 0.987726
vt 0.062269 0.988062
vt 0.031481 0.988062
vt 0.062256 0.988396
vt 0.031494 0.988396
vt 0.062242 0.988726
vt 0.031508 0.988726
vt 0.062229 0.989052
vt 0.031521 0.989052
vt 0.062214 0.989375
vt 0.031536 0.989375
vt 0.062200 0.989695
vt 0.031550 0.989695
vt 0.062185 0.990010
vt 0.031565 0.990010
vt 0.062171 0.990323
vt 0.031579 0.990323
vt 0.062155 0.990631
vt 0.031595 0.990631
vt 0.062140 0.990936
vt 0.031610 0.990936
vt 0.062124 0.991236
vt 0.031626 0.991236
vt 0.062108 0.991533
vt 0.031642 0.991533
vt 0.062091 0.991825
vt 0.031659 0.991825
vt 0.062074 0.992114
vt 0.031676 0.992114
vt 0.062057 0.992398
vt 0.031693 0.992398
vt 0.062040 1.000000
vt 0.031710 1.000000
vt 0.202516 0.485187
vt 0.158818 0.471932
vt 0.204609 0.478196
vt 0.204663 0.477927
vt 0.204717 0.477654
vt 0.204772 0.477378
vt 0.204828 0.477097
vt 0.204884 0.476813
vt 0.204941 0.476525
vt 0.205000 0.476233
vt 0.205058 0.475937
vt 0.205118 0.475639
vt 0.205178 0.475336
vt 0.205239 0.475031
vt 0.205300 0.474722
vt 0.205362 0.474410
vt 0.205425 0.474094
vt 0.205488 0.473776
vt 0.205552 0.473455
vt 0.205617 0.473130
vt 0.205682 0.472804
vt 0.205747 0.472474
vt 0.205813 0.472142
vt 0.205880 0.471807
vt 0.205947 0.471469
vt 0.206015 0.471129
vt 0.206083 0.470787
vt 0.206151 0.470443
vt 0.206220 0.470096
vt 0.206289 0.469748
vt 0.206359 0.469397
vt 0.206429 0.469045
vt 0.206500 0.468691
vt 0.206571 0.468335
vt 0.206642 0.467977
vt 0.206713 0.467618
vt 0.206785 0.467257
vt 0.206857 0.466895
vt 0.206929 0.466532
vt 0.207002 0.466168
vt 0.207074 0.465802
vt 0.207147 0.465436
vt 0.207220 0.465068
vt 0.207293 0.464700
vt 0.207367 0.464331
vt 0.207440 0.463961
vt 0.207514 0.463592
vt 0.207588 0.463221
vt 0.207661 0.462850
vt 0.207735 0.462479
vt 0.207809 0.462107
vt 0.000000 0.524607
vt 0.000001 0.524215
vt 0.031249 0.524215
vt 0.000002 0.523822
vt 0.031248 0.523822
vt 0.000003 0.523430
vt 0.031247 0.523430
vt 0.000005 0.523039
vt 0.031245 0.523038
vt 0.000007 0.522647
vt 0.031243 0.522647
vt 0.000009 0.522257
vt 0.031241 0.522257
vt 0.000012 0.521867
vt 0.031238 0.521867
vt 0.000016 0.521477
vt 0.031234 0.521477
vt 0.000019 0.521089
vt 0.031231 0.521089
vt 0.000023 0.520702
vt 0.031227 0.520702
vt 0.000028 0.520315
vt 0.031222 0.520316
vt 0.000033 0.519930
vt 0.031217 0.519930
vt 0.000038 0.519546
vt 0.031212 0.519546
vt 0.000043 0.519164
vt 0.031207 0.519164
vt 0.000049 0.518783
vt 0.031201 0.518783
vt 0.000056 0.518403
vt 0.031194 0.518403
vt 0.000062 0.518025
vt 0.031188 0.518025
vt 0.000069 0.517649
vt 0.031181 0.517649
vt 0.000077 0.517274
vt 0.031173 0.517275
vt 0.000085 0.516902
vt 0.031165 0.516902
vt 0.000093 0.516532
vt 0.031157 0.516532
vt 0.000101 0.516163
vt 0.031149 0.516163
vt 0.000110 0.515797
vt 0.031140 0.515797
vt 0.000120 0.515433
vt 0.031130 0.515433
vt 0.000129 0.515071
vt 0.031121 0.515071
vt 0.000139 0.514712
vt 0.031111 0.514712
vt 0.000149 0.514356
vt 0.031101 0.514356
vt 0.000160 0.514002
vt 0.031090 0.514001
vt 0.000171 0.513650
vt 0.031079 0.513650
vt 0.000182 0.513302
vt 0.031068 0.513302
vt 0.000194 0.512956
vt 0.031056 0.512956
vt 0.000206 0.512614
vt 0.031044 0.512614
vt 0.000219 0.512274
vt 0.031031 0.512274
vt 0.000231 0.511937
vt 0.031019 0.511937
vt 0.000244 0.511604
vt 0.031006 0.511604
vt 0.000258 0.511274
vt 0.030992 0.511274
vt 0.000271 0.510948
vt 0.030979 0.510948
vt 0.000286 0.510625
vt 0.030964 0.510625
vt 0.000300 0.510305
vt 0.030950 0.510305
vt 0.000315 0.509989
vt 0.030935 0.509990
vt 0.000329 0.509677
vt 0.030921 0.509677
vt 0.000345 0.509369
vt 0.030905 0.509369
vt 0.000360 0.509064
vt 0.030890 0.509064
vt 0.000376 0.508764
vt 0.030874 0.508764
vt 0.000392 0.508467
vt 0.030858 0.508467
vt 0.000409 0.508175
vt 0.030841 0.508175
vt 0.000426 0.507886
vt 0.030824 0.507886
vt 0.000443 0.507602
vt 0.030807 0.507602
vt 0.000460 0.500000
vt 0.030790 0.500000
vt 0.703867 0.485456
vt 0.749311 0.489932
vt 0.000000 0.975393
vt 0.031249 0.975785
vt 0.000001 0.975785
vt 0.031248 0.976178
vt 0.000002 0.976178
vt 0.031247 0.976570
vt 0.000003 0.976570
vt 0.031245 0.976961
vt 0.000005 0.976961
vt 0.031243 0.977353
vt 0.000007 0.977353
vt 0.031241 0.977743
vt 0.000009 0.977743
vt 0.031238 0.978133
vt 0.000012 0.978133
vt 0.031234 0.978523
vt 0.000016 0.978523
vt 0.031231 0.978911
vt 0.000019 0.978911
vt 0.031227 0.979298
vt 0.000023 0.979298
vt 0.031222 0.979685
vt 0.000028 0.979685
vt 0.031217 0.980070
vt 0.000033 0.980070
vt 0.031212 0.980454
vt 0.000038 0.980454
vt 0.031207 0.980836
vt 0.000043 0.980836
vt 0.031201 0.981217
vt 0.000049 0.981217
vt 0.031194 0.981597
vt 0.000056 0.981597
vt 0.031188 0.981975
vt 0.000062 0.981975
vt 0.031181 0.982351
vt 0.000069 0.982351
vt 0.031173 0.982726
vt 0.000077 0.982726
vt 0.031165 0.983098
vt 0.000085 0.983098
vt 0.031157 0.983468
vt 0.000093 0.983468
vt 0.031149 0.983837
vt 0.000101 0.983837
vt 0.031140 0.984203
vt 0.000110 0.984203
vt 0.031130 0.984567
vt 0.000120 0.984567
vt 0.031121 0.984929
vt 0.000129 0.984929
vt 0.031111 0.985288
vt 0.000139 0.985288
vt 0.031101 0.985644
vt 0.000149 0.985644
vt 0.031090 0.985999
vt 0.000160 0.985999
vt 0.031079 0.986350
vt 0.000171 0.986350
vt 0.031068 0.986698
vt 0.000182 0.986698
vt 0.031056 0.987044
vt 0.000194 0.987044
vt 0.031044 0.987386
vt 0.000206 0.987386
vt 0.031031 0.987726
vt 0.000219 0.987726
vt 0.031019 0.988063
vt 0.000231 0.988062
vt 0.031006 0.988396
vt 0.000244 0.988396
vt 0.030992 0.988726
vt 0.000258 0.988726
vt 0.030979 0.989052
vt 0.000271 0.989052
vt 0.030964 0.989375
vt 0.000286 0.989375
vt 0.030950 0.989695
vt 0.000300 0.989695
vt 0.030935 0.990010
vt 0.000315 0.990010
vt 0.030921 0.990323
vt 0.000329 0.990323
vt 0.030905 0.990631
vt 0.000345 0.990631
vt 0.030890 0.990936
vt 0.000360 0.990936
vt 0.030874 0.991236
vt 0.000376 0.991236
vt 0.030858 0.991533
vt 0.000392 0.991533
vt 0.030841 0.991825
vt 0.000409 0.991825
vt 0.030824 0.992114
vt 0.000426 0.992114
vt 0.030807 0.992398
vt 0.000443 0.992398
vt 0.030790 1.000000
vt 0.000460 1.000000
vt 0.249311 0.489932
vt 0.203867 0.485456
s 0
f 6264/1/1 6365/2/1 103/3/1 2/4/1
f 406/5/2 507/6/2 709/7/2 608/8/2
f 608/8/3 709/7/3 911/9/3 810/10/3
f 810/10/4 911/11/4 1113/12/4 1012/13/4
f 1012/13/5 1113/14/5 1315/15/5 1214/16/5
f 1214/16/6 1315/15/6 1517/17/6 1416/18/6
f 1416/18/7 1517/17/7 1719/19/7 1618/20/7
f 1618/20/8 1719/19/8 1921/21/8 1820/22/8
f 1820/22/9 1921/21/9 2123/23/9 2022/24/9
f 2022/24/10 2123/23/10 2325/25/10 2224/26/10
f 2224/26/11 2325/25/11 2527/27/11 2426/28/11
f 2426/28/12 2527/29/12 2729/30/12 2628/31/12
f 2628/31/13 2729/32/13 2931/33/13 2830/34/13
f 2830/34/14 2931/33/14 3133/35/14 3032/36/14
f 3032/36/15 3133/35/15 3335/37/15 3234/38/15
f 3234/38/16 3335/37/16 3537/39/16 3436/40/16
f 3436/40/17 3537/39/17 3739/41/17 3638/42/17
f 3638/42/18 3739/41/18 3941/43/18 3840/44/18
f 3840/44/19 3941/43/19 4143/45/19 4042/46/19
f 4042/46/20 4143/47/20 4345/48/20 4244/49/20
f 4244/49/21 4345/50/21 4547/51/21 4446/52/21
f 4446/52/22 4547/51/22 4749/53/22 4648/54/22
f 4648/54/23 4749/53/23 4951/55/23 4850/56/23
f 4850/56/24 4951/55/24 5153/57/24 5052/58/24
f 5052/58/25 5153/57/25 5355/59/25 5254/60/25
f 5254/60/26 5355/59/26 5557/61/26 5456/62/26
f 5456/62/27 5557/61/27 5759/63/27 5658/64/27
f 5658/64/28 5759/65/28 5961/66/28 5860/67/28
f 5860/67/29 5961/68/29 6163/69/29 6062/70/29
f 6062/70/30 6163/69/30 6365/2/30 6264/1/30
f 204/71/31 305/72/31 507/6/31 406/5/31
f 304/73/32 102/74/32 6364/75/32 6162/76/32 5960/77/32 5758/78/32 5556/79/32 5354/80/32 5152/81/32 4950/82/32 4748/83/32 4546/84/32 4344/85/32 4142/86/32 3940/87/32 3738/88/32 3536/89/32 3334/90/32 3132/91/32 2930/92/32 2728/93/32 2526/94/32 2324/95/32 2122/96/32 1920/97/32 1718/98/32 1516/99/32 1314/100/32 1112/101/32 910/102/32 708/103/32 506/104/32
f 2/105/33 103/106/33 305/72/33 204/71/33
f 2/105/34 204/71/34 303/107/34 101/108/34
f 101/108/35 303/107/35 302/109/35 100/110/35
f 100/110/36 302/109/36 301/111/36 99/112/36
f 99/112/37 301/111/37 300/113/37 98/114/37
f 98/114/38 300/113/38 299/115/38 97/116/38
f 97/116/39 299/115/39 298/117/39 96/118/39
f 96/118/40 298/117/40 297/119/40 95/120/40
f 95/120/41 297/119/41 296/121/41 94/122/41
f 94/122/42 296/121/42 295/123/42 93/124/42
f 93/124/43 295/123/43 294/125/43 92/126/43
f 92/126/44 294/125/44 293/127/44 91/128/44
f 91/128/45 293/127/45 292/129/45 90/130/45
f 90/130/46 292/129/46 291/131/46 89/132/46
f 89/132/47 291/131/47 290/133/47 88/134/47
f 88/134/48 290/133/48 289/135/48 87/136/48
f 87/136/49 289/135/49 288/137/49 86/138/49
f 86/138/50 288/137/50 287/139/50 85/140/50
f 85/140/51 287/139/51 286/141/51 84/142/51
f 84/142/52 286/141/52 285/143/52 83/144/52
f 83/144/53 285/143/53 284/145/53 82/146/53
f 82/146/54 284/145/54 283/147/54 81/148/54
f 81/148/55 283/147/55 282/149/55 80/150/55
f 80/150/56 282/149/56 281/151/56 79/152/56
f 79/152/57 281/151/57 280/153/57 78/154/57
f 78/154/58 280/153/58 279/155/58 77/156/58
f 77/156/59 279/155/59 278/157/59 76/158/59
f 76/158/60 278/157/60 277/159/60 75/160/60
f 75/160/61 277/159/61 276/161/61 74/162/61
f 74/162/62 276/161/62 275/163/62 73/164/62
f 73/164/63 275/163/63 274/165/63 72/166/63
f 72/166/64 274/165/64 273/167/64 71/168/64
f 71/168/65 273/167/65 272/169/65 70/170/65
f 70/170/66 272/169/66 271/171/66 69/172/66
f 69/172/67 271/171/67 270/173/67 68/174/67
f 68/174/68 270/173/68 269/175/68 67/176/68
f 67/176/69 269/175/69 268/177/69 66/178/69
f 66/178/70 268/177/70 267/179/70 65/180/70
f 65/180/71 267/179/71 266/181/71 64/182/71
f 64/182/72 266/181/72 265/183/72 63/184/72
f 63/184/73 265/183/73 264/185/73 62/186/73
f 62/186/74 264/185/74 263/187/74 61/188/74
f 61/188/75 263/187/75 262/189/75 60/190/75
f 60/190/76 262/189/76 261/191/76 59/192/76
f 59/192/77 261/191/77 260/193/77 58/194/77
f 58/194/78 260/193/78 259/195/78 57/196/78
f 57/196/79 259/195/79 258/197/79 56/198/79
f 56/198/80 258/197/80 257/199/80 55/200/80
f 55/200/81 257/199/81 256/201/81 54/202/81
f 54/202/82 256/201/82 255/203/82 53/204/82
f 53/204/83 255/203/83 254/205/83 52/206/83
f 52/207/84 254/208/84 253/209/84 51/210/84
f 51/210/85 253/209/85 252/211/85 50/212/85
f 50/212/86 252/211/86 251/213/86 49/214/86
f 49/214/87 251/213/87 250/215/87 48/216/87
f 48/216/88 250/215/88 249/217/88 47/218/88
f 47/218/89 249/217/89 248/219/89 46/220/89
f 46/220/90 248/219/90 247/221/90 45/222/90
f 45/222/91 247/221/91 246/223/91 44/224/91
f 44/224/92 246/223/92 245/225/92 43/226/92
f 43/226/93 245/225/93 244/227/93 42/228/93
f 42/228/94 244/227/94 243/229/94 41/230/94
f 41/230/95 243/229/95 242/231/95 40/232/95
f 40/232/96 242/231/96 241/233/96 39/234/96
f 39/234/97 241/233/97 240/235/97 38/236/97
f 38/236/98 240/235/98 239/237/98 37/238/98
f 37/238/99 239/237/99 238/239/99 36/240/99
f 36/240/100 238/239/100 237/241/100 35/242/100
f 35/242/101 237/241/101 236/243/101 34/244/101
f 34/244/102 236/243/102 235/245/102 33/246/102
f 33/246/103 235/245/103 234/247/103 32/248/103
f 32/248/104 234/247/104 233/249/104 31/250/104
f 31/250/105 233/249/105 232/251/105 30/252/105
f 30/252/106 232/251/106 231/253/106 29/254/106
f 29/254/107 231/253/107 230/255/107 28/256/107
f 28/256/108 230/255/108 229/257/108 27/258/108
f 27/258/109 229/257/109 228/259/109 26/260/109
f 26/260/110 228/259/110 227/261/110 25/262/110
f 25/262/111 227/261/111 226/263/111 24/264/111
f 24/264/112 226/263/112 225/265/112 23/266/112
f 23/266/113 225/265/113 224/267/113 22/268/113
f 22/268/114 224/267/114 223/269/114 21/270/114
f 21/270/115 223/269/115 222/271/115 20/272/115
f 20/272/116 222/271/116 221/273/116 19/274/116
f 19/274/117 221/273/117 220/275/117 18/276/117
f 18/276/118 220/275/118 219/277/118 17/278/118
f 17/278/119 219/277/119 218/279/119 16/280/119
f 16/280/120 218/279/120 217/281/120 15/282/120
f 15/282/121 217/281/121 216/283/121 14/284/121
f 14/284/122 216/283/122 215/285/122 13/286/122
f 13/286/123 215/285/123 214/287/123 12/288/123
f 12/288/124 214/287/124 213/289/124 11/290/124
f 11/290/125 213/289/125 212/291/125 10/292/125
f 10/292/126 212/291/126 211/293/126 9/294/126
f 9/294/127 211/293/127 210/295/127 8/296/127
f 8/296/128 210/295/128 209/297/128 7/298/128
f 7/298/129 209/297/129 208/299/129 6/300/129
f 6/300/130 208/299/130 207/301/130 5/302/130
f 5/302/131 207/301/131 206/303/131 4/304/131
f 4/304/132 206/303/132 205/305/132 3/306/132
f 3/306/133 205/305/133 203/307/133 1/308/133
f 305/72/134 103/106/134 202/309/134 404/310/134
f 404/310/135 202/309/135 201/311/135 403/312/135
f 403/312/136 201/311/136 200/313/136 402/314/136
f 402/314/137 200/313/137 199/315/137 401/316/137
f 401/316/138 199/315/138 198/317/138 400/318/138
f 400/318/139 198/317/139 197/319/139 399/320/139
f 399/320/140 197/319/140 196/321/140 398/322/140
f 398/322/141 196/321/141 195/323/141 397/324/141
f 397/324/142 195/323/142 194/325/142 396/326/142
f 396/326/143 194/325/143 193/327/143 395/328/143
f 395/328/144 193/327/144 192/329/144 394/330/144
f 394/330/145 192/329/145 191/331/145 393/332/145
f 393/332/146 191/331/146 190/333/146 392/334/146
f 392/334/147 190/333/147 189/335/147 391/336/147
f 391/336/148 189/335/148 188/337/148 390/338/148
f 390/338/149 188/337/149 187/339/149 389/340/149
f 389/340/150 187/339/150 186/341/150 388/342/150
f 388/342/151 186/341/151 185/343/151 387/344/151
f 387/344/152 185/343/152 184/345/152 386/346/152
f 386/346/153 184/345/153 183/347/153 385/348/153
f 385/348/154 183/347/154 182/349/154 384/350/154
f 384/350/155 182/349/155 181/351/155 383/352/155
f 383/352/156 181/351/156 180/353/156 382/354/156
f 382/354/157 180/353/157 179/355/157 381/356/157
f 381/356/158 179/355/158 178/357/158 380/358/158
f 380/358/159 178/357/159 177/359/159 379/360/159
f 379/360/160 177/359/160 176/361/160 378/362/160
f 378/362/161 176/361/161 175/363/161 377/364/161
f 377/364/162 175/363/162 174/365/162 376/366/162
f 376/366/163 174/365/163 173/367/163 375/368/163
f 375/368/164 173/367/164 172/369/164 374/370/164
f 374/370/165 172/369/165 171/371/165 373/372/165
f 373/372/166 171/371/166 170/373/166 372/374/166
f 372/374/167 170/373/167 169/375/167 371/376/167
f 371/376/168 169/375/168 168/377/168 370/378/168
f 370/378/169 168/377/169 167/379/169 369/380/169
f 369/380/170 167/379/170 166/381/170 368/382/170
f 368/382/171 166/381/171 165/383/171 367/384/171
f 367/384/172 165/383/172 164/385/172 366/386/172
f 366/386/173 164/385/173 163/387/173 365/388/173
f 365/388/174 163/387/174 162/389/174 364/390/174
f 364/390/175 162/389/175 161/391/175 363/392/175
f 363/392/176 161/391/176 160/393/176 362/394/176
f 362/394/177 160/393/177 159/395/177 361/396/177
f 361/396/178 159/395/178 158/397/178 360/398/178
f 360/398/179 158/397/179 157/399/179 359/400/179
f 359/400/180 157/399/180 156/401/180 358/402/180
f 358/402/181 156/401/181 155/403/181 357/404/181
f 357/404/182 155/403/182 154/405/182 356/406/182
f 356/406/183 154/405/183 153/407/183 355/408/183
f 355/409/184 153/410/184 152/411/184 354/412/184
f 354/412/185 152/411/185 151/413/185 353/414/185
f 353/414/186 151/413/186 150/415/186 352/416/186
f 352/416/187 150/415/187 149/417/187 351/418/187
f 351/418/188 149/417/188 148/419/188 350/420/188
f 350/420/189 148/419/189 147/421/189 349/422/189
f 349/422/190 147/421/190 146/423/190 348/424/190
f 348/424/191 146/423/191 145/425/191 347/426/191
f 347/426/192 145/425/192 144/427/192 346/428/192
f 346/428/193 144/427/193 143/429/193 345/430/193
f 345/430/194 143/429/194 142/431/194 344/432/194
f 344/432/195 142/431/195 141/433/195 343/434/195
f 343/434/196 141/433/196 140/435/196 342/436/196
f 342/436/197 140/435/197 139/437/197 341/438/197
f 341/438/198 139/437/198 138/439/198 340/440/198
f 340/440/199 138/439/199 137/441/199 339/442/199
f 339/442/200 137/441/200 136/443/200 338/444/200
f 338/444/201 136/443/201 135/445/201 337/446/201
f 337/446/202 135/445/202 134/447/202 336/448/202
f 336/448/203 134/447/203 133/449/203 335/450/203
f 335/450/204 133/449/204 132/451/204 334/452/204
f 334/452/205 132/451/205 131/453/205 333/454/205
f 333/454/206 131/453/206 130/455/206 332/456/206
f 332/456/207 130/455/207 129/457/207 331/458/207
f 331/458/208 129/457/208 128/459/208 330/460/208
f 330/460/209 128/459/209 127/461/209 329/462/209
f 329/462/210 127/461/210 126/463/210 328/464/210
f 328/464/211 126/463/211 125/465/211 327/466/211
f 327/466/212 125/465/212 124/467/212 326/468/212
f 326/468/213 124/467/213 123/469/213 325/470/213
f 325/470/214 123/469/214 122/471/214 324/472/214
f 324/472/215 122/471/215 121/473/215 323/474/215
f 323/474/216 121/473/216 120/475/216 322/476/216
f 322/476/217 120/475/217 119/477/217 321/478/217
f 321/478/218 119/477/218 118/479/218 320/480/218
f 320/480/219 118/479/219 117/481/219 319/482/219
f 319/482/220 117/481/220 116/483/220 318/484/220
f 318/484/221 116/483/221 115/485/221 317/486/221
f 317/486/222 115/485/222 114/487/222 316/488/222
f 316/488/223 114/487/223 113/489/223 315/490/223
f 315/490/224 113/489/224 112/491/224 314/492/224
f 314/492/225 112/491/225 111/493/225 313/494/225
f 313/494/226 111/493/226 110/495/226 312/496/226
f 312/496/227 110/495/227 109/497/227 311/498/227
f 311/498/228 109/497/228 108/499/228 310/500/228
f 310/500/229 108/499/229 107/501/229 309/502/229
f 309/502/230 107/501/230 106/503/230 308/504/230
f 308/504/231 106/503/231 105/505/231 307/506/231
f 307/506/232 105/505/232 104/507/232 306/508/232
f 306/508/233 104/507/233 102/74/233 304/73/233
f 204/71/234 406/5/234 505/509/234 303/510/234
f 303/510/235 505/509/235 504/511/235 302/512/235
f 302/512/236 504/511/236 503/513/236 301/514/236
f 301/514/237 503/513/237 502/515/237 300/516/237
f 300/516/238 502/515/238 501/517/238 299/518/238
f 299/518/239 501/517/239 500/519/239 298/520/239
f 298/520/240 500/519/240 499/521/240 297/522/240
f 297/522/241 499/521/241 498/523/241 296/524/241
f 296/524/242 498/523/242 497/525/242 295/526/242
f 295/526/243 497/525/243 496/527/243 294/528/243
f 294/528/244 496/527/244 495/529/244 293/530/244
f 293/530/245 495/529/245 494/531/245 292/532/245
f 292/532/246 494/531/246 493/533/246 291/534/246
f 291/534/247 493/533/247 492/535/247 290/536/247
f 290/536/248 492/535/248 491/537/248 289/538/248
f 289/538/249 491/537/249 490/539/249 288/540/249
f 288/540/250 490/539/250 489/541/250 287/542/250
f 287/542/251 489/541/251 488/543/251 286/544/251
f 286/544/252 488/543/252 487/545/252 285/546/252
f 285/546/253 487/545/253 486/547/253 284/548/253
f 284/548/254 486/547/254 485/549/254 283/550/254
f 283/550/255 485/549/255 484/551/255 282/552/255
f 282/552/256 484/551/256 483/553/256 281/554/256
f 281/554/257 483/553/257 482/555/257 280/556/257
f 280/556/258 482/555/258 481/557/258 279/558/258
f 279/558/259 481/557/259 480/559/259 278/560/259
f 278/560/260 480/559/260 479/561/260 277/562/260
f 277/562/261 479/561/261 478/563/261 276/564/261
f 276/564/262 478/563/262 477/565/262 275/566/262
f 275/566/263 477/565/263 476/567/263 274/568/263
f 274/568/264 476/567/264 475/569/264 273/570/264
f 273/570/265 475/569/265 474/571/265 272/572/265
f 272/572/266 474/571/266 473/573/266 271/574/266
f 271/574/267 473/573/267 472/575/267 270/576/267
f 270/576/268 472/575/268 471/577/268 269/578/268
f 269/578/269 471/577/269 470/579/269 268/580/269
f 268/580/270 470/579/270 469/581/270 267/582/270
f 267/582/271 469/581/271 468/583/271 266/584/271
f 266/584/272 468/583/272 467/585/272 265/586/272
f 265/586/273 467/585/273 466/587/273 264/588/273
f 264/588/274 466/587/274 465/589/274 263/590/274
f 263/590/275 465/589/275 464/591/275 262/592/275
f 262/592/276 464/591/276 463/593/276 261/594/276
f 261/594/277 463/593/277 462/595/277 260/596/277
f 260/596/278 462/595/278 461/597/278 259/598/278
f 259/598/279 461/597/279 460/599/279 258/600/279
f 258/600/280 460/599/280 459/601/280 257/602/280
f 257/602/281 459/601/281 458/603/281 256/604/281
f 256/604/282 458/603/282 457/605/282 255/606/282
f 255/606/283 457/605/283 456/607/283 254/608/283
f 254/609/284 456/610/284 455/611/284 253/209/284
f 253/209/285 455/611/285 454/612/285 252/211/285
f 252/211/286 454/612/286 453/613/286 251/213/286
f 251/213/287 453/613/287 452/614/287 250/215/287
f 250/215/288 452/614/288 451/615/288 249/217/288
f 249/217/289 451/615/289 450/616/289 248/219/289
f 248/219/290 450/616/290 449/617/290 247/221/290
f 247/221/291 449/617/291 448/618/291 246/223/291
f 246/223/292 448/618/292 447/619/292 245/225/292
f 245/225/293 447/619/293 446/620/293 244/227/293
f 244/227/294 446/620/294 445/621/294 243/229/294
f 243/229/295 445/621/295 444/622/295 242/231/295
f 242/231/296 444/622/296 443/623/296 241/233/296
f 241/233/297 443/623/297 442/624/297 240/235/297
f 240/235/298 442/624/298 441/625/298 239/237/298
f 239/237/299 441/625/299 440/626/299 238/239/299
f 238/239/300 440/626/300 439/627/300 237/241/300
f 237/241/301 439/627/301 438/628/301 236/243/301
f 236/243/302 438/628/302 437/629/302 235/245/302
f 235/245/303 437/629/303 436/630/303 234/247/303
f 234/247/304 436/630/304 435/631/304 233/249/304
f 233/249/305 435/631/305 434/632/305 232/251/305
f 232/251/306 434/632/306 433/633/306 231/253/306
f 231/253/307 433/633/307 432/634/307 230/255/307
f 230/255/308 432/634/308 431/635/308 229/257/308
f 229/257/309 431/635/309 430/636/309 228/259/309
f 228/259/310 430/636/310 429/637/310 227/261/310
f 227/261/311 429/637/311 428/638/311 226/263/311
f 226/263/312 428/638/312 427/639/312 225/265/312
f 225/265/313 427/639/313 426/640/313 224/267/313
f 224/267/314 426/640/314 425/641/314 223/269/314
f 223/269/315 425/641/315 424/642/315 222/271/315
f 222/271/316 424/642/316 423/643/316 221/273/316
f 221/273/317 423/643/317 422/644/317 220/275/317
f 220/275/318 422/644/318 421/645/318 219/277/318
f 219/277/319 421/645/319 420/646/319 218/279/319
f 218/279/320 420/646/320 419/647/320 217/281/320
f 217/281/321 419/647/321 418/648/321 216/283/321
f 216/283/322 418/648/322 417/649/322 215/285/322
f 215/285/323 417/649/323 416/650/323 214/287/323
f 214/287/324 416/650/324 415/651/324 213/289/324
f 213/289/325 415/651/325 414/652/325 212/291/325
f 212/291/326 414/652/326 413/653/326 211/293/326
f 211/293/327 413/653/327 412/654/327 210/295/327
f 210/295/328 412/654/328 411/655/328 209/297/328
f 209/297/329 411/655/329 410/656/329 208/299/329
f 208/299/330 410/656/330 409/657/330 207/301/330
f 207/301/331 409/657/331 408/658/331 206/303/331
f 206/303/332 408/658/332 407/659/332 205/305/332
f 205/305/333 407/659/333 405/660/333 203/307/333
f 507/6/334 305/72/334 404/661/334 606/662/334
f 606/662/335 404/661/335 403/663/335 605/664/335
f 605/664/336 403/663/336 402/665/336 604/666/336
f 604/666/337 402/665/337 401/667/337 603/668/337
f 603/668/338 401/667/338 400/669/338 602/670/338
f 602/670/339 400/669/339 399/671/339 601/672/339
f 601/672/340 399/671/340 398/673/340 600/674/340
f 600/674/341 398/673/341 397/675/341 599/676/341
f 599/676/342 397/675/342 396/677/342 598/678/342
f 598/678/343 396/677/343 395/679/343 597/680/343
f 597/680/344 395/679/344 394/681/344 596/682/344
f 596/682/345 394/681/345 393/683/345 595/684/345
f 595/684/346 393/683/346 392/685/346 594/686/346
f 594/686/347 392/685/347 391/687/347 593/688/347
f 593/688/348 391/687/348 390/689/348 592/690/348
f 592/690/349 390/689/349 389/691/349 591/692/349
f 591/692/350 389/691/350 388/693/350 590/694/350
f 590/694/351 388/693/351 387/695/351 589/696/351
f 589/696/352 387/695/352 386/697/352 588/698/352
f 588/698/353 386/697/353 385/699/353 587/700/353
f 587/700/354 385/699/354 384/701/354 586/702/354
f 586/702/355 384/701/355 383/703/355 585/704/355
f 585/704/356 383/703/356 382/705/356 584/706/356
f 584/706/357 382/705/357 381/707/357 583/708/357
f 583/708/358 381/707/358 380/709/358 582/710/358
f 582/710/359 380/709/359 379/711/359 581/712/359
f 581/712/360 379/711/360 378/713/360 580/714/360
f 580/714/361 378/713/361 377/715/361 579/716/361
f 579/716/362 377/715/362 376/717/362 578/718/362
f 578/718/363 376/717/363 375/719/363 577/720/363
f 577/720/364 375/719/364 374/721/364 576/722/364
f 576/722/365 374/721/365 373/723/365 575/724/365
f 575/724/366 373/723/366 372/725/366 574/726/366
f 574/726/367 372/725/367 371/727/367 573/728/367
f 573/728/368 371/727/368 370/729/368 572/730/368
f 572/730/369 370/729/369 369/731/369 571/732/369
f 571/732/370 369/731/370 368/733/370 570/734/370
f 570/734/371 368/733/371 367/735/371 569/736/371
f 569/736/372 367/735/372 366/737/372 568/738/372
f 568/738/373 366/737/373 365/739/373 567/740/373
f 567/740/374 365/739/374 364/741/374 566/742/374
f 566/742/375 364/741/375 363/743/375 565/744/375
f 565/744/376 363/743/376 362/745/376 564/746/376
f 564/746/377 362/745/377 361/747/377 563/748/377
f 563/748/378 361/747/378 360/749/378 562/750/378
f 562/750/379 360/749/379 359/751/379 561/752/379
f 561/752/380 359/751/380 358/753/380 560/754/380
f 560/754/381 358/753/381 357/755/381 559/756/381
f 559/756/382 357/755/382 356/757/382 558/758/382
f 558/758/383 356/757/383 355/759/383 557/760/383
f 557/761/384 355/762/384 354/412/384 556/763/384
f 556/763/385 354/412/385 353/414/385 555/764/385
f 555/764/386 353/414/386 352/416/386 554/765/386
f 554/765/387 352/416/387 351/418/387 553/766/387
f 553/766/388 351/418/388 350/420/388 552/767/388
f 552/767/389 350/420/389 349/422/389 551/768/389
f 551/768/390 349/422/390 348/424/390 550/769/390
f 550/769/391 348/424/391 347/426/391 549/770/391
f 549/770/392 347/426/392 346/428/392 548/771/392
f 548/771/393 346/428/393 345/430/393 547/772/393
f 547/772/394 345/430/394 344/432/394 546/773/394
f 546/773/395 344/432/395 343/434/395 545/774/395
f 545/774/396 343/434/396 342/436/396 544/775/396
f 544/775/397 342/436/397 341/438/397 543/776/397
f 543/776/398 341/438/398 340/440/398 542/777/398
f 542/777/399 340/440/399 339/442/399 541/778/399
f 541/778/400 339/442/400 338/444/400 540/779/400
f 540/779/401 338/444/401 337/446/401 539/780/401
f 539/780/402 337/446/402 336/448/402 538/781/402
f 538/781/403 336/448/403 335/450/403 537/782/403
f 537/782/404 335/450/404 334/452/404 536/783/404
f 536/783/405 334/452/405 333/454/405 535/784/405
f 535/784/406 333/454/406 332/456/406 534/785/406
f 534/785/407 332/456/407 331/458/407 533/786/407
f 533/786/408 331/458/408 330/460/408 532/787/408
f 532/787/409 330/460/409 329/462/409 531/788/409
f 531/788/410 329/462/410 328/464/410 530/789/410
f 530/789/411 328/464/411 327/466/411 529/790/411
f 529/790/412 327/466/412 326/468/412 528/791/412
f 528/791/413 326/468/413 325/470/413 527/792/413
f 527/792/414 325/470/414 324/472/414 526/793/414
f 526/793/415 324/472/415 323/474/415 525/794/415
f 525/794/416 323/474/416 322/476/416 524/795/416
f 524/795/417 322/476/417 321/478/417 523/796/417
f 523/796/418 321/478/418 320/480/418 522/797/418
f 522/797/419 320/480/419 319/482/419 521/798/419
f 521/798/420 319/482/420 318/484/420 520/799/420
f 520/799/421 318/484/421 317/486/421 519/800/421
f 519/800/422 317/486/422 316/488/422 518/801/422
f 518/801/423 316/488/423 315/490/423 517/802/423
f 517/802/424 315/490/424 314/492/424 516/803/424
f 516/803/425 314/492/425 313/494/425 515/804/425
f 515/804/426 313/494/426 312/496/426 514/805/426
f 514/805/427 312/496/427 311/498/427 513/806/427
f 513/806/428 311/498/428 310/500/428 512/807/428
f 512/807/429 310/500/429 309/502/429 511/808/429
f 511/808/430 309/502/430 308/504/430 510/809/430
f 510/809/431 308/504/431 307/506/431 509/810/431
f 509/810/432 307/506/432 306/508/432 508/811/432
f 508/811/433 306/508/433 304/73/433 506/104/433
f 406/5/434 608/8/434 707/812/434 505/509/434
f 505/509/435 707/812/435 706/813/435 504/814/435
f 504/814/436 706/813/436 705/815/436 503/816/436
f 503/816/437 705/815/437 704/817/437 502/818/437
f 502/818/438 704/817/438 703/819/438 501/820/438
f 501/820/439 703/819/439 702/821/439 500/822/439
f 500/822/440 702/821/440 701/823/440 499/824/440
f 499/824/441 701/823/441 700/825/441 498/826/441
f 498/826/442 700/825/442 699/827/442 497/828/442
f 497/828/443 699/827/443 698/829/443 496/830/443
f 496/830/444 698/829/444 697/831/444 495/832/444
f 495/832/445 697/831/445 696/833/445 494/834/445
f 494/834/446 696/833/446 695/835/446 493/836/446
f 493/836/447 695/835/447 694/837/447 492/838/447
f 492/838/448 694/837/448 693/839/448 491/840/448
f 491/840/449 693/839/449 692/841/449 490/842/449
f 490/842/450 692/841/450 691/843/450 489/844/450
f 489/844/451 691/843/451 690/845/451 488/846/451
f 488/846/452 690/845/452 689/847/452 487/848/452
f 487/848/453 689/847/453 688/849/453 486/850/453
f 486/850/454 688/849/454 687/851/454 485/852/454
f 485/852/455 687/851/455 686/853/455 484/854/455
f 484/854/456 686/853/456 685/855/456 483/856/456
f 483/856/457 685/855/457 684/857/457 482/858/457
f 482/858/458 684/857/458 683/859/458 481/860/458
f 481/860/459 683/859/459 682/861/459 480/862/459
f 480/862/460 682/861/460 681/863/460 479/864/460
f 479/864/461 681/863/461 680/865/461 478/866/461
f 478/866/462 680/865/462 679/867/462 477/868/462
f 477/868/463 679/867/463 678/869/463 476/870/463
f 476/870/464 678/869/464 677/871/464 475/872/464
f 475/872/465 677/871/465 676/873/465 474/874/465
f 474/874/466 676/873/466 675/875/466 473/876/466
f 473/876/467 675/875/467 674/877/467 472/878/467
f 472/878/468 674/877/468 673/879/468 471/880/468
f 471/880/469 673/879/469 672/881/469 470/882/469
f 470/882/470 672/881/470 671/883/470 469/884/470
f 469/884/471 671/883/471 670/885/471 468/886/471
f 468/886/472 670/885/472 669/887/472 467/888/472
f 467/888/473 669/887/473 668/889/473 466/890/473
f 466/890/474 668/889/474 667/891/474 465/892/474
f 465/892/475 667/891/475 666/893/475 464/894/475
f 464/894/476 666/893/476 665/895/476 463/896/476
f 463/896/477 665/895/477 664/897/477 462/898/477
f 462/898/478 664/897/478 663/899/478 461/900/478
f 461/900/479 663/899/479 662/901/479 460/902/479
f 460/902/480 662/901/480 661/903/480 459/904/480
f 459/904/481 661/903/481 660/905/481 458/906/481
f 458/906/482 660/905/482 659/907/482 457/908/482
f 457/908/483 659/907/483 658/909/483 456/910/483
f 456/911/484 658/912/484 657/913/484 455/611/484
f 455/611/485 657/913/485 656/914/485 454/612/485
f 454/612/486 656/914/486 655/915/486 453/613/486
f 453/613/487 655/915/487 654/916/487 452/614/487
f 452/614/488 654/916/488 653/917/488 451/615/488
f 451/615/489 653/917/489 652/918/489 450/616/489
f 450/616/490 652/918/490 651/919/490 449/617/490
f 449/617/491 651/919/491 650/920/491 448/618/491
f 448/618/492 650/920/492 649/921/492 447/619/492
f 447/619/493 649/921/493 648/922/493 446/620/493
f 446/620/494 648/922/494 647/923/494 445/621/494
f 445/621/495 647/923/495 646/924/495 444/622/495
f 444/622/496 646/924/496 645/925/496 443/623/496
f 443/623/497 645/925/497 644/926/497 442/624/497
f 442/624/498 644/926/498 643/927/498 441/625/498
f 441/625/499 643/927/499 642/928/499 440/626/499
f 440/626/500 642/928/500 641/929/500 439/627/500
f 439/627/501 641/929/501 640/930/501 438/628/501
f 438/628/502 640/930/502 639/931/502 437/629/502
f 437/629/503 639/931/503 638/932/503 436/630/503
f 436/630/504 638/932/504 637/933/504 435/631/504
f 435/631/505 637/933/505 636/934/505 434/632/505
f 434/632/506 636/934/506 635/935/506 433/633/506
f 433/633/507 635/935/507 634/936/507 432/634/507
f 432/634/508 634/936/508 633/937/508 431/635/508
f 431/635/509 633/937/509 632/938/509 430/636/509
f 430/636/510 632/938/510 631/939/510 429/637/510
f 429/637/511 631/939/511 630/940/511 428/638/511
f 428/638/512 630/940/512 629/941/512 427/639/512
f 427/639/513 629/941/513 628/942/513 426/640/513
f 426/640/514 628/942/514 627/943/514 425/641/514
f 425/641/515 627/943/515 626/944/515 424/642/515
f 424/642/516 626/944/516 625/945/516 423/643/516
f 423/643/517 625/945/517 624/946/517 422/644/517
f 422/644/518 624/946/518 623/947/518 421/645/518
f 421/645/519 623/947/519 622/948/519 420/646/519
f 420/646/520 622/948/520 621/949/520 419/647/520
f 419/647/521 621/949/521 620/950/521 418/648/521
f 418/648/522 620/950/522 619/951/522 417/649/522
f 417/649/523 619/951/523 618/952/523 416/650/523
f 416/650/524 618/952/524 617/953/524 415/651/524
f 415/651/525 617/953/525 616/954/525 414/652/525
f 414/652/526 616/954/526 615/955/526 413/653/526
f 413/653/527 615/955/527 614/956/527 412/654/527
f 412/654/528 614/956/528 613/957/528 411/655/528
f 411/655/529 613/957/529 612/958/529 410/656/529
f 410/656/530 612/958/530 611/959/530 409/657/530
f 409/657/531 611/959/531 610/960/531 408/658/531
f 408/658/532 610/960/532 609/961/532 407/659/532
f 407/659/533 609/961/533 607/962/533 405/660/533
f 709/7/534 507/6/534 606/662/534 808/963/534
f 808/963/535 606/662/535 605/964/535 807/965/535
f 807/965/536 605/964/536 604/966/536 806/967/536
f 806/967/537 604/966/537 603/968/537 805/969/537
f 805/969/538 603/968/538 602/970/538 804/971/538
f 804/971/539 602/970/539 601/972/539 803/973/539
f 803/973/540 601/972/540 600/974/540 802/975/540
f 802/975/541 600/974/541 599/976/541 801/977/541
f 801/977/542 599/976/542 598/978/542 800/979/542
f 800/979/543 598/978/543 597/980/543 799/981/543
f 799/981/544 597/980/544 596/982/544 798/983/544
f 798/983/545 596/982/545 595/984/545 797/985/545
f 797/985/546 595/984/546 594/986/546 796/987/546
f 796/987/547 594/986/547 593/988/547 795/989/547
f 795/989/548 593/988/548 592/990/548 794/991/548
f 794/991/549 592/990/549 591/992/549 793/993/549
f 793/993/550 591/992/550 590/994/550 792/995/550
f 792/995/551 590/994/551 589/996/551 791/997/551
f 791/997/552 589/996/552 588/998/552 790/999/552
f 790/999/553 588/998/553 587/1000/553 789/1001/553
f 789/1001/554 587/1000/554 586/1002/554 788/1003/554
f 788/1003/555 586/1002/555 585/1004/555 787/1005/555
f 787/1005/556 585/1004/556 584/1006/556 786/1007/556
f 786/1007/557 584/1006/557 583/1008/557 785/1009/557
f 785/1009/558 583/1008/558 582/1010/558 784/1011/558
f 784/1011/559 582/1010/559 581/1012/559 783/1013/559
f 783/1013/560 581/1012/560 580/1014/560 782/1015/560
f 782/1015/561 580/1014/561 579/1016/561 781/1017/561
f 781/1017/562 579/1016/562 578/1018/562 780/1019/562
f 780/1019/563 578/1018/563 577/1020/563 779/1021/563
f 779/1021/564 577/1020/564 576/1022/564 778/1023/564
f 778/1023/565 576/1022/565 575/1024/565 777/1025/565
f 777/1025/566 575/1024/566 574/1026/566 776/1027/566
f 776/1027/567 574/1026/567 573/1028/567 775/1029/567
f 775/1029/568 573/1028/568 572/1030/568 774/1031/568
f 774/1031/569 572/1030/569 571/1032/569 773/1033/569
f 773/1033/570 571/1032/570 570/1034/570 772/1035/570
f 772/1035/571 570/1034/571 569/1036/571 771/1037/571
f 771/1037/572 569/1036/572 568/1038/572 770/1039/572
f 770/1039/573 568/1038/573 567/1040/573 769/1041/573
f 769/1041/574 567/1040/574 566/1042/574 768/1043/574
f 768/1043/575 566/1042/575 565/1044/575 767/1045/575
f 767/1045/576 565/1044/576 564/1046/576 766/1047/576
f 766/1047/577 564/1046/577 563/1048/577 765/1049/577
f 765/1049/578 563/1048/578 562/1050/578 764/1051/578
f 764/1051/579 562/1050/579 561/1052/579 763/1053/579
f 763/1053/580 561/1052/580 560/1054/580 762/1055/580
f 762/1055/581 560/1054/581 559/1056/581 761/1057/581
f 761/1057/582 559/1056/582 558/1058/582 760/1059/582
f 760/1059/583 558/1058/583 557/1060/583 759/1061/583
f 759/1062/584 557/1063/584 556/763/584 758/1064/584
f 758/1064/585 556/763/585 555/764/585 757/1065/585
f 757/1065/586 555/764/586 554/765/586 756/1066/586
f 756/1066/587 554/765/587 553/766/587 755/1067/587
f 755/1067/588 553/766/588 552/767/588 754/1068/588
f 754/1068/589 552/767/589 551/768/589 753/1069/589
f 753/1069/590 551/768/590 550/769/590 752/1070/590
f 752/1070/591 550/769/591 549/770/591 751/1071/591
f 751/1071/592 549/770/592 548/771/592 750/1072/592
f 750/1072/593 548/771/593 547/772/593 749/1073/593
f 749/1073/594 547/772/594 546/773/594 748/1074/594
f 748/1074/595 546/773/595 545/774/595 747/1075/595
f 747/1075/596 545/774/596 544/775/596 746/1076/596
f 746/1076/597 544/775/597 543/776/597 745/1077/597
f 745/1077/598 543/776/598 542/777/598 744/1078/598
f 744/1078/599 542/777/599 541/778/599 743/1079/599
f 743/1079/600 541/778/600 540/779/600 742/1080/600
f 742/1080/601 540/779/601 539/780/601 741/1081/601
f 741/1081/602 539/780/602 538/781/602 740/1082/602
f 740/1082/603 538/781/603 537/782/603 739/1083/603
f 739/1083/604 537/782/604 536/783/604 738/1084/604
f 738/1084/605 536/783/605 535/784/605 737/1085/605
f 737/1085/606 535/784/606 534/785/606 736/1086/606
f 736/1086/607 534/785/607 533/786/607 735/1087/607
f 735/1087/608 533/786/608 532/787/608 734/1088/608
f 734/1088/609 532/787/609 531/788/609 733/1089/609
f 733/1089/610 531/788/610 530/789/610 732/1090/610
f 732/1090/611 530/789/611 529/790/611 731/1091/611
f 731/1091/612 529/790/612 528/791/612 730/1092/612
f 730/1092/613 528/791/613 527/792/613 729/1093/613
f 729/1093/614 527/792/614 526/793/614 728/1094/614
f 728/1094/615 526/793/615 525/794/615 727/1095/615
f 727/1095/616 525/794/616 524/795/616 726/1096/616
f 726/1096/617 524/795/617 523/796/617 725/1097/617
f 725/1097/618 523/796/618 522/797/618 724/1098/618
f 724/1098/619 522/797/619 521/798/619 723/1099/619
f 723/1099/620 521/798/620 520/799/620 722/1100/620
f 722/1100/621 520/799/621 519/800/621 721/1101/621
f 721/1101/622 519/800/622 518/801/622 720/1102/622
f 720/1102/623 518/801/623 517/802/623 719/1103/623
f 719/1103/624 517/802/624 516/803/624 718/1104/624
f 718/1104/625 516/803/625 515/804/625 717/1105/625
f 717/1105/626 515/804/626 514/805/626 716/1106/626
f 716/1106/627 514/805/627 513/806/627 715/1107/627
f 715/1107/628 513/806/628 512/807/628 714/1108/628
f 714/1108/629 512/807/629 511/808/629 713/1109/629
f 713/1109/630 511/808/630 510/809/630 712/1110/630
f 712/1110/631 510/809/631 509/810/631 711/1111/631
f 711/1111/632 509/810/632 508/811/632 710/1112/632
f 710/1112/633 508/811/633 506/104/633 708/103/633
f 608/8/634 810/10/634 909/1113/634 707/812/634
f 707/812/635 909/1113/635 908/1114/635 706/1115/635
f 706/1115/636 908/1114/636 907/1116/636 705/1117/636
f 705/1117/637 907/1116/637 906/1118/637 704/1119/637
f 704/1119/638 906/1118/638 905/1120/638 703/1121/638
f 703/1121/639 905/1120/639 904/1122/639 702/1123/639
f 702/1123/640 904/1122/640 903/1124/640 701/1125/640
f 701/1125/641 903/1124/641 902/1126/641 700/1127/641
f 700/1127/642 902/1126/642 901/1128/642 699/1129/642
f 699/1129/643 901/1128/643 900/1130/643 698/1131/643
f 698/1131/644 900/1130/644 899/1132/644 697/1133/644
f 697/1133/645 899/1132/645 898/1134/645 696/1135/645
f 696/1135/646 898/1134/646 897/1136/646 695/1137/646
f 695/1137/647 897/1136/647 896/1138/647 694/1139/647
f 694/1139/648 896/1138/648 895/1140/648 693/1141/648
f 693/1141/649 895/1140/649 894/1142/649 692/1143/649
f 692/1143/650 894/1142/650 893/1144/650 691/1145/650
f 691/1145/651 893/1144/651 892/1146/651 690/1147/651
f 690/1147/652 892/1146/652 891/1148/652 689/1149/652
f 689/1149/653 891/1148/653 890/1150/653 688/1151/653
f 688/1151/654 890/1150/654 889/1152/654 687/1153/654
f 687/1153/655 889/1152/655 888/1154/655 686/1155/655
f 686/1155/656 888/1154/656 887/1156/656 685/1157/656
f 685/1157/657 887/1156/657 886/1158/657 684/1159/657
f 684/1159/658 886/1158/658 885/1160/658 683/1161/658
f 683/1161/659 885/1160/659 884/1162/659 682/1163/659
f 682/1163/660 884/1162/660 883/1164/660 681/1165/660
f 681/1165/661 883/1164/661 882/1166/661 680/1167/661
f 680/1167/662 882/1166/662 881/1168/662 679/1169/662
f 679/1169/663 881/1168/663 880/1170/663 678/1171/663
f 678/1171/664 880/1170/664 879/1172/664 677/1173/664
f 677/1173/665 879/1172/665 878/1174/665 676/1175/665
f 676/1175/666 878/1174/666 877/1176/666 675/1177/666
f 675/1177/667 877/1176/667 876/1178/667 674/1179/667
f 674/1179/668 876/1178/668 875/1180/668 673/1181/668
f 673/1181/669 875/1180/669 874/1182/669 672/1183/669
f 672/1183/670 874/1182/670 873/1184/670 671/1185/670
f 671/1185/671 873/1184/671 872/1186/671 670/1187/671
f 670/1187/672 872/1186/672 871/1188/672 669/1189/672
f 669/1189/673 871/1188/673 870/1190/673 668/1191/673
f 668/1191/674 870/1190/674 869/1192/674 667/1193/674
f 667/1193/675 869/1192/675 868/1194/675 666/1195/675
f 666/1195/676 868/1194/676 867/1196/676 665/1197/676
f 665/1197/677 867/1196/677 866/1198/677 664/1199/677
f 664/1199/678 866/1198/678 865/1200/678 663/1201/678
f 663/1201/679 865/1200/679 864/1202/679 662/1203/679
f 662/1203/680 864/1202/680 863/1204/680 661/1205/680
f 661/1205/681 863/1204/681 862/1206/681 660/1207/681
f 660/1207/682 862/1206/682 861/1208/682 659/1209/682
f 659/1209/683 861/1208/683 860/1210/683 658/1211/683
f 658/1212/684 860/1213/684 859/1214/684 657/913/684
f 657/913/685 859/1214/685 858/1215/685 656/914/685
f 656/914/686 858/1215/686 857/1216/686 655/915/686
f 655/915/687 857/1216/687 856/1217/687 654/916/687
f 654/916/688 856/1217/688 855/1218/688 653/917/688
f 653/917/689 855/1218/689 854/1219/689 652/918/689
f 652/918/690 854/1219/690 853/1220/690 651/919/690
f 651/919/691 853/1220/691 852/1221/691 650/920/691
f 650/920/692 852/1221/692 851/1222/692 649/921/692
f 649/921/693 851/1222/693 850/1223/693 648/922/693
f 648/922/694 850/1223/694 849/1224/694 647/923/694
f 647/923/695 849/1224/695 848/1225/695 646/924/695
f 646/924/696 848/1225/696 847/1226/696 645/925/696
f 645/925/697 847/1226/697 846/1227/697 644/926/697
f 644/926/698 846/1227/698 845/1228/698 643/927/698
f 643/927/699 845/1228/699 844/1229/699 642/928/699
f 642/928/700 844/1229/700 843/1230/700 641/929/700
f 641/929/701 843/1230/701 842/1231/701 640/930/701
f 640/930/702 842/1231/702 841/1232/702 639/931/702
f 639/931/703 841/1232/703 840/1233/703 638/932/703
f 638/932/704 840/1233/704 839/1234/704 637/933/704
f 637/933/705 839/1234/705 838/1235/705 636/934/705
f 636/934/706 838/1235/706 837/1236/706 635/935/706
f 635/935/707 837/1236/707 836/1237/707 634/936/707
f 634/936/708 836/1237/708 835/1238/708 633/937/708
f 633/937/709 835/1238/709 834/1239/709 632/938/709
f 632/938/710 834/1239/710 833/1240/710 631/939/710
f 631/939/711 833/1240/711 832/1241/711 630/940/711
f 630/940/712 832/1241/712 831/1242/712 629/941/712
f 629/941/713 831/1242/713 830/1243/713 628/942/713
f 628/942/714 830/1243/714 829/1244/714 627/943/714
f 627/943/715 829/1244/715 828/1245/715 626/944/715
f 626/944/716 828/1245/716 827/1246/716 625/945/716
f 625/945/717 827/1246/717 826/1247/717 624/946/717
f 624/946/718 826/1247/718 825/1248/718 623/947/718
f 623/947/719 825/1248/719 824/1249/719 622/948/719
f 622/948/720 824/1249/720 823/1250/720 621/949/720
f 621/949/721 823/1250/721 822/1251/721 620/950/721
f 620/950/722 822/1251/722 821/1252/722 619/951/722
f 619/951/723 821/1252/723 820/1253/723 618/952/723
f 618/952/724 820/1253/724 819/1254/724 617/953/724
f 617/953/725 819/1254/725 818/1255/725 616/954/725
f 616/954/726 818/1255/726 817/1256/726 615/955/726
f 615/955/727 817/1256/727 816/1257/727 614/956/727
f 614/956/728 816/1257/728 815/1258/728 613/957/728
f 613/957/729 815/1258/729 814/1259/729 612/958/729
f 612/958/730 814/1259/730 813/1260/730 611/959/730
f 611/959/731 813/1260/731 812/1261/731 610/960/731
f 610/960/732 812/1261/732 811/1262/732 609/961/732
f 609/961/733 811/1262/733 809/1263/733 607/962/733
f 911/9/734 709/7/734 808/1264/734 1010/1265/734
f 1010/1265/735 808/1264/735 807/1266/735 1009/1267/735
f 1009/1267/736 807/1266/736 806/1268/736 1008/1269/736
f 1008/1269/737 806/1268/737 805/1270/737 1007/1271/737
f 1007/1271/738 805/1270/738 804/1272/738 1006/1273/738
f 1006/1273/739 804/1272/739 803/1274/739 1005/1275/739
f 1005/1275/740 803/1274/740 802/1276/740 1004/1277/740
f 1004/1277/741 802/1276/741 801/1278/741 1003/1279/741
f 1003/1279/742 801/1278/742 800/1280/742 1002/1281/742
f 1002/1281/743 800/1280/743 799/1282/743 1001/1283/743
f 1001/1283/744 799/1282/744 798/1284/744 1000/1285/744
f 1000/1285/745 798/1284/745 797/1286/745 999/1287/745
f 999/1287/746 797/1286/746 796/1288/746 998/1289/746
f 998/1289/747 796/1288/747 795/1290/747 997/1291/747
f 997/1291/748 795/1290/748 794/1292/748 996/1293/748
f 996/1293/749 794/1292/749 793/1294/749 995/1295/749
f 995/1295/750 793/1294/750 792/1296/750 994/1297/750
f 994/1297/751 792/1296/751 791/1298/751 993/1299/751
f 993/1299/752 791/1298/752 790/1300/752 992/1301/752
f 992/1301/753 790/1300/753 789/1302/753 991/1303/753
f 991/1303/754 789/1302/754 788/1304/754 990/1305/754
f 990/1305/755 788/1304/755 787/1306/755 989/1307/755
f 989/1307/756 787/1306/756 786/1308/756 988/1309/756
f 988/1309/757 786/1308/757 785/1310/757 987/1311/757
f 987/1311/758 785/1310/758 784/1312/758 986/1313/758
f 986/1313/759 784/1312/759 783/1314/759 985/1315/759
f 985/1315/760 783/1314/760 782/1316/760 984/1317/760
f 984/1317/761 782/1316/761 781/1318/761 983/1319/761
f 983/1319/762 781/1318/762 780/1320/762 982/1321/762
f 982/1321/763 780/1320/763 779/1322/763 981/1323/763
f 981/1323/764 779/1322/764 778/1324/764 980/1325/764
f 980/1325/765 778/1324/765 777/1326/765 979/1327/765
f 979/1327/766 777/1326/766 776/1328/766 978/1329/766
f 978/1329/767 776/1328/767 775/1330/767 977/1331/767
f 977/1331/768 775/1330/768 774/1332/768 976/1333/768
f 976/1333/769 774/1332/769 773/1334/769 975/1335/769
f 975/1335/770 773/1334/770 772/1336/770 974/1337/770
f 974/1337/771 772/1336/771 771/1338/771 973/1339/771
f 973/1339/772 771/1338/772 770/1340/772 972/1341/772
f 972/1341/773 770/1340/773 769/1342/773 971/1343/773
f 971/1343/774 769/1342/774 768/1344/774 970/1345/774
f 970/1345/775 768/1344/775 767/1346/775 969/1347/775
f 969/1347/776 767/1346/776 766/1348/776 968/1349/776
f 968/1349/777 766/1348/777 765/1350/777 967/1351/777
f 967/1351/778 765/1350/778 764/1352/778 966/1353/778
f 966/1353/779 764/1352/779 763/1354/779 965/1355/779
f 965/1355/780 763/1354/780 762/1356/780 964/1357/780
f 964/1357/781 762/1356/781 761/1358/781 963/1359/781
f 963/1359/782 761/1358/782 760/1360/782 962/1361/782
f 962/1361/783 760/1360/783 759/1362/783 961/1363/783
f 961/1364/784 759/1365/784 758/1064/784 960/1366/784
f 960/1366/785 758/1064/785 757/1065/785 959/1367/785
f 959/1367/786 757/1065/786 756/1066/786 958/1368/786
f 958/1368/787 756/1066/787 755/1067/787 957/1369/787
f 957/1369/788 755/1067/788 754/1068/788 956/1370/788
f 956/1370/789 754/1068/789 753/1069/789 955/1371/789
f 955/1371/790 753/1069/790 752/1070/790 954/1372/790
f 954/1372/791 752/1070/791 751/1071/791 953/1373/791
f 953/1373/792 751/1071/792 750/1072/792 952/1374/792
f 952/1374/793 750/1072/793 749/1073/793 951/1375/793
f 951/1375/794 749/1073/794 748/1074/794 950/1376/794
f 950/1376/795 748/1074/795 747/1075/795 949/1377/795
f 949/1377/796 747/1075/796 746/1076/796 948/1378/796
f 948/1378/797 746/1076/797 745/1077/797 947/1379/797
f 947/1379/798 745/1077/798 744/1078/798 946/1380/798
f 946/1380/799 744/1078/799 743/1079/799 945/1381/799
f 945/1381/800 743/1079/800 742/1080/800 944/1382/800
f 944/1382/801 742/1080/801 741/1081/801 943/1383/801
f 943/1383/802 741/1081/802 740/1082/802 942/1384/802
f 942/1384/803 740/1082/803 739/1083/803 941/1385/803
f 941/1385/804 739/1083/804 738/1084/804 940/1386/804
f 940/1386/805 738/1084/805 737/1085/805 939/1387/805
f 939/1387/806 737/1085/806 736/1086/806 938/1388/806
f 938/1388/807 736/1086/807 735/1087/807 937/1389/807
f 937/1389/808 735/1087/808 734/1088/808 936/1390/808
f 936/1390/809 734/1088/809 733/1089/809 935/1391/809
f 935/1391/810 733/1089/810 732/1090/810 934/1392/810
f 934/1392/811 732/1090/811 731/1091/811 933/1393/811
f 933/1393/812 731/1091/812 730/1092/812 932/1394/812
f 932/1394/813 730/1092/813 729/1093/813 931/1395/813
f 931/1395/814 729/1093/814 728/1094/814 930/1396/814
f 930/1396/815 728/1094/815 727/1095/815 929/1397/815
f 929/1397/816 727/1095/816 726/1096/816 928/1398/816
f 928/1398/817 726/1096/817 725/1097/817 927/1399/817
f 927/1399/818 725/1097/818 724/1098/818 926/1400/818
f 926/1400/819 724/1098/819 723/1099/819 925/1401/819
f 925/1401/820 723/1099/820 722/1100/820 924/1402/820
f 924/1402/821 722/1100/821 721/1101/821 923/1403/821
f 923/1403/822 721/1101/822 720/1102/822 922/1404/822
f 922/1404/823 720/1102/823 719/1103/823 921/1405/823
f 921/1405/824 719/1103/824 718/1104/824 920/1406/824
f 920/1406/825 718/1104/825 717/1105/825 919/1407/825
f 919/1407/826 717/1105/826 716/1106/826 918/1408/826
f 918/1408/827 716/1106/827 715/1107/827 917/1409/827
f 917/1409/828 715/1107/828 714/1108/828 916/1410/828
f 916/1410/829 714/1108/829 713/1109/829 915/1411/829
f 915/1411/830 713/1109/830 712/1110/830 914/1412/830
f 914/1412/831 712/1110/831 711/1111/831 913/1413/831
f 913/1413/832 711/1111/832 710/1112/832 912/1414/832
f 912/1414/833 710/1112/833 708/103/833 910/102/833
f 810/10/834 1012/13/834 1111/1415/834 909/1113/834
f 909/1113/835 1111/1415/835 1110/1416/835 908/1417/835
f 908/1417/836 1110/1416/836 1109/1418/836 907/1419/836
f 907/1419/837 1109/1418/837 1108/1420/837 906/1421/837
f 906/1421/838 1108/1420/838 1107/1422/838 905/1423/838
f 905/1423/839 1107/1422/839 1106/1424/839 904/1425/839
f 904/1425/840 1106/1424/840 1105/1426/840 903/1427/840
f 903/1427/841 1105/1426/841 1104/1428/841 902/1429/841
f 902/1429/842 1104/1428/842 1103/1430/842 901/1431/842
f 901/1431/843 1103/1430/843 1102/1432/843 900/1433/843
f 900/1433/844 1102/1432/844 1101/1434/844 899/1435/844
f 899/1435/845 1101/1434/845 1100/1436/845 898/1437/845
f 898/1437/846 1100/1436/846 1099/1438/846 897/1439/846
f 897/1439/847 1099/1438/847 1098/1440/847 896/1441/847
f 896/1441/848 1098/1440/848 1097/1442/848 895/1443/848
f 895/1443/849 1097/1442/849 1096/1444/849 894/1445/849
f 894/1445/850 1096/1444/850 1095/1446/850 893/1447/850
f 893/1447/851 1095/1446/851 1094/1448/851 892/1449/851
f 892/1449/852 1094/1448/852 1093/1450/852 891/1451/852
f 891/1451/853 1093/1450/853 1092/1452/853 890/1453/853
f 890/1453/854 1092/1452/854 1091/1454/854 889/1455/854
f 889/1455/855 1091/1454/855 1090/1456/855 888/1457/855
f 888/1457/856 1090/1456/856 1089/1458/856 887/1459/856
f 887/1459/857 1089/1458/857 1088/1460/857 886/1461/857
f 886/1461/858 1088/1460/858 1087/1462/858 885/1463/858
f 885/1463/859 1087/1462/859 1086/1464/859 884/1465/859
f 884/1465/860 1086/1464/860 1085/1466/860 883/1467/860
f 883/1467/861 1085/1466/861 1084/1468/861 882/1469/861
f 882/1469/862 1084/1468/862 1083/1470/862 881/1471/862
f 881/1471/863 1083/1470/863 1082/1472/863 880/1473/863
f 880/1473/864 1082/1472/864 1081/1474/864 879/1475/864
f 879/1475/865 1081/1474/865 1080/1476/865 878/1477/865
f 878/1477/866 1080/1476/866 1079/1478/866 877/1479/866
f 877/1479/867 1079/1478/867 1078/1480/867 876/1481/867
f 876/1481/868 1078/1480/868 1077/1482/868 875/1483/868
f 875/1483/869 1077/1482/869 1076/1484/869 874/1485/869
f 874/1485/870 1076/1484/870 1075/1486/870 873/1487/870
f 873/1487/871 1075/1486/871 1074/1488/871 872/1489/871
f 872/1489/872 1074/1488/872 1073/1490/872 871/1491/872
f 871/1491/873 1073/1490/873 1072/1492/873 870/1493/873
f 870/1493/874 1072/1492/874 1071/1494/874 869/1495/874
f 869/1495/875 1071/1494/875 1070/1496/875 868/1497/875
f 868/1497/876 1070/1496/876 1069/1498/876 867/1499/876
f 867/1499/877 1069/1498/877 1068/1500/877 866/1501/877
f 866/1501/878 1068/1500/878 1067/1502/878 865/1503/878
f 865/1503/879 1067/1502/879 1066/1504/879 864/1505/879
f 864/1505/880 1066/1504/880 1065/1506/880 863/1507/880
f 863/1507/881 1065/1506/881 1064/1508/881 862/1509/881
f 862/1509/882 1064/1508/882 1063/1510/882 861/1511/882
f 861/1511/883 1063/1510/883 1062/1512/883 860/1513/883
f 860/1514/884 1062/1515/884 1061/1516/884 859/1214/884
f 859/1214/885 1061/1516/885 1060/1517/885 858/1215/885
f 858/1215/886 1060/1517/886 1059/1518/886 857/1216/886
f 857/1216/887 1059/1518/887 1058/1519/887 856/1217/887
f 856/1217/888 1058/1519/888 1057/1520/888 855/1218/888
f 855/1218/889 1057/1520/889 1056/1521/889 854/1219/889
f 854/1219/890 1056/1521/890 1055/1522/890 853/1220/890
f 853/1220/891 1055/1522/891 1054/1523/891 852/1221/891
f 852/1221/892 1054/1523/892 1053/1524/892 851/1222/892
f 851/1222/893 1053/1524/893 1052/1525/893 850/1223/893
f 850/1223/894 1052/1525/894 1051/1526/894 849/1224/894
f 849/1224/895 1051/1526/895 1050/1527/895 848/1225/895
f 848/1225/896 1050/1527/896 1049/1528/896 847/1226/896
f 847/1226/897 1049/1528/897 1048/1529/897 846/1227/897
f 846/1227/898 1048/1529/898 1047/1530/898 845/1228/898
f 845/1228/899 1047/1530/899 1046/1531/899 844/1229/899
f 844/1229/900 1046/1531/900 1045/1532/900 843/1230/900
f 843/1230/901 1045/1532/901 1044/1533/901 842/1231/901
f 842/1231/902 1044/1533/902 1043/1534/902 841/1232/902
f 841/1232/903 1043/1534/903 1042/1535/903 840/1233/903
f 840/1233/904 1042/1535/904 1041/1536/904 839/1234/904
f 839/1234/905 1041/1536/905 1040/1537/905 838/1235/905
f 838/1235/906 1040/1537/906 1039/1538/906 837/1236/906
f 837/1236/907 1039/1538/907 1038/1539/907 836/1237/907
f 836/1237/908 1038/1539/908 1037/1540/908 835/1238/908
f 835/1238/909 1037/1540/909 1036/1541/909 834/1239/909
f 834/1239/910 1036/1541/910 1035/1542/910 833/1240/910
f 833/1240/911 1035/1542/911 1034/1543/911 832/1241/911
f 832/1241/912 1034/1543/912 1033/1544/912 831/1242/912
f 831/1242/913 1033/1544/913 1032/1545/913 830/1243/913
f 830/1243/914 1032/1545/914 1031/1546/914 829/1244/914
f 829/1244/915 1031/1546/915 1030/1547/915 828/1245/915
f 828/1245/916 1030/1547/916 1029/1548/916 827/1246/916
f 827/1246/917 1029/1548/917 1028/1549/917 826/1247/917
f 826/1247/918 1028/1549/918 1027/1550/918 825/1248/918
f 825/1248/919 1027/1550/919 1026/1551/919 824/1249/919
f 824/1249/920 1026/1551/920 1025/1552/920 823/1250/920
f 823/1250/921 1025/1552/921 1024/1553/921 822/1251/921
f 822/1251/922 1024/1553/922 1023/1554/922 821/1252/922
f 821/1252/923 1023/1554/923 1022/1555/923 820/1253/923
f 820/1253/924 1022/1555/924 1021/1556/924 819/1254/924
f 819/1254/925 1021/1556/925 1020/1557/925 818/1255/925
f 818/1255/926 1020/1557/926 1019/1558/926 817/1256/926
f 817/1256/927 1019/1558/927 1018/1559/927 816/1257/927
f 816/1257/928 1018/1559/928 1017/1560/928 815/1258/928
f 815/1258/929 1017/1560/929 1016/1561/929 814/1259/929
f 814/1259/930 1016/1561/930 1015/1562/930 813/1260/930
f 813/1260/931 1015/1562/931 1014/1563/931 812/1261/931
f 812/1261/932 1014/1563/932 1013/1564/932 811/1262/932
f 811/1262/933 1013/1564/933 1011/1565/933 809/1263/933
f 1113/12/934 911/11/934 1010/1265/934 1212/1566/934
f 1212/1566/935 1010/1265/935 1009/1567/935 1211/1568/935
f 1211/1568/936 1009/1567/936 1008/1569/936 1210/1570/936
f 1210/1570/937 1008/1569/937 1007/1571/937 1209/1572/937
f 1209/1572/938 1007/1571/938 1006/1573/938 1208/1574/938
f 1208/1574/939 1006/1573/939 1005/1575/939 1207/1576/939
f 1207/1576/940 1005/1575/940 1004/1577/940 1206/1578/940
f 1206/1578/941 1004/1577/941 1003/1579/941 1205/1580/941
f 1205/1580/942 1003/1579/942 1002/1581/942 1204/1582/942
f 1204/1582/943 1002/1581/943 1001/1583/943 1203/1584/943
f 1203/1584/944 1001/1583/944 1000/1585/944 1202/1586/944
f 1202/1586/945 1000/1585/945 999/1587/945 1201/1588/945
f 1201/1588/946 999/1587/946 998/1589/946 1200/1590/946
f 1200/1590/947 998/1589/947 997/1591/947 1199/1592/947
f 1199/1592/948 997/1591/948 996/1593/948 1198/1594/948
f 1198/1594/949 996/1593/949 995/1595/949 1197/1596/949
f 1197/1596/950 995/1595/950 994/1597/950 1196/1598/950
f 1196/1598/951 994/1597/951 993/1599/951 1195/1600/951
f 1195/1600/952 993/1599/952 992/1601/952 1194/1602/952
f 1194/1602/953 992/1601/953 991/1603/953 1193/1604/953
f 1193/1604/954 991/1603/954 990/1605/954 1192/1606/954
f 1192/1606/955 990/1605/955 989/1607/955 1191/1608/955
f 1191/1608/956 989/1607/956 988/1609/956 1190/1610/956
f 1190/1610/957 988/1609/957 987/1611/957 1189/1612/957
f 1189/1612/958 987/1611/958 986/1613/958 1188/1614/958
f 1188/1614/959 986/1613/959 985/1615/959 1187/1616/959
f 1187/1616/960 985/1615/960 984/1617/960 1186/1618/960
f 1186/1618/961 984/1617/961 983/1619/961 1185/1620/961
f 1185/1620/962 983/1619/962 982/1621/962 1184/1622/962
f 1184/1622/963 982/1621/963 981/1623/963 1183/1624/963
f 1183/1624/964 981/1623/964 980/1625/964 1182/1626/964
f 1182/1626/965 980/1625/965 979/1627/965 1181/1628/965
f 1181/1628/966 979/1627/966 978/1629/966 1180/1630/966
f 1180/1630/967 978/1629/967 977/1631/967 1179/1632/967
f 1179/1632/968 977/1631/968 976/1633/968 1178/1634/968
f 1178/1634/969 976/1633/969 975/1635/969 1177/1636/969
f 1177/1636/970 975/1635/970 974/1637/970 1176/1638/970
f 1176/1638/971 974/1637/971 973/1639/971 1175/1640/971
f 1175/1640/972 973/1639/972 972/1641/972 1174/1642/972
f 1174/1642/973 972/1641/973 971/1643/973 1173/1644/973
f 1173/1644/974 971/1643/974 970/1645/974 1172/1646/974
f 1172/1646/975 970/1645/975 969/1647/975 1171/1648/975
f 1171/1648/976 969/1647/976 968/1649/976 1170/1650/976
f 1170/1650/977 968/1649/977 967/1651/977 1169/1652/977
f 1169/1652/978 967/1651/978 966/1653/978 1168/1654/978
f 1168/1654/979 966/1653/979 965/1655/979 1167/1656/979
f 1167/1656/980 965/1655/980 964/1657/980 1166/1658/980
f 1166/1658/981 964/1657/981 963/1659/981 1165/1660/981
f 1165/1660/982 963/1659/982 962/1661/982 1164/1662/982
f 1164/1662/983 962/1661/983 961/1663/983 1163/1664/983
f 1163/1665/984 961/1666/984 960/1366/984 1162/1667/984
f 1162/1667/985 960/1366/985 959/1367/985 1161/1668/985
f 1161/1668/986 959/1367/986 958/1368/986 1160/1669/986
f 1160/1669/987 958/1368/987 957/1369/987 1159/1670/987
f 1159/1670/988 957/1369/988 956/1370/988 1158/1671/988
f 1158/1671/989 956/1370/989 955/1371/989 1157/1672/989
f 1157/1672/990 955/1371/990 954/1372/990 1156/1673/990
f 1156/1673/991 954/1372/991 953/1373/991 1155/1674/991
f 1155/1674/992 953/1373/992 952/1374/992 1154/1675/992
f 1154/1675/993 952/1374/993 951/1375/993 1153/1676/993
f 1153/1676/994 951/1375/994 950/1376/994 1152/1677/994
f 1152/1677/995 950/1376/995 949/1377/995 1151/1678/995
f 1151/1678/996 949/1377/996 948/1378/996 1150/1679/996
f 1150/1679/997 948/1378/997 947/1379/997 1149/1680/997
f 1149/1680/998 947/1379/998 946/1380/998 1148/1681/998
f 1148/1681/999 946/1380/999 945/1381/999 1147/1682/999
f 1147/1682/1000 945/1381/1000 944/1382/1000 1146/1683/1000
f 1146/1683/1001 944/1382/1001 943/1383/1001 1145/1684/1001
f 1145/1684/1002 943/1383/1002 942/1384/1002 1144/1685/1002
f 1144/1685/1003 942/1384/1003 941/1385/1003 1143/1686/1003
f 1143/1686/1004 941/1385/1004 940/1386/1004 1142/1687/1004
f 1142/1687/1005 940/1386/1005 939/1387/1005 1141/1688/1005
f 1141/1688/1006 939/1387/1006 938/1388/1006 1140/1689/1006
f 1140/1689/1007 938/1388/1007 937/1389/1007 1139/1690/1007
f 1139/1690/1008 937/1389/1008 936/1390/1008 1138/1691/1008
f 1138/1691/1009 936/1390/1009 935/1391/1009 1137/1692/1009
f 1137/1692/1010 935/1391/1010 934/1392/1010 1136/1693/1010
f 1136/1693/1011 934/1392/1011 933/1393/1011 1135/1694/1011
f 1135/1694/1012 933/1393/1012 932/1394/1012 1134/1695/1012
f 1134/1695/1013 932/1394/1013 931/1395/1013 1133/1696/1013
f 1133/1696/1014 931/1395/1014 930/1396/1014 1132/1697/1014
f 1132/1697/1015 930/1396/1015 929/1397/1015 1131/1698/1015
f 1131/1698/1016 929/1397/1016 928/1398/1016 1130/1699/1016
f 1130/1699/1017 928/1398/1017 927/1399/1017 1129/1700/1017
f 1129/1700/1018 927/1399/1018 926/1400/1018 1128/1701/1018
f 1128/1701/1019 926/1400/1019 925/1401/1019 1127/1702/1019
f 1127/1702/1020 925/1401/1020 924/1402/1020 1126/1703/1020
f 1126/1703/1021 924/1402/1021 923/1403/1021 1125/1704/1021
f 1125/1704/1022 923/1403/1022 922/1404/1022 1124/1705/1022
f 1124/1705/1023 922/1404/1023 921/1405/1023 1123/1706/1023
f 1123/1706/1024 921/1405/1024 920/1406/1024 1122/1707/1024
f 1122/1707/1025 920/1406/1025 919/1407/1025 1121/1708/1025
f 1121/1708/1026 919/1407/1026 918/1408/1026 1120/1709/1026
f 1120/1709/1027 918/1408/1027 917/1409/1027 1119/1710/1027
f 1119/1710/1028 917/1409/1028 916/1410/1028 1118/1711/1028
f 1118/1711/1029 916/1410/1029 915/1411/1029 1117/1712/1029
f 1117/1712/1030 915/1411/1030 914/1412/1030 1116/1713/1030
f 1116/1713/1031 914/1412/1031 913/1413/1031 1115/1714/1031
f 1115/1714/1032 913/1413/1032 912/1414/1032 1114/1715/1032
f 1114/1715/1033 912/1414/1033 910/102/1033 1112/101/1033
f 1012/13/1034 1214/16/1034 1313/1716/1034 1111/1415/1034
f 1111/1415/1035 1313/1716/1035 1312/1717/1035 1110/1718/1035
f 1110/1718/1036 1312/1717/1036 1311/1719/1036 1109/1720/1036
f 1109/1720/1037 1311/1719/1037 1310/1721/1037 1108/1722/1037
f 1108/1722/1038 1310/1721/1038 1309/1723/1038 1107/1724/1038
f 1107/1724/1039 1309/1723/1039 1308/1725/1039 1106/1726/1039
f 1106/1726/1040 1308/1725/1040 1307/1727/1040 1105/1728/1040
f 1105/1728/1041 1307/1727/1041 1306/1729/1041 1104/1730/1041
f 1104/1730/1042 1306/1729/1042 1305/1731/1042 1103/1732/1042
f 1103/1732/1043 1305/1731/1043 1304/1733/1043 1102/1734/1043
f 1102/1734/1044 1304/1733/1044 1303/1735/1044 1101/1736/1044
f 1101/1736/1045 1303/1735/1045 1302/1737/1045 1100/1738/1045
f 1100/1738/1046 1302/1737/1046 1301/1739/1046 1099/1740/1046
f 1099/1740/1047 1301/1739/1047 1300/1741/1047 1098/1742/1047
f 1098/1742/1048 1300/1741/1048 1299/1743/1048 1097/1744/1048
f 1097/1744/1049 1299/1743/1049 1298/1745/1049 1096/1746/1049
f 1096/1746/1050 1298/1745/1050 1297/1747/1050 1095/1748/1050
f 1095/1748/1051 1297/1747/1051 1296/1749/1051 1094/1750/1051
f 1094/1750/1052 1296/1749/1052 1295/1751/1052 1093/1752/1052
f 1093/1752/1053 1295/1751/1053 1294/1753/1053 1092/1754/1053
f 1092/1754/1054 1294/1753/1054 1293/1755/1054 1091/1756/1054
f 1091/1756/1055 1293/1755/1055 1292/1757/1055 1090/1758/1055
f 1090/1758/1056 1292/1757/1056 1291/1759/1056 1089/1760/1056
f 1089/1760/1057 1291/1759/1057 1290/1761/1057 1088/1762/1057
f 1088/1762/1058 1290/1761/1058 1289/1763/1058 1087/1764/1058
f 1087/1764/1059 1289/1763/1059 1288/1765/1059 1086/1766/1059
f 1086/1766/1060 1288/1765/1060 1287/1767/1060 1085/1768/1060
f 1085/1768/1061 1287/1767/1061 1286/1769/1061 1084/1770/1061
f 1084/1770/1062 1286/1769/1062 1285/1771/1062 1083/1772/1062
f 1083/1772/1063 1285/1771/1063 1284/1773/1063 1082/1774/1063
f 1082/1774/1064 1284/1773/1064 1283/1775/1064 1081/1776/1064
f 1081/1776/1065 1283/1775/1065 1282/1777/1065 1080/1778/1065
f 1080/1778/1066 1282/1777/1066 1281/1779/1066 1079/1780/1066
f 1079/1780/1067 1281/1779/1067 1280/1781/1067 1078/1782/1067
f 1078/1782/1068 1280/1781/1068 1279/1783/1068 1077/1784/1068
f 1077/1784/1069 1279/1783/1069 1278/1785/1069 1076/1786/1069
f 1076/1786/1070 1278/1785/1070 1277/1787/1070 1075/1788/1070
f 1075/1788/1071 1277/1787/1071 1276/1789/1071 1074/1790/1071
f 1074/1790/1072 1276/1789/1072 1275/1791/1072 1073/1792/1072
f 1073/1792/1073 1275/1791/1073 1274/1793/1073 1072/1794/1073
f 1072/1794/1074 1274/1793/1074 1273/1795/1074 1071/1796/1074
f 1071/1796/1075 1273/1795/1075 1272/1797/1075 1070/1798/1075
f 1070/1798/1076 1272/1797/1076 1271/1799/1076 1069/1800/1076
f 1069/1800/1077 1271/1799/1077 1270/1801/1077 1068/1802/1077
f 1068/1802/1078 1270/1801/1078 1269/1803/1078 1067/1804/1078
f 1067/1804/1079 1269/1803/1079 1268/1805/1079 1066/1806/1079
f 1066/1806/1080 1268/1805/1080 1267/1807/1080 1065/1808/1080
f 1065/1808/1081 1267/1807/1081 1266/1809/1081 1064/1810/1081
f 1064/1810/1082 1266/1809/1082 1265/1811/1082 1063/1812/1082
f 1063/1812/1083 1265/1811/1083 1264/1813/1083 1062/1814/1083
f 1062/1815/1084 1264/1816/1084 1263/1817/1084 1061/1516/1084
f 1061/1516/1085 1263/1817/1085 1262/1818/1085 1060/1517/1085
f 1060/1517/1086 1262/1818/1086 1261/1819/1086 1059/1518/1086
f 1059/1518/1087 1261/1819/1087 1260/1820/1087 1058/1519/1087
f 1058/1519/1088 1260/1820/1088 1259/1821/1088 1057/1520/1088
f 1057/1520/1089 1259/1821/1089 1258/1822/1089 1056/1521/1089
f 1056/1521/1090 1258/1822/1090 1257/1823/1090 1055/1522/1090
f 1055/1522/1091 1257/1823/1091 1256/1824/1091 1054/1523/1091
f 1054/1523/1092 1256/1824/1092 1255/1825/1092 1053/1524/1092
f 1053/1524/1093 1255/1825/1093 1254/1826/1093 1052/1525/1093
f 1052/1525/1094 1254/1826/1094 1253/1827/1094 1051/1526/1094
f 1051/1526/1095 1253/1827/1095 1252/1828/1095 1050/1527/1095
f 1050/1527/1096 1252/1828/1096 1251/1829/1096 1049/1528/1096
f 1049/1528/1097 1251/1829/1097 1250/1830/1097 1048/1529/1097
f 1048/1529/1098 1250/1830/1098 1249/1831/1098 1047/1530/1098
f 1047/1530/1099 1249/1831/1099 1248/1832/1099 1046/1531/1099
f 1046/1531/1100 1248/1832/1100 1247/1833/1100 1045/1532/1100
f 1045/1532/1101 1247/1833/1101 1246/1834/1101 1044/1533/1101
f 1044/1533/1102 1246/1834/1102 1245/1835/1102 1043/1534/1102
f 1043/1534/1103 1245/1835/1103 1244/1836/1103 1042/1535/1103
f 1042/1535/1104 1244/1836/1104 1243/1837/1104 1041/1536/1104
f 1041/1536/1105 1243/1837/1105 1242/1838/1105 1040/1537/1105
f 1040/1537/1106 1242/1838/1106 1241/1839/1106 1039/1538/1106
f 1039/1538/1107 1241/1839/1107 1240/1840/1107 1038/1539/1107
f 1038/1539/1108 1240/1840/1108 1239/1841/1108 1037/1540/1108
f 1037/1540/1109 1239/1841/1109 1238/1842/1109 1036/1541/1109
f 1036/1541/1110 1238/1842/1110 1237/1843/1110 1035/1542/1110
f 1035/1542/1111 1237/1843/1111 1236/1844/1111 1034/1543/1111
f 1034/1543/1112 1236/1844/1112 1235/1845/1112 1033/1544/1112
f 1033/1544/1113 1235/1845/1113 1234/1846/1113 1032/1545/1113
f 1032/1545/1114 1234/1846/1114 1233/1847/1114 1031/1546/1114
f 1031/1546/1115 1233/1847/1115 1232/1848/1115 1030/1547/1115
f 1030/1547/1116 1232/1848/1116 1231/1849/1116 1029/1548/1116
f 1029/1548/1117 1231/1849/1117 1230/1850/1117 1028/1549/1117
f 1028/1549/1118 1230/1850/1118 1229/1851/1118 1027/1550/1118
f 1027/1550/1119 1229/1851/1119 1228/1852/1119 1026/1551/1119
f 1026/1551/1120 1228/1852/1120 1227/1853/1120 1025/1552/1120
f 1025/1552/1121 1227/1853/1121 1226/1854/1121 1024/1553/1121
f 1024/1553/1122 1226/1854/1122 1225/1855/1122 1023/1554/1122
f 1023/1554/1123 1225/1855/1123 1224/1856/1123 1022/1555/1123
f 1022/1555/1124 1224/1856/1124 1223/1857/1124 1021/1556/1124
f 1021/1556/1125 1223/1857/1125 1222/1858/1125 1020/1557/1125
f 1020/1557/1126 1222/1858/1126 1221/1859/1126 1019/1558/1126
f 1019/1558/1127 1221/1859/1127 1220/1860/1127 1018/1559/1127
f 1018/1559/1128 1220/1860/1128 1219/1861/1128 1017/1560/1128
f 1017/1560/1129 1219/1861/1129 1218/1862/1129 1016/1561/1129
f 1016/1561/1130 1218/1862/1130 1217/1863/1130 1015/1562/1130
f 1015/1562/1131 1217/1863/1131 1216/1864/1131 1014/1563/1131
f 1014/1563/1132 1216/1864/1132 1215/1865/1132 1013/1564/1132
f 1013/1564/1133 1215/1865/1133 1213/1866/1133 1011/1565/1133
f 1315/15/1134 1113/14/1134 1212/1566/1134 1414/1867/1134
f 1414/1867/1135 1212/1566/1135 1211/1868/1135 1413/1869/1135
f 1413/1869/1136 1211/1868/1136 1210/1870/1136 1412/1871/1136
f 1412/1871/1137 1210/1870/1137 1209/1872/1137 1411/1873/1137
f 1411/1873/1138 1209/1872/1138 1208/1874/1138 1410/1875/1138
f 1410/1875/1139 1208/1874/1139 1207/1876/1139 1409/1877/1139
f 1409/1877/1140 1207/1876/1140 1206/1878/1140 1408/1879/1140
f 1408/1879/1141 1206/1878/1141 1205/1880/1141 1407/1881/1141
f 1407/1881/1142 1205/1880/1142 1204/1882/1142 1406/1883/1142
f 1406/1883/1143 1204/1882/1143 1203/1884/1143 1405/1885/1143
f 1405/1885/1144 1203/1884/1144 1202/1886/1144 1404/1887/1144
f 1404/1887/1145 1202/1886/1145 1201/1888/1145 1403/1889/1145
f 1403/1889/1146 1201/1888/1146 1200/1890/1146 1402/1891/1146
f 1402/1891/1147 1200/1890/1147 1199/1892/1147 1401/1893/1147
f 1401/1893/1148 1199/1892/1148 1198/1894/1148 1400/1895/1148
f 1400/1895/1149 1198/1894/1149 1197/1896/1149 1399/1897/1149
f 1399/1897/1150 1197/1896/1150 1196/1898/1150 1398/1899/1150
f 1398/1899/1151 1196/1898/1151 1195/1900/1151 1397/1901/1151
f 1397/1901/1152 1195/1900/1152 1194/1902/1152 1396/1903/1152
f 1396/1903/1153 1194/1902/1153 1193/1904/1153 1395/1905/1153
f 1395/1905/1154 1193/1904/1154 1192/1906/1154 1394/1907/1154
f 1394/1907/1155 1192/1906/1155 1191/1908/1155 1393/1909/1155
f 1393/1909/1156 1191/1908/1156 1190/1910/1156 1392/1911/1156
f 1392/1911/1157 1190/1910/1157 1189/1912/1157 1391/1913/1157
f 1391/1913/1158 1189/1912/1158 1188/1914/1158 1390/1915/1158
f 1390/1915/1159 1188/1914/1159 1187/1916/1159 1389/1917/1159
f 1389/1917/1160 1187/1916/1160 1186/1918/1160 1388/1919/1160
f 1388/1919/1161 1186/1918/1161 1185/1920/1161 1387/1921/1161
f 1387/1921/1162 1185/1920/1162 1184/1922/1162 1386/1923/1162
f 1386/1923/1163 1184/1922/1163 1183/1924/1163 1385/1925/1163
f 1385/1925/1164 1183/1924/1164 1182/1926/1164 1384/1927/1164
f 1384/1927/1165 1182/1926/1165 1181/1928/1165 1383/1929/1165
f 1383/1929/1166 1181/1928/1166 1180/1930/1166 1382/1931/1166
f 1382/1931/1167 1180/1930/1167 1179/1932/1167 1381/1933/1167
f 1381/1933/1168 1179/1932/1168 1178/1934/1168 1380/1935/1168
f 1380/1935/1169 1178/1934/1169 1177/1936/1169 1379/1937/1169
f 1379/1937/1170 1177/1936/1170 1176/1938/1170 1378/1939/1170
f 1378/1939/1171 1176/1938/1171 1175/1940/1171 1377/1941/1171
f 1377/1941/1172 1175/1940/1172 1174/1942/1172 1376/1943/1172
f 1376/1943/1173 1174/1942/1173 1173/1944/1173 1375/1945/1173
f 1375/1945/1174 1173/1944/1174 1172/1946/1174 1374/1947/1174
f 1374/1947/1175 1172/1946/1175 1171/1948/1175 1373/1949/1175
f 1373/1949/1176 1171/1948/1176 1170/1950/1176 1372/1951/1176
f 1372/1951/1177 1170/1950/1177 1169/1952/1177 1371/1953/1177
f 1371/1953/1178 1169/1952/1178 1168/1954/1178 1370/1955/1178
f 1370/1955/1179 1168/1954/1179 1167/1956/1179 1369/1957/1179
f 1369/1957/1180 1167/1956/1180 1166/1958/1180 1368/1959/1180
f 1368/1959/1181 1166/1958/1181 1165/1960/1181 1367/1961/1181
f 1367/1961/1182 1165/1960/1182 1164/1962/1182 1366/1963/1182
f 1366/1963/1183 1164/1962/1183 1163/1964/1183 1365/1965/1183
f 1365/1966/1184 1163/1967/1184 1162/1667/1184 1364/1968/1184
f 1364/1968/1185 1162/1667/1185 1161/1668/1185 1363/1969/1185
f 1363/1969/1186 1161/1668/1186 1160/1669/1186 1362/1970/1186
f 1362/1970/1187 1160/1669/1187 1159/1670/1187 1361/1971/1187
f 1361/1971/1188 1159/1670/1188 1158/1671/1188 1360/1972/1188
f 1360/1972/1189 1158/1671/1189 1157/1672/1189 1359/1973/1189
f 1359/1973/1190 1157/1672/1190 1156/1673/1190 1358/1974/1190
f 1358/1974/1191 1156/1673/1191 1155/1674/1191 1357/1975/1191
f 1357/1975/1192 1155/1674/1192 1154/1675/1192 1356/1976/1192
f 1356/1976/1193 1154/1675/1193 1153/1676/1193 1355/1977/1193
f 1355/1977/1194 1153/1676/1194 1152/1677/1194 1354/1978/1194
f 1354/1978/1195 1152/1677/1195 1151/1678/1195 1353/1979/1195
f 1353/1979/1196 1151/1678/1196 1150/1679/1196 1352/1980/1196
f 1352/1980/1197 1150/1679/1197 1149/1680/1197 1351/1981/1197
f 1351/1981/1198 1149/1680/1198 1148/1681/1198 1350/1982/1198
f 1350/1982/1199 1148/1681/1199 1147/1682/1199 1349/1983/1199
f 1349/1983/1200 1147/1682/1200 1146/1683/1200 1348/1984/1200
f 1348/1984/1201 1146/1683/1201 1145/1684/1201 1347/1985/1201
f 1347/1985/1202 1145/1684/1202 1144/1685/1202 1346/1986/1202
f 1346/1986/1203 1144/1685/1203 1143/1686/1203 1345/1987/1203
f 1345/1987/1204 1143/1686/1204 1142/1687/1204 1344/1988/1204
f 1344/1988/1205 1142/1687/1205 1141/1688/1205 1343/1989/1205
f 1343/1989/1206 1141/1688/1206 1140/1689/1206 1342/1990/1206
f 1342/1990/1207 1140/1689/1207 1139/1690/1207 1341/1991/1207
f 1341/1991/1208 1139/1690/1208 1138/1691/1208 1340/1992/1208
f 1340/1992/1209 1138/1691/1209 1137/1692/1209 1339/1993/1209
f 1339/1993/1210 1137/1692/1210 1136/1693/1210 1338/1994/1210
f 1338/1994/1211 1136/1693/1211 1135/1694/1211 1337/1995/1211
f 1337/1995/1212 1135/1694/1212 1134/1695/1212 1336/1996/1212
f 1336/1996/1213 1134/1695/1213 1133/1696/1213 1335/1997/1213
f 1335/1997/1214 1133/1696/1214 1132/1697/1214 1334/1998/1214
f 1334/1998/1215 1132/1697/1215 1131/1698/1215 1333/1999/1215
f 1333/1999/1216 1131/1698/1216 1130/1699/1216 1332/2000/1216
f 1332/2000/1217 1130/1699/1217 1129/1700/1217 1331/2001/1217
f 1331/2001/1218 1129/1700/1218 1128/1701/1218 1330/2002/1218
f 1330/2002/1219 1128/1701/1219 1127/1702/1219 1329/2003/1219
f 1329/2003/1220 1127/1702/1220 1126/1703/1220 1328/2004/1220
f 1328/2004/1221 1126/1703/1221 1125/1704/1221 1327/2005/1221
f 1327/2005/1222 1125/1704/1222 1124/1705/1222 1326/2006/1222
f 1326/2006/1223 1124/1705/1223 1123/1706/1223 1325/2007/1223
f 1325/2007/1224 1123/1706/1224 1122/1707/1224 1324/2008/1224
f 1324/2008/1225 1122/1707/1225 1121/1708/1225 1323/2009/1225
f 1323/2009/1226 1121/1708/1226 1120/1709/1226 1322/2010/1226
f 1322/2010/1227 1120/1709/1227 1119/1710/1227 1321/2011/1227
f 1321/2011/1228 1119/1710/1228 1118/1711/1228 1320/2012/1228
f 1320/2012/1229 1118/1711/1229 1117/1712/1229 1319/2013/1229
f 1319/2013/1230 1117/1712/1230 1116/1713/1230 1318/2014/1230
f 1318/2014/1231 1116/1713/1231 1115/1714/1231 1317/2015/1231
f 1317/2015/1232 1115/1714/1232 1114/1715/1232 1316/2016/1232
f 1316/2016/1233 1114/1715/1233 1112/101/1233 1314/100/1233
f 1214/16/1234 1416/18/1234 1515/2017/1234 1313/2018/1234
f 1313/2018/1235 1515/2017/1235 1514/2019/1235 1312/2020/1235
f 1312/2020/1236 1514/2019/1236 1513/2021/1236 1311/2022/1236
f 1311/2022/1237 1513/2021/1237 1512/2023/1237 1310/2024/1237
f 1310/2024/1238 1512/2023/1238 1511/2025/1238 1309/2026/1238
f 1309/2026/1239 1511/2025/1239 1510/2027/1239 1308/2028/1239
f 1308/2028/1240 1510/2027/1240 1509/2029/1240 1307/2030/1240
f 1307/2030/1241 1509/2029/1241 1508/2031/1241 1306/2032/1241
f 1306/2032/1242 1508/2031/1242 1507/2033/1242 1305/2034/1242
f 1305/2034/1243 1507/2033/1243 1506/2035/1243 1304/2036/1243
f 1304/2036/1244 1506/2035/1244 1505/2037/1244 1303/2038/1244
f 1303/2038/1245 1505/2037/1245 1504/2039/1245 1302/2040/1245
f 1302/2040/1246 1504/2039/1246 1503/2041/1246 1301/2042/1246
f 1301/2042/1247 1503/2041/1247 1502/2043/1247 1300/2044/1247
f 1300/2044/1248 1502/2043/1248 1501/2045/1248 1299/2046/1248
f 1299/2046/1249 1501/2045/1249 1500/2047/1249 1298/2048/1249
f 1298/2048/1250 1500/2047/1250 1499/2049/1250 1297/2050/1250
f 1297/2050/1251 1499/2049/1251 1498/2051/1251 1296/2052/1251
f 1296/2052/1252 1498/2051/1252 1497/2053/1252 1295/2054/1252
f 1295/2054/1253 1497/2053/1253 1496/2055/1253 1294/2056/1253
f 1294/2056/1254 1496/2055/1254 1495/2057/1254 1293/2058/1254
f 1293/2058/1255 1495/2057/1255 1494/2059/1255 1292/2060/1255
f 1292/2060/1256 1494/2059/1256 1493/2061/1256 1291/2062/1256
f 1291/2062/1257 1493/2061/1257 1492/2063/1257 1290/2064/1257
f 1290/2064/1258 1492/2063/1258 1491/2065/1258 1289/2066/1258
f 1289/2066/1259 1491/2065/1259 1490/2067/1259 1288/2068/1259
f 1288/2068/1260 1490/2067/1260 1489/2069/1260 1287/2070/1260
f 1287/2070/1261 1489/2069/1261 1488/2071/1261 1286/2072/1261
f 1286/2072/1262 1488/2071/1262 1487/2073/1262 1285/2074/1262
f 1285/2074/1263 1487/2073/1263 1486/2075/1263 1284/2076/1263
f 1284/2076/1264 1486/2075/1264 1485/2077/1264 1283/2078/1264
f 1283/2078/1265 1485/2077/1265 1484/2079/1265 1282/2080/1265
f 1282/2080/1266 1484/2079/1266 1483/2081/1266 1281/2082/1266
f 1281/2082/1267 1483/2081/1267 1482/2083/1267 1280/2084/1267
f 1280/2084/1268 1482/2083/1268 1481/2085/1268 1279/2086/1268
f 1279/2086/1269 1481/2085/1269 1480/2087/1269 1278/2088/1269
f 1278/2088/1270 1480/2087/1270 1479/2089/1270 1277/2090/1270
f 1277/2090/1271 1479/2089/1271 1478/2091/1271 1276/2092/1271
f 1276/2092/1272 1478/2091/1272 1477/2093/1272 1275/2094/1272
f 1275/2094/1273 1477/2093/1273 1476/2095/1273 1274/2096/1273
f 1274/2096/1274 1476/2095/1274 1475/2097/1274 1273/2098/1274
f 1273/2098/1275 1475/2097/1275 1474/2099/1275 1272/2100/1275
f 1272/2100/1276 1474/2099/1276 1473/2101/1276 1271/2102/1276
f 1271/2102/1277 1473/2101/1277 1472/2103/1277 1270/2104/1277
f 1270/2104/1278 1472/2103/1278 1471/2105/1278 1269/2106/1278
f 1269/2106/1279 1471/2105/1279 1470/2107/1279 1268/2108/1279
f 1268/2108/1280 1470/2107/1280 1469/2109/1280 1267/2110/1280
f 1267/2110/1281 1469/2109/1281 1468/2111/1281 1266/2112/1281
f 1266/2112/1282 1468/2111/1282 1467/2113/1282 1265/2114/1282
f 1265/2114/1283 1467/2113/1283 1466/2115/1283 1264/2116/1283
f 1264/2117/1284 1466/2118/1284 1465/2119/1284 1263/1817/1284
f 1263/1817/1285 1465/2119/1285 1464/2120/1285 1262/1818/1285
f 1262/1818/1286 1464/2120/1286 1463/2121/1286 1261/1819/1286
f 1261/1819/1287 1463/2121/1287 1462/2122/1287 1260/1820/1287
f 1260/1820/1288 1462/2122/1288 1461/2123/1288 1259/1821/1288
f 1259/1821/1289 1461/2123/1289 1460/2124/1289 1258/1822/1289
f 1258/1822/1290 1460/2124/1290 1459/2125/1290 1257/1823/1290
f 1257/1823/1291 1459/2125/1291 1458/2126/1291 1256/1824/1291
f 1256/1824/1292 1458/2126/1292 1457/2127/1292 1255/1825/1292
f 1255/1825/1293 1457/2127/1293 1456/2128/1293 1254/1826/1293
f 1254/1826/1294 1456/2128/1294 1455/2129/1294 1253/1827/1294
f 1253/1827/1295 1455/2129/1295 1454/2130/1295 1252/1828/1295
f 1252/1828/1296 1454/2130/1296 1453/2131/1296 1251/1829/1296
f 1251/1829/1297 1453/2131/1297 1452/2132/1297 1250/1830/1297
f 1250/1830/1298 1452/2132/1298 1451/2133/1298 1249/1831/1298
f 1249/1831/1299 1451/2133/1299 1450/2134/1299 1248/1832/1299
f 1248/1832/1300 1450/2134/1300 1449/2135/1300 1247/1833/1300
f 1247/1833/1301 1449/2135/1301 1448/2136/1301 1246/1834/1301
f 1246/1834/1302 1448/2136/1302 1447/2137/1302 1245/1835/1302
f 1245/1835/1303 1447/2137/1303 1446/2138/1303 1244/1836/1303
f 1244/1836/1304 1446/2138/1304 1445/2139/1304 1243/1837/1304
f 1243/1837/1305 1445/2139/1305 1444/2140/1305 1242/1838/1305
f 1242/1838/1306 1444/2140/1306 1443/2141/1306 1241/1839/1306
f 1241/1839/1307 1443/2141/1307 1442/2142/1307 1240/1840/1307
f 1240/1840/1308 1442/2142/1308 1441/2143/1308 1239/1841/1308
f 1239/1841/1309 1441/2143/1309 1440/2144/1309 1238/1842/1309
f 1238/1842/1310 1440/2144/1310 1439/2145/1310 1237/1843/1310
f 1237/1843/1311 1439/2145/1311 1438/2146/1311 1236/1844/1311
f 1236/1844/1312 1438/2146/1312 1437/2147/1312 1235/1845/1312
f 1235/1845/1313 1437/2147/1313 1436/2148/1313 1234/1846/1313
f 1234/1846/1314 1436/2148/1314 1435/2149/1314 1233/1847/1314
f 1233/1847/1315 1435/2149/1315 1434/2150/1315 1232/1848/1315
f 1232/1848/1316 1434/2150/1316 1433/2151/1316 1231/1849/1316
f 1231/1849/1317 1433/2151/1317 1432/2152/1317 1230/1850/1317
f 1230/1850/1318 1432/2152/1318 1431/2153/1318 1229/1851/1318
f 1229/1851/1319 1431/2153/1319 1430/2154/1319 1228/1852/1319
f 1228/1852/1320 1430/2154/1320 1429/2155/1320 1227/1853/1320
f 1227/1853/1321 1429/2155/1321 1428/2156/1321 1226/1854/1321
f 1226/1854/1322 1428/2156/1322 1427/2157/1322 1225/1855/1322
f 1225/1855/1323 1427/2157/1323 1426/2158/1323 1224/1856/1323
f 1224/1856/1324 1426/2158/1324 1425/2159/1324 1223/1857/1324
f 1223/1857/1325 1425/2159/1325 1424/2160/1325 1222/1858/1325
f 1222/1858/1326 1424/2160/1326 1423/2161/1326 1221/1859/1326
f 1221/1859/1327 1423/2161/1327 1422/2162/1327 1220/1860/1327
f 1220/1860/1328 1422/2162/1328 1421/2163/1328 1219/1861/1328
f 1219/1861/1329 1421/2163/1329 1420/2164/1329 1218/1862/1329
f 1218/1862/1330 1420/2164/1330 1419/2165/1330 1217/1863/1330
f 1217/1863/1331 1419/2165/1331 1418/2166/1331 1216/1864/1331
f 1216/1864/1332 1418/2166/1332 1417/2167/1332 1215/1865/1332
f 1215/1865/1333 1417/2167/1333 1415/2168/1333 1213/1866/1333
f 1517/17/1334 1315/15/1334 1414/2169/1334 1616/2170/1334
f 1616/2170/1335 1414/2169/1335 1413/2171/1335 1615/2172/1335
f 1615/2172/1336 1413/2171/1336 1412/2173/1336 1614/2174/1336
f 1614/2174/1337 1412/2173/1337 1411/2175/1337 1613/2176/1337
f 1613/2176/1338 1411/2175/1338 1410/2177/1338 1612/2178/1338
f 1612/2178/1339 1410/2177/1339 1409/2179/1339 1611/2180/1339
f 1611/2180/1340 1409/2179/1340 1408/2181/1340 1610/2182/1340
f 1610/2182/1341 1408/2181/1341 1407/2183/1341 1609/2184/1341
f 1609/2184/1342 1407/2183/1342 1406/2185/1342 1608/2186/1342
f 1608/2186/1343 1406/2185/1343 1405/2187/1343 1607/2188/1343
f 1607/2188/1344 1405/2187/1344 1404/2189/1344 1606/2190/1344
f 1606/2190/1345 1404/2189/1345 1403/2191/1345 1605/2192/1345
f 1605/2192/1346 1403/2191/1346 1402/2193/1346 1604/2194/1346
f 1604/2194/1347 1402/2193/1347 1401/2195/1347 1603/2196/1347
f 1603/2196/1348 1401/2195/1348 1400/2197/1348 1602/2198/1348
f 1602/2198/1349 1400/2197/1349 1399/2199/1349 1601/2200/1349
f 1601/2200/1350 1399/2199/1350 1398/2201/1350 1600/2202/1350
f 1600/2202/1351 1398/2201/1351 1397/2203/1351 1599/2204/1351
f 1599/2204/1352 1397/2203/1352 1396/2205/1352 1598/2206/1352
f 1598/2206/1353 1396/2205/1353 1395/2207/1353 1597/2208/1353
f 1597/2208/1354 1395/2207/1354 1394/2209/1354 1596/2210/1354
f 1596/2210/1355 1394/2209/1355 1393/2211/1355 1595/2212/1355
f 1595/2212/1356 1393/2211/1356 1392/2213/1356 1594/2214/1356
f 1594/2214/1357 1392/2213/1357 1391/2215/1357 1593/2216/1357
f 1593/2216/1358 1391/2215/1358 1390/2217/1358 1592/2218/1358
f 1592/2218/1359 1390/2217/1359 1389/2219/1359 1591/2220/1359
f 1591/2220/1360 1389/2219/1360 1388/2221/1360 1590/2222/1360
f 1590/2222/1361 1388/2221/1361 1387/2223/1361 1589/2224/1361
f 1589/2224/1362 1387/2223/1362 1386/2225/1362 1588/2226/1362
f 1588/2226/1363 1386/2225/1363 1385/2227/1363 1587/2228/1363
f 1587/2228/1364 1385/2227/1364 1384/2229/1364 1586/2230/1364
f 1586/2230/1365 1384/2229/1365 1383/2231/1365 1585/2232/1365
f 1585/2232/1366 1383/2231/1366 1382/2233/1366 1584/2234/1366
f 1584/2234/1367 1382/2233/1367 1381/2235/1367 1583/2236/1367
f 1583/2236/1368 1381/2235/1368 1380/2237/1368 1582/2238/1368
f 1582/2238/1369 1380/2237/1369 1379/2239/1369 1581/2240/1369
f 1581/2240/1370 1379/2239/1370 1378/2241/1370 1580/2242/1370
f 1580/2242/1371 1378/2241/1371 1377/2243/1371 1579/2244/1371
f 1579/2244/1372 1377/2243/1372 1376/2245/1372 1578/2246/1372
f 1578/2246/1373 1376/2245/1373 1375/2247/1373 1577/2248/1373
f 1577/2248/1374 1375/2247/1374 1374/2249/1374 1576/2250/1374
f 1576/2250/1375 1374/2249/1375 1373/2251/1375 1575/2252/1375
f 1575/2252/1376 1373/2251/1376 1372/2253/1376 1574/2254/1376
f 1574/2254/1377 1372/2253/1377 1371/2255/1377 1573/2256/1377
f 1573/2256/1378 1371/2255/1378 1370/2257/1378 1572/2258/1378
f 1572/2258/1379 1370/2257/1379 1369/2259/1379 1571/2260/1379
f 1571/2260/1380 1369/2259/1380 1368/2261/1380 1570/2262/1380
f 1570/2262/1381 1368/2261/1381 1367/2263/1381 1569/2264/1381
f 1569/2264/1382 1367/2263/1382 1366/2265/1382 1568/2266/1382
f 1568/2266/1383 1366/2265/1383 1365/2267/1383 1567/2268/1383
f 1567/2269/1384 1365/2270/1384 1364/1968/1384 1566/2271/1384
f 1566/2271/1385 1364/1968/1385 1363/1969/1385 1565/2272/1385
f 1565/2272/1386 1363/1969/1386 1362/1970/1386 1564/2273/1386
f 1564/2273/1387 1362/1970/1387 1361/1971/1387 1563/2274/1387
f 1563/2274/1388 1361/1971/1388 1360/1972/1388 1562/2275/1388
f 1562/2275/1389 1360/1972/1389 1359/1973/1389 1561/2276/1389
f 1561/2276/1390 1359/1973/1390 1358/1974/1390 1560/2277/1390
f 1560/2277/1391 1358/1974/1391 1357/1975/1391 1559/2278/1391
f 1559/2278/1392 1357/1975/1392 1356/1976/1392 1558/2279/1392
f 1558/2279/1393 1356/1976/1393 1355/1977/1393 1557/2280/1393
f 1557/2280/1394 1355/1977/1394 1354/1978/1394 1556/2281/1394
f 1556/2281/1395 1354/1978/1395 1353/1979/1395 1555/2282/1395
f 1555/2282/1396 1353/1979/1396 1352/1980/1396 1554/2283/1396
f 1554/2283/1397 1352/1980/1397 1351/1981/1397 1553/2284/1397
f 1553/2284/1398 1351/1981/1398 1350/1982/1398 1552/2285/1398
f 1552/2285/1399 1350/1982/1399 1349/1983/1399 1551/2286/1399
f 1551/2286/1400 1349/1983/1400 1348/1984/1400 1550/2287/1400
f 1550/2287/1401 1348/1984/1401 1347/1985/1401 1549/2288/1401
f 1549/2288/1402 1347/1985/1402 1346/1986/1402 1548/2289/1402
f 1548/2289/1403 1346/1986/1403 1345/1987/1403 1547/2290/1403
f 1547/2290/1404 1345/1987/1404 1344/1988/1404 1546/2291/1404
f 1546/2291/1405 1344/1988/1405 1343/1989/1405 1545/2292/1405
f 1545/2292/1406 1343/1989/1406 1342/1990/1406 1544/2293/1406
f 1544/2293/1407 1342/1990/1407 1341/1991/1407 1543/2294/1407
f 1543/2294/1408 1341/1991/1408 1340/1992/1408 1542/2295/1408
f 1542/2295/1409 1340/1992/1409 1339/1993/1409 1541/2296/1409
f 1541/2296/1410 1339/1993/1410 1338/1994/1410 1540/2297/1410
f 1540/2297/1411 1338/1994/1411 1337/1995/1411 1539/2298/1411
f 1539/2298/1412 1337/1995/1412 1336/1996/1412 1538/2299/1412
f 1538/2299/1413 1336/1996/1413 1335/1997/1413 1537/2300/1413
f 1537/2300/1414 1335/1997/1414 1334/1998/1414 1536/2301/1414
f 1536/2301/1415 1334/1998/1415 1333/1999/1415 1535/2302/1415
f 1535/2302/1416 1333/1999/1416 1332/2000/1416 1534/2303/1416
f 1534/2303/1417 1332/2000/1417 1331/2001/1417 1533/2304/1417
f 1533/2304/1418 1331/2001/1418 1330/2002/1418 1532/2305/1418
f 1532/2305/1419 1330/2002/1419 1329/2003/1419 1531/2306/1419
f 1531/2306/1420 1329/2003/1420 1328/2004/1420 1530/2307/1420
f 1530/2307/1421 1328/2004/1421 1327/2005/1421 1529/2308/1421
f 1529/2308/1422 1327/2005/1422 1326/2006/1422 1528/2309/1422
f 1528/2309/1423 1326/2006/1423 1325/2007/1423 1527/2310/1423
f 1527/2310/1424 1325/2007/1424 1324/2008/1424 1526/2311/1424
f 1526/2311/1425 1324/2008/1425 1323/2009/1425 1525/2312/1425
f 1525/2312/1426 1323/2009/1426 1322/2010/1426 1524/2313/1426
f 1524/2313/1427 1322/2010/1427 1321/2011/1427 1523/2314/1427
f 1523/2314/1428 1321/2011/1428 1320/2012/1428 1522/2315/1428
f 1522/2315/1429 1320/2012/1429 1319/2013/1429 1521/2316/1429
f 1521/2316/1430 1319/2013/1430 1318/2014/1430 1520/2317/1430
f 1520/2317/1431 1318/2014/1431 1317/2015/1431 1519/2318/1431
f 1519/2318/1432 1317/2015/1432 1316/2016/1432 1518/2319/1432
f 1518/2319/1433 1316/2016/1433 1314/100/1433 1516/99/1433
f 1416/18/1434 1618/20/1434 1717/2320/1434 1515/2017/1434
f 1515/2017/1435 1717/2320/1435 1716/2321/1435 1514/2322/1435
f 1514/2322/1436 1716/2321/1436 1715/2323/1436 1513/2324/1436
f 1513/2324/1437 1715/2323/1437 1714/2325/1437 1512/2326/1437
f 1512/2326/1438 1714/2325/1438 1713/2327/1438 1511/2328/1438
f 1511/2328/1439 1713/2327/1439 1712/2329/1439 1510/2330/1439
f 1510/2330/1440 1712/2329/1440 1711/2331/1440 1509/2332/1440
f 1509/2332/1441 1711/2331/1441 1710/2333/1441 1508/2334/1441
f 1508/2334/1442 1710/2333/1442 1709/2335/1442 1507/2336/1442
f 1507/2336/1443 1709/2335/1443 1708/2337/1443 1506/2338/1443
f 1506/2338/1444 1708/2337/1444 1707/2339/1444 1505/2340/1444
f 1505/2340/1445 1707/2339/1445 1706/2341/1445 1504/2342/1445
f 1504/2342/1446 1706/2341/1446 1705/2343/1446 1503/2344/1446
f 1503/2344/1447 1705/2343/1447 1704/2345/1447 1502/2346/1447
f 1502/2346/1448 1704/2345/1448 1703/2347/1448 1501/2348/1448
f 1501/2348/1449 1703/2347/1449 1702/2349/1449 1500/2350/1449
f 1500/2350/1450 1702/2349/1450 1701/2351/1450 1499/2352/1450
f 1499/2352/1451 1701/2351/1451 1700/2353/1451 1498/2354/1451
f 1498/2354/1452 1700/2353/1452 1699/2355/1452 1497/2356/1452
f 1497/2356/1453 1699/2355/1453 1698/2357/1453 1496/2358/1453
f 1496/2358/1454 1698/2357/1454 1697/2359/1454 1495/2360/1454
f 1495/2360/1455 1697/2359/1455 1696/2361/1455 1494/2362/1455
f 1494/2362/1456 1696/2361/1456 1695/2363/1456 1493/2364/1456
f 1493/2364/1457 1695/2363/1457 1694/2365/1457 1492/2366/1457
f 1492/2366/1458 1694/2365/1458 1693/2367/1458 1491/2368/1458
f 1491/2368/1459 1693/2367/1459 1692/2369/1459 1490/2370/1459
f 1490/2370/1460 1692/2369/1460 1691/2371/1460 1489/2372/1460
f 1489/2372/1461 1691/2371/1461 1690/2373/1461 1488/2374/1461
f 1488/2374/1462 1690/2373/1462 1689/2375/1462 1487/2376/1462
f 1487/2376/1463 1689/2375/1463 1688/2377/1463 1486/2378/1463
f 1486/2378/1464 1688/2377/1464 1687/2379/1464 1485/2380/1464
f 1485/2380/1465 1687/2379/1465 1686/2381/1465 1484/2382/1465
f 1484/2382/1466 1686/2381/1466 1685/2383/1466 1483/2384/1466
f 1483/2384/1467 1685/2383/1467 1684/2385/1467 1482/2386/1467
f 1482/2386/1468 1684/2385/1468 1683/2387/1468 1481/2388/1468
f 1481/2388/1469 1683/2387/1469 1682/2389/1469 1480/2390/1469
f 1480/2390/1470 1682/2389/1470 1681/2391/1470 1479/2392/1470
f 1479/2392/1471 1681/2391/1471 1680/2393/1471 1478/2394/1471
f 1478/2394/1472 1680/2393/1472 1679/2395/1472 1477/2396/1472
f 1477/2396/1473 1679/2395/1473 1678/2397/1473 1476/2398/1473
f 1476/2398/1474 1678/2397/1474 1677/2399/1474 1475/2400/1474
f 1475/2400/1475 1677/2399/1475 1676/2401/1475 1474/2402/1475
f 1474/2402/1476 1676/2401/1476 1675/2403/1476 1473/2404/1476
f 1473/2404/1477 1675/2403/1477 1674/2405/1477 1472/2406/1477
f 1472/2406/1478 1674/2405/1478 1673/2407/1478 1471/2408/1478
f 1471/2408/1479 1673/2407/1479 1672/2409/1479 1470/2410/1479
f 1470/2410/1480 1672/2409/1480 1671/2411/1480 1469/2412/1480
f 1469/2412/1481 1671/2411/1481 1670/2413/1481 1468/2414/1481
f 1468/2414/1482 1670/2413/1482 1669/2415/1482 1467/2416/1482
f 1467/2416/1483 1669/2415/1483 1668/2417/1483 1466/2418/1483
f 1466/2419/1484 1668/2420/1484 1667/2421/1484 1465/2119/1484
f 1465/2119/1485 1667/2421/1485 1666/2422/1485 1464/2120/1485
f 1464/2120/1486 1666/2422/1486 1665/2423/1486 1463/2121/1486
f 1463/2121/1487 1665/2423/1487 1664/2424/1487 1462/2122/1487
f 1462/2122/1488 1664/2424/1488 1663/2425/1488 1461/2123/1488
f 1461/2123/1489 1663/2425/1489 1662/2426/1489 1460/2124/1489
f 1460/2124/1490 1662/2426/1490 1661/2427/1490 1459/2125/1490
f 1459/2125/1491 1661/2427/1491 1660/2428/1491 1458/2126/1491
f 1458/2126/1492 1660/2428/1492 1659/2429/1492 1457/2127/1492
f 1457/2127/1493 1659/2429/1493 1658/2430/1493 1456/2128/1493
f 1456/2128/1494 1658/2430/1494 1657/2431/1494 1455/2129/1494
f 1455/2129/1495 1657/2431/1495 1656/2432/1495 1454/2130/1495
f 1454/2130/1496 1656/2432/1496 1655/2433/1496 1453/2131/1496
f 1453/2131/1497 1655/2433/1497 1654/2434/1497 1452/2132/1497
f 1452/2132/1498 1654/2434/1498 1653/2435/1498 1451/2133/1498
f 1451/2133/1499 1653/2435/1499 1652/2436/1499 1450/2134/1499
f 1450/2134/1500 1652/2436/1500 1651/2437/1500 1449/2135/1500
f 1449/2135/1501 1651/2437/1501 1650/2438/1501 1448/2136/1501
f 1448/2136/1502 1650/2438/1502 1649/2439/1502 1447/2137/1502
f 1447/2137/1503 1649/2439/1503 1648/2440/1503 1446/2138/1503
f 1446/2138/1504 1648/2440/1504 1647/2441/1504 1445/2139/1504
f 1445/2139/1505 1647/2441/1505 1646/2442/1505 1444/2140/1505
f 1444/2140/1506 1646/2442/1506 1645/2443/1506 1443/2141/1506
f 1443/2141/1507 1645/2443/1507 1644/2444/1507 1442/2142/1507
f 1442/2142/1508 1644/2444/1508 1643/2445/1508 1441/2143/1508
f 1441/2143/1509 1643/2445/1509 1642/2446/1509 1440/2144/1509
f 1440/2144/1510 1642/2446/1510 1641/2447/1510 1439/2145/1510
f 1439/2145/1511 1641/2447/1511 1640/2448/1511 1438/2146/1511
f 1438/2146/1512 1640/2448/1512 1639/2449/1512 1437/2147/1512
f 1437/2147/1513 1639/2449/1513 1638/2450/1513 1436/2148/1513
f 1436/2148/1514 1638/2450/1514 1637/2451/1514 1435/2149/1514
f 1435/2149/1515 1637/2451/1515 1636/2452/1515 1434/2150/1515
f 1434/2150/1516 1636/2452/1516 1635/2453/1516 1433/2151/1516
f 1433/2151/1517 1635/2453/1517 1634/2454/1517 1432/2152/1517
f 1432/2152/1518 1634/2454/1518 1633/2455/1518 1431/2153/1518
f 1431/2153/1519 1633/2455/1519 1632/2456/1519 1430/2154/1519
f 1430/2154/1520 1632/2456/1520 1631/2457/1520 1429/2155/1520
f 1429/2155/1521 1631/2457/1521 1630/2458/1521 1428/2156/1521
f 1428/2156/1522 1630/2458/1522 1629/2459/1522 1427/2157/1522
f 1427/2157/1523 1629/2459/1523 1628/2460/1523 1426/2158/1523
f 1426/2158/1524 1628/2460/1524 1627/2461/1524 1425/2159/1524
f 1425/2159/1525 1627/2461/1525 1626/2462/1525 1424/2160/1525
f 1424/2160/1526 1626/2462/1526 1625/2463/1526 1423/2161/1526
f 1423/2161/1527 1625/2463/1527 1624/2464/1527 1422/2162/1527
f 1422/2162/1528 1624/2464/1528 1623/2465/1528 1421/2163/1528
f 1421/2163/1529 1623/2465/1529 1622/2466/1529 1420/2164/1529
f 1420/2164/1530 1622/2466/1530 1621/2467/1530 1419/2165/1530
f 1419/2165/1531 1621/2467/1531 1620/2468/1531 1418/2166/1531
f 1418/2166/1532 1620/2468/1532 1619/2469/1532 1417/2167/1532
f 1417/2167/1533 1619/2469/1533 1617/2470/1533 1415/2168/1533
f 1719/19/1534 1517/17/1534 1616/2170/1534 1818/2471/1534
f 1818/2471/1535 1616/2170/1535 1615/2472/1535 1817/2473/1535
f 1817/2473/1536 1615/2472/1536 1614/2474/1536 1816/2475/1536
f 1816/2475/1537 1614/2474/1537 1613/2476/1537 1815/2477/1537
f 1815/2477/1538 1613/2476/1538 1612/2478/1538 1814/2479/1538
f 1814/2479/1539 1612/2478/1539 1611/2480/1539 1813/2481/1539
f 1813/2481/1540 1611/2480/1540 1610/2482/1540 1812/2483/1540
f 1812/2483/1541 1610/2482/1541 1609/2484/1541 1811/2485/1541
f 1811/2485/1542 1609/2484/1542 1608/2486/1542 1810/2487/1542
f 1810/2487/1543 1608/2486/1543 1607/2488/1543 1809/2489/1543
f 1809/2489/1544 1607/2488/1544 1606/2490/1544 1808/2491/1544
f 1808/2491/1545 1606/2490/1545 1605/2492/1545 1807/2493/1545
f 1807/2493/1546 1605/2492/1546 1604/2494/1546 1806/2495/1546
f 1806/2495/1547 1604/2494/1547 1603/2496/1547 1805/2497/1547
f 1805/2497/1548 1603/2496/1548 1602/2498/1548 1804/2499/1548
f 1804/2499/1549 1602/2498/1549 1601/2500/1549 1803/2501/1549
f 1803/2501/1550 1601/2500/1550 1600/2502/1550 1802/2503/1550
f 1802/2503/1551 1600/2502/1551 1599/2504/1551 1801/2505/1551
f 1801/2505/1552 1599/2504/1552 1598/2506/1552 1800/2507/1552
f 1800/2507/1553 1598/2506/1553 1597/2508/1553 1799/2509/1553
f 1799/2509/1554 1597/2508/1554 1596/2510/1554 1798/2511/1554
f 1798/2511/1555 1596/2510/1555 1595/2512/1555 1797/2513/1555
f 1797/2513/1556 1595/2512/1556 1594/2514/1556 1796/2515/1556
f 1796/2515/1557 1594/2514/1557 1593/2516/1557 1795/2517/1557
f 1795/2517/1558 1593/2516/1558 1592/2518/1558 1794/2519/1558
f 1794/2519/1559 1592/2518/1559 1591/2520/1559 1793/2521/1559
f 1793/2521/1560 1591/2520/1560 1590/2522/1560 1792/2523/1560
f 1792/2523/1561 1590/2522/1561 1589/2524/1561 1791/2525/1561
f 1791/2525/1562 1589/2524/1562 1588/2526/1562 1790/2527/1562
f 1790/2527/1563 1588/2526/1563 1587/2528/1563 1789/2529/1563
f 1789/2529/1564 1587/2528/1564 1586/2530/1564 1788/2531/1564
f 1788/2531/1565 1586/2530/1565 1585/2532/1565 1787/2533/1565
f 1787/2533/1566 1585/2532/1566 1584/2534/1566 1786/2535/1566
f 1786/2535/1567 1584/2534/1567 1583/2536/1567 1785/2537/1567
f 1785/2537/1568 1583/2536/1568 1582/2538/1568 1784/2539/1568
f 1784/2539/1569 1582/2538/1569 1581/2540/1569 1783/2541/1569
f 1783/2541/1570 1581/2540/1570 1580/2542/1570 1782/2543/1570
f 1782/2543/1571 1580/2542/1571 1579/2544/1571 1781/2545/1571
f 1781/2545/1572 1579/2544/1572 1578/2546/1572 1780/2547/1572
f 1780/2547/1573 1578/2546/1573 1577/2548/1573 1779/2549/1573
f 1779/2549/1574 1577/2548/1574 1576/2550/1574 1778/2551/1574
f 1778/2551/1575 1576/2550/1575 1575/2552/1575 1777/2553/1575
f 1777/2553/1576 1575/2552/1576 1574/2554/1576 1776/2555/1576
f 1776/2555/1577 1574/2554/1577 1573/2556/1577 1775/2557/1577
f 1775/2557/1578 1573/2556/1578 1572/2558/1578 1774/2559/1578
f 1774/2559/1579 1572/2558/1579 1571/2560/1579 1773/2561/1579
f 1773/2561/1580 1571/2560/1580 1570/2562/1580 1772/2563/1580
f 1772/2563/1581 1570/2562/1581 1569/2564/1581 1771/2565/1581
f 1771/2565/1582 1569/2564/1582 1568/2566/1582 1770/2567/1582
f 1770/2567/1583 1568/2566/1583 1567/2568/1583 1769/2569/1583
f 1769/2570/1584 1567/2571/1584 1566/2271/1584 1768/2572/1584
f 1768/2572/1585 1566/2271/1585 1565/2272/1585 1767/2573/1585
f 1767/2573/1586 1565/2272/1586 1564/2273/1586 1766/2574/1586
f 1766/2574/1587 1564/2273/1587 1563/2274/1587 1765/2575/1587
f 1765/2575/1588 1563/2274/1588 1562/2275/1588 1764/2576/1588
f 1764/2576/1589 1562/2275/1589 1561/2276/1589 1763/2577/1589
f 1763/2577/1590 1561/2276/1590 1560/2277/1590 1762/2578/1590
f 1762/2578/1591 1560/2277/1591 1559/2278/1591 1761/2579/1591
f 1761/2579/1592 1559/2278/1592 1558/2279/1592 1760/2580/1592
f 1760/2580/1593 1558/2279/1593 1557/2280/1593 1759/2581/1593
f 1759/2581/1594 1557/2280/1594 1556/2281/1594 1758/2582/1594
f 1758/2582/1595 1556/2281/1595 1555/2282/1595 1757/2583/1595
f 1757/2583/1596 1555/2282/1596 1554/2283/1596 1756/2584/1596
f 1756/2584/1597 1554/2283/1597 1553/2284/1597 1755/2585/1597
f 1755/2585/1598 1553/2284/1598 1552/2285/1598 1754/2586/1598
f 1754/2586/1599 1552/2285/1599 1551/2286/1599 1753/2587/1599
f 1753/2587/1600 1551/2286/1600 1550/2287/1600 1752/2588/1600
f 1752/2588/1601 1550/2287/1601 1549/2288/1601 1751/2589/1601
f 1751/2589/1602 1549/2288/1602 1548/2289/1602 1750/2590/1602
f 1750/2590/1603 1548/2289/1603 1547/2290/1603 1749/2591/1603
f 1749/2591/1604 1547/2290/1604 1546/2291/1604 1748/2592/1604
f 1748/2592/1605 1546/2291/1605 1545/2292/1605 1747/2593/1605
f 1747/2593/1606 1545/2292/1606 1544/2293/1606 1746/2594/1606
f 1746/2594/1607 1544/2293/1607 1543/2294/1607 1745/2595/1607
f 1745/2595/1608 1543/2294/1608 1542/2295/1608 1744/2596/1608
f 1744/2596/1609 1542/2295/1609 1541/2296/1609 1743/2597/1609
f 1743/2597/1610 1541/2296/1610 1540/2297/1610 1742/2598/1610
f 1742/2598/1611 1540/2297/1611 1539/2298/1611 1741/2599/1611
f 1741/2599/1612 1539/2298/1612 1538/2299/1612 1740/2600/1612
f 1740/2600/1613 1538/2299/1613 1537/2300/1613 1739/2601/1613
f 1739/2601/1614 1537/2300/1614 1536/2301/1614 1738/2602/1614
f 1738/2602/1615 1536/2301/1615 1535/2302/1615 1737/2603/1615
f 1737/2603/1616 1535/2302/1616 1534/2303/1616 1736/2604/1616
f 1736/2604/1617 1534/2303/1617 1533/2304/1617 1735/2605/1617
f 1735/2605/1618 1533/2304/1618 1532/2305/1618 1734/2606/1618
f 1734/2606/1619 1532/2305/1619 1531/2306/1619 1733/2607/1619
f 1733/2607/1620 1531/2306/1620 1530/2307/1620 1732/2608/1620
f 1732/2608/1621 1530/2307/1621 1529/2308/1621 1731/2609/1621
f 1731/2609/1622 1529/2308/1622 1528/2309/1622 1730/2610/1622
f 1730/2610/1623 1528/2309/1623 1527/2310/1623 1729/2611/1623
f 1729/2611/1624 1527/2310/1624 1526/2311/1624 1728/2612/1624
f 1728/2612/1625 1526/2311/1625 1525/2312/1625 1727/2613/1625
f 1727/2613/1626 1525/2312/1626 1524/2313/1626 1726/2614/1626
f 1726/2614/1627 1524/2313/1627 1523/2314/1627 1725/2615/1627
f 1725/2615/1628 1523/2314/1628 1522/2315/1628 1724/2616/1628
f 1724/2616/1629 1522/2315/1629 1521/2316/1629 1723/2617/1629
f 1723/2617/1630 1521/2316/1630 1520/2317/1630 1722/2618/1630
f 1722/2618/1631 1520/2317/1631 1519/2318/1631 1721/2619/1631
f 1721/2619/1632 1519/2318/1632 1518/2319/1632 1720/2620/1632
f 1720/2620/1633 1518/2319/1633 1516/99/1633 1718/98/1633
f 1618/20/1634 1820/22/1634 1919/2621/1634 1717/2320/1634
f 1717/2320/1635 1919/2621/1635 1918/2622/1635 1716/2623/1635
f 1716/2623/1636 1918/2622/1636 1917/2624/1636 1715/2625/1636
f 1715/2625/1637 1917/2624/1637 1916/2626/1637 1714/2627/1637
f 1714/2627/1638 1916/2626/1638 1915/2628/1638 1713/2629/1638
f 1713/2629/1639 1915/2628/1639 1914/2630/1639 1712/2631/1639
f 1712/2631/1640 1914/2630/1640 1913/2632/1640 1711/2633/1640
f 1711/2633/1641 1913/2632/1641 1912/2634/1641 1710/2635/1641
f 1710/2635/1642 1912/2634/1642 1911/2636/1642 1709/2637/1642
f 1709/2637/1643 1911/2636/1643 1910/2638/1643 1708/2639/1643
f 1708/2639/1644 1910/2638/1644 1909/2640/1644 1707/2641/1644
f 1707/2641/1645 1909/2640/1645 1908/2642/1645 1706/2643/1645
f 1706/2643/1646 1908/2642/1646 1907/2644/1646 1705/2645/1646
f 1705/2645/1647 1907/2644/1647 1906/2646/1647 1704/2647/1647
f 1704/2647/1648 1906/2646/1648 1905/2648/1648 1703/2649/1648
f 1703/2649/1649 1905/2648/1649 1904/2650/1649 1702/2651/1649
f 1702/2651/1650 1904/2650/1650 1903/2652/1650 1701/2653/1650
f 1701/2653/1651 1903/2652/1651 1902/2654/1651 1700/2655/1651
f 1700/2655/1652 1902/2654/1652 1901/2656/1652 1699/2657/1652
f 1699/2657/1653 1901/2656/1653 1900/2658/1653 1698/2659/1653
f 1698/2659/1654 1900/2658/1654 1899/2660/1654 1697/2661/1654
f 1697/2661/1655 1899/2660/1655 1898/2662/1655 1696/2663/1655
f 1696/2663/1656 1898/2662/1656 1897/2664/1656 1695/2665/1656
f 1695/2665/1657 1897/2664/1657 1896/2666/1657 1694/2667/1657
f 1694/2667/1658 1896/2666/1658 1895/2668/1658 1693/2669/1658
f 1693/2669/1659 1895/2668/1659 1894/2670/1659 1692/2671/1659
f 1692/2671/1660 1894/2670/1660 1893/2672/1660 1691/2673/1660
f 1691/2673/1661 1893/2672/1661 1892/2674/1661 1690/2675/1661
f 1690/2675/1662 1892/2674/1662 1891/2676/1662 1689/2677/1662
f 1689/2677/1663 1891/2676/1663 1890/2678/1663 1688/2679/1663
f 1688/2679/1664 1890/2678/1664 1889/2680/1664 1687/2681/1664
f 1687/2681/1665 1889/2680/1665 1888/2682/1665 1686/2683/1665
f 1686/2683/1666 1888/2682/1666 1887/2684/1666 1685/2685/1666
f 1685/2685/1667 1887/2684/1667 1886/2686/1667 1684/2687/1667
f 1684/2687/1668 1886/2686/1668 1885/2688/1668 1683/2689/1668
f 1683/2689/1669 1885/2688/1669 1884/2690/1669 1682/2691/1669
f 1682/2691/1670 1884/2690/1670 1883/2692/1670 1681/2693/1670
f 1681/2693/1671 1883/2692/1671 1882/2694/1671 1680/2695/1671
f 1680/2695/1672 1882/2694/1672 1881/2696/1672 1679/2697/1672
f 1679/2697/1673 1881/2696/1673 1880/2698/1673 1678/2699/1673
f 1678/2699/1674 1880/2698/1674 1879/2700/1674 1677/2701/1674
f 1677/2701/1675 1879/2700/1675 1878/2702/1675 1676/2703/1675
f 1676/2703/1676 1878/2702/1676 1877/2704/1676 1675/2705/1676
f 1675/2705/1677 1877/2704/1677 1876/2706/1677 1674/2707/1677
f 1674/2707/1678 1876/2706/1678 1875/2708/1678 1673/2709/1678
f 1673/2709/1679 1875/2708/1679 1874/2710/1679 1672/2711/1679
f 1672/2711/1680 1874/2710/1680 1873/2712/1680 1671/2713/1680
f 1671/2713/1681 1873/2712/1681 1872/2714/1681 1670/2715/1681
f 1670/2715/1682 1872/2714/1682 1871/2716/1682 1669/2717/1682
f 1669/2717/1683 1871/2716/1683 1870/2718/1683 1668/2719/1683
f 1668/2720/1684 1870/2721/1684 1869/2722/1684 1667/2421/1684
f 1667/2421/1685 1869/2722/1685 1868/2723/1685 1666/2422/1685
f 1666/2422/1686 1868/2723/1686 1867/2724/1686 1665/2423/1686
f 1665/2423/1687 1867/2724/1687 1866/2725/1687 1664/2424/1687
f 1664/2424/1688 1866/2725/1688 1865/2726/1688 1663/2425/1688
f 1663/2425/1689 1865/2726/1689 1864/2727/1689 1662/2426/1689
f 1662/2426/1690 1864/2727/1690 1863/2728/1690 1661/2427/1690
f 1661/2427/1691 1863/2728/1691 1862/2729/1691 1660/2428/1691
f 1660/2428/1692 1862/2729/1692 1861/2730/1692 1659/2429/1692
f 1659/2429/1693 1861/2730/1693 1860/2731/1693 1658/2430/1693
f 1658/2430/1694 1860/2731/1694 1859/2732/1694 1657/2431/1694
f 1657/2431/1695 1859/2732/1695 1858/2733/1695 1656/2432/1695
f 1656/2432/1696 1858/2733/1696 1857/2734/1696 1655/2433/1696
f 1655/2433/1697 1857/2734/1697 1856/2735/1697 1654/2434/1697
f 1654/2434/1698 1856/2735/1698 1855/2736/1698 1653/2435/1698
f 1653/2435/1699 1855/2736/1699 1854/2737/1699 1652/2436/1699
f 1652/2436/1700 1854/2737/1700 1853/2738/1700 1651/2437/1700
f 1651/2437/1701 1853/2738/1701 1852/2739/1701 1650/2438/1701
f 1650/2438/1702 1852/2739/1702 1851/2740/1702 1649/2439/1702
f 1649/2439/1703 1851/2740/1703 1850/2741/1703 1648/2440/1703
f 1648/2440/1704 1850/2741/1704 1849/2742/1704 1647/2441/1704
f 1647/2441/1705 1849/2742/1705 1848/2743/1705 1646/2442/1705
f 1646/2442/1706 1848/2743/1706 1847/2744/1706 1645/2443/1706
f 1645/2443/1707 1847/2744/1707 1846/2745/1707 1644/2444/1707
f 1644/2444/1708 1846/2745/1708 1845/2746/1708 1643/2445/1708
f 1643/2445/1709 1845/2746/1709 1844/2747/1709 1642/2446/1709
f 1642/2446/1710 1844/2747/1710 1843/2748/1710 1641/2447/1710
f 1641/2447/1711 1843/2748/1711 1842/2749/1711 1640/2448/1711
f 1640/2448/1712 1842/2749/1712 1841/2750/1712 1639/2449/1712
f 1639/2449/1713 1841/2750/1713 1840/2751/1713 1638/2450/1713
f 1638/2450/1714 1840/2751/1714 1839/2752/1714 1637/2451/1714
f 1637/2451/1715 1839/2752/1715 1838/2753/1715 1636/2452/1715
f 1636/2452/1716 1838/2753/1716 1837/2754/1716 1635/2453/1716
f 1635/2453/1717 1837/2754/1717 1836/2755/1717 1634/2454/1717
f 1634/2454/1718 1836/2755/1718 1835/2756/1718 1633/2455/1718
f 1633/2455/1719 1835/2756/1719 1834/2757/1719 1632/2456/1719
f 1632/2456/1720 1834/2757/1720 1833/2758/1720 1631/2457/1720
f 1631/2457/1721 1833/2758/1721 1832/2759/1721 1630/2458/1721
f 1630/2458/1722 1832/2759/1722 1831/2760/1722 1629/2459/1722
f 1629/2459/1723 1831/2760/1723 1830/2761/1723 1628/2460/1723
f 1628/2460/1724 1830/2761/1724 1829/2762/1724 1627/2461/1724
f 1627/2461/1725 1829/2762/1725 1828/2763/1725 1626/2462/1725
f 1626/2462/1726 1828/2763/1726 1827/2764/1726 1625/2463/1726
f 1625/2463/1727 1827/2764/1727 1826/2765/1727 1624/2464/1727
f 1624/2464/1728 1826/2765/1728 1825/2766/1728 1623/2465/1728
f 1623/2465/1729 1825/2766/1729 1824/2767/1729 1622/2466/1729
f 1622/2466/1730 1824/2767/1730 1823/2768/1730 1621/2467/1730
f 1621/2467/1731 1823/2768/1731 1822/2769/1731 1620/2468/1731
f 1620/2468/1732 1822/2769/1732 1821/2770/1732 1619/2469/1732
f 1619/2469/1733 1821/2770/1733 1819/2771/1733 1617/2470/1733
f 1921/21/1734 1719/19/1734 1818/2471/1734 2020/2772/1734
f 2020/2772/1735 1818/2471/1735 1817/2773/1735 2019/2774/1735
f 2019/2774/1736 1817/2773/1736 1816/2775/1736 2018/2776/1736
f 2018/2776/1737 1816/2775/1737 1815/2777/1737 2017/2778/1737
f 2017/2778/1738 1815/2777/1738 1814/2779/1738 2016/2780/1738
f 2016/2780/1739 1814/2779/1739 1813/2781/1739 2015/2782/1739
f 2015/2782/1740 1813/2781/1740 1812/2783/1740 2014/2784/1740
f 2014/2784/1741 1812/2783/1741 1811/2785/1741 2013/2786/1741
f 2013/2786/1742 1811/2785/1742 1810/2787/1742 2012/2788/1742
f 2012/2788/1743 1810/2787/1743 1809/2789/1743 2011/2790/1743
f 2011/2790/1744 1809/2789/1744 1808/2791/1744 2010/2792/1744
f 2010/2792/1745 1808/2791/1745 1807/2793/1745 2009/2794/1745
f 2009/2794/1746 1807/2793/1746 1806/2795/1746 2008/2796/1746
f 2008/2796/1747 1806/2795/1747 1805/2797/1747 2007/2798/1747
f 2007/2798/1748 1805/2797/1748 1804/2799/1748 2006/2800/1748
f 2006/2800/1749 1804/2799/1749 1803/2801/1749 2005/2802/1749
f 2005/2802/1750 1803/2801/1750 1802/2803/1750 2004/2804/1750
f 2004/2804/1751 1802/2803/1751 1801/2805/1751 2003/2806/1751
f 2003/2806/1752 1801/2805/1752 1800/2807/1752 2002/2808/1752
f 2002/2808/1753 1800/2807/1753 1799/2809/1753 2001/2810/1753
f 2001/2810/1754 1799/2809/1754 1798/2811/1754 2000/2812/1754
f 2000/2812/1755 1798/2811/1755 1797/2813/1755 1999/2814/1755
f 1999/2814/1756 1797/2813/1756 1796/2815/1756 1998/2816/1756
f 1998/2816/1757 1796/2815/1757 1795/2817/1757 1997/2818/1757
f 1997/2818/1758 1795/2817/1758 1794/2819/1758 1996/2820/1758
f 1996/2820/1759 1794/2819/1759 1793/2821/1759 1995/2822/1759
f 1995/2822/1760 1793/2821/1760 1792/2823/1760 1994/2824/1760
f 1994/2824/1761 1792/2823/1761 1791/2825/1761 1993/2826/1761
f 1993/2826/1762 1791/2825/1762 1790/2827/1762 1992/2828/1762
f 1992/2828/1763 1790/2827/1763 1789/2829/1763 1991/2830/1763
f 1991/2830/1764 1789/2829/1764 1788/2831/1764 1990/2832/1764
f 1990/2832/1765 1788/2831/1765 1787/2833/1765 1989/2834/1765
f 1989/2834/1766 1787/2833/1766 1786/2835/1766 1988/2836/1766
f 1988/2836/1767 1786/2835/1767 1785/2837/1767 1987/2838/1767
f 1987/2838/1768 1785/2837/1768 1784/2839/1768 1986/2840/1768
f 1986/2840/1769 1784/2839/1769 1783/2841/1769 1985/2842/1769
f 1985/2842/1770 1783/2841/1770 1782/2843/1770 1984/2844/1770
f 1984/2844/1771 1782/2843/1771 1781/2845/1771 1983/2846/1771
f 1983/2846/1772 1781/2845/1772 1780/2847/1772 1982/2848/1772
f 1982/2848/1773 1780/2847/1773 1779/2849/1773 1981/2850/1773
f 1981/2850/1774 1779/2849/1774 1778/2851/1774 1980/2852/1774
f 1980/2852/1775 1778/2851/1775 1777/2853/1775 1979/2854/1775
f 1979/2854/1776 1777/2853/1776 1776/2855/1776 1978/2856/1776
f 1978/2856/1777 1776/2855/1777 1775/2857/1777 1977/2858/1777
f 1977/2858/1778 1775/2857/1778 1774/2859/1778 1976/2860/1778
f 1976/2860/1779 1774/2859/1779 1773/2861/1779 1975/2862/1779
f 1975/2862/1780 1773/2861/1780 1772/2863/1780 1974/2864/1780
f 1974/2864/1781 1772/2863/1781 1771/2865/1781 1973/2866/1781
f 1973/2866/1782 1771/2865/1782 1770/2867/1782 1972/2868/1782
f 1972/2868/1783 1770/2867/1783 1769/2869/1783 1971/2870/1783
f 1971/2871/1784 1769/2872/1784 1768/2572/1784 1970/2873/1784
f 1970/2873/1785 1768/2572/1785 1767/2573/1785 1969/2874/1785
f 1969/2874/1786 1767/2573/1786 1766/2574/1786 1968/2875/1786
f 1968/2875/1787 1766/2574/1787 1765/2575/1787 1967/2876/1787
f 1967/2876/1788 1765/2575/1788 1764/2576/1788 1966/2877/1788
f 1966/2877/1789 1764/2576/1789 1763/2577/1789 1965/2878/1789
f 1965/2878/1790 1763/2577/1790 1762/2578/1790 1964/2879/1790
f 1964/2879/1791 1762/2578/1791 1761/2579/1791 1963/2880/1791
f 1963/2880/1792 1761/2579/1792 1760/2580/1792 1962/2881/1792
f 1962/2881/1793 1760/2580/1793 1759/2581/1793 1961/2882/1793
f 1961/2882/1794 1759/2581/1794 1758/2582/1794 1960/2883/1794
f 1960/2883/1795 1758/2582/1795 1757/2583/1795 1959/2884/1795
f 1959/2884/1796 1757/2583/1796 1756/2584/1796 1958/2885/1796
f 1958/2885/1797 1756/2584/1797 1755/2585/1797 1957/2886/1797
f 1957/2886/1798 1755/2585/1798 1754/2586/1798 1956/2887/1798
f 1956/2887/1799 1754/2586/1799 1753/2587/1799 1955/2888/1799
f 1955/2888/1800 1753/2587/1800 1752/2588/1800 1954/2889/1800
f 1954/2889/1801 1752/2588/1801 1751/2589/1801 1953/2890/1801
f 1953/2890/1802 1751/2589/1802 1750/2590/1802 1952/2891/1802
f 1952/2891/1803 1750/2590/1803 1749/2591/1803 1951/2892/1803
f 1951/2892/1804 1749/2591/1804 1748/2592/1804 1950/2893/1804
f 1950/2893/1805 1748/2592/1805 1747/2593/1805 1949/2894/1805
f 1949/2894/1806 1747/2593/1806 1746/2594/1806 1948/2895/1806
f 1948/2895/1807 1746/2594/1807 1745/2595/1807 1947/2896/1807
f 1947/2896/1808 1745/2595/1808 1744/2596/1808 1946/2897/1808
f 1946/2897/1809 1744/2596/1809 1743/2597/1809 1945/2898/1809
f 1945/2898/1810 1743/2597/1810 1742/2598/1810 1944/2899/1810
f 1944/2899/1811 1742/2598/1811 1741/2599/1811 1943/2900/1811
f 1943/2900/1812 1741/2599/1812 1740/2600/1812 1942/2901/1812
f 1942/2901/1813 1740/2600/1813 1739/2601/1813 1941/2902/1813
f 1941/2902/1814 1739/2601/1814 1738/2602/1814 1940/2903/1814
f 1940/2903/1815 1738/2602/1815 1737/2603/1815 1939/2904/1815
f 1939/2904/1816 1737/2603/1816 1736/2604/1816 1938/2905/1816
f 1938/2905/1817 1736/2604/1817 1735/2605/1817 1937/2906/1817
f 1937/2906/1818 1735/2605/1818 1734/2606/1818 1936/2907/1818
f 1936/2907/1819 1734/2606/1819 1733/2607/1819 1935/2908/1819
f 1935/2908/1820 1733/2607/1820 1732/2608/1820 1934/2909/1820
f 1934/2909/1821 1732/2608/1821 1731/2609/1821 1933/2910/1821
f 1933/2910/1822 1731/2609/1822 1730/2610/1822 1932/2911/1822
f 1932/2911/1823 1730/2610/1823 1729/2611/1823 1931/2912/1823
f 1931/2912/1824 1729/2611/1824 1728/2612/1824 1930/2913/1824
f 1930/2913/1825 1728/2612/1825 1727/2613/1825 1929/2914/1825
f 1929/2914/1826 1727/2613/1826 1726/2614/1826 1928/2915/1826
f 1928/2915/1827 1726/2614/1827 1725/2615/1827 1927/2916/1827
f 1927/2916/1828 1725/2615/1828 1724/2616/1828 1926/2917/1828
f 1926/2917/1829 1724/2616/1829 1723/2617/1829 1925/2918/1829
f 1925/2918/1830 1723/2617/1830 1722/2618/1830 1924/2919/1830
f 1924/2919/1831 1722/2618/1831 1721/2619/1831 1923/2920/1831
f 1923/2920/1832 1721/2619/1832 1720/2620/1832 1922/2921/1832
f 1922/2921/1833 1720/2620/1833 1718/98/1833 1920/97/1833
f 1820/22/1834 2022/24/1834 2121/2922/1834 1919/2923/1834
f 1919/2923/1835 2121/2922/1835 2120/2924/1835 1918/2925/1835
f 1918/2925/1836 2120/2924/1836 2119/2926/1836 1917/2927/1836
f 1917/2927/1837 2119/2926/1837 2118/2928/1837 1916/2929/1837
f 1916/2929/1838 2118/2928/1838 2117/2930/1838 1915/2931/1838
f 1915/2931/1839 2117/2930/1839 2116/2932/1839 1914/2933/1839
f 1914/2933/1840 2116/2932/1840 2115/2934/1840 1913/2935/1840
f 1913/2935/1841 2115/2934/1841 2114/2936/1841 1912/2937/1841
f 1912/2937/1842 2114/2936/1842 2113/2938/1842 1911/2939/1842
f 1911/2939/1843 2113/2938/1843 2112/2940/1843 1910/2941/1843
f 1910/2941/1844 2112/2940/1844 2111/2942/1844 1909/2943/1844
f 1909/2943/1845 2111/2942/1845 2110/2944/1845 1908/2945/1845
f 1908/2945/1846 2110/2944/1846 2109/2946/1846 1907/2947/1846
f 1907/2947/1847 2109/2946/1847 2108/2948/1847 1906/2949/1847
f 1906/2949/1848 2108/2948/1848 2107/2950/1848 1905/2951/1848
f 1905/2951/1849 2107/2950/1849 2106/2952/1849 1904/2953/1849
f 1904/2953/1850 2106/2952/1850 2105/2954/1850 1903/2955/1850
f 1903/2955/1851 2105/2954/1851 2104/2956/1851 1902/2957/1851
f 1902/2957/1852 2104/2956/1852 2103/2958/1852 1901/2959/1852
f 1901/2959/1853 2103/2958/1853 2102/2960/1853 1900/2961/1853
f 1900/2961/1854 2102/2960/1854 2101/2962/1854 1899/2963/1854
f 1899/2963/1855 2101/2962/1855 2100/2964/1855 1898/2965/1855
f 1898/2965/1856 2100/2964/1856 2099/2966/1856 1897/2967/1856
f 1897/2967/1857 2099/2966/1857 2098/2968/1857 1896/2969/1857
f 1896/2969/1858 2098/2968/1858 2097/2970/1858 1895/2971/1858
f 1895/2971/1859 2097/2970/1859 2096/2972/1859 1894/2973/1859
f 1894/2973/1860 2096/2972/1860 2095/2974/1860 1893/2975/1860
f 1893/2975/1861 2095/2974/1861 2094/2976/1861 1892/2977/1861
f 1892/2977/1862 2094/2976/1862 2093/2978/1862 1891/2979/1862
f 1891/2979/1863 2093/2978/1863 2092/2980/1863 1890/2981/1863
f 1890/2981/1864 2092/2980/1864 2091/2982/1864 1889/2983/1864
f 1889/2983/1865 2091/2982/1865 2090/2984/1865 1888/2985/1865
f 1888/2985/1866 2090/2984/1866 2089/2986/1866 1887/2987/1866
f 1887/2987/1867 2089/2986/1867 2088/2988/1867 1886/2989/1867
f 1886/2989/1868 2088/2988/1868 2087/2990/1868 1885/2991/1868
f 1885/2991/1869 2087/2990/1869 2086/2992/1869 1884/2993/1869
f 1884/2993/1870 2086/2992/1870 2085/2994/1870 1883/2995/1870
f 1883/2995/1871 2085/2994/1871 2084/2996/1871 1882/2997/1871
f 1882/2997/1872 2084/2996/1872 2083/2998/1872 1881/2999/1872
f 1881/2999/1873 2083/2998/1873 2082/3000/1873 1880/3001/1873
f 1880/3001/1874 2082/3000/1874 2081/3002/1874 1879/3003/1874
f 1879/3003/1875 2081/3002/1875 2080/3004/1875 1878/3005/1875
f 1878/3005/1876 2080/3004/1876 2079/3006/1876 1877/3007/1876
f 1877/3007/1877 2079/3006/1877 2078/3008/1877 1876/3009/1877
f 1876/3009/1878 2078/3008/1878 2077/3010/1878 1875/3011/1878
f 1875/3011/1879 2077/3010/1879 2076/3012/1879 1874/3013/1879
f 1874/3013/1880 2076/3012/1880 2075/3014/1880 1873/3015/1880
f 1873/3015/1881 2075/3014/1881 2074/3016/1881 1872/3017/1881
f 1872/3017/1882 2074/3016/1882 2073/3018/1882 1871/3019/1882
f 1871/3019/1883 2073/3018/1883 2072/3020/1883 1870/3021/1883
f 1870/3022/1884 2072/3023/1884 2071/3024/1884 1869/2722/1884
f 1869/2722/1885 2071/3024/1885 2070/3025/1885 1868/2723/1885
f 1868/2723/1886 2070/3025/1886 2069/3026/1886 1867/2724/1886
f 1867/2724/1887 2069/3026/1887 2068/3027/1887 1866/2725/1887
f 1866/2725/1888 2068/3027/1888 2067/3028/1888 1865/2726/1888
f 1865/2726/1889 2067/3028/1889 2066/3029/1889 1864/2727/1889
f 1864/2727/1890 2066/3029/1890 2065/3030/1890 1863/2728/1890
f 1863/2728/1891 2065/3030/1891 2064/3031/1891 1862/2729/1891
f 1862/2729/1892 2064/3031/1892 2063/3032/1892 1861/2730/1892
f 1861/2730/1893 2063/3032/1893 2062/3033/1893 1860/2731/1893
f 1860/2731/1894 2062/3033/1894 2061/3034/1894 1859/2732/1894
f 1859/2732/1895 2061/3034/1895 2060/3035/1895 1858/2733/1895
f 1858/2733/1896 2060/3035/1896 2059/3036/1896 1857/2734/1896
f 1857/2734/1897 2059/3036/1897 2058/3037/1897 1856/2735/1897
f 1856/2735/1898 2058/3037/1898 2057/3038/1898 1855/2736/1898
f 1855/2736/1899 2057/3038/1899 2056/3039/1899 1854/2737/1899
f 1854/2737/1900 2056/3039/1900 2055/3040/1900 1853/2738/1900
f 1853/2738/1901 2055/3040/1901 2054/3041/1901 1852/2739/1901
f 1852/2739/1902 2054/3041/1902 2053/3042/1902 1851/2740/1902
f 1851/2740/1903 2053/3042/1903 2052/3043/1903 1850/2741/1903
f 1850/2741/1904 2052/3043/1904 2051/3044/1904 1849/2742/1904
f 1849/2742/1905 2051/3044/1905 2050/3045/1905 1848/2743/1905
f 1848/2743/1906 2050/3045/1906 2049/3046/1906 1847/2744/1906
f 1847/2744/1907 2049/3046/1907 2048/3047/1907 1846/2745/1907
f 1846/2745/1908 2048/3047/1908 2047/3048/1908 1845/2746/1908
f 1845/2746/1909 2047/3048/1909 2046/3049/1909 1844/2747/1909
f 1844/2747/1910 2046/3049/1910 2045/3050/1910 1843/2748/1910
f 1843/2748/1911 2045/3050/1911 2044/3051/1911 1842/2749/1911
f 1842/2749/1912 2044/3051/1912 2043/3052/1912 1841/2750/1912
f 1841/2750/1913 2043/3052/1913 2042/3053/1913 1840/2751/1913
f 1840/2751/1914 2042/3053/1914 2041/3054/1914 1839/2752/1914
f 1839/2752/1915 2041/3054/1915 2040/3055/1915 1838/2753/1915
f 1838/2753/1916 2040/3055/1916 2039/3056/1916 1837/2754/1916
f 1837/2754/1917 2039/3056/1917 2038/3057/1917 1836/2755/1917
f 1836/2755/1918 2038/3057/1918 2037/3058/1918 1835/2756/1918
f 1835/2756/1919 2037/3058/1919 2036/3059/1919 1834/2757/1919
f 1834/2757/1920 2036/3059/1920 2035/3060/1920 1833/2758/1920
f 1833/2758/1921 2035/3060/1921 2034/3061/1921 1832/2759/1921
f 1832/2759/1922 2034/3061/1922 2033/3062/1922 1831/2760/1922
f 1831/2760/1923 2033/3062/1923 2032/3063/1923 1830/2761/1923
f 1830/2761/1924 2032/3063/1924 2031/3064/1924 1829/2762/1924
f 1829/2762/1925 2031/3064/1925 2030/3065/1925 1828/2763/1925
f 1828/2763/1926 2030/3065/1926 2029/3066/1926 1827/2764/1926
f 1827/2764/1927 2029/3066/1927 2028/3067/1927 1826/2765/1927
f 1826/2765/1928 2028/3067/1928 2027/3068/1928 1825/2766/1928
f 1825/2766/1929 2027/3068/1929 2026/3069/1929 1824/2767/1929
f 1824/2767/1930 2026/3069/1930 2025/3070/1930 1823/2768/1930
f 1823/2768/1931 2025/3070/1931 2024/3071/1931 1822/2769/1931
f 1822/2769/1932 2024/3071/1932 2023/3072/1932 1821/2770/1932
f 1821/2770/1933 2023/3072/1933 2021/3073/1933 1819/2771/1933
f 2123/23/1934 1921/21/1934 2020/3074/1934 2222/3075/1934
f 2222/3075/1935 2020/3074/1935 2019/3076/1935 2221/3077/1935
f 2221/3077/1936 2019/3076/1936 2018/3078/1936 2220/3079/1936
f 2220/3079/1937 2018/3078/1937 2017/3080/1937 2219/3081/1937
f 2219/3081/1938 2017/3080/1938 2016/3082/1938 2218/3083/1938
f 2218/3083/1939 2016/3082/1939 2015/3084/1939 2217/3085/1939
f 2217/3085/1940 2015/3084/1940 2014/3086/1940 2216/3087/1940
f 2216/3087/1941 2014/3086/1941 2013/3088/1941 2215/3089/1941
f 2215/3089/1942 2013/3088/1942 2012/3090/1942 2214/3091/1942
f 2214/3091/1943 2012/3090/1943 2011/3092/1943 2213/3093/1943
f 2213/3093/1944 2011/3092/1944 2010/3094/1944 2212/3095/1944
f 2212/3095/1945 2010/3094/1945 2009/3096/1945 2211/3097/1945
f 2211/3097/1946 2009/3096/1946 2008/3098/1946 2210/3099/1946
f 2210/3099/1947 2008/3098/1947 2007/3100/1947 2209/3101/1947
f 2209/3101/1948 2007/3100/1948 2006/3102/1948 2208/3103/1948
f 2208/3103/1949 2006/3102/1949 2005/3104/1949 2207/3105/1949
f 2207/3105/1950 2005/3104/1950 2004/3106/1950 2206/3107/1950
f 2206/3107/1951 2004/3106/1951 2003/3108/1951 2205/3109/1951
f 2205/3109/1952 2003/3108/1952 2002/3110/1952 2204/3111/1952
f 2204/3111/1953 2002/3110/1953 2001/3112/1953 2203/3113/1953
f 2203/3113/1954 2001/3112/1954 2000/3114/1954 2202/3115/1954
f 2202/3115/1955 2000/3114/1955 1999/3116/1955 2201/3117/1955
f 2201/3117/1956 1999/3116/1956 1998/3118/1956 2200/3119/1956
f 2200/3119/1957 1998/3118/1957 1997/3120/1957 2199/3121/1957
f 2199/3121/1958 1997/3120/1958 1996/3122/1958 2198/3123/1958
f 2198/3123/1959 1996/3122/1959 1995/3124/1959 2197/3125/1959
f 2197/3125/1960 1995/3124/1960 1994/3126/1960 2196/3127/1960
f 2196/3127/1961 1994/3126/1961 1993/3128/1961 2195/3129/1961
f 2195/3129/1962 1993/3128/1962 1992/3130/1962 2194/3131/1962
f 2194/3131/1963 1992/3130/1963 1991/3132/1963 2193/3133/1963
f 2193/3133/1964 1991/3132/1964 1990/3134/1964 2192/3135/1964
f 2192/3135/1965 1990/3134/1965 1989/3136/1965 2191/3137/1965
f 2191/3137/1966 1989/3136/1966 1988/3138/1966 2190/3139/1966
f 2190/3139/1967 1988/3138/1967 1987/3140/1967 2189/3141/1967
f 2189/3141/1968 1987/3140/1968 1986/3142/1968 2188/3143/1968
f 2188/3143/1969 1986/3142/1969 1985/3144/1969 2187/3145/1969
f 2187/3145/1970 1985/3144/1970 1984/3146/1970 2186/3147/1970
f 2186/3147/1971 1984/3146/1971 1983/3148/1971 2185/3149/1971
f 2185/3149/1972 1983/3148/1972 1982/3150/1972 2184/3151/1972
f 2184/3151/1973 1982/3150/1973 1981/3152/1973 2183/3153/1973
f 2183/3153/1974 1981/3152/1974 1980/3154/1974 2182/3155/1974
f 2182/3155/1975 1980/3154/1975 1979/3156/1975 2181/3157/1975
f 2181/3157/1976 1979/3156/1976 1978/3158/1976 2180/3159/1976
f 2180/3159/1977 1978/3158/1977 1977/3160/1977 2179/3161/1977
f 2179/3161/1978 1977/3160/1978 1976/3162/1978 2178/3163/1978
f 2178/3163/1979 1976/3162/1979 1975/3164/1979 2177/3165/1979
f 2177/3165/1980 1975/3164/1980 1974/3166/1980 2176/3167/1980
f 2176/3167/1981 1974/3166/1981 1973/3168/1981 2175/3169/1981
f 2175/3169/1982 1973/3168/1982 1972/3170/1982 2174/3171/1982
f 2174/3171/1983 1972/3170/1983 1971/3172/1983 2173/3173/1983
f 2173/3174/1984 1971/3175/1984 1970/2873/1984 2172/3176/1984
f 2172/3176/1985 1970/2873/1985 1969/2874/1985 2171/3177/1985
f 2171/3177/1986 1969/2874/1986 1968/2875/1986 2170/3178/1986
f 2170/3178/1987 1968/2875/1987 1967/2876/1987 2169/3179/1987
f 2169/3179/1988 1967/2876/1988 1966/2877/1988 2168/3180/1988
f 2168/3180/1989 1966/2877/1989 1965/2878/1989 2167/3181/1989
f 2167/3181/1990 1965/2878/1990 1964/2879/1990 2166/3182/1990
f 2166/3182/1991 1964/2879/1991 1963/2880/1991 2165/3183/1991
f 2165/3183/1992 1963/2880/1992 1962/2881/1992 2164/3184/1992
f 2164/3184/1993 1962/2881/1993 1961/2882/1993 2163/3185/1993
f 2163/3185/1994 1961/2882/1994 1960/2883/1994 2162/3186/1994
f 2162/3186/1995 1960/2883/1995 1959/2884/1995 2161/3187/1995
f 2161/3187/1996 1959/2884/1996 1958/2885/1996 2160/3188/1996
f 2160/3188/1997 1958/2885/1997 1957/2886/1997 2159/3189/1997
f 2159/3189/1998 1957/2886/1998 1956/2887/1998 2158/3190/1998
f 2158/3190/1999 1956/2887/1999 1955/2888/1999 2157/3191/1999
f 2157/3191/2000 1955/2888/2000 1954/2889/2000 2156/3192/2000
f 2156/3192/2001 1954/2889/2001 1953/2890/2001 2155/3193/2001
f 2155/3193/2002 1953/2890/2002 1952/2891/2002 2154/3194/2002
f 2154/3194/2003 1952/2891/2003 1951/2892/2003 2153/3195/2003
f 2153/3195/2004 1951/2892/2004 1950/2893/2004 2152/3196/2004
f 2152/3196/2005 1950/2893/2005 1949/2894/2005 2151/3197/2005
f 2151/3197/2006 1949/2894/2006 1948/2895/2006 2150/3198/2006
f 2150/3198/2007 1948/2895/2007 1947/2896/2007 2149/3199/2007
f 2149/3199/2008 1947/2896/2008 1946/2897/2008 2148/3200/2008
f 2148/3200/2009 1946/2897/2009 1945/2898/2009 2147/3201/2009
f 2147/3201/2010 1945/2898/2010 1944/2899/2010 2146/3202/2010
f 2146/3202/2011 1944/2899/2011 1943/2900/2011 2145/3203/2011
f 2145/3203/2012 1943/2900/2012 1942/2901/2012 2144/3204/2012
f 2144/3204/2013 1942/2901/2013 1941/2902/2013 2143/3205/2013
f 2143/3205/2014 1941/2902/2014 1940/2903/2014 2142/3206/2014
f 2142/3206/2015 1940/2903/2015 1939/2904/2015 2141/3207/2015
f 2141/3207/2016 1939/2904/2016 1938/2905/2016 2140/3208/2016
f 2140/3208/2017 1938/2905/2017 1937/2906/2017 2139/3209/2017
f 2139/3209/2018 1937/2906/2018 1936/2907/2018 2138/3210/2018
f 2138/3210/2019 1936/2907/2019 1935/2908/2019 2137/3211/2019
f 2137/3211/2020 1935/2908/2020 1934/2909/2020 2136/3212/2020
f 2136/3212/2021 1934/2909/2021 1933/2910/2021 2135/3213/2021
f 2135/3213/2022 1933/2910/2022 1932/2911/2022 2134/3214/2022
f 2134/3214/2023 1932/2911/2023 1931/2912/2023 2133/3215/2023
f 2133/3215/2024 1931/2912/2024 1930/2913/2024 2132/3216/2024
f 2132/3216/2025 1930/2913/2025 1929/2914/2025 2131/3217/2025
f 2131/3217/2026 1929/2914/2026 1928/2915/2026 2130/3218/2026
f 2130/3218/2027 1928/2915/2027 1927/2916/2027 2129/3219/2027
f 2129/3219/2028 1927/2916/2028 1926/2917/2028 2128/3220/2028
f 2128/3220/2029 1926/2917/2029 1925/2918/2029 2127/3221/2029
f 2127/3221/2030 1925/2918/2030 1924/2919/2030 2126/3222/2030
f 2126/3222/2031 1924/2919/2031 1923/2920/2031 2125/3223/2031
f 2125/3223/2032 1923/2920/2032 1922/2921/2032 2124/3224/2032
f 2124/3224/2033 1922/2921/2033 1920/97/2033 2122/96/2033
f 2022/24/2034 2224/26/2034 2323/3225/2034 2121/2922/2034
f 2121/2922/2035 2323/3225/2035 2322/3226/2035 2120/3227/2035
f 2120/3227/2036 2322/3226/2036 2321/3228/2036 2119/3229/2036
f 2119/3229/2037 2321/3228/2037 2320/3230/2037 2118/3231/2037
f 2118/3231/2038 2320/3230/2038 2319/3232/2038 2117/3233/2038
f 2117/3233/2039 2319/3232/2039 2318/3234/2039 2116/3235/2039
f 2116/3235/2040 2318/3234/2040 2317/3236/2040 2115/3237/2040
f 2115/3237/2041 2317/3236/2041 2316/3238/2041 2114/3239/2041
f 2114/3239/2042 2316/3238/2042 2315/3240/2042 2113/3241/2042
f 2113/3241/2043 2315/3240/2043 2314/3242/2043 2112/3243/2043
f 2112/3243/2044 2314/3242/2044 2313/3244/2044 2111/3245/2044
f 2111/3245/2045 2313/3244/2045 2312/3246/2045 2110/3247/2045
f 2110/3247/2046 2312/3246/2046 2311/3248/2046 2109/3249/2046
f 2109/3249/2047 2311/3248/2047 2310/3250/2047 2108/3251/2047
f 2108/3251/2048 2310/3250/2048 2309/3252/2048 2107/3253/2048
f 2107/3253/2049 2309/3252/2049 2308/3254/2049 2106/3255/2049
f 2106/3255/2050 2308/3254/2050 2307/3256/2050 2105/3257/2050
f 2105/3257/2051 2307/3256/2051 2306/3258/2051 2104/3259/2051
f 2104/3259/2052 2306/3258/2052 2305/3260/2052 2103/3261/2052
f 2103/3261/2053 2305/3260/2053 2304/3262/2053 2102/3263/2053
f 2102/3263/2054 2304/3262/2054 2303/3264/2054 2101/3265/2054
f 2101/3265/2055 2303/3264/2055 2302/3266/2055 2100/3267/2055
f 2100/3267/2056 2302/3266/2056 2301/3268/2056 2099/3269/2056
f 2099/3269/2057 2301/3268/2057 2300/3270/2057 2098/3271/2057
f 2098/3271/2058 2300/3270/2058 2299/3272/2058 2097/3273/2058
f 2097/3273/2059 2299/3272/2059 2298/3274/2059 2096/3275/2059
f 2096/3275/2060 2298/3274/2060 2297/3276/2060 2095/3277/2060
f 2095/3277/2061 2297/3276/2061 2296/3278/2061 2094/3279/2061
f 2094/3279/2062 2296/3278/2062 2295/3280/2062 2093/3281/2062
f 2093/3281/2063 2295/3280/2063 2294/3282/2063 2092/3283/2063
f 2092/3283/2064 2294/3282/2064 2293/3284/2064 2091/3285/2064
f 2091/3285/2065 2293/3284/2065 2292/3286/2065 2090/3287/2065
f 2090/3287/2066 2292/3286/2066 2291/3288/2066 2089/3289/2066
f 2089/3289/2067 2291/3288/2067 2290/3290/2067 2088/3291/2067
f 2088/3291/2068 2290/3290/2068 2289/3292/2068 2087/3293/2068
f 2087/3293/2069 2289/3292/2069 2288/3294/2069 2086/3295/2069
f 2086/3295/2070 2288/3294/2070 2287/3296/2070 2085/3297/2070
f 2085/3297/2071 2287/3296/2071 2286/3298/2071 2084/3299/2071
f 2084/3299/2072 2286/3298/2072 2285/3300/2072 2083/3301/2072
f 2083/3301/2073 2285/3300/2073 2284/3302/2073 2082/3303/2073
f 2082/3303/2074 2284/3302/2074 2283/3304/2074 2081/3305/2074
f 2081/3305/2075 2283/3304/2075 2282/3306/2075 2080/3307/2075
f 2080/3307/2076 2282/3306/2076 2281/3308/2076 2079/3309/2076
f 2079/3309/2077 2281/3308/2077 2280/3310/2077 2078/3311/2077
f 2078/3311/2078 2280/3310/2078 2279/3312/2078 2077/3313/2078
f 2077/3313/2079 2279/3312/2079 2278/3314/2079 2076/3315/2079
f 2076/3315/2080 2278/3314/2080 2277/3316/2080 2075/3317/2080
f 2075/3317/2081 2277/3316/2081 2276/3318/2081 2074/3319/2081
f 2074/3319/2082 2276/3318/2082 2275/3320/2082 2073/3321/2082
f 2073/3321/2083 2275/3320/2083 2274/3322/2083 2072/3323/2083
f 2072/3324/2084 2274/3325/2084 2273/3326/2084 2071/3024/2084
f 2071/3024/2085 2273/3326/2085 2272/3327/2085 2070/3025/2085
f 2070/3025/2086 2272/3327/2086 2271/3328/2086 2069/3026/2086
f 2069/3026/2087 2271/3328/2087 2270/3329/2087 2068/3027/2087
f 2068/3027/2088 2270/3329/2088 2269/3330/2088 2067/3028/2088
f 2067/3028/2089 2269/3330/2089 2268/3331/2089 2066/3029/2089
f 2066/3029/2090 2268/3331/2090 2267/3332/2090 2065/3030/2090
f 2065/3030/2091 2267/3332/2091 2266/3333/2091 2064/3031/2091
f 2064/3031/2092 2266/3333/2092 2265/3334/2092 2063/3032/2092
f 2063/3032/2093 2265/3334/2093 2264/3335/2093 2062/3033/2093
f 2062/3033/2094 2264/3335/2094 2263/3336/2094 2061/3034/2094
f 2061/3034/2095 2263/3336/2095 2262/3337/2095 2060/3035/2095
f 2060/3035/2096 2262/3337/2096 2261/3338/2096 2059/3036/2096
f 2059/3036/2097 2261/3338/2097 2260/3339/2097 2058/3037/2097
f 2058/3037/2098 2260/3339/2098 2259/3340/2098 2057/3038/2098
f 2057/3038/2099 2259/3340/2099 2258/3341/2099 2056/3039/2099
f 2056/3039/2100 2258/3341/2100 2257/3342/2100 2055/3040/2100
f 2055/3040/2101 2257/3342/2101 2256/3343/2101 2054/3041/2101
f 2054/3041/2102 2256/3343/2102 2255/3344/2102 2053/3042/2102
f 2053/3042/2103 2255/3344/2103 2254/3345/2103 2052/3043/2103
f 2052/3043/2104 2254/3345/2104 2253/3346/2104 2051/3044/2104
f 2051/3044/2105 2253/3346/2105 2252/3347/2105 2050/3045/2105
f 2050/3045/2106 2252/3347/2106 2251/3348/2106 2049/3046/2106
f 2049/3046/2107 2251/3348/2107 2250/3349/2107 2048/3047/2107
f 2048/3047/2108 2250/3349/2108 2249/3350/2108 2047/3048/2108
f 2047/3048/2109 2249/3350/2109 2248/3351/2109 2046/3049/2109
f 2046/3049/2110 2248/3351/2110 2247/3352/2110 2045/3050/2110
f 2045/3050/2111 2247/3352/2111 2246/3353/2111 2044/3051/2111
f 2044/3051/2112 2246/3353/2112 2245/3354/2112 2043/3052/2112
f 2043/3052/2113 2245/3354/2113 2244/3355/2113 2042/3053/2113
f 2042/3053/2114 2244/3355/2114 2243/3356/2114 2041/3054/2114
f 2041/3054/2115 2243/3356/2115 2242/3357/2115 2040/3055/2115
f 2040/3055/2116 2242/3357/2116 2241/3358/2116 2039/3056/2116
f 2039/3056/2117 2241/3358/2117 2240/3359/2117 2038/3057/2117
f 2038/3057/2118 2240/3359/2118 2239/3360/2118 2037/3058/2118
f 2037/3058/2119 2239/3360/2119 2238/3361/2119 2036/3059/2119
f 2036/3059/2120 2238/3361/2120 2237/3362/2120 2035/3060/2120
f 2035/3060/2121 2237/3362/2121 2236/3363/2121 2034/3061/2121
f 2034/3061/2122 2236/3363/2122 2235/3364/2122 2033/3062/2122
f 2033/3062/2123 2235/3364/2123 2234/3365/2123 2032/3063/2123
f 2032/3063/2124 2234/3365/2124 2233/3366/2124 2031/3064/2124
f 2031/3064/2125 2233/3366/2125 2232/3367/2125 2030/3065/2125
f 2030/3065/2126 2232/3367/2126 2231/3368/2126 2029/3066/2126
f 2029/3066/2127 2231/3368/2127 2230/3369/2127 2028/3067/2127
f 2028/3067/2128 2230/3369/2128 2229/3370/2128 2027/3068/2128
f 2027/3068/2129 2229/3370/2129 2228/3371/2129 2026/3069/2129
f 2026/3069/2130 2228/3371/2130 2227/3372/2130 2025/3070/2130
f 2025/3070/2131 2227/3372/2131 2226/3373/2131 2024/3071/2131
f 2024/3071/2132 2226/3373/2132 2225/3374/2132 2023/3072/2132
f 2023/3072/2133 2225/3374/2133 2223/3375/2133 2021/3073/2133
f 2325/25/2134 2123/23/2134 2222/3075/2134 2424/3376/2134
f 2424/3376/2135 2222/3075/2135 2221/3377/2135 2423/3378/2135
f 2423/3378/2136 2221/3377/2136 2220/3379/2136 2422/3380/2136
f 2422/3380/2137 2220/3379/2137 2219/3381/2137 2421/3382/2137
f 2421/3382/2138 2219/3381/2138 2218/3383/2138 2420/3384/2138
f 2420/3384/2139 2218/3383/2139 2217/3385/2139 2419/3386/2139
f 2419/3386/2140 2217/3385/2140 2216/3387/2140 2418/3388/2140
f 2418/3388/2141 2216/3387/2141 2215/3389/2141 2417/3390/2141
f 2417/3390/2142 2215/3389/2142 2214/3391/2142 2416/3392/2142
f 2416/3392/2143 2214/3391/2143 2213/3393/2143 2415/3394/2143
f 2415/3394/2144 2213/3393/2144 2212/3395/2144 2414/3396/2144
f 2414/3396/2145 2212/3395/2145 2211/3397/2145 2413/3398/2145
f 2413/3398/2146 2211/3397/2146 2210/3399/2146 2412/3400/2146
f 2412/3400/2147 2210/3399/2147 2209/3401/2147 2411/3402/2147
f 2411/3402/2148 2209/3401/2148 2208/3403/2148 2410/3404/2148
f 2410/3404/2149 2208/3403/2149 2207/3405/2149 2409/3406/2149
f 2409/3406/2150 2207/3405/2150 2206/3407/2150 2408/3408/2150
f 2408/3408/2151 2206/3407/2151 2205/3409/2151 2407/3410/2151
f 2407/3410/2152 2205/3409/2152 2204/3411/2152 2406/3412/2152
f 2406/3412/2153 2204/3411/2153 2203/3413/2153 2405/3414/2153
f 2405/3414/2154 2203/3413/2154 2202/3415/2154 2404/3416/2154
f 2404/3416/2155 2202/3415/2155 2201/3417/2155 2403/3418/2155
f 2403/3418/2156 2201/3417/2156 2200/3419/2156 2402/3420/2156
f 2402/3420/2157 2200/3419/2157 2199/3421/2157 2401/3422/2157
f 2401/3422/2158 2199/3421/2158 2198/3423/2158 2400/3424/2158
f 2400/3424/2159 2198/3423/2159 2197/3425/2159 2399/3426/2159
f 2399/3426/2160 2197/3425/2160 2196/3427/2160 2398/3428/2160
f 2398/3428/2161 2196/3427/2161 2195/3429/2161 2397/3430/2161
f 2397/3430/2162 2195/3429/2162 2194/3431/2162 2396/3432/2162
f 2396/3432/2163 2194/3431/2163 2193/3433/2163 2395/3434/2163
f 2395/3434/2164 2193/3433/2164 2192/3435/2164 2394/3436/2164
f 2394/3436/2165 2192/3435/2165 2191/3437/2165 2393/3438/2165
f 2393/3438/2166 2191/3437/2166 2190/3439/2166 2392/3440/2166
f 2392/3440/2167 2190/3439/2167 2189/3441/2167 2391/3442/2167
f 2391/3442/2168 2189/3441/2168 2188/3443/2168 2390/3444/2168
f 2390/3444/2169 2188/3443/2169 2187/3445/2169 2389/3446/2169
f 2389/3446/2170 2187/3445/2170 2186/3447/2170 2388/3448/2170
f 2388/3448/2171 2186/3447/2171 2185/3449/2171 2387/3450/2171
f 2387/3450/2172 2185/3449/2172 2184/3451/2172 2386/3452/2172
f 2386/3452/2173 2184/3451/2173 2183/3453/2173 2385/3454/2173
f 2385/3454/2174 2183/3453/2174 2182/3455/2174 2384/3456/2174
f 2384/3456/2175 2182/3455/2175 2181/3457/2175 2383/3458/2175
f 2383/3458/2176 2181/3457/2176 2180/3459/2176 2382/3460/2176
f 2382/3460/2177 2180/3459/2177 2179/3461/2177 2381/3462/2177
f 2381/3462/2178 2179/3461/2178 2178/3463/2178 2380/3464/2178
f 2380/3464/2179 2178/3463/2179 2177/3465/2179 2379/3466/2179
f 2379/3466/2180 2177/3465/2180 2176/3467/2180 2378/3468/2180
f 2378/3468/2181 2176/3467/2181 2175/3469/2181 2377/3470/2181
f 2377/3470/2182 2175/3469/2182 2174/3471/2182 2376/3472/2182
f 2376/3472/2183 2174/3471/2183 2173/3473/2183 2375/3474/2183
f 2375/3475/2184 2173/3476/2184 2172/3176/2184 2374/3477/2184
f 2374/3477/2185 2172/3176/2185 2171/3177/2185 2373/3478/2185
f 2373/3478/2186 2171/3177/2186 2170/3178/2186 2372/3479/2186
f 2372/3479/2187 2170/3178/2187 2169/3179/2187 2371/3480/2187
f 2371/3480/2188 2169/3179/2188 2168/3180/2188 2370/3481/2188
f 2370/3481/2189 2168/3180/2189 2167/3181/2189 2369/3482/2189
f 2369/3482/2190 2167/3181/2190 2166/3182/2190 2368/3483/2190
f 2368/3483/2191 2166/3182/2191 2165/3183/2191 2367/3484/2191
f 2367/3484/2192 2165/3183/2192 2164/3184/2192 2366/3485/2192
f 2366/3485/2193 2164/3184/2193 2163/3185/2193 2365/3486/2193
f 2365/3486/2194 2163/3185/2194 2162/3186/2194 2364/3487/2194
f 2364/3487/2195 2162/3186/2195 2161/3187/2195 2363/3488/2195
f 2363/3488/2196 2161/3187/2196 2160/3188/2196 2362/3489/2196
f 2362/3489/2197 2160/3188/2197 2159/3189/2197 2361/3490/2197
f 2361/3490/2198 2159/3189/2198 2158/3190/2198 2360/3491/2198
f 2360/3491/2199 2158/3190/2199 2157/3191/2199 2359/3492/2199
f 2359/3492/2200 2157/3191/2200 2156/3192/2200 2358/3493/2200
f 2358/3493/2201 2156/3192/2201 2155/3193/2201 2357/3494/2201
f 2357/3494/2202 2155/3193/2202 2154/3194/2202 2356/3495/2202
f 2356/3495/2203 2154/3194/2203 2153/3195/2203 2355/3496/2203
f 2355/3496/2204 2153/3195/2204 2152/3196/2204 2354/3497/2204
f 2354/3497/2205 2152/3196/2205 2151/3197/2205 2353/3498/2205
f 2353/3498/2206 2151/3197/2206 2150/3198/2206 2352/3499/2206
f 2352/3499/2207 2150/3198/2207 2149/3199/2207 2351/3500/2207
f 2351/3500/2208 2149/3199/2208 2148/3200/2208 2350/3501/2208
f 2350/3501/2209 2148/3200/2209 2147/3201/2209 2349/3502/2209
f 2349/3502/2210 2147/3201/2210 2146/3202/2210 2348/3503/2210
f 2348/3503/2211 2146/3202/2211 2145/3203/2211 2347/3504/2211
f 2347/3504/2212 2145/3203/2212 2144/3204/2212 2346/3505/2212
f 2346/3505/2213 2144/3204/2213 2143/3205/2213 2345/3506/2213
f 2345/3506/2214 2143/3205/2214 2142/3206/2214 2344/3507/2214
f 2344/3507/2215 2142/3206/2215 2141/3207/2215 2343/3508/2215
f 2343/3508/2216 2141/3207/2216 2140/3208/2216 2342/3509/2216
f 2342/3509/2217 2140/3208/2217 2139/3209/2217 2341/3510/2217
f 2341/3510/2218 2139/3209/2218 2138/3210/2218 2340/3511/2218
f 2340/3511/2219 2138/3210/2219 2137/3211/2219 2339/3512/2219
f 2339/3512/2220 2137/3211/2220 2136/3212/2220 2338/3513/2220
f 2338/3513/2221 2136/3212/2221 2135/3213/2221 2337/3514/2221
f 2337/3514/2222 2135/3213/2222 2134/3214/2222 2336/3515/2222
f 2336/3515/2223 2134/3214/2223 2133/3215/2223 2335/3516/2223
f 2335/3516/2224 2133/3215/2224 2132/3216/2224 2334/3517/2224
f 2334/3517/2225 2132/3216/2225 2131/3217/2225 2333/3518/2225
f 2333/3518/2226 2131/3217/2226 2130/3218/2226 2332/3519/2226
f 2332/3519/2227 2130/3218/2227 2129/3219/2227 2331/3520/2227
f 2331/3520/2228 2129/3219/2228 2128/3220/2228 2330/3521/2228
f 2330/3521/2229 2128/3220/2229 2127/3221/2229 2329/3522/2229
f 2329/3522/2230 2127/3221/2230 2126/3222/2230 2328/3523/2230
f 2328/3523/2231 2126/3222/2231 2125/3223/2231 2327/3524/2231
f 2327/3524/2232 2125/3223/2232 2124/3224/2232 2326/3525/2232
f 2326/3525/2233 2124/3224/2233 2122/96/2233 2324/95/2233
f 2224/26/2234 2426/28/2234 2525/3526/2234 2323/3225/2234
f 2323/3225/2235 2525/3526/2235 2524/3527/2235 2322/3528/2235
f 2322/3528/2236 2524/3527/2236 2523/3529/2236 2321/3530/2236
f 2321/3530/2237 2523/3529/2237 2522/3531/2237 2320/3532/2237
f 2320/3532/2238 2522/3531/2238 2521/3533/2238 2319/3534/2238
f 2319/3534/2239 2521/3533/2239 2520/3535/2239 2318/3536/2239
f 2318/3536/2240 2520/3535/2240 2519/3537/2240 2317/3538/2240
f 2317/3538/2241 2519/3537/2241 2518/3539/2241 2316/3540/2241
f 2316/3540/2242 2518/3539/2242 2517/3541/2242 2315/3542/2242
f 2315/3542/2243 2517/3541/2243 2516/3543/2243 2314/3544/2243
f 2314/3544/2244 2516/3543/2244 2515/3545/2244 2313/3546/2244
f 2313/3546/2245 2515/3545/2245 2514/3547/2245 2312/3548/2245
f 2312/3548/2246 2514/3547/2246 2513/3549/2246 2311/3550/2246
f 2311/3550/2247 2513/3549/2247 2512/3551/2247 2310/3552/2247
f 2310/3552/2248 2512/3551/2248 2511/3553/2248 2309/3554/2248
f 2309/3554/2249 2511/3553/2249 2510/3555/2249 2308/3556/2249
f 2308/3556/2250 2510/3555/2250 2509/3557/2250 2307/3558/2250
f 2307/3558/2251 2509/3557/2251 2508/3559/2251 2306/3560/2251
f 2306/3560/2252 2508/3559/2252 2507/3561/2252 2305/3562/2252
f 2305/3562/2253 2507/3561/2253 2506/3563/2253 2304/3564/2253
f 2304/3564/2254 2506/3563/2254 2505/3565/2254 2303/3566/2254
f 2303/3566/2255 2505/3565/2255 2504/3567/2255 2302/3568/2255
f 2302/3568/2256 2504/3567/2256 2503/3569/2256 2301/3570/2256
f 2301/3570/2257 2503/3569/2257 2502/3571/2257 2300/3572/2257
f 2300/3572/2258 2502/3571/2258 2501/3573/2258 2299/3574/2258
f 2299/3574/2259 2501/3573/2259 2500/3575/2259 2298/3576/2259
f 2298/3576/2260 2500/3575/2260 2499/3577/2260 2297/3578/2260
f 2297/3578/2261 2499/3577/2261 2498/3579/2261 2296/3580/2261
f 2296/3580/2262 2498/3579/2262 2497/3581/2262 2295/3582/2262
f 2295/3582/2263 2497/3581/2263 2496/3583/2263 2294/3584/2263
f 2294/3584/2264 2496/3583/2264 2495/3585/2264 2293/3586/2264
f 2293/3586/2265 2495/3585/2265 2494/3587/2265 2292/3588/2265
f 2292/3588/2266 2494/3587/2266 2493/3589/2266 2291/3590/2266
f 2291/3590/2267 2493/3589/2267 2492/3591/2267 2290/3592/2267
f 2290/3592/2268 2492/3591/2268 2491/3593/2268 2289/3594/2268
f 2289/3594/2269 2491/3593/2269 2490/3595/2269 2288/3596/2269
f 2288/3596/2270 2490/3595/2270 2489/3597/2270 2287/3598/2270
f 2287/3598/2271 2489/3597/2271 2488/3599/2271 2286/3600/2271
f 2286/3600/2272 2488/3599/2272 2487/3601/2272 2285/3602/2272
f 2285/3602/2273 2487/3601/2273 2486/3603/2273 2284/3604/2273
f 2284/3604/2274 2486/3603/2274 2485/3605/2274 2283/3606/2274
f 2283/3606/2275 2485/3605/2275 2484/3607/2275 2282/3608/2275
f 2282/3608/2276 2484/3607/2276 2483/3609/2276 2281/3610/2276
f 2281/3610/2277 2483/3609/2277 2482/3611/2277 2280/3612/2277
f 2280/3612/2278 2482/3611/2278 2481/3613/2278 2279/3614/2278
f 2279/3614/2279 2481/3613/2279 2480/3615/2279 2278/3616/2279
f 2278/3616/2280 2480/3615/2280 2479/3617/2280 2277/3618/2280
f 2277/3618/2281 2479/3617/2281 2478/3619/2281 2276/3620/2281
f 2276/3620/2282 2478/3619/2282 2477/3621/2282 2275/3622/2282
f 2275/3622/2283 2477/3621/2283 2476/3623/2283 2274/3624/2283
f 2274/3625/2284 2476/3626/2284 2475/3627/2284 2273/3326/2284
f 2273/3326/2285 2475/3627/2285 2474/3628/2285 2272/3327/2285
f 2272/3327/2286 2474/3628/2286 2473/3629/2286 2271/3328/2286
f 2271/3328/2287 2473/3629/2287 2472/3630/2287 2270/3329/2287
f 2270/3329/2288 2472/3630/2288 2471/3631/2288 2269/3330/2288
f 2269/3330/2289 2471/3631/2289 2470/3632/2289 2268/3331/2289
f 2268/3331/2290 2470/3632/2290 2469/3633/2290 2267/3332/2290
f 2267/3332/2291 2469/3633/2291 2468/3634/2291 2266/3333/2291
f 2266/3333/2292 2468/3634/2292 2467/3635/2292 2265/3334/2292
f 2265/3334/2293 2467/3635/2293 2466/3636/2293 2264/3335/2293
f 2264/3335/2294 2466/3636/2294 2465/3637/2294 2263/3336/2294
f 2263/3336/2295 2465/3637/2295 2464/3638/2295 2262/3337/2295
f 2262/3337/2296 2464/3638/2296 2463/3639/2296 2261/3338/2296
f 2261/3338/2297 2463/3639/2297 2462/3640/2297 2260/3339/2297
f 2260/3339/2298 2462/3640/2298 2461/3641/2298 2259/3340/2298
f 2259/3340/2299 2461/3641/2299 2460/3642/2299 2258/3341/2299
f 2258/3341/2300 2460/3642/2300 2459/3643/2300 2257/3342/2300
f 2257/3342/2301 2459/3643/2301 2458/3644/2301 2256/3343/2301
f 2256/3343/2302 2458/3644/2302 2457/3645/2302 2255/3344/2302
f 2255/3344/2303 2457/3645/2303 2456/3646/2303 2254/3345/2303
f 2254/3345/2304 2456/3646/2304 2455/3647/2304 2253/3346/2304
f 2253/3346/2305 2455/3647/2305 2454/3648/2305 2252/3347/2305
f 2252/3347/2306 2454/3648/2306 2453/3649/2306 2251/3348/2306
f 2251/3348/2307 2453/3649/2307 2452/3650/2307 2250/3349/2307
f 2250/3349/2308 2452/3650/2308 2451/3651/2308 2249/3350/2308
f 2249/3350/2309 2451/3651/2309 2450/3652/2309 2248/3351/2309
f 2248/3351/2310 2450/3652/2310 2449/3653/2310 2247/3352/2310
f 2247/3352/2311 2449/3653/2311 2448/3654/2311 2246/3353/2311
f 2246/3353/2312 2448/3654/2312 2447/3655/2312 2245/3354/2312
f 2245/3354/2313 2447/3655/2313 2446/3656/2313 2244/3355/2313
f 2244/3355/2314 2446/3656/2314 2445/3657/2314 2243/3356/2314
f 2243/3356/2315 2445/3657/2315 2444/3658/2315 2242/3357/2315
f 2242/3357/2316 2444/3658/2316 2443/3659/2316 2241/3358/2316
f 2241/3358/2317 2443/3659/2317 2442/3660/2317 2240/3359/2317
f 2240/3359/2318 2442/3660/2318 2441/3661/2318 2239/3360/2318
f 2239/3360/2319 2441/3661/2319 2440/3662/2319 2238/3361/2319
f 2238/3361/2320 2440/3662/2320 2439/3663/2320 2237/3362/2320
f 2237/3362/2321 2439/3663/2321 2438/3664/2321 2236/3363/2321
f 2236/3363/2322 2438/3664/2322 2437/3665/2322 2235/3364/2322
f 2235/3364/2323 2437/3665/2323 2436/3666/2323 2234/3365/2323
f 2234/3365/2324 2436/3666/2324 2435/3667/2324 2233/3366/2324
f 2233/3366/2325 2435/3667/2325 2434/3668/2325 2232/3367/2325
f 2232/3367/2326 2434/3668/2326 2433/3669/2326 2231/3368/2326
f 2231/3368/2327 2433/3669/2327 2432/3670/2327 2230/3369/2327
f 2230/3369/2328 2432/3670/2328 2431/3671/2328 2229/3370/2328
f 2229/3370/2329 2431/3671/2329 2430/3672/2329 2228/3371/2329
f 2228/3371/2330 2430/3672/2330 2429/3673/2330 2227/3372/2330
f 2227/3372/2331 2429/3673/2331 2428/3674/2331 2226/3373/2331
f 2226/3373/2332 2428/3674/2332 2427/3675/2332 2225/3374/2332
f 2225/3374/2333 2427/3675/2333 2425/3676/2333 2223/3375/2333
f 2527/27/2334 2325/25/2334 2424/3376/2334 2626/3677/2334
f 2626/3677/2335 2424/3376/2335 2423/3678/2335 2625/3679/2335
f 2625/3679/2336 2423/3678/2336 2422/3680/2336 2624/3681/2336
f 2624/3681/2337 2422/3680/2337 2421/3682/2337 2623/3683/2337
f 2623/3683/2338 2421/3682/2338 2420/3684/2338 2622/3685/2338
f 2622/3685/2339 2420/3684/2339 2419/3686/2339 2621/3687/2339
f 2621/3687/2340 2419/3686/2340 2418/3688/2340 2620/3689/2340
f 2620/3689/2341 2418/3688/2341 2417/3690/2341 2619/3691/2341
f 2619/3691/2342 2417/3690/2342 2416/3692/2342 2618/3693/2342
f 2618/3693/2343 2416/3692/2343 2415/3694/2343 2617/3695/2343
f 2617/3695/2344 2415/3694/2344 2414/3696/2344 2616/3697/2344
f 2616/3697/2345 2414/3696/2345 2413/3698/2345 2615/3699/2345
f 2615/3699/2346 2413/3698/2346 2412/3700/2346 2614/3701/2346
f 2614/3701/2347 2412/3700/2347 2411/3702/2347 2613/3703/2347
f 2613/3703/2348 2411/3702/2348 2410/3704/2348 2612/3705/2348
f 2612/3705/2349 2410/3704/2349 2409/3706/2349 2611/3707/2349
f 2611/3707/2350 2409/3706/2350 2408/3708/2350 2610/3709/2350
f 2610/3709/2351 2408/3708/2351 2407/3710/2351 2609/3711/2351
f 2609/3711/2352 2407/3710/2352 2406/3712/2352 2608/3713/2352
f 2608/3713/2353 2406/3712/2353 2405/3714/2353 2607/3715/2353
f 2607/3715/2354 2405/3714/2354 2404/3716/2354 2606/3717/2354
f 2606/3717/2355 2404/3716/2355 2403/3718/2355 2605/3719/2355
f 2605/3719/2356 2403/3718/2356 2402/3720/2356 2604/3721/2356
f 2604/3721/2357 2402/3720/2357 2401/3722/2357 2603/3723/2357
f 2603/3723/2358 2401/3722/2358 2400/3724/2358 2602/3725/2358
f 2602/3725/2359 2400/3724/2359 2399/3726/2359 2601/3727/2359
f 2601/3727/2360 2399/3726/2360 2398/3728/2360 2600/3729/2360
f 2600/3729/2361 2398/3728/2361 2397/3730/2361 2599/3731/2361
f 2599/3731/2362 2397/3730/2362 2396/3732/2362 2598/3733/2362
f 2598/3733/2363 2396/3732/2363 2395/3734/2363 2597/3735/2363
f 2597/3735/2364 2395/3734/2364 2394/3736/2364 2596/3737/2364
f 2596/3737/2365 2394/3736/2365 2393/3738/2365 2595/3739/2365
f 2595/3739/2366 2393/3738/2366 2392/3740/2366 2594/3741/2366
f 2594/3741/2367 2392/3740/2367 2391/3742/2367 2593/3743/2367
f 2593/3743/2368 2391/3742/2368 2390/3744/2368 2592/3745/2368
f 2592/3745/2369 2390/3744/2369 2389/3746/2369 2591/3747/2369
f 2591/3747/2370 2389/3746/2370 2388/3748/2370 2590/3749/2370
f 2590/3749/2371 2388/3748/2371 2387/3750/2371 2589/3751/2371
f 2589/3751/2372 2387/3750/2372 2386/3752/2372 2588/3753/2372
f 2588/3753/2373 2386/3752/2373 2385/3754/2373 2587/3755/2373
f 2587/3755/2374 2385/3754/2374 2384/3756/2374 2586/3757/2374
f 2586/3757/2375 2384/3756/2375 2383/3758/2375 2585/3759/2375
f 2585/3759/2376 2383/3758/2376 2382/3760/2376 2584/3761/2376
f 2584/3761/2377 2382/3760/2377 2381/3762/2377 2583/3763/2377
f 2583/3763/2378 2381/3762/2378 2380/3764/2378 2582/3765/2378
f 2582/3765/2379 2380/3764/2379 2379/3766/2379 2581/3767/2379
f 2581/3767/2380 2379/3766/2380 2378/3768/2380 2580/3769/2380
f 2580/3769/2381 2378/3768/2381 2377/3770/2381 2579/3771/2381
f 2579/3771/2382 2377/3770/2382 2376/3772/2382 2578/3773/2382
f 2578/3773/2383 2376/3772/2383 2375/3774/2383 2577/3775/2383
f 2577/3776/2384 2375/3777/2384 2374/3477/2384 2576/3778/2384
f 2576/3778/2385 2374/3477/2385 2373/3478/2385 2575/3779/2385
f 2575/3779/2386 2373/3478/2386 2372/3479/2386 2574/3780/2386
f 2574/3780/2387 2372/3479/2387 2371/3480/2387 2573/3781/2387
f 2573/3781/2388 2371/3480/2388 2370/3481/2388 2572/3782/2388
f 2572/3782/2389 2370/3481/2389 2369/3482/2389 2571/3783/2389
f 2571/3783/2390 2369/3482/2390 2368/3483/2390 2570/3784/2390
f 2570/3784/2391 2368/3483/2391 2367/3484/2391 2569/3785/2391
f 2569/3785/2392 2367/3484/2392 2366/3485/2392 2568/3786/2392
f 2568/3786/2393 2366/3485/2393 2365/3486/2393 2567/3787/2393
f 2567/3787/2394 2365/3486/2394 2364/3487/2394 2566/3788/2394
f 2566/3788/2395 2364/3487/2395 2363/3488/2395 2565/3789/2395
f 2565/3789/2396 2363/3488/2396 2362/3489/2396 2564/3790/2396
f 2564/3790/2397 2362/3489/2397 2361/3490/2397 2563/3791/2397
f 2563/3791/2398 2361/3490/2398 2360/3491/2398 2562/3792/2398
f 2562/3792/2399 2360/3491/2399 2359/3492/2399 2561/3793/2399
f 2561/3793/2400 2359/3492/2400 2358/3493/2400 2560/3794/2400
f 2560/3794/2401 2358/3493/2401 2357/3494/2401 2559/3795/2401
f 2559/3795/2402 2357/3494/2402 2356/3495/2402 2558/3796/2402
f 2558/3796/2403 2356/3495/2403 2355/3496/2403 2557/3797/2403
f 2557/3797/2404 2355/3496/2404 2354/3497/2404 2556/3798/2404
f 2556/3798/2405 2354/3497/2405 2353/3498/2405 2555/3799/2405
f 2555/3799/2406 2353/3498/2406 2352/3499/2406 2554/3800/2406
f 2554/3800/2407 2352/3499/2407 2351/3500/2407 2553/3801/2407
f 2553/3801/2408 2351/3500/2408 2350/3501/2408 2552/3802/2408
f 2552/3802/2409 2350/3501/2409 2349/3502/2409 2551/3803/2409
f 2551/3803/2410 2349/3502/2410 2348/3503/2410 2550/3804/2410
f 2550/3804/2411 2348/3503/2411 2347/3504/2411 2549/3805/2411
f 2549/3805/2412 2347/3504/2412 2346/3505/2412 2548/3806/2412
f 2548/3806/2413 2346/3505/2413 2345/3506/2413 2547/3807/2413
f 2547/3807/2414 2345/3506/2414 2344/3507/2414 2546/3808/2414
f 2546/3808/2415 2344/3507/2415 2343/3508/2415 2545/3809/2415
f 2545/3809/2416 2343/3508/2416 2342/3509/2416 2544/3810/2416
f 2544/3810/2417 2342/3509/2417 2341/3510/2417 2543/3811/2417
f 2543/3811/2418 2341/3510/2418 2340/3511/2418 2542/3812/2418
f 2542/3812/2419 2340/3511/2419 2339/3512/2419 2541/3813/2419
f 2541/3813/2420 2339/3512/2420 2338/3513/2420 2540/3814/2420
f 2540/3814/2421 2338/3513/2421 2337/3514/2421 2539/3815/2421
f 2539/3815/2422 2337/3514/2422 2336/3515/2422 2538/3816/2422
f 2538/3816/2423 2336/3515/2423 2335/3516/2423 2537/3817/2423
f 2537/3817/2424 2335/3516/2424 2334/3517/2424 2536/3818/2424
f 2536/3818/2425 2334/3517/2425 2333/3518/2425 2535/3819/2425
f 2535/3819/2426 2333/3518/2426 2332/3519/2426 2534/3820/2426
f 2534/3820/2427 2332/3519/2427 2331/3520/2427 2533/3821/2427
f 2533/3821/2428 2331/3520/2428 2330/3521/2428 2532/3822/2428
f 2532/3822/2429 2330/3521/2429 2329/3522/2429 2531/3823/2429
f 2531/3823/2430 2329/3522/2430 2328/3523/2430 2530/3824/2430
f 2530/3824/2431 2328/3523/2431 2327/3524/2431 2529/3825/2431
f 2529/3825/2432 2327/3524/2432 2326/3525/2432 2528/3826/2432
f 2528/3826/2433 2326/3525/2433 2324/95/2433 2526/94/2433
f 2426/28/2434 2628/31/2434 2727/3827/2434 2525/3828/2434
f 2525/3828/2435 2727/3827/2435 2726/3829/2435 2524/3830/2435
f 2524/3830/2436 2726/3829/2436 2725/3831/2436 2523/3832/2436
f 2523/3832/2437 2725/3831/2437 2724/3833/2437 2522/3834/2437
f 2522/3834/2438 2724/3833/2438 2723/3835/2438 2521/3836/2438
f 2521/3836/2439 2723/3835/2439 2722/3837/2439 2520/3838/2439
f 2520/3838/2440 2722/3837/2440 2721/3839/2440 2519/3840/2440
f 2519/3840/2441 2721/3839/2441 2720/3841/2441 2518/3842/2441
f 2518/3842/2442 2720/3841/2442 2719/3843/2442 2517/3844/2442
f 2517/3844/2443 2719/3843/2443 2718/3845/2443 2516/3846/2443
f 2516/3846/2444 2718/3845/2444 2717/3847/2444 2515/3848/2444
f 2515/3848/2445 2717/3847/2445 2716/3849/2445 2514/3850/2445
f 2514/3850/2446 2716/3849/2446 2715/3851/2446 2513/3852/2446
f 2513/3852/2447 2715/3851/2447 2714/3853/2447 2512/3854/2447
f 2512/3854/2448 2714/3853/2448 2713/3855/2448 2511/3856/2448
f 2511/3856/2449 2713/3855/2449 2712/3857/2449 2510/3858/2449
f 2510/3858/2450 2712/3857/2450 2711/3859/2450 2509/3860/2450
f 2509/3860/2451 2711/3859/2451 2710/3861/2451 2508/3862/2451
f 2508/3862/2452 2710/3861/2452 2709/3863/2452 2507/3864/2452
f 2507/3864/2453 2709/3863/2453 2708/3865/2453 2506/3866/2453
f 2506/3866/2454 2708/3865/2454 2707/3867/2454 2505/3868/2454
f 2505/3868/2455 2707/3867/2455 2706/3869/2455 2504/3870/2455
f 2504/3870/2456 2706/3869/2456 2705/3871/2456 2503/3872/2456
f 2503/3872/2457 2705/3871/2457 2704/3873/2457 2502/3874/2457
f 2502/3874/2458 2704/3873/2458 2703/3875/2458 2501/3876/2458
f 2501/3876/2459 2703/3875/2459 2702/3877/2459 2500/3878/2459
f 2500/3878/2460 2702/3877/2460 2701/3879/2460 2499/3880/2460
f 2499/3880/2461 2701/3879/2461 2700/3881/2461 2498/3882/2461
f 2498/3882/2462 2700/3881/2462 2699/3883/2462 2497/3884/2462
f 2497/3884/2463 2699/3883/2463 2698/3885/2463 2496/3886/2463
f 2496/3886/2464 2698/3885/2464 2697/3887/2464 2495/3888/2464
f 2495/3888/2465 2697/3887/2465 2696/3889/2465 2494/3890/2465
f 2494/3890/2466 2696/3889/2466 2695/3891/2466 2493/3892/2466
f 2493/3892/2467 2695/3891/2467 2694/3893/2467 2492/3894/2467
f 2492/3894/2468 2694/3893/2468 2693/3895/2468 2491/3896/2468
f 2491/3896/2469 2693/3895/2469 2692/3897/2469 2490/3898/2469
f 2490/3898/2470 2692/3897/2470 2691/3899/2470 2489/3900/2470
f 2489/3900/2471 2691/3899/2471 2690/3901/2471 2488/3902/2471
f 2488/3902/2472 2690/3901/2472 2689/3903/2472 2487/3904/2472
f 2487/3904/2473 2689/3903/2473 2688/3905/2473 2486/3906/2473
f 2486/3906/2474 2688/3905/2474 2687/3907/2474 2485/3908/2474
f 2485/3908/2475 2687/3907/2475 2686/3909/2475 2484/3910/2475
f 2484/3910/2476 2686/3909/2476 2685/3911/2476 2483/3912/2476
f 2483/3912/2477 2685/3911/2477 2684/3913/2477 2482/3914/2477
f 2482/3914/2478 2684/3913/2478 2683/3915/2478 2481/3916/2478
f 2481/3916/2479 2683/3915/2479 2682/3917/2479 2480/3918/2479
f 2480/3918/2480 2682/3917/2480 2681/3919/2480 2479/3920/2480
f 2479/3920/2481 2681/3919/2481 2680/3921/2481 2478/3922/2481
f 2478/3922/2482 2680/3921/2482 2679/3923/2482 2477/3924/2482
f 2477/3924/2483 2679/3923/2483 2678/3925/2483 2476/3926/2483
f 2476/3927/2484 2678/3928/2484 2677/3929/2484 2475/3627/2484
f 2475/3627/2485 2677/3929/2485 2676/3930/2485 2474/3628/2485
f 2474/3628/2486 2676/3930/2486 2675/3931/2486 2473/3629/2486
f 2473/3629/2487 2675/3931/2487 2674/3932/2487 2472/3630/2487
f 2472/3630/2488 2674/3932/2488 2673/3933/2488 2471/3631/2488
f 2471/3631/2489 2673/3933/2489 2672/3934/2489 2470/3632/2489
f 2470/3632/2490 2672/3934/2490 2671/3935/2490 2469/3633/2490
f 2469/3633/2491 2671/3935/2491 2670/3936/2491 2468/3634/2491
f 2468/3634/2492 2670/3936/2492 2669/3937/2492 2467/3635/2492
f 2467/3635/2493 2669/3937/2493 2668/3938/2493 2466/3636/2493
f 2466/3636/2494 2668/3938/2494 2667/3939/2494 2465/3637/2494
f 2465/3637/2495 2667/3939/2495 2666/3940/2495 2464/3638/2495
f 2464/3638/2496 2666/3940/2496 2665/3941/2496 2463/3639/2496
f 2463/3639/2497 2665/3941/2497 2664/3942/2497 2462/3640/2497
f 2462/3640/2498 2664/3942/2498 2663/3943/2498 2461/3641/2498
f 2461/3641/2499 2663/3943/2499 2662/3944/2499 2460/3642/2499
f 2460/3642/2500 2662/3944/2500 2661/3945/2500 2459/3643/2500
f 2459/3643/2501 2661/3945/2501 2660/3946/2501 2458/3644/2501
f 2458/3644/2502 2660/3946/2502 2659/3947/2502 2457/3645/2502
f 2457/3645/2503 2659/3947/2503 2658/3948/2503 2456/3646/2503
f 2456/3646/2504 2658/3948/2504 2657/3949/2504 2455/3647/2504
f 2455/3647/2505 2657/3949/2505 2656/3950/2505 2454/3648/2505
f 2454/3648/2506 2656/3950/2506 2655/3951/2506 2453/3649/2506
f 2453/3649/2507 2655/3951/2507 2654/3952/2507 2452/3650/2507
f 2452/3650/2508 2654/3952/2508 2653/3953/2508 2451/3651/2508
f 2451/3651/2509 2653/3953/2509 2652/3954/2509 2450/3652/2509
f 2450/3652/2510 2652/3954/2510 2651/3955/2510 2449/3653/2510
f 2449/3653/2511 2651/3955/2511 2650/3956/2511 2448/3654/2511
f 2448/3654/2512 2650/3956/2512 2649/3957/2512 2447/3655/2512
f 2447/3655/2513 2649/3957/2513 2648/3958/2513 2446/3656/2513
f 2446/3656/2514 2648/3958/2514 2647/3959/2514 2445/3657/2514
f 2445/3657/2515 2647/3959/2515 2646/3960/2515 2444/3658/2515
f 2444/3658/2516 2646/3960/2516 2645/3961/2516 2443/3659/2516
f 2443/3659/2517 2645/3961/2517 2644/3962/2517 2442/3660/2517
f 2442/3660/2518 2644/3962/2518 2643/3963/2518 2441/3661/2518
f 2441/3661/2519 2643/3963/2519 2642/3964/2519 2440/3662/2519
f 2440/3662/2520 2642/3964/2520 2641/3965/2520 2439/3663/2520
f 2439/3663/2521 2641/3965/2521 2640/3966/2521 2438/3664/2521
f 2438/3664/2522 2640/3966/2522 2639/3967/2522 2437/3665/2522
f 2437/3665/2523 2639/3967/2523 2638/3968/2523 2436/3666/2523
f 2436/3666/2524 2638/3968/2524 2637/3969/2524 2435/3667/2524
f 2435/3667/2525 2637/3969/2525 2636/3970/2525 2434/3668/2525
f 2434/3668/2526 2636/3970/2526 2635/3971/2526 2433/3669/2526
f 2433/3669/2527 2635/3971/2527 2634/3972/2527 2432/3670/2527
f 2432/3670/2528 2634/3972/2528 2633/3973/2528 2431/3671/2528
f 2431/3671/2529 2633/3973/2529 2632/3974/2529 2430/3672/2529
f 2430/3672/2530 2632/3974/2530 2631/3975/2530 2429/3673/2530
f 2429/3673/2531 2631/3975/2531 2630/3976/2531 2428/3674/2531
f 2428/3674/2532 2630/3976/2532 2629/3977/2532 2427/3675/2532
f 2427/3675/2533 2629/3977/2533 2627/3978/2533 2425/3676/2533
f 2729/30/2534 2527/29/2534 2626/3979/2534 2828/3980/2534
f 2828/3980/2535 2626/3979/2535 2625/3981/2535 2827/3982/2535
f 2827/3982/2536 2625/3981/2536 2624/3983/2536 2826/3984/2536
f 2826/3984/2537 2624/3983/2537 2623/3985/2537 2825/3986/2537
f 2825/3986/2538 2623/3985/2538 2622/3987/2538 2824/3988/2538
f 2824/3988/2539 2622/3987/2539 2621/3989/2539 2823/3990/2539
f 2823/3990/2540 2621/3989/2540 2620/3991/2540 2822/3992/2540
f 2822/3992/2541 2620/3991/2541 2619/3993/2541 2821/3994/2541
f 2821/3994/2542 2619/3993/2542 2618/3995/2542 2820/3996/2542
f 2820/3996/2543 2618/3995/2543 2617/3997/2543 2819/3998/2543
f 2819/3998/2544 2617/3997/2544 2616/3999/2544 2818/4000/2544
f 2818/4000/2545 2616/3999/2545 2615/4001/2545 2817/4002/2545
f 2817/4002/2546 2615/4001/2546 2614/4003/2546 2816/4004/2546
f 2816/4004/2547 2614/4003/2547 2613/4005/2547 2815/4006/2547
f 2815/4006/2548 2613/4005/2548 2612/4007/2548 2814/4008/2548
f 2814/4008/2549 2612/4007/2549 2611/4009/2549 2813/4010/2549
f 2813/4010/2550 2611/4009/2550 2610/4011/2550 2812/4012/2550
f 2812/4012/2551 2610/4011/2551 2609/4013/2551 2811/4014/2551
f 2811/4014/2552 2609/4013/2552 2608/4015/2552 2810/4016/2552
f 2810/4016/2553 2608/4015/2553 2607/4017/2553 2809/4018/2553
f 2809/4018/2554 2607/4017/2554 2606/4019/2554 2808/4020/2554
f 2808/4020/2555 2606/4019/2555 2605/4021/2555 2807/4022/2555
f 2807/4022/2556 2605/4021/2556 2604/4023/2556 2806/4024/2556
f 2806/4024/2557 2604/4023/2557 2603/4025/2557 2805/4026/2557
f 2805/4026/2558 2603/4025/2558 2602/4027/2558 2804/4028/2558
f 2804/4028/2559 2602/4027/2559 2601/4029/2559 2803/4030/2559
f 2803/4030/2560 2601/4029/2560 2600/4031/2560 2802/4032/2560
f 2802/4032/2561 2600/4031/2561 2599/4033/2561 2801/4034/2561
f 2801/4034/2562 2599/4033/2562 2598/4035/2562 2800/4036/2562
f 2800/4036/2563 2598/4035/2563 2597/4037/2563 2799/4038/2563
f 2799/4038/2564 2597/4037/2564 2596/4039/2564 2798/4040/2564
f 2798/4040/2565 2596/4039/2565 2595/4041/2565 2797/4042/2565
f 2797/4042/2566 2595/4041/2566 2594/4043/2566 2796/4044/2566
f 2796/4044/2567 2594/4043/2567 2593/4045/2567 2795/4046/2567
f 2795/4046/2568 2593/4045/2568 2592/4047/2568 2794/4048/2568
f 2794/4048/2569 2592/4047/2569 2591/4049/2569 2793/4050/2569
f 2793/4050/2570 2591/4049/2570 2590/4051/2570 2792/4052/2570
f 2792/4052/2571 2590/4051/2571 2589/4053/2571 2791/4054/2571
f 2791/4054/2572 2589/4053/2572 2588/4055/2572 2790/4056/2572
f 2790/4056/2573 2588/4055/2573 2587/4057/2573 2789/4058/2573
f 2789/4058/2574 2587/4057/2574 2586/4059/2574 2788/4060/2574
f 2788/4060/2575 2586/4059/2575 2585/4061/2575 2787/4062/2575
f 2787/4062/2576 2585/4061/2576 2584/4063/2576 2786/4064/2576
f 2786/4064/2577 2584/4063/2577 2583/4065/2577 2785/4066/2577
f 2785/4066/2578 2583/4065/2578 2582/4067/2578 2784/4068/2578
f 2784/4068/2579 2582/4067/2579 2581/4069/2579 2783/4070/2579
f 2783/4070/2580 2581/4069/2580 2580/4071/2580 2782/4072/2580
f 2782/4072/2581 2580/4071/2581 2579/4073/2581 2781/4074/2581
f 2781/4074/2582 2579/4073/2582 2578/4075/2582 2780/4076/2582
f 2780/4076/2583 2578/4075/2583 2577/4077/2583 2779/4078/2583
f 2779/4079/2584 2577/4080/2584 2576/3778/2584 2778/4081/2584
f 2778/4081/2585 2576/3778/2585 2575/3779/2585 2777/4082/2585
f 2777/4082/2586 2575/3779/2586 2574/3780/2586 2776/4083/2586
f 2776/4083/2587 2574/3780/2587 2573/3781/2587 2775/4084/2587
f 2775/4084/2588 2573/3781/2588 2572/3782/2588 2774/4085/2588
f 2774/4085/2589 2572/3782/2589 2571/3783/2589 2773/4086/2589
f 2773/4086/2590 2571/3783/2590 2570/3784/2590 2772/4087/2590
f 2772/4087/2591 2570/3784/2591 2569/3785/2591 2771/4088/2591
f 2771/4088/2592 2569/3785/2592 2568/3786/2592 2770/4089/2592
f 2770/4089/2593 2568/3786/2593 2567/3787/2593 2769/4090/2593
f 2769/4090/2594 2567/3787/2594 2566/3788/2594 2768/4091/2594
f 2768/4091/2595 2566/3788/2595 2565/3789/2595 2767/4092/2595
f 2767/4092/2596 2565/3789/2596 2564/3790/2596 2766/4093/2596
f 2766/4093/2597 2564/3790/2597 2563/3791/2597 2765/4094/2597
f 2765/4094/2598 2563/3791/2598 2562/3792/2598 2764/4095/2598
f 2764/4095/2599 2562/3792/2599 2561/3793/2599 2763/4096/2599
f 2763/4096/2600 2561/3793/2600 2560/3794/2600 2762/4097/2600
f 2762/4097/2601 2560/3794/2601 2559/3795/2601 2761/4098/2601
f 2761/4098/2602 2559/3795/2602 2558/3796/2602 2760/4099/2602
f 2760/4099/2603 2558/3796/2603 2557/3797/2603 2759/4100/2603
f 2759/4100/2604 2557/3797/2604 2556/3798/2604 2758/4101/2604
f 2758/4101/2605 2556/3798/2605 2555/3799/2605 2757/4102/2605
f 2757/4102/2606 2555/3799/2606 2554/3800/2606 2756/4103/2606
f 2756/4103/2607 2554/3800/2607 2553/3801/2607 2755/4104/2607
f 2755/4104/2608 2553/3801/2608 2552/3802/2608 2754/4105/2608
f 2754/4105/2609 2552/3802/2609 2551/3803/2609 2753/4106/2609
f 2753/4106/2610 2551/3803/2610 2550/3804/2610 2752/4107/2610
f 2752/4107/2611 2550/3804/2611 2549/3805/2611 2751/4108/2611
f 2751/4108/2612 2549/3805/2612 2548/3806/2612 2750/4109/2612
f 2750/4109/2613 2548/3806/2613 2547/3807/2613 2749/4110/2613
f 2749/4110/2614 2547/3807/2614 2546/3808/2614 2748/4111/2614
f 2748/4111/2615 2546/3808/2615 2545/3809/2615 2747/4112/2615
f 2747/4112/2616 2545/3809/2616 2544/3810/2616 2746/4113/2616
f 2746/4113/2617 2544/3810/2617 2543/3811/2617 2745/4114/2617
f 2745/4114/2618 2543/3811/2618 2542/3812/2618 2744/4115/2618
f 2744/4115/2619 2542/3812/2619 2541/3813/2619 2743/4116/2619
f 2743/4116/2620 2541/3813/2620 2540/3814/2620 2742/4117/2620
f 2742/4117/2621 2540/3814/2621 2539/3815/2621 2741/4118/2621
f 2741/4118/2622 2539/3815/2622 2538/3816/2622 2740/4119/2622
f 2740/4119/2623 2538/3816/2623 2537/3817/2623 2739/4120/2623
f 2739/4120/2624 2537/3817/2624 2536/3818/2624 2738/4121/2624
f 2738/4121/2625 2536/3818/2625 2535/3819/2625 2737/4122/2625
f 2737/4122/2626 2535/3819/2626 2534/3820/2626 2736/4123/2626
f 2736/4123/2627 2534/3820/2627 2533/3821/2627 2735/4124/2627
f 2735/4124/2628 2533/3821/2628 2532/3822/2628 2734/4125/2628
f 2734/4125/2629 2532/3822/2629 2531/3823/2629 2733/4126/2629
f 2733/4126/2630 2531/3823/2630 2530/3824/2630 2732/4127/2630
f 2732/4127/2631 2530/3824/2631 2529/3825/2631 2731/4128/2631
f 2731/4128/2632 2529/3825/2632 2528/3826/2632 2730/4129/2632
f 2730/4129/2633 2528/3826/2633 2526/94/2633 2728/93/2633
f 2628/31/2634 2830/34/2634 2929/4130/2634 2727/3827/2634
f 2727/3827/2635 2929/4130/2635 2928/4131/2635 2726/4132/2635
f 2726/4132/2636 2928/4131/2636 2927/4133/2636 2725/4134/2636
f 2725/4134/2637 2927/4133/2637 2926/4135/2637 2724/4136/2637
f 2724/4136/2638 2926/4135/2638 2925/4137/2638 2723/4138/2638
f 2723/4138/2639 2925/4137/2639 2924/4139/2639 2722/4140/2639
f 2722/4140/2640 2924/4139/2640 2923/4141/2640 2721/4142/2640
f 2721/4142/2641 2923/4141/2641 2922/4143/2641 2720/4144/2641
f 2720/4144/2642 2922/4143/2642 2921/4145/2642 2719/4146/2642
f 2719/4146/2643 2921/4145/2643 2920/4147/2643 2718/4148/2643
f 2718/4148/2644 2920/4147/2644 2919/4149/2644 2717/4150/2644
f 2717/4150/2645 2919/4149/2645 2918/4151/2645 2716/4152/2645
f 2716/4152/2646 2918/4151/2646 2917/4153/2646 2715/4154/2646
f 2715/4154/2647 2917/4153/2647 2916/4155/2647 2714/4156/2647
f 2714/4156/2648 2916/4155/2648 2915/4157/2648 2713/4158/2648
f 2713/4158/2649 2915/4157/2649 2914/4159/2649 2712/4160/2649
f 2712/4160/2650 2914/4159/2650 2913/4161/2650 2711/4162/2650
f 2711/4162/2651 2913/4161/2651 2912/4163/2651 2710/4164/2651
f 2710/4164/2652 2912/4163/2652 2911/4165/2652 2709/4166/2652
f 2709/4166/2653 2911/4165/2653 2910/4167/2653 2708/4168/2653
f 2708/4168/2654 2910/4167/2654 2909/4169/2654 2707/4170/2654
f 2707/4170/2655 2909/4169/2655 2908/4171/2655 2706/4172/2655
f 2706/4172/2656 2908/4171/2656 2907/4173/2656 2705/4174/2656
f 2705/4174/2657 2907/4173/2657 2906/4175/2657 2704/4176/2657
f 2704/4176/2658 2906/4175/2658 2905/4177/2658 2703/4178/2658
f 2703/4178/2659 2905/4177/2659 2904/4179/2659 2702/4180/2659
f 2702/4180/2660 2904/4179/2660 2903/4181/2660 2701/4182/2660
f 2701/4182/2661 2903/4181/2661 2902/4183/2661 2700/4184/2661
f 2700/4184/2662 2902/4183/2662 2901/4185/2662 2699/4186/2662
f 2699/4186/2663 2901/4185/2663 2900/4187/2663 2698/4188/2663
f 2698/4188/2664 2900/4187/2664 2899/4189/2664 2697/4190/2664
f 2697/4190/2665 2899/4189/2665 2898/4191/2665 2696/4192/2665
f 2696/4192/2666 2898/4191/2666 2897/4193/2666 2695/4194/2666
f 2695/4194/2667 2897/4193/2667 2896/4195/2667 2694/4196/2667
f 2694/4196/2668 2896/4195/2668 2895/4197/2668 2693/4198/2668
f 2693/4198/2669 2895/4197/2669 2894/4199/2669 2692/4200/2669
f 2692/4200/2670 2894/4199/2670 2893/4201/2670 2691/4202/2670
f 2691/4202/2671 2893/4201/2671 2892/4203/2671 2690/4204/2671
f 2690/4204/2672 2892/4203/2672 2891/4205/2672 2689/4206/2672
f 2689/4206/2673 2891/4205/2673 2890/4207/2673 2688/4208/2673
f 2688/4208/2674 2890/4207/2674 2889/4209/2674 2687/4210/2674
f 2687/4210/2675 2889/4209/2675 2888/4211/2675 2686/4212/2675
f 2686/4212/2676 2888/4211/2676 2887/4213/2676 2685/4214/2676
f 2685/4214/2677 2887/4213/2677 2886/4215/2677 2684/4216/2677
f 2684/4216/2678 2886/4215/2678 2885/4217/2678 2683/4218/2678
f 2683/4218/2679 2885/4217/2679 2884/4219/2679 2682/4220/2679
f 2682/4220/2680 2884/4219/2680 2883/4221/2680 2681/4222/2680
f 2681/4222/2681 2883/4221/2681 2882/4223/2681 2680/4224/2681
f 2680/4224/2682 2882/4223/2682 2881/4225/2682 2679/4226/2682
f 2679/4226/2683 2881/4225/2683 2880/4227/2683 2678/4228/2683
f 2678/4229/2684 2880/4230/2684 2879/4231/2684 2677/3929/2684
f 2677/3929/2685 2879/4231/2685 2878/4232/2685 2676/3930/2685
f 2676/3930/2686 2878/4232/2686 2877/4233/2686 2675/3931/2686
f 2675/3931/2687 2877/4233/2687 2876/4234/2687 2674/3932/2687
f 2674/3932/2688 2876/4234/2688 2875/4235/2688 2673/3933/2688
f 2673/3933/2689 2875/4235/2689 2874/4236/2689 2672/3934/2689
f 2672/3934/2690 2874/4236/2690 2873/4237/2690 2671/3935/2690
f 2671/3935/2691 2873/4237/2691 2872/4238/2691 2670/3936/2691
f 2670/3936/2692 2872/4238/2692 2871/4239/2692 2669/3937/2692
f 2669/3937/2693 2871/4239/2693 2870/4240/2693 2668/3938/2693
f 2668/3938/2694 2870/4240/2694 2869/4241/2694 2667/3939/2694
f 2667/3939/2695 2869/4241/2695 2868/4242/2695 2666/3940/2695
f 2666/3940/2696 2868/4242/2696 2867/4243/2696 2665/3941/2696
f 2665/3941/2697 2867/4243/2697 2866/4244/2697 2664/3942/2697
f 2664/3942/2698 2866/4244/2698 2865/4245/2698 2663/3943/2698
f 2663/3943/2699 2865/4245/2699 2864/4246/2699 2662/3944/2699
f 2662/3944/2700 2864/4246/2700 2863/4247/2700 2661/3945/2700
f 2661/3945/2701 2863/4247/2701 2862/4248/2701 2660/3946/2701
f 2660/3946/2702 2862/4248/2702 2861/4249/2702 2659/3947/2702
f 2659/3947/2703 2861/4249/2703 2860/4250/2703 2658/3948/2703
f 2658/3948/2704 2860/4250/2704 2859/4251/2704 2657/3949/2704
f 2657/3949/2705 2859/4251/2705 2858/4252/2705 2656/3950/2705
f 2656/3950/2706 2858/4252/2706 2857/4253/2706 2655/3951/2706
f 2655/3951/2707 2857/4253/2707 2856/4254/2707 2654/3952/2707
f 2654/3952/2708 2856/4254/2708 2855/4255/2708 2653/3953/2708
f 2653/3953/2709 2855/4255/2709 2854/4256/2709 2652/3954/2709
f 2652/3954/2710 2854/4256/2710 2853/4257/2710 2651/3955/2710
f 2651/3955/2711 2853/4257/2711 2852/4258/2711 2650/3956/2711
f 2650/3956/2712 2852/4258/2712 2851/4259/2712 2649/3957/2712
f 2649/3957/2713 2851/4259/2713 2850/4260/2713 2648/3958/2713
f 2648/3958/2714 2850/4260/2714 2849/4261/2714 2647/3959/2714
f 2647/3959/2715 2849/4261/2715 2848/4262/2715 2646/3960/2715
f 2646/3960/2716 2848/4262/2716 2847/4263/2716 2645/3961/2716
f 2645/3961/2717 2847/4263/2717 2846/4264/2717 2644/3962/2717
f 2644/3962/2718 2846/4264/2718 2845/4265/2718 2643/3963/2718
f 2643/3963/2719 2845/4265/2719 2844/4266/2719 2642/3964/2719
f 2642/3964/2720 2844/4266/2720 2843/4267/2720 2641/3965/2720
f 2641/3965/2721 2843/4267/2721 2842/4268/2721 2640/3966/2721
f 2640/3966/2722 2842/4268/2722 2841/4269/2722 2639/3967/2722
f 2639/3967/2723 2841/4269/2723 2840/4270/2723 2638/3968/2723
f 2638/3968/2724 2840/4270/2724 2839/4271/2724 2637/3969/2724
f 2637/3969/2725 2839/4271/2725 2838/4272/2725 2636/3970/2725
f 2636/3970/2726 2838/4272/2726 2837/4273/2726 2635/3971/2726
f 2635/3971/2727 2837/4273/2727 2836/4274/2727 2634/3972/2727
f 2634/3972/2728 2836/4274/2728 2835/4275/2728 2633/3973/2728
f 2633/3973/2729 2835/4275/2729 2834/4276/2729 2632/3974/2729
f 2632/3974/2730 2834/4276/2730 2833/4277/2730 2631/3975/2730
f 2631/3975/2731 2833/4277/2731 2832/4278/2731 2630/3976/2731
f 2630/3976/2732 2832/4278/2732 2831/4279/2732 2629/3977/2732
f 2629/3977/2733 2831/4279/2733 2829/4280/2733 2627/3978/2733
f 2931/33/2734 2729/32/2734 2828/3980/2734 3030/4281/2734
f 3030/4281/2735 2828/3980/2735 2827/4282/2735 3029/4283/2735
f 3029/4283/2736 2827/4282/2736 2826/4284/2736 3028/4285/2736
f 3028/4285/2737 2826/4284/2737 2825/4286/2737 3027/4287/2737
f 3027/4287/2738 2825/4286/2738 2824/4288/2738 3026/4289/2738
f 3026/4289/2739 2824/4288/2739 2823/4290/2739 3025/4291/2739
f 3025/4291/2740 2823/4290/2740 2822/4292/2740 3024/4293/2740
f 3024/4293/2741 2822/4292/2741 2821/4294/2741 3023/4295/2741
f 3023/4295/2742 2821/4294/2742 2820/4296/2742 3022/4297/2742
f 3022/4297/2743 2820/4296/2743 2819/4298/2743 3021/4299/2743
f 3021/4299/2744 2819/4298/2744 2818/4300/2744 3020/4301/2744
f 3020/4301/2745 2818/4300/2745 2817/4302/2745 3019/4303/2745
f 3019/4303/2746 2817/4302/2746 2816/4304/2746 3018/4305/2746
f 3018/4305/2747 2816/4304/2747 2815/4306/2747 3017/4307/2747
f 3017/4307/2748 2815/4306/2748 2814/4308/2748 3016/4309/2748
f 3016/4309/2749 2814/4308/2749 2813/4310/2749 3015/4311/2749
f 3015/4311/2750 2813/4310/2750 2812/4312/2750 3014/4313/2750
f 3014/4313/2751 2812/4312/2751 2811/4314/2751 3013/4315/2751
f 3013/4315/2752 2811/4314/2752 2810/4316/2752 3012/4317/2752
f 3012/4317/2753 2810/4316/2753 2809/4318/2753 3011/4319/2753
f 3011/4319/2754 2809/4318/2754 2808/4320/2754 3010/4321/2754
f 3010/4321/2755 2808/4320/2755 2807/4322/2755 3009/4323/2755
f 3009/4323/2756 2807/4322/2756 2806/4324/2756 3008/4325/2756
f 3008/4325/2757 2806/4324/2757 2805/4326/2757 3007/4327/2757
f 3007/4327/2758 2805/4326/2758 2804/4328/2758 3006/4329/2758
f 3006/4329/2759 2804/4328/2759 2803/4330/2759 3005/4331/2759
f 3005/4331/2760 2803/4330/2760 2802/4332/2760 3004/4333/2760
f 3004/4333/2761 2802/4332/2761 2801/4334/2761 3003/4335/2761
f 3003/4335/2762 2801/4334/2762 2800/4336/2762 3002/4337/2762
f 3002/4337/2763 2800/4336/2763 2799/4338/2763 3001/4339/2763
f 3001/4339/2764 2799/4338/2764 2798/4340/2764 3000/4341/2764
f 3000/4341/2765 2798/4340/2765 2797/4342/2765 2999/4343/2765
f 2999/4343/2766 2797/4342/2766 2796/4344/2766 2998/4345/2766
f 2998/4345/2767 2796/4344/2767 2795/4346/2767 2997/4347/2767
f 2997/4347/2768 2795/4346/2768 2794/4348/2768 2996/4349/2768
f 2996/4349/2769 2794/4348/2769 2793/4350/2769 2995/4351/2769
f 2995/4351/2770 2793/4350/2770 2792/4352/2770 2994/4353/2770
f 2994/4353/2771 2792/4352/2771 2791/4354/2771 2993/4355/2771
f 2993/4355/2772 2791/4354/2772 2790/4356/2772 2992/4357/2772
f 2992/4357/2773 2790/4356/2773 2789/4358/2773 2991/4359/2773
f 2991/4359/2774 2789/4358/2774 2788/4360/2774 2990/4361/2774
f 2990/4361/2775 2788/4360/2775 2787/4362/2775 2989/4363/2775
f 2989/4363/2776 2787/4362/2776 2786/4364/2776 2988/4365/2776
f 2988/4365/2777 2786/4364/2777 2785/4366/2777 2987/4367/2777
f 2987/4367/2778 2785/4366/2778 2784/4368/2778 2986/4369/2778
f 2986/4369/2779 2784/4368/2779 2783/4370/2779 2985/4371/2779
f 2985/4371/2780 2783/4370/2780 2782/4372/2780 2984/4373/2780
f 2984/4373/2781 2782/4372/2781 2781/4374/2781 2983/4375/2781
f 2983/4375/2782 2781/4374/2782 2780/4376/2782 2982/4377/2782
f 2982/4377/2783 2780/4376/2783 2779/4378/2783 2981/4379/2783
f 2981/4380/2784 2779/4381/2784 2778/4081/2784 2980/4382/2784
f 2980/4382/2785 2778/4081/2785 2777/4082/2785 2979/4383/2785
f 2979/4383/2786 2777/4082/2786 2776/4083/2786 2978/4384/2786
f 2978/4384/2787 2776/4083/2787 2775/4084/2787 2977/4385/2787
f 2977/4385/2788 2775/4084/2788 2774/4085/2788 2976/4386/2788
f 2976/4386/2789 2774/4085/2789 2773/4086/2789 2975/4387/2789
f 2975/4387/2790 2773/4086/2790 2772/4087/2790 2974/4388/2790
f 2974/4388/2791 2772/4087/2791 2771/4088/2791 2973/4389/2791
f 2973/4389/2792 2771/4088/2792 2770/4089/2792 2972/4390/2792
f 2972/4390/2793 2770/4089/2793 2769/4090/2793 2971/4391/2793
f 2971/4391/2794 2769/4090/2794 2768/4091/2794 2970/4392/2794
f 2970/4392/2795 2768/4091/2795 2767/4092/2795 2969/4393/2795
f 2969/4393/2796 2767/4092/2796 2766/4093/2796 2968/4394/2796
f 2968/4394/2797 2766/4093/2797 2765/4094/2797 2967/4395/2797
f 2967/4395/2798 2765/4094/2798 2764/4095/2798 2966/4396/2798
f 2966/4396/2799 2764/4095/2799 2763/4096/2799 2965/4397/2799
f 2965/4397/2800 2763/4096/2800 2762/4097/2800 2964/4398/2800
f 2964/4398/2801 2762/4097/2801 2761/4098/2801 2963/4399/2801
f 2963/4399/2802 2761/4098/2802 2760/4099/2802 2962/4400/2802
f 2962/4400/2803 2760/4099/2803 2759/4100/2803 2961/4401/2803
f 2961/4401/2804 2759/4100/2804 2758/4101/2804 2960/4402/2804
f 2960/4402/2805 2758/4101/2805 2757/4102/2805 2959/4403/2805
f 2959/4403/2806 2757/4102/2806 2756/4103/2806 2958/4404/2806
f 2958/4404/2807 2756/4103/2807 2755/4104/2807 2957/4405/2807
f 2957/4405/2808 2755/4104/2808 2754/4105/2808 2956/4406/2808
f 2956/4406/2809 2754/4105/2809 2753/4106/2809 2955/4407/2809
f 2955/4407/2810 2753/4106/2810 2752/4107/2810 2954/4408/2810
f 2954/4408/2811 2752/4107/2811 2751/4108/2811 2953/4409/2811
f 2953/4409/2812 2751/4108/2812 2750/4109/2812 2952/4410/2812
f 2952/4410/2813 2750/4109/2813 2749/4110/2813 2951/4411/2813
f 2951/4411/2814 2749/4110/2814 2748/4111/2814 2950/4412/2814
f 2950/4412/2815 2748/4111/2815 2747/4112/2815 2949/4413/2815
f 2949/4413/2816 2747/4112/2816 2746/4113/2816 2948/4414/2816
f 2948/4414/2817 2746/4113/2817 2745/4114/2817 2947/4415/2817
f 2947/4415/2818 2745/4114/2818 2744/4115/2818 2946/4416/2818
f 2946/4416/2819 2744/4115/2819 2743/4116/2819 2945/4417/2819
f 2945/4417/2820 2743/4116/2820 2742/4117/2820 2944/4418/2820
f 2944/4418/2821 2742/4117/2821 2741/4118/2821 2943/4419/2821
f 2943/4419/2822 2741/4118/2822 2740/4119/2822 2942/4420/2822
f 2942/4420/2823 2740/4119/2823 2739/4120/2823 2941/4421/2823
f 2941/4421/2824 2739/4120/2824 2738/4121/2824 2940/4422/2824
f 2940/4422/2825 2738/4121/2825 2737/4122/2825 2939/4423/2825
f 2939/4423/2826 2737/4122/2826 2736/4123/2826 2938/4424/2826
f 2938/4424/2827 2736/4123/2827 2735/4124/2827 2937/4425/2827
f 2937/4425/2828 2735/4124/2828 2734/4125/2828 2936/4426/2828
f 2936/4426/2829 2734/4125/2829 2733/4126/2829 2935/4427/2829
f 2935/4427/2830 2733/4126/2830 2732/4127/2830 2934/4428/2830
f 2934/4428/2831 2732/4127/2831 2731/4128/2831 2933/4429/2831
f 2933/4429/2832 2731/4128/2832 2730/4129/2832 2932/4430/2832
f 2932/4430/2833 2730/4129/2833 2728/93/2833 2930/92/2833
f 2830/34/2834 3032/36/2834 3131/4431/2834 2929/4432/2834
f 2929/4432/2835 3131/4431/2835 3130/4433/2835 2928/4434/2835
f 2928/4434/2836 3130/4433/2836 3129/4435/2836 2927/4436/2836
f 2927/4436/2837 3129/4435/2837 3128/4437/2837 2926/4438/2837
f 2926/4438/2838 3128/4437/2838 3127/4439/2838 2925/4440/2838
f 2925/4440/2839 3127/4439/2839 3126/4441/2839 2924/4442/2839
f 2924/4442/2840 3126/4441/2840 3125/4443/2840 2923/4444/2840
f 2923/4444/2841 3125/4443/2841 3124/4445/2841 2922/4446/2841
f 2922/4446/2842 3124/4445/2842 3123/4447/2842 2921/4448/2842
f 2921/4448/2843 3123/4447/2843 3122/4449/2843 2920/4450/2843
f 2920/4450/2844 3122/4449/2844 3121/4451/2844 2919/4452/2844
f 2919/4452/2845 3121/4451/2845 3120/4453/2845 2918/4454/2845
f 2918/4454/2846 3120/4453/2846 3119/4455/2846 2917/4456/2846
f 2917/4456/2847 3119/4455/2847 3118/4457/2847 2916/4458/2847
f 2916/4458/2848 3118/4457/2848 3117/4459/2848 2915/4460/2848
f 2915/4460/2849 3117/4459/2849 3116/4461/2849 2914/4462/2849
f 2914/4462/2850 3116/4461/2850 3115/4463/2850 2913/4464/2850
f 2913/4464/2851 3115/4463/2851 3114/4465/2851 2912/4466/2851
f 2912/4466/2852 3114/4465/2852 3113/4467/2852 2911/4468/2852
f 2911/4468/2853 3113/4467/2853 3112/4469/2853 2910/4470/2853
f 2910/4470/2854 3112/4469/2854 3111/4471/2854 2909/4472/2854
f 2909/4472/2855 3111/4471/2855 3110/4473/2855 2908/4474/2855
f 2908/4474/2856 3110/4473/2856 3109/4475/2856 2907/4476/2856
f 2907/4476/2857 3109/4475/2857 3108/4477/2857 2906/4478/2857
f 2906/4478/2858 3108/4477/2858 3107/4479/2858 2905/4480/2858
f 2905/4480/2859 3107/4479/2859 3106/4481/2859 2904/4482/2859
f 2904/4482/2860 3106/4481/2860 3105/4483/2860 2903/4484/2860
f 2903/4484/2861 3105/4483/2861 3104/4485/2861 2902/4486/2861
f 2902/4486/2862 3104/4485/2862 3103/4487/2862 2901/4488/2862
f 2901/4488/2863 3103/4487/2863 3102/4489/2863 2900/4490/2863
f 2900/4490/2864 3102/4489/2864 3101/4491/2864 2899/4492/2864
f 2899/4492/2865 3101/4491/2865 3100/4493/2865 2898/4494/2865
f 2898/4494/2866 3100/4493/2866 3099/4495/2866 2897/4496/2866
f 2897/4496/2867 3099/4495/2867 3098/4497/2867 2896/4498/2867
f 2896/4498/2868 3098/4497/2868 3097/4499/2868 2895/4500/2868
f 2895/4500/2869 3097/4499/2869 3096/4501/2869 2894/4502/2869
f 2894/4502/2870 3096/4501/2870 3095/4503/2870 2893/4504/2870
f 2893/4504/2871 3095/4503/2871 3094/4505/2871 2892/4506/2871
f 2892/4506/2872 3094/4505/2872 3093/4507/2872 2891/4508/2872
f 2891/4508/2873 3093/4507/2873 3092/4509/2873 2890/4510/2873
f 2890/4510/2874 3092/4509/2874 3091/4511/2874 2889/4512/2874
f 2889/4512/2875 3091/4511/2875 3090/4513/2875 2888/4514/2875
f 2888/4514/2876 3090/4513/2876 3089/4515/2876 2887/4516/2876
f 2887/4516/2877 3089/4515/2877 3088/4517/2877 2886/4518/2877
f 2886/4518/2878 3088/4517/2878 3087/4519/2878 2885/4520/2878
f 2885/4520/2879 3087/4519/2879 3086/4521/2879 2884/4522/2879
f 2884/4522/2880 3086/4521/2880 3085/4523/2880 2883/4524/2880
f 2883/4524/2881 3085/4523/2881 3084/4525/2881 2882/4526/2881
f 2882/4526/2882 3084/4525/2882 3083/4527/2882 2881/4528/2882
f 2881/4528/2883 3083/4527/2883 3082/4529/2883 2880/4530/2883
f 2880/4531/2884 3082/4532/2884 3081/4533/2884 2879/4231/2884
f 2879/4231/2885 3081/4533/2885 3080/4534/2885 2878/4232/2885
f 2878/4232/2886 3080/4534/2886 3079/4535/2886 2877/4233/2886
f 2877/4233/2887 3079/4535/2887 3078/4536/2887 2876/4234/2887
f 2876/4234/2888 3078/4536/2888 3077/4537/2888 2875/4235/2888
f 2875/4235/2889 3077/4537/2889 3076/4538/2889 2874/4236/2889
f 2874/4236/2890 3076/4538/2890 3075/4539/2890 2873/4237/2890
f 2873/4237/2891 3075/4539/2891 3074/4540/2891 2872/4238/2891
f 2872/4238/2892 3074/4540/2892 3073/4541/2892 2871/4239/2892
f 2871/4239/2893 3073/4541/2893 3072/4542/2893 2870/4240/2893
f 2870/4240/2894 3072/4542/2894 3071/4543/2894 2869/4241/2894
f 2869/4241/2895 3071/4543/2895 3070/4544/2895 2868/4242/2895
f 2868/4242/2896 3070/4544/2896 3069/4545/2896 2867/4243/2896
f 2867/4243/2897 3069/4545/2897 3068/4546/2897 2866/4244/2897
f 2866/4244/2898 3068/4546/2898 3067/4547/2898 2865/4245/2898
f 2865/4245/2899 3067/4547/2899 3066/4548/2899 2864/4246/2899
f 2864/4246/2900 3066/4548/2900 3065/4549/2900 2863/4247/2900
f 2863/4247/2901 3065/4549/2901 3064/4550/2901 2862/4248/2901
f 2862/4248/2902 3064/4550/2902 3063/4551/2902 2861/4249/2902
f 2861/4249/2903 3063/4551/2903 3062/4552/2903 2860/4250/2903
f 2860/4250/2904 3062/4552/2904 3061/4553/2904 2859/4251/2904
f 2859/4251/2905 3061/4553/2905 3060/4554/2905 2858/4252/2905
f 2858/4252/2906 3060/4554/2906 3059/4555/2906 2857/4253/2906
f 2857/4253/2907 3059/4555/2907 3058/4556/2907 2856/4254/2907
f 2856/4254/2908 3058/4556/2908 3057/4557/2908 2855/4255/2908
f 2855/4255/2909 3057/4557/2909 3056/4558/2909 2854/4256/2909
f 2854/4256/2910 3056/4558/2910 3055/4559/2910 2853/4257/2910
f 2853/4257/2911 3055/4559/2911 3054/4560/2911 2852/4258/2911
f 2852/4258/2912 3054/4560/2912 3053/4561/2912 2851/4259/2912
f 2851/4259/2913 3053/4561/2913 3052/4562/2913 2850/4260/2913
f 2850/4260/2914 3052/4562/2914 3051/4563/2914 2849/4261/2914
f 2849/4261/2915 3051/4563/2915 3050/4564/2915 2848/4262/2915
f 2848/4262/2916 3050/4564/2916 3049/4565/2916 2847/4263/2916
f 2847/4263/2917 3049/4565/2917 3048/4566/2917 2846/4264/2917
f 2846/4264/2918 3048/4566/2918 3047/4567/2918 2845/4265/2918
f 2845/4265/2919 3047/4567/2919 3046/4568/2919 2844/4266/2919
f 2844/4266/2920 3046/4568/2920 3045/4569/2920 2843/4267/2920
f 2843/4267/2921 3045/4569/2921 3044/4570/2921 2842/4268/2921
f 2842/4268/2922 3044/4570/2922 3043/4571/2922 2841/4269/2922
f 2841/4269/2923 3043/4571/2923 3042/4572/2923 2840/4270/2923
f 2840/4270/2924 3042/4572/2924 3041/4573/2924 2839/4271/2924
f 2839/4271/2925 3041/4573/2925 3040/4574/2925 2838/4272/2925
f 2838/4272/2926 3040/4574/2926 3039/4575/2926 2837/4273/2926
f 2837/4273/2927 3039/4575/2927 3038/4576/2927 2836/4274/2927
f 2836/4274/2928 3038/4576/2928 3037/4577/2928 2835/4275/2928
f 2835/4275/2929 3037/4577/2929 3036/4578/2929 2834/4276/2929
f 2834/4276/2930 3036/4578/2930 3035/4579/2930 2833/4277/2930
f 2833/4277/2931 3035/4579/2931 3034/4580/2931 2832/4278/2931
f 2832/4278/2932 3034/4580/2932 3033/4581/2932 2831/4279/2932
f 2831/4279/2933 3033/4581/2933 3031/4582/2933 2829/4280/2933
f 3133/35/2934 2931/33/2934 3030/4583/2934 3232/4584/2934
f 3232/4584/2935 3030/4583/2935 3029/4585/2935 3231/4586/2935
f 3231/4586/2936 3029/4585/2936 3028/4587/2936 3230/4588/2936
f 3230/4588/2937 3028/4587/2937 3027/4589/2937 3229/4590/2937
f 3229/4590/2938 3027/4589/2938 3026/4591/2938 3228/4592/2938
f 3228/4592/2939 3026/4591/2939 3025/4593/2939 3227/4594/2939
f 3227/4594/2940 3025/4593/2940 3024/4595/2940 3226/4596/2940
f 3226/4596/2941 3024/4595/2941 3023/4597/2941 3225/4598/2941
f 3225/4598/2942 3023/4597/2942 3022/4599/2942 3224/4600/2942
f 3224/4600/2943 3022/4599/2943 3021/4601/2943 3223/4602/2943
f 3223/4602/2944 3021/4601/2944 3020/4603/2944 3222/4604/2944
f 3222/4604/2945 3020/4603/2945 3019/4605/2945 3221/4606/2945
f 3221/4606/2946 3019/4605/2946 3018/4607/2946 3220/4608/2946
f 3220/4608/2947 3018/4607/2947 3017/4609/2947 3219/4610/2947
f 3219/4610/2948 3017/4609/2948 3016/4611/2948 3218/4612/2948
f 3218/4612/2949 3016/4611/2949 3015/4613/2949 3217/4614/2949
f 3217/4614/2950 3015/4613/2950 3014/4615/2950 3216/4616/2950
f 3216/4616/2951 3014/4615/2951 3013/4617/2951 3215/4618/2951
f 3215/4618/2952 3013/4617/2952 3012/4619/2952 3214/4620/2952
f 3214/4620/2953 3012/4619/2953 3011/4621/2953 3213/4622/2953
f 3213/4622/2954 3011/4621/2954 3010/4623/2954 3212/4624/2954
f 3212/4624/2955 3010/4623/2955 3009/4625/2955 3211/4626/2955
f 3211/4626/2956 3009/4625/2956 3008/4627/2956 3210/4628/2956
f 3210/4628/2957 3008/4627/2957 3007/4629/2957 3209/4630/2957
f 3209/4630/2958 3007/4629/2958 3006/4631/2958 3208/4632/2958
f 3208/4632/2959 3006/4631/2959 3005/4633/2959 3207/4634/2959
f 3207/4634/2960 3005/4633/2960 3004/4635/2960 3206/4636/2960
f 3206/4636/2961 3004/4635/2961 3003/4637/2961 3205/4638/2961
f 3205/4638/2962 3003/4637/2962 3002/4639/2962 3204/4640/2962
f 3204/4640/2963 3002/4639/2963 3001/4641/2963 3203/4642/2963
f 3203/4642/2964 3001/4641/2964 3000/4643/2964 3202/4644/2964
f 3202/4644/2965 3000/4643/2965 2999/4645/2965 3201/4646/2965
f 3201/4646/2966 2999/4645/2966 2998/4647/2966 3200/4648/2966
f 3200/4648/2967 2998/4647/2967 2997/4649/2967 3199/4650/2967
f 3199/4650/2968 2997/4649/2968 2996/4651/2968 3198/4652/2968
f 3198/4652/2969 2996/4651/2969 2995/4653/2969 3197/4654/2969
f 3197/4654/2970 2995/4653/2970 2994/4655/2970 3196/4656/2970
f 3196/4656/2971 2994/4655/2971 2993/4657/2971 3195/4658/2971
f 3195/4658/2972 2993/4657/2972 2992/4659/2972 3194/4660/2972
f 3194/4660/2973 2992/4659/2973 2991/4661/2973 3193/4662/2973
f 3193/4662/2974 2991/4661/2974 2990/4663/2974 3192/4664/2974
f 3192/4664/2975 2990/4663/2975 2989/4665/2975 3191/4666/2975
f 3191/4666/2976 2989/4665/2976 2988/4667/2976 3190/4668/2976
f 3190/4668/2977 2988/4667/2977 2987/4669/2977 3189/4670/2977
f 3189/4670/2978 2987/4669/2978 2986/4671/2978 3188/4672/2978
f 3188/4672/2979 2986/4671/2979 2985/4673/2979 3187/4674/2979
f 3187/4674/2980 2985/4673/2980 2984/4675/2980 3186/4676/2980
f 3186/4676/2981 2984/4675/2981 2983/4677/2981 3185/4678/2981
f 3185/4678/2982 2983/4677/2982 2982/4679/2982 3184/4680/2982
f 3184/4680/2983 2982/4679/2983 2981/4681/2983 3183/4682/2983
f 3183/4683/2984 2981/4684/2984 2980/4382/2984 3182/4685/2984
f 3182/4685/2985 2980/4382/2985 2979/4383/2985 3181/4686/2985
f 3181/4686/2986 2979/4383/2986 2978/4384/2986 3180/4687/2986
f 3180/4687/2987 2978/4384/2987 2977/4385/2987 3179/4688/2987
f 3179/4688/2988 2977/4385/2988 2976/4386/2988 3178/4689/2988
f 3178/4689/2989 2976/4386/2989 2975/4387/2989 3177/4690/2989
f 3177/4690/2990 2975/4387/2990 2974/4388/2990 3176/4691/2990
f 3176/4691/2991 2974/4388/2991 2973/4389/2991 3175/4692/2991
f 3175/4692/2992 2973/4389/2992 2972/4390/2992 3174/4693/2992
f 3174/4693/2993 2972/4390/2993 2971/4391/2993 3173/4694/2993
f 3173/4694/2994 2971/4391/2994 2970/4392/2994 3172/4695/2994
f 3172/4695/2995 2970/4392/2995 2969/4393/2995 3171/4696/2995
f 3171/4696/2996 2969/4393/2996 2968/4394/2996 3170/4697/2996
f 3170/4697/2997 2968/4394/2997 2967/4395/2997 3169/4698/2997
f 3169/4698/2998 2967/4395/2998 2966/4396/2998 3168/4699/2998
f 3168/4699/2999 2966/4396/2999 2965/4397/2999 3167/4700/2999
f 3167/4700/3000 2965/4397/3000 2964/4398/3000 3166/4701/3000
f 3166/4701/3001 2964/4398/3001 2963/4399/3001 3165/4702/3001
f 3165/4702/3002 2963/4399/3002 2962/4400/3002 3164/4703/3002
f 3164/4703/3003 2962/4400/3003 2961/4401/3003 3163/4704/3003
f 3163/4704/3004 2961/4401/3004 2960/4402/3004 3162/4705/3004
f 3162/4705/3005 2960/4402/3005 2959/4403/3005 3161/4706/3005
f 3161/4706/3006 2959/4403/3006 2958/4404/3006 3160/4707/3006
f 3160/4707/3007 2958/4404/3007 2957/4405/3007 3159/4708/3007
f 3159/4708/3008 2957/4405/3008 2956/4406/3008 3158/4709/3008
f 3158/4709/3009 2956/4406/3009 2955/4407/3009 3157/4710/3009
f 3157/4710/3010 2955/4407/3010 2954/4408/3010 3156/4711/3010
f 3156/4711/3011 2954/4408/3011 2953/4409/3011 3155/4712/3011
f 3155/4712/3012 2953/4409/3012 2952/4410/3012 3154/4713/3012
f 3154/4713/3013 2952/4410/3013 2951/4411/3013 3153/4714/3013
f 3153/4714/3014 2951/4411/3014 2950/4412/3014 3152/4715/3014
f 3152/4715/3015 2950/4412/3015 2949/4413/3015 3151/4716/3015
f 3151/4716/3016 2949/4413/3016 2948/4414/3016 3150/4717/3016
f 3150/4717/3017 2948/4414/3017 2947/4415/3017 3149/4718/3017
f 3149/4718/3018 2947/4415/3018 2946/4416/3018 3148/4719/3018
f 3148/4719/3019 2946/4416/3019 2945/4417/3019 3147/4720/3019
f 3147/4720/3020 2945/4417/3020 2944/4418/3020 3146/4721/3020
f 3146/4721/3021 2944/4418/3021 2943/4419/3021 3145/4722/3021
f 3145/4722/3022 2943/4419/3022 2942/4420/3022 3144/4723/3022
f 3144/4723/3023 2942/4420/3023 2941/4421/3023 3143/4724/3023
f 3143/4724/3024 2941/4421/3024 2940/4422/3024 3142/4725/3024
f 3142/4725/3025 2940/4422/3025 2939/4423/3025 3141/4726/3025
f 3141/4726/3026 2939/4423/3026 2938/4424/3026 3140/4727/3026
f 3140/4727/3027 2938/4424/3027 2937/4425/3027 3139/4728/3027
f 3139/4728/3028 2937/4425/3028 2936/4426/3028 3138/4729/3028
f 3138/4729/3029 2936/4426/3029 2935/4427/3029 3137/4730/3029
f 3137/4730/3030 2935/4427/3030 2934/4428/3030 3136/4731/3030
f 3136/4731/3031 2934/4428/3031 2933/4429/3031 3135/4732/3031
f 3135/4732/3032 2933/4429/3032 2932/4430/3032 3134/4733/3032
f 3134/4733/3033 2932/4430/3033 2930/92/3033 3132/91/3033
f 3032/36/3034 3234/38/3034 3333/4734/3034 3131/4431/3034
f 3131/4431/3035 3333/4734/3035 3332/4735/3035 3130/4736/3035
f 3130/4736/3036 3332/4735/3036 3331/4737/3036 3129/4738/3036
f 3129/4738/3037 3331/4737/3037 3330/4739/3037 3128/4740/3037
f 3128/4740/3038 3330/4739/3038 3329/4741/3038 3127/4742/3038
f 3127/4742/3039 3329/4741/3039 3328/4743/3039 3126/4744/3039
f 3126/4744/3040 3328/4743/3040 3327/4745/3040 3125/4746/3040
f 3125/4746/3041 3327/4745/3041 3326/4747/3041 3124/4748/3041
f 3124/4748/3042 3326/4747/3042 3325/4749/3042 3123/4750/3042
f 3123/4750/3043 3325/4749/3043 3324/4751/3043 3122/4752/3043
f 3122/4752/3044 3324/4751/3044 3323/4753/3044 3121/4754/3044
f 3121/4754/3045 3323/4753/3045 3322/4755/3045 3120/4756/3045
f 3120/4756/3046 3322/4755/3046 3321/4757/3046 3119/4758/3046
f 3119/4758/3047 3321/4757/3047 3320/4759/3047 3118/4760/3047
f 3118/4760/3048 3320/4759/3048 3319/4761/3048 3117/4762/3048
f 3117/4762/3049 3319/4761/3049 3318/4763/3049 3116/4764/3049
f 3116/4764/3050 3318/4763/3050 3317/4765/3050 3115/4766/3050
f 3115/4766/3051 3317/4765/3051 3316/4767/3051 3114/4768/3051
f 3114/4768/3052 3316/4767/3052 3315/4769/3052 3113/4770/3052
f 3113/4770/3053 3315/4769/3053 3314/4771/3053 3112/4772/3053
f 3112/4772/3054 3314/4771/3054 3313/4773/3054 3111/4774/3054
f 3111/4774/3055 3313/4773/3055 3312/4775/3055 3110/4776/3055
f 3110/4776/3056 3312/4775/3056 3311/4777/3056 3109/4778/3056
f 3109/4778/3057 3311/4777/3057 3310/4779/3057 3108/4780/3057
f 3108/4780/3058 3310/4779/3058 3309/4781/3058 3107/4782/3058
f 3107/4782/3059 3309/4781/3059 3308/4783/3059 3106/4784/3059
f 3106/4784/3060 3308/4783/3060 3307/4785/3060 3105/4786/3060
f 3105/4786/3061 3307/4785/3061 3306/4787/3061 3104/4788/3061
f 3104/4788/3062 3306/4787/3062 3305/4789/3062 3103/4790/3062
f 3103/4790/3063 3305/4789/3063 3304/4791/3063 3102/4792/3063
f 3102/4792/3064 3304/4791/3064 3303/4793/3064 3101/4794/3064
f 3101/4794/3065 3303/4793/3065 3302/4795/3065 3100/4796/3065
f 3100/4796/3066 3302/4795/3066 3301/4797/3066 3099/4798/3066
f 3099/4798/3067 3301/4797/3067 3300/4799/3067 3098/4800/3067
f 3098/4800/3068 3300/4799/3068 3299/4801/3068 3097/4802/3068
f 3097/4802/3069 3299/4801/3069 3298/4803/3069 3096/4804/3069
f 3096/4804/3070 3298/4803/3070 3297/4805/3070 3095/4806/3070
f 3095/4806/3071 3297/4805/3071 3296/4807/3071 3094/4808/3071
f 3094/4808/3072 3296/4807/3072 3295/4809/3072 3093/4810/3072
f 3093/4810/3073 3295/4809/3073 3294/4811/3073 3092/4812/3073
f 3092/4812/3074 3294/4811/3074 3293/4813/3074 3091/4814/3074
f 3091/4814/3075 3293/4813/3075 3292/4815/3075 3090/4816/3075
f 3090/4816/3076 3292/4815/3076 3291/4817/3076 3089/4818/3076
f 3089/4818/3077 3291/4817/3077 3290/4819/3077 3088/4820/3077
f 3088/4820/3078 3290/4819/3078 3289/4821/3078 3087/4822/3078
f 3087/4822/3079 3289/4821/3079 3288/4823/3079 3086/4824/3079
f 3086/4824/3080 3288/4823/3080 3287/4825/3080 3085/4826/3080
f 3085/4826/3081 3287/4825/3081 3286/4827/3081 3084/4828/3081
f 3084/4828/3082 3286/4827/3082 3285/4829/3082 3083/4830/3082
f 3083/4830/3083 3285/4829/3083 3284/4831/3083 3082/4832/3083
f 3082/4833/3084 3284/4834/3084 3283/4835/3084 3081/4533/3084
f 3081/4533/3085 3283/4835/3085 3282/4836/3085 3080/4534/3085
f 3080/4534/3086 3282/4836/3086 3281/4837/3086 3079/4535/3086
f 3079/4535/3087 3281/4837/3087 3280/4838/3087 3078/4536/3087
f 3078/4536/3088 3280/4838/3088 3279/4839/3088 3077/4537/3088
f 3077/4537/3089 3279/4839/3089 3278/4840/3089 3076/4538/3089
f 3076/4538/3090 3278/4840/3090 3277/4841/3090 3075/4539/3090
f 3075/4539/3091 3277/4841/3091 3276/4842/3091 3074/4540/3091
f 3074/4540/3092 3276/4842/3092 3275/4843/3092 3073/4541/3092
f 3073/4541/3093 3275/4843/3093 3274/4844/3093 3072/4542/3093
f 3072/4542/3094 3274/4844/3094 3273/4845/3094 3071/4543/3094
f 3071/4543/3095 3273/4845/3095 3272/4846/3095 3070/4544/3095
f 3070/4544/3096 3272/4846/3096 3271/4847/3096 3069/4545/3096
f 3069/4545/3097 3271/4847/3097 3270/4848/3097 3068/4546/3097
f 3068/4546/3098 3270/4848/3098 3269/4849/3098 3067/4547/3098
f 3067/4547/3099 3269/4849/3099 3268/4850/3099 3066/4548/3099
f 3066/4548/3100 3268/4850/3100 3267/4851/3100 3065/4549/3100
f 3065/4549/3101 3267/4851/3101 3266/4852/3101 3064/4550/3101
f 3064/4550/3102 3266/4852/3102 3265/4853/3102 3063/4551/3102
f 3063/4551/3103 3265/4853/3103 3264/4854/3103 3062/4552/3103
f 3062/4552/3104 3264/4854/3104 3263/4855/3104 3061/4553/3104
f 3061/4553/3105 3263/4855/3105 3262/4856/3105 3060/4554/3105
f 3060/4554/3106 3262/4856/3106 3261/4857/3106 3059/4555/3106
f 3059/4555/3107 3261/4857/3107 3260/4858/3107 3058/4556/3107
f 3058/4556/3108 3260/4858/3108 3259/4859/3108 3057/4557/3108
f 3057/4557/3109 3259/4859/3109 3258/4860/3109 3056/4558/3109
f 3056/4558/3110 3258/4860/3110 3257/4861/3110 3055/4559/3110
f 3055/4559/3111 3257/4861/3111 3256/4862/3111 3054/4560/3111
f 3054/4560/3112 3256/4862/3112 3255/4863/3112 3053/4561/3112
f 3053/4561/3113 3255/4863/3113 3254/4864/3113 3052/4562/3113
f 3052/4562/3114 3254/4864/3114 3253/4865/3114 3051/4563/3114
f 3051/4563/3115 3253/4865/3115 3252/4866/3115 3050/4564/3115
f 3050/4564/3116 3252/4866/3116 3251/4867/3116 3049/4565/3116
f 3049/4565/3117 3251/4867/3117 3250/4868/3117 3048/4566/3117
f 3048/4566/3118 3250/4868/3118 3249/4869/3118 3047/4567/3118
f 3047/4567/3119 3249/4869/3119 3248/4870/3119 3046/4568/3119
f 3046/4568/3120 3248/4870/3120 3247/4871/3120 3045/4569/3120
f 3045/4569/3121 3247/4871/3121 3246/4872/3121 3044/4570/3121
f 3044/4570/3122 3246/4872/3122 3245/4873/3122 3043/4571/3122
f 3043/4571/3123 3245/4873/3123 3244/4874/3123 3042/4572/3123
f 3042/4572/3124 3244/4874/3124 3243/4875/3124 3041/4573/3124
f 3041/4573/3125 3243/4875/3125 3242/4876/3125 3040/4574/3125
f 3040/4574/3126 3242/4876/3126 3241/4877/3126 3039/4575/3126
f 3039/4575/3127 3241/4877/3127 3240/4878/3127 3038/4576/3127
f 3038/4576/3128 3240/4878/3128 3239/4879/3128 3037/4577/3128
f 3037/4577/3129 3239/4879/3129 3238/4880/3129 3036/4578/3129
f 3036/4578/3130 3238/4880/3130 3237/4881/3130 3035/4579/3130
f 3035/4579/3131 3237/4881/3131 3236/4882/3131 3034/4580/3131
f 3034/4580/3132 3236/4882/3132 3235/4883/3132 3033/4581/3132
f 3033/4581/3133 3235/4883/3133 3233/4884/3133 3031/4582/3133
f 3335/37/3134 3133/35/3134 3232/4584/3134 3434/4885/3134
f 3434/4885/3135 3232/4584/3135 3231/4886/3135 3433/4887/3135
f 3433/4887/3136 3231/4886/3136 3230/4888/3136 3432/4889/3136
f 3432/4889/3137 3230/4888/3137 3229/4890/3137 3431/4891/3137
f 3431/4891/3138 3229/4890/3138 3228/4892/3138 3430/4893/3138
f 3430/4893/3139 3228/4892/3139 3227/4894/3139 3429/4895/3139
f 3429/4895/3140 3227/4894/3140 3226/4896/3140 3428/4897/3140
f 3428/4897/3141 3226/4896/3141 3225/4898/3141 3427/4899/3141
f 3427/4899/3142 3225/4898/3142 3224/4900/3142 3426/4901/3142
f 3426/4901/3143 3224/4900/3143 3223/4902/3143 3425/4903/3143
f 3425/4903/3144 3223/4902/3144 3222/4904/3144 3424/4905/3144
f 3424/4905/3145 3222/4904/3145 3221/4906/3145 3423/4907/3145
f 3423/4907/3146 3221/4906/3146 3220/4908/3146 3422/4909/3146
f 3422/4909/3147 3220/4908/3147 3219/4910/3147 3421/4911/3147
f 3421/4911/3148 3219/4910/3148 3218/4912/3148 3420/4913/3148
f 3420/4913/3149 3218/4912/3149 3217/4914/3149 3419/4915/3149
f 3419/4915/3150 3217/4914/3150 3216/4916/3150 3418/4917/3150
f 3418/4917/3151 3216/4916/3151 3215/4918/3151 3417/4919/3151
f 3417/4919/3152 3215/4918/3152 3214/4920/3152 3416/4921/3152
f 3416/4921/3153 3214/4920/3153 3213/4922/3153 3415/4923/3153
f 3415/4923/3154 3213/4922/3154 3212/4924/3154 3414/4925/3154
f 3414/4925/3155 3212/4924/3155 3211/4926/3155 3413/4927/3155
f 3413/4927/3156 3211/4926/3156 3210/4928/3156 3412/4929/3156
f 3412/4929/3157 3210/4928/3157 3209/4930/3157 3411/4931/3157
f 3411/4931/3158 3209/4930/3158 3208/4932/3158 3410/4933/3158
f 3410/4933/3159 3208/4932/3159 3207/4934/3159 3409/4935/3159
f 3409/4935/3160 3207/4934/3160 3206/4936/3160 3408/4937/3160
f 3408/4937/3161 3206/4936/3161 3205/4938/3161 3407/4939/3161
f 3407/4939/3162 3205/4938/3162 3204/4940/3162 3406/4941/3162
f 3406/4941/3163 3204/4940/3163 3203/4942/3163 3405/4943/3163
f 3405/4943/3164 3203/4942/3164 3202/4944/3164 3404/4945/3164
f 3404/4945/3165 3202/4944/3165 3201/4946/3165 3403/4947/3165
f 3403/4947/3166 3201/4946/3166 3200/4948/3166 3402/4949/3166
f 3402/4949/3167 3200/4948/3167 3199/4950/3167 3401/4951/3167
f 3401/4951/3168 3199/4950/3168 3198/4952/3168 3400/4953/3168
f 3400/4953/3169 3198/4952/3169 3197/4954/3169 3399/4955/3169
f 3399/4955/3170 3197/4954/3170 3196/4956/3170 3398/4957/3170
f 3398/4957/3171 3196/4956/3171 3195/4958/3171 3397/4959/3171
f 3397/4959/3172 3195/4958/3172 3194/4960/3172 3396/4961/3172
f 3396/4961/3173 3194/4960/3173 3193/4962/3173 3395/4963/3173
f 3395/4963/3174 3193/4962/3174 3192/4964/3174 3394/4965/3174
f 3394/4965/3175 3192/4964/3175 3191/4966/3175 3393/4967/3175
f 3393/4967/3176 3191/4966/3176 3190/4968/3176 3392/4969/3176
f 3392/4969/3177 3190/4968/3177 3189/4970/3177 3391/4971/3177
f 3391/4971/3178 3189/4970/3178 3188/4972/3178 3390/4973/3178
f 3390/4973/3179 3188/4972/3179 3187/4974/3179 3389/4975/3179
f 3389/4975/3180 3187/4974/3180 3186/4976/3180 3388/4977/3180
f 3388/4977/3181 3186/4976/3181 3185/4978/3181 3387/4979/3181
f 3387/4979/3182 3185/4978/3182 3184/4980/3182 3386/4981/3182
f 3386/4981/3183 3184/4980/3183 3183/4982/3183 3385/4983/3183
f 3385/4984/3184 3183/4985/3184 3182/4685/3184 3384/4986/3184
f 3384/4986/3185 3182/4685/3185 3181/4686/3185 3383/4987/3185
f 3383/4987/3186 3181/4686/3186 3180/4687/3186 3382/4988/3186
f 3382/4988/3187 3180/4687/3187 3179/4688/3187 3381/4989/3187
f 3381/4989/3188 3179/4688/3188 3178/4689/3188 3380/4990/3188
f 3380/4990/3189 3178/4689/3189 3177/4690/3189 3379/4991/3189
f 3379/4991/3190 3177/4690/3190 3176/4691/3190 3378/4992/3190
f 3378/4992/3191 3176/4691/3191 3175/4692/3191 3377/4993/3191
f 3377/4993/3192 3175/4692/3192 3174/4693/3192 3376/4994/3192
f 3376/4994/3193 3174/4693/3193 3173/4694/3193 3375/4995/3193
f 3375/4995/3194 3173/4694/3194 3172/4695/3194 3374/4996/3194
f 3374/4996/3195 3172/4695/3195 3171/4696/3195 3373/4997/3195
f 3373/4997/3196 3171/4696/3196 3170/4697/3196 3372/4998/3196
f 3372/4998/3197 3170/4697/3197 3169/4698/3197 3371/4999/3197
f 3371/4999/3198 3169/4698/3198 3168/4699/3198 3370/5000/3198
f 3370/5000/3199 3168/4699/3199 3167/4700/3199 3369/5001/3199
f 3369/5001/3200 3167/4700/3200 3166/4701/3200 3368/5002/3200
f 3368/5002/3201 3166/4701/3201 3165/4702/3201 3367/5003/3201
f 3367/5003/3202 3165/4702/3202 3164/4703/3202 3366/5004/3202
f 3366/5004/3203 3164/4703/3203 3163/4704/3203 3365/5005/3203
f 3365/5005/3204 3163/4704/3204 3162/4705/3204 3364/5006/3204
f 3364/5006/3205 3162/4705/3205 3161/4706/3205 3363/5007/3205
f 3363/5007/3206 3161/4706/3206 3160/4707/3206 3362/5008/3206
f 3362/5008/3207 3160/4707/3207 3159/4708/3207 3361/5009/3207
f 3361/5009/3208 3159/4708/3208 3158/4709/3208 3360/5010/3208
f 3360/5010/3209 3158/4709/3209 3157/4710/3209 3359/5011/3209
f 3359/5011/3210 3157/4710/3210 3156/4711/3210 3358/5012/3210
f 3358/5012/3211 3156/4711/3211 3155/4712/3211 3357/5013/3211
f 3357/5013/3212 3155/4712/3212 3154/4713/3212 3356/5014/3212
f 3356/5014/3213 3154/4713/3213 3153/4714/3213 3355/5015/3213
f 3355/5015/3214 3153/4714/3214 3152/4715/3214 3354/5016/3214
f 3354/5016/3215 3152/4715/3215 3151/4716/3215 3353/5017/3215
f 3353/5017/3216 3151/4716/3216 3150/4717/3216 3352/5018/3216
f 3352/5018/3217 3150/4717/3217 3149/4718/3217 3351/5019/3217
f 3351/5019/3218 3149/4718/3218 3148/4719/3218 3350/5020/3218
f 3350/5020/3219 3148/4719/3219 3147/4720/3219 3349/5021/3219
f 3349/5021/3220 3147/4720/3220 3146/4721/3220 3348/5022/3220
f 3348/5022/3221 3146/4721/3221 3145/4722/3221 3347/5023/3221
f 3347/5023/3222 3145/4722/3222 3144/4723/3222 3346/5024/3222
f 3346/5024/3223 3144/4723/3223 3143/4724/3223 3345/5025/3223
f 3345/5025/3224 3143/4724/3224 3142/4725/3224 3344/5026/3224
f 3344/5026/3225 3142/4725/3225 3141/4726/3225 3343/5027/3225
f 3343/5027/3226 3141/4726/3226 3140/4727/3226 3342/5028/3226
f 3342/5028/3227 3140/4727/3227 3139/4728/3227 3341/5029/3227
f 3341/5029/3228 3139/4728/3228 3138/4729/3228 3340/5030/3228
f 3340/5030/3229 3138/4729/3229 3137/4730/3229 3339/5031/3229
f 3339/5031/3230 3137/4730/3230 3136/4731/3230 3338/5032/3230
f 3338/5032/3231 3136/4731/3231 3135/4732/3231 3337/5033/3231
f 3337/5033/3232 3135/4732/3232 3134/4733/3232 3336/5034/3232
f 3336/5034/3233 3134/4733/3233 3132/91/3233 3334/90/3233
f 3234/38/3234 3436/40/3234 3535/5035/3234 3333/4734/3234
f 3333/4734/3235 3535/5035/3235 3534/5036/3235 3332/5037/3235
f 3332/5037/3236 3534/5036/3236 3533/5038/3236 3331/5039/3236
f 3331/5039/3237 3533/5038/3237 3532/5040/3237 3330/5041/3237
f 3330/5041/3238 3532/5040/3238 3531/5042/3238 3329/5043/3238
f 3329/5043/3239 3531/5042/3239 3530/5044/3239 3328/5045/3239
f 3328/5045/3240 3530/5044/3240 3529/5046/3240 3327/5047/3240
f 3327/5047/3241 3529/5046/3241 3528/5048/3241 3326/5049/3241
f 3326/5049/3242 3528/5048/3242 3527/5050/3242 3325/5051/3242
f 3325/5051/3243 3527/5050/3243 3526/5052/3243 3324/5053/3243
f 3324/5053/3244 3526/5052/3244 3525/5054/3244 3323/5055/3244
f 3323/5055/3245 3525/5054/3245 3524/5056/3245 3322/5057/3245
f 3322/5057/3246 3524/5056/3246 3523/5058/3246 3321/5059/3246
f 3321/5059/3247 3523/5058/3247 3522/5060/3247 3320/5061/3247
f 3320/5061/3248 3522/5060/3248 3521/5062/3248 3319/5063/3248
f 3319/5063/3249 3521/5062/3249 3520/5064/3249 3318/5065/3249
f 3318/5065/3250 3520/5064/3250 3519/5066/3250 3317/5067/3250
f 3317/5067/3251 3519/5066/3251 3518/5068/3251 3316/5069/3251
f 3316/5069/3252 3518/5068/3252 3517/5070/3252 3315/5071/3252
f 3315/5071/3253 3517/5070/3253 3516/5072/3253 3314/5073/3253
f 3314/5073/3254 3516/5072/3254 3515/5074/3254 3313/5075/3254
f 3313/5075/3255 3515/5074/3255 3514/5076/3255 3312/5077/3255
f 3312/5077/3256 3514/5076/3256 3513/5078/3256 3311/5079/3256
f 3311/5079/3257 3513/5078/3257 3512/5080/3257 3310/5081/3257
f 3310/5081/3258 3512/5080/3258 3511/5082/3258 3309/5083/3258
f 3309/5083/3259 3511/5082/3259 3510/5084/3259 3308/5085/3259
f 3308/5085/3260 3510/5084/3260 3509/5086/3260 3307/5087/3260
f 3307/5087/3261 3509/5086/3261 3508/5088/3261 3306/5089/3261
f 3306/5089/3262 3508/5088/3262 3507/5090/3262 3305/5091/3262
f 3305/5091/3263 3507/5090/3263 3506/5092/3263 3304/5093/3263
f 3304/5093/3264 3506/5092/3264 3505/5094/3264 3303/5095/3264
f 3303/5095/3265 3505/5094/3265 3504/5096/3265 3302/5097/3265
f 3302/5097/3266 3504/5096/3266 3503/5098/3266 3301/5099/3266
f 3301/5099/3267 3503/5098/3267 3502/5100/3267 3300/5101/3267
f 3300/5101/3268 3502/5100/3268 3501/5102/3268 3299/5103/3268
f 3299/5103/3269 3501/5102/3269 3500/5104/3269 3298/5105/3269
f 3298/5105/3270 3500/5104/3270 3499/5106/3270 3297/5107/3270
f 3297/5107/3271 3499/5106/3271 3498/5108/3271 3296/5109/3271
f 3296/5109/3272 3498/5108/3272 3497/5110/3272 3295/5111/3272
f 3295/5111/3273 3497/5110/3273 3496/5112/3273 3294/5113/3273
f 3294/5113/3274 3496/5112/3274 3495/5114/3274 3293/5115/3274
f 3293/5115/3275 3495/5114/3275 3494/5116/3275 3292/5117/3275
f 3292/5117/3276 3494/5116/3276 3493/5118/3276 3291/5119/3276
f 3291/5119/3277 3493/5118/3277 3492/5120/3277 3290/5121/3277
f 3290/5121/3278 3492/5120/3278 3491/5122/3278 3289/5123/3278
f 3289/5123/3279 3491/5122/3279 3490/5124/3279 3288/5125/3279
f 3288/5125/3280 3490/5124/3280 3489/5126/3280 3287/5127/3280
f 3287/5127/3281 3489/5126/3281 3488/5128/3281 3286/5129/3281
f 3286/5129/3282 3488/5128/3282 3487/5130/3282 3285/5131/3282
f 3285/5131/3283 3487/5130/3283 3486/5132/3283 3284/5133/3283
f 3284/5134/3284 3486/5135/3284 3485/5136/3284 3283/4835/3284
f 3283/4835/3285 3485/5136/3285 3484/5137/3285 3282/4836/3285
f 3282/4836/3286 3484/5137/3286 3483/5138/3286 3281/4837/3286
f 3281/4837/3287 3483/5138/3287 3482/5139/3287 3280/4838/3287
f 3280/4838/3288 3482/5139/3288 3481/5140/3288 3279/4839/3288
f 3279/4839/3289 3481/5140/3289 3480/5141/3289 3278/4840/3289
f 3278/4840/3290 3480/5141/3290 3479/5142/3290 3277/4841/3290
f 3277/4841/3291 3479/5142/3291 3478/5143/3291 3276/4842/3291
f 3276/4842/3292 3478/5143/3292 3477/5144/3292 3275/4843/3292
f 3275/4843/3293 3477/5144/3293 3476/5145/3293 3274/4844/3293
f 3274/4844/3294 3476/5145/3294 3475/5146/3294 3273/4845/3294
f 3273/4845/3295 3475/5146/3295 3474/5147/3295 3272/4846/3295
f 3272/4846/3296 3474/5147/3296 3473/5148/3296 3271/4847/3296
f 3271/4847/3297 3473/5148/3297 3472/5149/3297 3270/4848/3297
f 3270/4848/3298 3472/5149/3298 3471/5150/3298 3269/4849/3298
f 3269/4849/3299 3471/5150/3299 3470/5151/3299 3268/4850/3299
f 3268/4850/3300 3470/5151/3300 3469/5152/3300 3267/4851/3300
f 3267/4851/3301 3469/5152/3301 3468/5153/3301 3266/4852/3301
f 3266/4852/3302 3468/5153/3302 3467/5154/3302 3265/4853/3302
f 3265/4853/3303 3467/5154/3303 3466/5155/3303 3264/4854/3303
f 3264/4854/3304 3466/5155/3304 3465/5156/3304 3263/4855/3304
f 3263/4855/3305 3465/5156/3305 3464/5157/3305 3262/4856/3305
f 3262/4856/3306 3464/5157/3306 3463/5158/3306 3261/4857/3306
f 3261/4857/3307 3463/5158/3307 3462/5159/3307 3260/4858/3307
f 3260/4858/3308 3462/5159/3308 3461/5160/3308 3259/4859/3308
f 3259/4859/3309 3461/5160/3309 3460/5161/3309 3258/4860/3309
f 3258/4860/3310 3460/5161/3310 3459/5162/3310 3257/4861/3310
f 3257/4861/3311 3459/5162/3311 3458/5163/3311 3256/4862/3311
f 3256/4862/3312 3458/5163/3312 3457/5164/3312 3255/4863/3312
f 3255/4863/3313 3457/5164/3313 3456/5165/3313 3254/4864/3313
f 3254/4864/3314 3456/5165/3314 3455/5166/3314 3253/4865/3314
f 3253/4865/3315 3455/5166/3315 3454/5167/3315 3252/4866/3315
f 3252/4866/3316 3454/5167/3316 3453/5168/3316 3251/4867/3316
f 3251/4867/3317 3453/5168/3317 3452/5169/3317 3250/4868/3317
f 3250/4868/3318 3452/5169/3318 3451/5170/3318 3249/4869/3318
f 3249/4869/3319 3451/5170/3319 3450/5171/3319 3248/4870/3319
f 3248/4870/3320 3450/5171/3320 3449/5172/3320 3247/4871/3320
f 3247/4871/3321 3449/5172/3321 3448/5173/3321 3246/4872/3321
f 3246/4872/3322 3448/5173/3322 3447/5174/3322 3245/4873/3322
f 3245/4873/3323 3447/5174/3323 3446/5175/3323 3244/4874/3323
f 3244/4874/3324 3446/5175/3324 3445/5176/3324 3243/4875/3324
f 3243/4875/3325 3445/5176/3325 3444/5177/3325 3242/4876/3325
f 3242/4876/3326 3444/5177/3326 3443/5178/3326 3241/4877/3326
f 3241/4877/3327 3443/5178/3327 3442/5179/3327 3240/4878/3327
f 3240/4878/3328 3442/5179/3328 3441/5180/3328 3239/4879/3328
f 3239/4879/3329 3441/5180/3329 3440/5181/3329 3238/4880/3329
f 3238/4880/3330 3440/5181/3330 3439/5182/3330 3237/4881/3330
f 3237/4881/3331 3439/5182/3331 3438/5183/3331 3236/4882/3331
f 3236/4882/3332 3438/5183/3332 3437/5184/3332 3235/4883/3332
f 3235/4883/3333 3437/5184/3333 3435/5185/3333 3233/4884/3333
f 3537/39/3334 3335/37/3334 3434/4885/3334 3636/5186/3334
f 3636/5186/3335 3434/4885/3335 3433/5187/3335 3635/5188/3335
f 3635/5188/3336 3433/5187/3336 3432/5189/3336 3634/5190/3336
f 3634/5190/3337 3432/5189/3337 3431/5191/3337 3633/5192/3337
f 3633/5192/3338 3431/5191/3338 3430/5193/3338 3632/5194/3338
f 3632/5194/3339 3430/5193/3339 3429/5195/3339 3631/5196/3339
f 3631/5196/3340 3429/5195/3340 3428/5197/3340 3630/5198/3340
f 3630/5198/3341 3428/5197/3341 3427/5199/3341 3629/5200/3341
f 3629/5200/3342 3427/5199/3342 3426/5201/3342 3628/5202/3342
f 3628/5202/3343 3426/5201/3343 3425/5203/3343 3627/5204/3343
f 3627/5204/3344 3425/5203/3344 3424/5205/3344 3626/5206/3344
f 3626/5206/3345 3424/5205/3345 3423/5207/3345 3625/5208/3345
f 3625/5208/3346 3423/5207/3346 3422/5209/3346 3624/5210/3346
f 3624/5210/3347 3422/5209/3347 3421/5211/3347 3623/5212/3347
f 3623/5212/3348 3421/5211/3348 3420/5213/3348 3622/5214/3348
f 3622/5214/3349 3420/5213/3349 3419/5215/3349 3621/5216/3349
f 3621/5216/3350 3419/5215/3350 3418/5217/3350 3620/5218/3350
f 3620/5218/3351 3418/5217/3351 3417/5219/3351 3619/5220/3351
f 3619/5220/3352 3417/5219/3352 3416/5221/3352 3618/5222/3352
f 3618/5222/3353 3416/5221/3353 3415/5223/3353 3617/5224/3353
f 3617/5224/3354 3415/5223/3354 3414/5225/3354 3616/5226/3354
f 3616/5226/3355 3414/5225/3355 3413/5227/3355 3615/5228/3355
f 3615/5228/3356 3413/5227/3356 3412/5229/3356 3614/5230/3356
f 3614/5230/3357 3412/5229/3357 3411/5231/3357 3613/5232/3357
f 3613/5232/3358 3411/5231/3358 3410/5233/3358 3612/5234/3358
f 3612/5234/3359 3410/5233/3359 3409/5235/3359 3611/5236/3359
f 3611/5236/3360 3409/5235/3360 3408/5237/3360 3610/5238/3360
f 3610/5238/3361 3408/5237/3361 3407/5239/3361 3609/5240/3361
f 3609/5240/3362 3407/5239/3362 3406/5241/3362 3608/5242/3362
f 3608/5242/3363 3406/5241/3363 3405/5243/3363 3607/5244/3363
f 3607/5244/3364 3405/5243/3364 3404/5245/3364 3606/5246/3364
f 3606/5246/3365 3404/5245/3365 3403/5247/3365 3605/5248/3365
f 3605/5248/3366 3403/5247/3366 3402/5249/3366 3604/5250/3366
f 3604/5250/3367 3402/5249/3367 3401/5251/3367 3603/5252/3367
f 3603/5252/3368 3401/5251/3368 3400/5253/3368 3602/5254/3368
f 3602/5254/3369 3400/5253/3369 3399/5255/3369 3601/5256/3369
f 3601/5256/3370 3399/5255/3370 3398/5257/3370 3600/5258/3370
f 3600/5258/3371 3398/5257/3371 3397/5259/3371 3599/5260/3371
f 3599/5260/3372 3397/5259/3372 3396/5261/3372 3598/5262/3372
f 3598/5262/3373 3396/5261/3373 3395/5263/3373 3597/5264/3373
f 3597/5264/3374 3395/5263/3374 3394/5265/3374 3596/5266/3374
f 3596/5266/3375 3394/5265/3375 3393/5267/3375 3595/5268/3375
f 3595/5268/3376 3393/5267/3376 3392/5269/3376 3594/5270/3376
f 3594/5270/3377 3392/5269/3377 3391/5271/3377 3593/5272/3377
f 3593/5272/3378 3391/5271/3378 3390/5273/3378 3592/5274/3378
f 3592/5274/3379 3390/5273/3379 3389/5275/3379 3591/5276/3379
f 3591/5276/3380 3389/5275/3380 3388/5277/3380 3590/5278/3380
f 3590/5278/3381 3388/5277/3381 3387/5279/3381 3589/5280/3381
f 3589/5280/3382 3387/5279/3382 3386/5281/3382 3588/5282/3382
f 3588/5282/3383 3386/5281/3383 3385/5283/3383 3587/5284/3383
f 3587/5285/3384 3385/5286/3384 3384/4986/3384 3586/5287/3384
f 3586/5287/3385 3384/4986/3385 3383/4987/3385 3585/5288/3385
f 3585/5288/3386 3383/4987/3386 3382/4988/3386 3584/5289/3386
f 3584/5289/3387 3382/4988/3387 3381/4989/3387 3583/5290/3387
f 3583/5290/3388 3381/4989/3388 3380/4990/3388 3582/5291/3388
f 3582/5291/3389 3380/4990/3389 3379/4991/3389 3581/5292/3389
f 3581/5292/3390 3379/4991/3390 3378/4992/3390 3580/5293/3390
f 3580/5293/3391 3378/4992/3391 3377/4993/3391 3579/5294/3391
f 3579/5294/3392 3377/4993/3392 3376/4994/3392 3578/5295/3392
f 3578/5295/3393 3376/4994/3393 3375/4995/3393 3577/5296/3393
f 3577/5296/3394 3375/4995/3394 3374/4996/3394 3576/5297/3394
f 3576/5297/3395 3374/4996/3395 3373/4997/3395 3575/5298/3395
f 3575/5298/3396 3373/4997/3396 3372/4998/3396 3574/5299/3396
f 3574/5299/3397 3372/4998/3397 3371/4999/3397 3573/5300/3397
f 3573/5300/3398 3371/4999/3398 3370/5000/3398 3572/5301/3398
f 3572/5301/3399 3370/5000/3399 3369/5001/3399 3571/5302/3399
f 3571/5302/3400 3369/5001/3400 3368/5002/3400 3570/5303/3400
f 3570/5303/3401 3368/5002/3401 3367/5003/3401 3569/5304/3401
f 3569/5304/3402 3367/5003/3402 3366/5004/3402 3568/5305/3402
f 3568/5305/3403 3366/5004/3403 3365/5005/3403 3567/5306/3403
f 3567/5306/3404 3365/5005/3404 3364/5006/3404 3566/5307/3404
f 3566/5307/3405 3364/5006/3405 3363/5007/3405 3565/5308/3405
f 3565/5308/3406 3363/5007/3406 3362/5008/3406 3564/5309/3406
f 3564/5309/3407 3362/5008/3407 3361/5009/3407 3563/5310/3407
f 3563/5310/3408 3361/5009/3408 3360/5010/3408 3562/5311/3408
f 3562/5311/3409 3360/5010/3409 3359/5011/3409 3561/5312/3409
f 3561/5312/3410 3359/5011/3410 3358/5012/3410 3560/5313/3410
f 3560/5313/3411 3358/5012/3411 3357/5013/3411 3559/5314/3411
f 3559/5314/3412 3357/5013/3412 3356/5014/3412 3558/5315/3412
f 3558/5315/3413 3356/5014/3413 3355/5015/3413 3557/5316/3413
f 3557/5316/3414 3355/5015/3414 3354/5016/3414 3556/5317/3414
f 3556/5317/3415 3354/5016/3415 3353/5017/3415 3555/5318/3415
f 3555/5318/3416 3353/5017/3416 3352/5018/3416 3554/5319/3416
f 3554/5319/3417 3352/5018/3417 3351/5019/3417 3553/5320/3417
f 3553/5320/3418 3351/5019/3418 3350/5020/3418 3552/5321/3418
f 3552/5321/3419 3350/5020/3419 3349/5021/3419 3551/5322/3419
f 3551/5322/3420 3349/5021/3420 3348/5022/3420 3550/5323/3420
f 3550/5323/3421 3348/5022/3421 3347/5023/3421 3549/5324/3421
f 3549/5324/3422 3347/5023/3422 3346/5024/3422 3548/5325/3422
f 3548/5325/3423 3346/5024/3423 3345/5025/3423 3547/5326/3423
f 3547/5326/3424 3345/5025/3424 3344/5026/3424 3546/5327/3424
f 3546/5327/3425 3344/5026/3425 3343/5027/3425 3545/5328/3425
f 3545/5328/3426 3343/5027/3426 3342/5028/3426 3544/5329/3426
f 3544/5329/3427 3342/5028/3427 3341/5029/3427 3543/5330/3427
f 3543/5330/3428 3341/5029/3428 3340/5030/3428 3542/5331/3428
f 3542/5331/3429 3340/5030/3429 3339/5031/3429 3541/5332/3429
f 3541/5332/3430 3339/5031/3430 3338/5032/3430 3540/5333/3430
f 3540/5333/3431 3338/5032/3431 3337/5033/3431 3539/5334/3431
f 3539/5334/3432 3337/5033/3432 3336/5034/3432 3538/5335/3432
f 3538/5335/3433 3336/5034/3433 3334/90/3433 3536/89/3433
f 3436/40/3434 3638/42/3434 3737/5336/3434 3535/5035/3434
f 3535/5035/3435 3737/5336/3435 3736/5337/3435 3534/5338/3435
f 3534/5338/3436 3736/5337/3436 3735/5339/3436 3533/5340/3436
f 3533/5340/3437 3735/5339/3437 3734/5341/3437 3532/5342/3437
f 3532/5342/3438 3734/5341/3438 3733/5343/3438 3531/5344/3438
f 3531/5344/3439 3733/5343/3439 3732/5345/3439 3530/5346/3439
f 3530/5346/3440 3732/5345/3440 3731/5347/3440 3529/5348/3440
f 3529/5348/3441 3731/5347/3441 3730/5349/3441 3528/5350/3441
f 3528/5350/3442 3730/5349/3442 3729/5351/3442 3527/5352/3442
f 3527/5352/3443 3729/5351/3443 3728/5353/3443 3526/5354/3443
f 3526/5354/3444 3728/5353/3444 3727/5355/3444 3525/5356/3444
f 3525/5356/3445 3727/5355/3445 3726/5357/3445 3524/5358/3445
f 3524/5358/3446 3726/5357/3446 3725/5359/3446 3523/5360/3446
f 3523/5360/3447 3725/5359/3447 3724/5361/3447 3522/5362/3447
f 3522/5362/3448 3724/5361/3448 3723/5363/3448 3521/5364/3448
f 3521/5364/3449 3723/5363/3449 3722/5365/3449 3520/5366/3449
f 3520/5366/3450 3722/5365/3450 3721/5367/3450 3519/5368/3450
f 3519/5368/3451 3721/5367/3451 3720/5369/3451 3518/5370/3451
f 3518/5370/3452 3720/5369/3452 3719/5371/3452 3517/5372/3452
f 3517/5372/3453 3719/5371/3453 3718/5373/3453 3516/5374/3453
f 3516/5374/3454 3718/5373/3454 3717/5375/3454 3515/5376/3454
f 3515/5376/3455 3717/5375/3455 3716/5377/3455 3514/5378/3455
f 3514/5378/3456 3716/5377/3456 3715/5379/3456 3513/5380/3456
f 3513/5380/3457 3715/5379/3457 3714/5381/3457 3512/5382/3457
f 3512/5382/3458 3714/5381/3458 3713/5383/3458 3511/5384/3458
f 3511/5384/3459 3713/5383/3459 3712/5385/3459 3510/5386/3459
f 3510/5386/3460 3712/5385/3460 3711/5387/3460 3509/5388/3460
f 3509/5388/3461 3711/5387/3461 3710/5389/3461 3508/5390/3461
f 3508/5390/3462 3710/5389/3462 3709/5391/3462 3507/5392/3462
f 3507/5392/3463 3709/5391/3463 3708/5393/3463 3506/5394/3463
f 3506/5394/3464 3708/5393/3464 3707/5395/3464 3505/5396/3464
f 3505/5396/3465 3707/5395/3465 3706/5397/3465 3504/5398/3465
f 3504/5398/3466 3706/5397/3466 3705/5399/3466 3503/5400/3466
f 3503/5400/3467 3705/5399/3467 3704/5401/3467 3502/5402/3467
f 3502/5402/3468 3704/5401/3468 3703/5403/3468 3501/5404/3468
f 3501/5404/3469 3703/5403/3469 3702/5405/3469 3500/5406/3469
f 3500/5406/3470 3702/5405/3470 3701/5407/3470 3499/5408/3470
f 3499/5408/3471 3701/5407/3471 3700/5409/3471 3498/5410/3471
f 3498/5410/3472 3700/5409/3472 3699/5411/3472 3497/5412/3472
f 3497/5412/3473 3699/5411/3473 3698/5413/3473 3496/5414/3473
f 3496/5414/3474 3698/5413/3474 3697/5415/3474 3495/5416/3474
f 3495/5416/3475 3697/5415/3475 3696/5417/3475 3494/5418/3475
f 3494/5418/3476 3696/5417/3476 3695/5419/3476 3493/5420/3476
f 3493/5420/3477 3695/5419/3477 3694/5421/3477 3492/5422/3477
f 3492/5422/3478 3694/5421/3478 3693/5423/3478 3491/5424/3478
f 3491/5424/3479 3693/5423/3479 3692/5425/3479 3490/5426/3479
f 3490/5426/3480 3692/5425/3480 3691/5427/3480 3489/5428/3480
f 3489/5428/3481 3691/5427/3481 3690/5429/3481 3488/5430/3481
f 3488/5430/3482 3690/5429/3482 3689/5431/3482 3487/5432/3482
f 3487/5432/3483 3689/5431/3483 3688/5433/3483 3486/5434/3483
f 3486/5435/3484 3688/5436/3484 3687/5437/3484 3485/5136/3484
f 3485/5136/3485 3687/5437/3485 3686/5438/3485 3484/5137/3485
f 3484/5137/3486 3686/5438/3486 3685/5439/3486 3483/5138/3486
f 3483/5138/3487 3685/5439/3487 3684/5440/3487 3482/5139/3487
f 3482/5139/3488 3684/5440/3488 3683/5441/3488 3481/5140/3488
f 3481/5140/3489 3683/5441/3489 3682/5442/3489 3480/5141/3489
f 3480/5141/3490 3682/5442/3490 3681/5443/3490 3479/5142/3490
f 3479/5142/3491 3681/5443/3491 3680/5444/3491 3478/5143/3491
f 3478/5143/3492 3680/5444/3492 3679/5445/3492 3477/5144/3492
f 3477/5144/3493 3679/5445/3493 3678/5446/3493 3476/5145/3493
f 3476/5145/3494 3678/5446/3494 3677/5447/3494 3475/5146/3494
f 3475/5146/3495 3677/5447/3495 3676/5448/3495 3474/5147/3495
f 3474/5147/3496 3676/5448/3496 3675/5449/3496 3473/5148/3496
f 3473/5148/3497 3675/5449/3497 3674/5450/3497 3472/5149/3497
f 3472/5149/3498 3674/5450/3498 3673/5451/3498 3471/5150/3498
f 3471/5150/3499 3673/5451/3499 3672/5452/3499 3470/5151/3499
f 3470/5151/3500 3672/5452/3500 3671/5453/3500 3469/5152/3500
f 3469/5152/3501 3671/5453/3501 3670/5454/3501 3468/5153/3501
f 3468/5153/3502 3670/5454/3502 3669/5455/3502 3467/5154/3502
f 3467/5154/3503 3669/5455/3503 3668/5456/3503 3466/5155/3503
f 3466/5155/3504 3668/5456/3504 3667/5457/3504 3465/5156/3504
f 3465/5156/3505 3667/5457/3505 3666/5458/3505 3464/5157/3505
f 3464/5157/3506 3666/5458/3506 3665/5459/3506 3463/5158/3506
f 3463/5158/3507 3665/5459/3507 3664/5460/3507 3462/5159/3507
f 3462/5159/3508 3664/5460/3508 3663/5461/3508 3461/5160/3508
f 3461/5160/3509 3663/5461/3509 3662/5462/3509 3460/5161/3509
f 3460/5161/3510 3662/5462/3510 3661/5463/3510 3459/5162/3510
f 3459/5162/3511 3661/5463/3511 3660/5464/3511 3458/5163/3511
f 3458/5163/3512 3660/5464/3512 3659/5465/3512 3457/5164/3512
f 3457/5164/3513 3659/5465/3513 3658/5466/3513 3456/5165/3513
f 3456/5165/3514 3658/5466/3514 3657/5467/3514 3455/5166/3514
f 3455/5166/3515 3657/5467/3515 3656/5468/3515 3454/5167/3515
f 3454/5167/3516 3656/5468/3516 3655/5469/3516 3453/5168/3516
f 3453/5168/3517 3655/5469/3517 3654/5470/3517 3452/5169/3517
f 3452/5169/3518 3654/5470/3518 3653/5471/3518 3451/5170/3518
f 3451/5170/3519 3653/5471/3519 3652/5472/3519 3450/5171/3519
f 3450/5171/3520 3652/5472/3520 3651/5473/3520 3449/5172/3520
f 3449/5172/3521 3651/5473/3521 3650/5474/3521 3448/5173/3521
f 3448/5173/3522 3650/5474/3522 3649/5475/3522 3447/5174/3522
f 3447/5174/3523 3649/5475/3523 3648/5476/3523 3446/5175/3523
f 3446/5175/3524 3648/5476/3524 3647/5477/3524 3445/5176/3524
f 3445/5176/3525 3647/5477/3525 3646/5478/3525 3444/5177/3525
f 3444/5177/3526 3646/5478/3526 3645/5479/3526 3443/5178/3526
f 3443/5178/3527 3645/5479/3527 3644/5480/3527 3442/5179/3527
f 3442/5179/3528 3644/5480/3528 3643/5481/3528 3441/5180/3528
f 3441/5180/3529 3643/5481/3529 3642/5482/3529 3440/5181/3529
f 3440/5181/3530 3642/5482/3530 3641/5483/3530 3439/5182/3530
f 3439/5182/3531 3641/5483/3531 3640/5484/3531 3438/5183/3531
f 3438/5183/3532 3640/5484/3532 3639/5485/3532 3437/5184/3532
f 3437/5184/3533 3639/5485/3533 3637/5486/3533 3435/5185/3533
f 3739/41/3534 3537/39/3534 3636/5186/3534 3838/5487/3534
f 3838/5487/3535 3636/5186/3535 3635/5488/3535 3837/5489/3535
f 3837/5489/3536 3635/5488/3536 3634/5490/3536 3836/5491/3536
f 3836/5491/3537 3634/5490/3537 3633/5492/3537 3835/5493/3537
f 3835/5493/3538 3633/5492/3538 3632/5494/3538 3834/5495/3538
f 3834/5495/3539 3632/5494/3539 3631/5496/3539 3833/5497/3539
f 3833/5497/3540 3631/5496/3540 3630/5498/3540 3832/5499/3540
f 3832/5499/3541 3630/5498/3541 3629/5500/3541 3831/5501/3541
f 3831/5501/3542 3629/5500/3542 3628/5502/3542 3830/5503/3542
f 3830/5503/3543 3628/5502/3543 3627/5504/3543 3829/5505/3543
f 3829/5505/3544 3627/5504/3544 3626/5506/3544 3828/5507/3544
f 3828/5507/3545 3626/5506/3545 3625/5508/3545 3827/5509/3545
f 3827/5509/3546 3625/5508/3546 3624/5510/3546 3826/5511/3546
f 3826/5511/3547 3624/5510/3547 3623/5512/3547 3825/5513/3547
f 3825/5513/3548 3623/5512/3548 3622/5514/3548 3824/5515/3548
f 3824/5515/3549 3622/5514/3549 3621/5516/3549 3823/5517/3549
f 3823/5517/3550 3621/5516/3550 3620/5518/3550 3822/5519/3550
f 3822/5519/3551 3620/5518/3551 3619/5520/3551 3821/5521/3551
f 3821/5521/3552 3619/5520/3552 3618/5522/3552 3820/5523/3552
f 3820/5523/3553 3618/5522/3553 3617/5524/3553 3819/5525/3553
f 3819/5525/3554 3617/5524/3554 3616/5526/3554 3818/5527/3554
f 3818/5527/3555 3616/5526/3555 3615/5528/3555 3817/5529/3555
f 3817/5529/3556 3615/5528/3556 3614/5530/3556 3816/5531/3556
f 3816/5531/3557 3614/5530/3557 3613/5532/3557 3815/5533/3557
f 3815/5533/3558 3613/5532/3558 3612/5534/3558 3814/5535/3558
f 3814/5535/3559 3612/5534/3559 3611/5536/3559 3813/5537/3559
f 3813/5537/3560 3611/5536/3560 3610/5538/3560 3812/5539/3560
f 3812/5539/3561 3610/5538/3561 3609/5540/3561 3811/5541/3561
f 3811/5541/3562 3609/5540/3562 3608/5542/3562 3810/5543/3562
f 3810/5543/3563 3608/5542/3563 3607/5544/3563 3809/5545/3563
f 3809/5545/3564 3607/5544/3564 3606/5546/3564 3808/5547/3564
f 3808/5547/3565 3606/5546/3565 3605/5548/3565 3807/5549/3565
f 3807/5549/3566 3605/5548/3566 3604/5550/3566 3806/5551/3566
f 3806/5551/3567 3604/5550/3567 3603/5552/3567 3805/5553/3567
f 3805/5553/3568 3603/5552/3568 3602/5554/3568 3804/5555/3568
f 3804/5555/3569 3602/5554/3569 3601/5556/3569 3803/5557/3569
f 3803/5557/3570 3601/5556/3570 3600/5558/3570 3802/5559/3570
f 3802/5559/3571 3600/5558/3571 3599/5560/3571 3801/5561/3571
f 3801/5561/3572 3599/5560/3572 3598/5562/3572 3800/5563/3572
f 3800/5563/3573 3598/5562/3573 3597/5564/3573 3799/5565/3573
f 3799/5565/3574 3597/5564/3574 3596/5566/3574 3798/5567/3574
f 3798/5567/3575 3596/5566/3575 3595/5568/3575 3797/5569/3575
f 3797/5569/3576 3595/5568/3576 3594/5570/3576 3796/5571/3576
f 3796/5571/3577 3594/5570/3577 3593/5572/3577 3795/5573/3577
f 3795/5573/3578 3593/5572/3578 3592/5574/3578 3794/5575/3578
f 3794/5575/3579 3592/5574/3579 3591/5576/3579 3793/5577/3579
f 3793/5577/3580 3591/5576/3580 3590/5578/3580 3792/5579/3580
f 3792/5579/3581 3590/5578/3581 3589/5580/3581 3791/5581/3581
f 3791/5581/3582 3589/5580/3582 3588/5582/3582 3790/5583/3582
f 3790/5583/3583 3588/5582/3583 3587/5584/3583 3789/5585/3583
f 3789/5586/3584 3587/5587/3584 3586/5287/3584 3788/5588/3584
f 3788/5588/3585 3586/5287/3585 3585/5288/3585 3787/5589/3585
f 3787/5589/3586 3585/5288/3586 3584/5289/3586 3786/5590/3586
f 3786/5590/3587 3584/5289/3587 3583/5290/3587 3785/5591/3587
f 3785/5591/3588 3583/5290/3588 3582/5291/3588 3784/5592/3588
f 3784/5592/3589 3582/5291/3589 3581/5292/3589 3783/5593/3589
f 3783/5593/3590 3581/5292/3590 3580/5293/3590 3782/5594/3590
f 3782/5594/3591 3580/5293/3591 3579/5294/3591 3781/5595/3591
f 3781/5595/3592 3579/5294/3592 3578/5295/3592 3780/5596/3592
f 3780/5596/3593 3578/5295/3593 3577/5296/3593 3779/5597/3593
f 3779/5597/3594 3577/5296/3594 3576/5297/3594 3778/5598/3594
f 3778/5598/3595 3576/5297/3595 3575/5298/3595 3777/5599/3595
f 3777/5599/3596 3575/5298/3596 3574/5299/3596 3776/5600/3596
f 3776/5600/3597 3574/5299/3597 3573/5300/3597 3775/5601/3597
f 3775/5601/3598 3573/5300/3598 3572/5301/3598 3774/5602/3598
f 3774/5602/3599 3572/5301/3599 3571/5302/3599 3773/5603/3599
f 3773/5603/3600 3571/5302/3600 3570/5303/3600 3772/5604/3600
f 3772/5604/3601 3570/5303/3601 3569/5304/3601 3771/5605/3601
f 3771/5605/3602 3569/5304/3602 3568/5305/3602 3770/5606/3602
f 3770/5606/3603 3568/5305/3603 3567/5306/3603 3769/5607/3603
f 3769/5607/3604 3567/5306/3604 3566/5307/3604 3768/5608/3604
f 3768/5608/3605 3566/5307/3605 3565/5308/3605 3767/5609/3605
f 3767/5609/3606 3565/5308/3606 3564/5309/3606 3766/5610/3606
f 3766/5610/3607 3564/5309/3607 3563/5310/3607 3765/5611/3607
f 3765/5611/3608 3563/5310/3608 3562/5311/3608 3764/5612/3608
f 3764/5612/3609 3562/5311/3609 3561/5312/3609 3763/5613/3609
f 3763/5613/3610 3561/5312/3610 3560/5313/3610 3762/5614/3610
f 3762/5614/3611 3560/5313/3611 3559/5314/3611 3761/5615/3611
f 3761/5615/3612 3559/5314/3612 3558/5315/3612 3760/5616/3612
f 3760/5616/3613 3558/5315/3613 3557/5316/3613 3759/5617/3613
f 3759/5617/3614 3557/5316/3614 3556/5317/3614 3758/5618/3614
f 3758/5618/3615 3556/5317/3615 3555/5318/3615 3757/5619/3615
f 3757/5619/3616 3555/5318/3616 3554/5319/3616 3756/5620/3616
f 3756/5620/3617 3554/5319/3617 3553/5320/3617 3755/5621/3617
f 3755/5621/3618 3553/5320/3618 3552/5321/3618 3754/5622/3618
f 3754/5622/3619 3552/5321/3619 3551/5322/3619 3753/5623/3619
f 3753/5623/3620 3551/5322/3620 3550/5323/3620 3752/5624/3620
f 3752/5624/3621 3550/5323/3621 3549/5324/3621 3751/5625/3621
f 3751/5625/3622 3549/5324/3622 3548/5325/3622 3750/5626/3622
f 3750/5626/3623 3548/5325/3623 3547/5326/3623 3749/5627/3623
f 3749/5627/3624 3547/5326/3624 3546/5327/3624 3748/5628/3624
f 3748/5628/3625 3546/5327/3625 3545/5328/3625 3747/5629/3625
f 3747/5629/3626 3545/5328/3626 3544/5329/3626 3746/5630/3626
f 3746/5630/3627 3544/5329/3627 3543/5330/3627 3745/5631/3627
f 3745/5631/3628 3543/5330/3628 3542/5331/3628 3744/5632/3628
f 3744/5632/3629 3542/5331/3629 3541/5332/3629 3743/5633/3629
f 3743/5633/3630 3541/5332/3630 3540/5333/3630 3742/5634/3630
f 3742/5634/3631 3540/5333/3631 3539/5334/3631 3741/5635/3631
f 3741/5635/3632 3539/5334/3632 3538/5335/3632 3740/5636/3632
f 3740/5636/3633 3538/5335/3633 3536/89/3633 3738/88/3633
f 3638/42/3634 3840/44/3634 3939/5637/3634 3737/5336/3634
f 3737/5336/3635 3939/5637/3635 3938/5638/3635 3736/5639/3635
f 3736/5639/3636 3938/5638/3636 3937/5640/3636 3735/5641/3636
f 3735/5641/3637 3937/5640/3637 3936/5642/3637 3734/5643/3637
f 3734/5643/3638 3936/5642/3638 3935/5644/3638 3733/5645/3638
f 3733/5645/3639 3935/5644/3639 3934/5646/3639 3732/5647/3639
f 3732/5647/3640 3934/5646/3640 3933/5648/3640 3731/5649/3640
f 3731/5649/3641 3933/5648/3641 3932/5650/3641 3730/5651/3641
f 3730/5651/3642 3932/5650/3642 3931/5652/3642 3729/5653/3642
f 3729/5653/3643 3931/5652/3643 3930/5654/3643 3728/5655/3643
f 3728/5655/3644 3930/5654/3644 3929/5656/3644 3727/5657/3644
f 3727/5657/3645 3929/5656/3645 3928/5658/3645 3726/5659/3645
f 3726/5659/3646 3928/5658/3646 3927/5660/3646 3725/5661/3646
f 3725/5661/3647 3927/5660/3647 3926/5662/3647 3724/5663/3647
f 3724/5663/3648 3926/5662/3648 3925/5664/3648 3723/5665/3648
f 3723/5665/3649 3925/5664/3649 3924/5666/3649 3722/5667/3649
f 3722/5667/3650 3924/5666/3650 3923/5668/3650 3721/5669/3650
f 3721/5669/3651 3923/5668/3651 3922/5670/3651 3720/5671/3651
f 3720/5671/3652 3922/5670/3652 3921/5672/3652 3719/5673/3652
f 3719/5673/3653 3921/5672/3653 3920/5674/3653 3718/5675/3653
f 3718/5675/3654 3920/5674/3654 3919/5676/3654 3717/5677/3654
f 3717/5677/3655 3919/5676/3655 3918/5678/3655 3716/5679/3655
f 3716/5679/3656 3918/5678/3656 3917/5680/3656 3715/5681/3656
f 3715/5681/3657 3917/5680/3657 3916/5682/3657 3714/5683/3657
f 3714/5683/3658 3916/5682/3658 3915/5684/3658 3713/5685/3658
f 3713/5685/3659 3915/5684/3659 3914/5686/3659 3712/5687/3659
f 3712/5687/3660 3914/5686/3660 3913/5688/3660 3711/5689/3660
f 3711/5689/3661 3913/5688/3661 3912/5690/3661 3710/5691/3661
f 3710/5691/3662 3912/5690/3662 3911/5692/3662 3709/5693/3662
f 3709/5693/3663 3911/5692/3663 3910/5694/3663 3708/5695/3663
f 3708/5695/3664 3910/5694/3664 3909/5696/3664 3707/5697/3664
f 3707/5697/3665 3909/5696/3665 3908/5698/3665 3706/5699/3665
f 3706/5699/3666 3908/5698/3666 3907/5700/3666 3705/5701/3666
f 3705/5701/3667 3907/5700/3667 3906/5702/3667 3704/5703/3667
f 3704/5703/3668 3906/5702/3668 3905/5704/3668 3703/5705/3668
f 3703/5705/3669 3905/5704/3669 3904/5706/3669 3702/5707/3669
f 3702/5707/3670 3904/5706/3670 3903/5708/3670 3701/5709/3670
f 3701/5709/3671 3903/5708/3671 3902/5710/3671 3700/5711/3671
f 3700/5711/3672 3902/5710/3672 3901/5712/3672 3699/5713/3672
f 3699/5713/3673 3901/5712/3673 3900/5714/3673 3698/5715/3673
f 3698/5715/3674 3900/5714/3674 3899/5716/3674 3697/5717/3674
f 3697/5717/3675 3899/5716/3675 3898/5718/3675 3696/5719/3675
f 3696/5719/3676 3898/5718/3676 3897/5720/3676 3695/5721/3676
f 3695/5721/3677 3897/5720/3677 3896/5722/3677 3694/5723/3677
f 3694/5723/3678 3896/5722/3678 3895/5724/3678 3693/5725/3678
f 3693/5725/3679 3895/5724/3679 3894/5726/3679 3692/5727/3679
f 3692/5727/3680 3894/5726/3680 3893/5728/3680 3691/5729/3680
f 3691/5729/3681 3893/5728/3681 3892/5730/3681 3690/5731/3681
f 3690/5731/3682 3892/5730/3682 3891/5732/3682 3689/5733/3682
f 3689/5733/3683 3891/5732/3683 3890/5734/3683 3688/5735/3683
f 3688/5736/3684 3890/5737/3684 3889/5738/3684 3687/5437/3684
f 3687/5437/3685 3889/5738/3685 3888/5739/3685 3686/5438/3685
f 3686/5438/3686 3888/5739/3686 3887/5740/3686 3685/5439/3686
f 3685/5439/3687 3887/5740/3687 3886/5741/3687 3684/5440/3687
f 3684/5440/3688 3886/5741/3688 3885/5742/3688 3683/5441/3688
f 3683/5441/3689 3885/5742/3689 3884/5743/3689 3682/5442/3689
f 3682/5442/3690 3884/5743/3690 3883/5744/3690 3681/5443/3690
f 3681/5443/3691 3883/5744/3691 3882/5745/3691 3680/5444/3691
f 3680/5444/3692 3882/5745/3692 3881/5746/3692 3679/5445/3692
f 3679/5445/3693 3881/5746/3693 3880/5747/3693 3678/5446/3693
f 3678/5446/3694 3880/5747/3694 3879/5748/3694 3677/5447/3694
f 3677/5447/3695 3879/5748/3695 3878/5749/3695 3676/5448/3695
f 3676/5448/3696 3878/5749/3696 3877/5750/3696 3675/5449/3696
f 3675/5449/3697 3877/5750/3697 3876/5751/3697 3674/5450/3697
f 3674/5450/3698 3876/5751/3698 3875/5752/3698 3673/5451/3698
f 3673/5451/3699 3875/5752/3699 3874/5753/3699 3672/5452/3699
f 3672/5452/3700 3874/5753/3700 3873/5754/3700 3671/5453/3700
f 3671/5453/3701 3873/5754/3701 3872/5755/3701 3670/5454/3701
f 3670/5454/3702 3872/5755/3702 3871/5756/3702 3669/5455/3702
f 3669/5455/3703 3871/5756/3703 3870/5757/3703 3668/5456/3703
f 3668/5456/3704 3870/5757/3704 3869/5758/3704 3667/5457/3704
f 3667/5457/3705 3869/5758/3705 3868/5759/3705 3666/5458/3705
f 3666/5458/3706 3868/5759/3706 3867/5760/3706 3665/5459/3706
f 3665/5459/3707 3867/5760/3707 3866/5761/3707 3664/5460/3707
f 3664/5460/3708 3866/5761/3708 3865/5762/3708 3663/5461/3708
f 3663/5461/3709 3865/5762/3709 3864/5763/3709 3662/5462/3709
f 3662/5462/3710 3864/5763/3710 3863/5764/3710 3661/5463/3710
f 3661/5463/3711 3863/5764/3711 3862/5765/3711 3660/5464/3711
f 3660/5464/3712 3862/5765/3712 3861/5766/3712 3659/5465/3712
f 3659/5465/3713 3861/5766/3713 3860/5767/3713 3658/5466/3713
f 3658/5466/3714 3860/5767/3714 3859/5768/3714 3657/5467/3714
f 3657/5467/3715 3859/5768/3715 3858/5769/3715 3656/5468/3715
f 3656/5468/3716 3858/5769/3716 3857/5770/3716 3655/5469/3716
f 3655/5469/3717 3857/5770/3717 3856/5771/3717 3654/5470/3717
f 3654/5470/3718 3856/5771/3718 3855/5772/3718 3653/5471/3718
f 3653/5471/3719 3855/5772/3719 3854/5773/3719 3652/5472/3719
f 3652/5472/3720 3854/5773/3720 3853/5774/3720 3651/5473/3720
f 3651/5473/3721 3853/5774/3721 3852/5775/3721 3650/5474/3721
f 3650/5474/3722 3852/5775/3722 3851/5776/3722 3649/5475/3722
f 3649/5475/3723 3851/5776/3723 3850/5777/3723 3648/5476/3723
f 3648/5476/3724 3850/5777/3724 3849/5778/3724 3647/5477/3724
f 3647/5477/3725 3849/5778/3725 3848/5779/3725 3646/5478/3725
f 3646/5478/3726 3848/5779/3726 3847/5780/3726 3645/5479/3726
f 3645/5479/3727 3847/5780/3727 3846/5781/3727 3644/5480/3727
f 3644/5480/3728 3846/5781/3728 3845/5782/3728 3643/5481/3728
f 3643/5481/3729 3845/5782/3729 3844/5783/3729 3642/5482/3729
f 3642/5482/3730 3844/5783/3730 3843/5784/3730 3641/5483/3730
f 3641/5483/3731 3843/5784/3731 3842/5785/3731 3640/5484/3731
f 3640/5484/3732 3842/5785/3732 3841/5786/3732 3639/5485/3732
f 3639/5485/3733 3841/5786/3733 3839/5787/3733 3637/5486/3733
f 3941/43/3734 3739/41/3734 3838/5487/3734 4040/5788/3734
f 4040/5788/3735 3838/5487/3735 3837/5789/3735 4039/5790/3735
f 4039/5790/3736 3837/5789/3736 3836/5791/3736 4038/5792/3736
f 4038/5792/3737 3836/5791/3737 3835/5793/3737 4037/5794/3737
f 4037/5794/3738 3835/5793/3738 3834/5795/3738 4036/5796/3738
f 4036/5796/3739 3834/5795/3739 3833/5797/3739 4035/5798/3739
f 4035/5798/3740 3833/5797/3740 3832/5799/3740 4034/5800/3740
f 4034/5800/3741 3832/5799/3741 3831/5801/3741 4033/5802/3741
f 4033/5802/3742 3831/5801/3742 3830/5803/3742 4032/5804/3742
f 4032/5804/3743 3830/5803/3743 3829/5805/3743 4031/5806/3743
f 4031/5806/3744 3829/5805/3744 3828/5807/3744 4030/5808/3744
f 4030/5808/3745 3828/5807/3745 3827/5809/3745 4029/5810/3745
f 4029/5810/3746 3827/5809/3746 3826/5811/3746 4028/5812/3746
f 4028/5812/3747 3826/5811/3747 3825/5813/3747 4027/5814/3747
f 4027/5814/3748 3825/5813/3748 3824/5815/3748 4026/5816/3748
f 4026/5816/3749 3824/5815/3749 3823/5817/3749 4025/5818/3749
f 4025/5818/3750 3823/5817/3750 3822/5819/3750 4024/5820/3750
f 4024/5820/3751 3822/5819/3751 3821/5821/3751 4023/5822/3751
f 4023/5822/3752 3821/5821/3752 3820/5823/3752 4022/5824/3752
f 4022/5824/3753 3820/5823/3753 3819/5825/3753 4021/5826/3753
f 4021/5826/3754 3819/5825/3754 3818/5827/3754 4020/5828/3754
f 4020/5828/3755 3818/5827/3755 3817/5829/3755 4019/5830/3755
f 4019/5830/3756 3817/5829/3756 3816/5831/3756 4018/5832/3756
f 4018/5832/3757 3816/5831/3757 3815/5833/3757 4017/5834/3757
f 4017/5834/3758 3815/5833/3758 3814/5835/3758 4016/5836/3758
f 4016/5836/3759 3814/5835/3759 3813/5837/3759 4015/5838/3759
f 4015/5838/3760 3813/5837/3760 3812/5839/3760 4014/5840/3760
f 4014/5840/3761 3812/5839/3761 3811/5841/3761 4013/5842/3761
f 4013/5842/3762 3811/5841/3762 3810/5843/3762 4012/5844/3762
f 4012/5844/3763 3810/5843/3763 3809/5845/3763 4011/5846/3763
f 4011/5846/3764 3809/5845/3764 3808/5847/3764 4010/5848/3764
f 4010/5848/3765 3808/5847/3765 3807/5849/3765 4009/5850/3765
f 4009/5850/3766 3807/5849/3766 3806/5851/3766 4008/5852/3766
f 4008/5852/3767 3806/5851/3767 3805/5853/3767 4007/5854/3767
f 4007/5854/3768 3805/5853/3768 3804/5855/3768 4006/5856/3768
f 4006/5856/3769 3804/5855/3769 3803/5857/3769 4005/5858/3769
f 4005/5858/3770 3803/5857/3770 3802/5859/3770 4004/5860/3770
f 4004/5860/3771 3802/5859/3771 3801/5861/3771 4003/5862/3771
f 4003/5862/3772 3801/5861/3772 3800/5863/3772 4002/5864/3772
f 4002/5864/3773 3800/5863/3773 3799/5865/3773 4001/5866/3773
f 4001/5866/3774 3799/5865/3774 3798/5867/3774 4000/5868/3774
f 4000/5868/3775 3798/5867/3775 3797/5869/3775 3999/5870/3775
f 3999/5870/3776 3797/5869/3776 3796/5871/3776 3998/5872/3776
f 3998/5872/3777 3796/5871/3777 3795/5873/3777 3997/5874/3777
f 3997/5874/3778 3795/5873/3778 3794/5875/3778 3996/5876/3778
f 3996/5876/3779 3794/5875/3779 3793/5877/3779 3995/5878/3779
f 3995/5878/3780 3793/5877/3780 3792/5879/3780 3994/5880/3780
f 3994/5880/3781 3792/5879/3781 3791/5881/3781 3993/5882/3781
f 3993/5882/3782 3791/5881/3782 3790/5883/3782 3992/5884/3782
f 3992/5884/3783 3790/5883/3783 3789/5885/3783 3991/5886/3783
f 3991/5887/3784 3789/5888/3784 3788/5588/3784 3990/5889/3784
f 3990/5889/3785 3788/5588/3785 3787/5589/3785 3989/5890/3785
f 3989/5890/3786 3787/5589/3786 3786/5590/3786 3988/5891/3786
f 3988/5891/3787 3786/5590/3787 3785/5591/3787 3987/5892/3787
f 3987/5892/3788 3785/5591/3788 3784/5592/3788 3986/5893/3788
f 3986/5893/3789 3784/5592/3789 3783/5593/3789 3985/5894/3789
f 3985/5894/3790 3783/5593/3790 3782/5594/3790 3984/5895/3790
f 3984/5895/3791 3782/5594/3791 3781/5595/3791 3983/5896/3791
f 3983/5896/3792 3781/5595/3792 3780/5596/3792 3982/5897/3792
f 3982/5897/3793 3780/5596/3793 3779/5597/3793 3981/5898/3793
f 3981/5898/3794 3779/5597/3794 3778/5598/3794 3980/5899/3794
f 3980/5899/3795 3778/5598/3795 3777/5599/3795 3979/5900/3795
f 3979/5900/3796 3777/5599/3796 3776/5600/3796 3978/5901/3796
f 3978/5901/3797 3776/5600/3797 3775/5601/3797 3977/5902/3797
f 3977/5902/3798 3775/5601/3798 3774/5602/3798 3976/5903/3798
f 3976/5903/3799 3774/5602/3799 3773/5603/3799 3975/5904/3799
f 3975/5904/3800 3773/5603/3800 3772/5604/3800 3974/5905/3800
f 3974/5905/3801 3772/5604/3801 3771/5605/3801 3973/5906/3801
f 3973/5906/3802 3771/5605/3802 3770/5606/3802 3972/5907/3802
f 3972/5907/3803 3770/5606/3803 3769/5607/3803 3971/5908/3803
f 3971/5908/3804 3769/5607/3804 3768/5608/3804 3970/5909/3804
f 3970/5909/3805 3768/5608/3805 3767/5609/3805 3969/5910/3805
f 3969/5910/3806 3767/5609/3806 3766/5610/3806 3968/5911/3806
f 3968/5911/3807 3766/5610/3807 3765/5611/3807 3967/5912/3807
f 3967/5912/3808 3765/5611/3808 3764/5612/3808 3966/5913/3808
f 3966/5913/3809 3764/5612/3809 3763/5613/3809 3965/5914/3809
f 3965/5914/3810 3763/5613/3810 3762/5614/3810 3964/5915/3810
f 3964/5915/3811 3762/5614/3811 3761/5615/3811 3963/5916/3811
f 3963/5916/3812 3761/5615/3812 3760/5616/3812 3962/5917/3812
f 3962/5917/3813 3760/5616/3813 3759/5617/3813 3961/5918/3813
f 3961/5918/3814 3759/5617/3814 3758/5618/3814 3960/5919/3814
f 3960/5919/3815 3758/5618/3815 3757/5619/3815 3959/5920/3815
f 3959/5920/3816 3757/5619/3816 3756/5620/3816 3958/5921/3816
f 3958/5921/3817 3756/5620/3817 3755/5621/3817 3957/5922/3817
f 3957/5922/3818 3755/5621/3818 3754/5622/3818 3956/5923/3818
f 3956/5923/3819 3754/5622/3819 3753/5623/3819 3955/5924/3819
f 3955/5924/3820 3753/5623/3820 3752/5624/3820 3954/5925/3820
f 3954/5925/3821 3752/5624/3821 3751/5625/3821 3953/5926/3821
f 3953/5926/3822 3751/5625/3822 3750/5626/3822 3952/5927/3822
f 3952/5927/3823 3750/5626/3823 3749/5627/3823 3951/5928/3823
f 3951/5928/3824 3749/5627/3824 3748/5628/3824 3950/5929/3824
f 3950/5929/3825 3748/5628/3825 3747/5629/3825 3949/5930/3825
f 3949/5930/3826 3747/5629/3826 3746/5630/3826 3948/5931/3826
f 3948/5931/3827 3746/5630/3827 3745/5631/3827 3947/5932/3827
f 3947/5932/3828 3745/5631/3828 3744/5632/3828 3946/5933/3828
f 3946/5933/3829 3744/5632/3829 3743/5633/3829 3945/5934/3829
f 3945/5934/3830 3743/5633/3830 3742/5634/3830 3944/5935/3830
f 3944/5935/3831 3742/5634/3831 3741/5635/3831 3943/5936/3831
f 3943/5936/3832 3741/5635/3832 3740/5636/3832 3942/5937/3832
f 3942/5937/3833 3740/5636/3833 3738/88/3833 3940/87/3833
f 3840/44/3834 4042/46/3834 4141/5938/3834 3939/5939/3834
f 3939/5939/3835 4141/5938/3835 4140/5940/3835 3938/5941/3835
f 3938/5941/3836 4140/5940/3836 4139/5942/3836 3937/5943/3836
f 3937/5943/3837 4139/5942/3837 4138/5944/3837 3936/5945/3837
f 3936/5945/3838 4138/5944/3838 4137/5946/3838 3935/5947/3838
f 3935/5947/3839 4137/5946/3839 4136/5948/3839 3934/5949/3839
f 3934/5949/3840 4136/5948/3840 4135/5950/3840 3933/5951/3840
f 3933/5951/3841 4135/5950/3841 4134/5952/3841 3932/5953/3841
f 3932/5953/3842 4134/5952/3842 4133/5954/3842 3931/5955/3842
f 3931/5955/3843 4133/5954/3843 4132/5956/3843 3930/5957/3843
f 3930/5957/3844 4132/5956/3844 4131/5958/3844 3929/5959/3844
f 3929/5959/3845 4131/5958/3845 4130/5960/3845 3928/5961/3845
f 3928/5961/3846 4130/5960/3846 4129/5962/3846 3927/5963/3846
f 3927/5963/3847 4129/5962/3847 4128/5964/3847 3926/5965/3847
f 3926/5965/3848 4128/5964/3848 4127/5966/3848 3925/5967/3848
f 3925/5967/3849 4127/5966/3849 4126/5968/3849 3924/5969/3849
f 3924/5969/3850 4126/5968/3850 4125/5970/3850 3923/5971/3850
f 3923/5971/3851 4125/5970/3851 4124/5972/3851 3922/5973/3851
f 3922/5973/3852 4124/5972/3852 4123/5974/3852 3921/5975/3852
f 3921/5975/3853 4123/5974/3853 4122/5976/3853 3920/5977/3853
f 3920/5977/3854 4122/5976/3854 4121/5978/3854 3919/5979/3854
f 3919/5979/3855 4121/5978/3855 4120/5980/3855 3918/5981/3855
f 3918/5981/3856 4120/5980/3856 4119/5982/3856 3917/5983/3856
f 3917/5983/3857 4119/5982/3857 4118/5984/3857 3916/5985/3857
f 3916/5985/3858 4118/5984/3858 4117/5986/3858 3915/5987/3858
f 3915/5987/3859 4117/5986/3859 4116/5988/3859 3914/5989/3859
f 3914/5989/3860 4116/5988/3860 4115/5990/3860 3913/5991/3860
f 3913/5991/3861 4115/5990/3861 4114/5992/3861 3912/5993/3861
f 3912/5993/3862 4114/5992/3862 4113/5994/3862 3911/5995/3862
f 3911/5995/3863 4113/5994/3863 4112/5996/3863 3910/5997/3863
f 3910/5997/3864 4112/5996/3864 4111/5998/3864 3909/5999/3864
f 3909/5999/3865 4111/5998/3865 4110/6000/3865 3908/6001/3865
f 3908/6001/3866 4110/6000/3866 4109/6002/3866 3907/6003/3866
f 3907/6003/3867 4109/6002/3867 4108/6004/3867 3906/6005/3867
f 3906/6005/3868 4108/6004/3868 4107/6006/3868 3905/6007/3868
f 3905/6007/3869 4107/6006/3869 4106/6008/3869 3904/6009/3869
f 3904/6009/3870 4106/6008/3870 4105/6010/3870 3903/6011/3870
f 3903/6011/3871 4105/6010/3871 4104/6012/3871 3902/6013/3871
f 3902/6013/3872 4104/6012/3872 4103/6014/3872 3901/6015/3872
f 3901/6015/3873 4103/6014/3873 4102/6016/3873 3900/6017/3873
f 3900/6017/3874 4102/6016/3874 4101/6018/3874 3899/6019/3874
f 3899/6019/3875 4101/6018/3875 4100/6020/3875 3898/6021/3875
f 3898/6021/3876 4100/6020/3876 4099/6022/3876 3897/6023/3876
f 3897/6023/3877 4099/6022/3877 4098/6024/3877 3896/6025/3877
f 3896/6025/3878 4098/6024/3878 4097/6026/3878 3895/6027/3878
f 3895/6027/3879 4097/6026/3879 4096/6028/3879 3894/6029/3879
f 3894/6029/3880 4096/6028/3880 4095/6030/3880 3893/6031/3880
f 3893/6031/3881 4095/6030/3881 4094/6032/3881 3892/6033/3881
f 3892/6033/3882 4094/6032/3882 4093/6034/3882 3891/6035/3882
f 3891/6035/3883 4093/6034/3883 4092/6036/3883 3890/6037/3883
f 3890/6038/3884 4092/6039/3884 4091/6040/3884 3889/5738/3884
f 3889/5738/3885 4091/6040/3885 4090/6041/3885 3888/5739/3885
f 3888/5739/3886 4090/6041/3886 4089/6042/3886 3887/5740/3886
f 3887/5740/3887 4089/6042/3887 4088/6043/3887 3886/5741/3887
f 3886/5741/3888 4088/6043/3888 4087/6044/3888 3885/5742/3888
f 3885/5742/3889 4087/6044/3889 4086/6045/3889 3884/5743/3889
f 3884/5743/3890 4086/6045/3890 4085/6046/3890 3883/5744/3890
f 3883/5744/3891 4085/6046/3891 4084/6047/3891 3882/5745/3891
f 3882/5745/3892 4084/6047/3892 4083/6048/3892 3881/5746/3892
f 3881/5746/3893 4083/6048/3893 4082/6049/3893 3880/5747/3893
f 3880/5747/3894 4082/6049/3894 4081/6050/3894 3879/5748/3894
f 3879/5748/3895 4081/6050/3895 4080/6051/3895 3878/5749/3895
f 3878/5749/3896 4080/6051/3896 4079/6052/3896 3877/5750/3896
f 3877/5750/3897 4079/6052/3897 4078/6053/3897 3876/5751/3897
f 3876/5751/3898 4078/6053/3898 4077/6054/3898 3875/5752/3898
f 3875/5752/3899 4077/6054/3899 4076/6055/3899 3874/5753/3899
f 3874/5753/3900 4076/6055/3900 4075/6056/3900 3873/5754/3900
f 3873/5754/3901 4075/6056/3901 4074/6057/3901 3872/5755/3901
f 3872/5755/3902 4074/6057/3902 4073/6058/3902 3871/5756/3902
f 3871/5756/3903 4073/6058/3903 4072/6059/3903 3870/5757/3903
f 3870/5757/3904 4072/6059/3904 4071/6060/3904 3869/5758/3904
f 3869/5758/3905 4071/6060/3905 4070/6061/3905 3868/5759/3905
f 3868/5759/3906 4070/6061/3906 4069/6062/3906 3867/5760/3906
f 3867/5760/3907 4069/6062/3907 4068/6063/3907 3866/5761/3907
f 3866/5761/3908 4068/6063/3908 4067/6064/3908 3865/5762/3908
f 3865/5762/3909 4067/6064/3909 4066/6065/3909 3864/5763/3909
f 3864/5763/3910 4066/6065/3910 4065/6066/3910 3863/5764/3910
f 3863/5764/3911 4065/6066/3911 4064/6067/3911 3862/5765/3911
f 3862/5765/3912 4064/6067/3912 4063/6068/3912 3861/5766/3912
f 3861/5766/3913 4063/6068/3913 4062/6069/3913 3860/5767/3913
f 3860/5767/3914 4062/6069/3914 4061/6070/3914 3859/5768/3914
f 3859/5768/3915 4061/6070/3915 4060/6071/3915 3858/5769/3915
f 3858/5769/3916 4060/6071/3916 4059/6072/3916 3857/5770/3916
f 3857/5770/3917 4059/6072/3917 4058/6073/3917 3856/5771/3917
f 3856/5771/3918 4058/6073/3918 4057/6074/3918 3855/5772/3918
f 3855/5772/3919 4057/6074/3919 4056/6075/3919 3854/5773/3919
f 3854/5773/3920 4056/6075/3920 4055/6076/3920 3853/5774/3920
f 3853/5774/3921 4055/6076/3921 4054/6077/3921 3852/5775/3921
f 3852/5775/3922 4054/6077/3922 4053/6078/3922 3851/5776/3922
f 3851/5776/3923 4053/6078/3923 4052/6079/3923 3850/5777/3923
f 3850/5777/3924 4052/6079/3924 4051/6080/3924 3849/5778/3924
f 3849/5778/3925 4051/6080/3925 4050/6081/3925 3848/5779/3925
f 3848/5779/3926 4050/6081/3926 4049/6082/3926 3847/5780/3926
f 3847/5780/3927 4049/6082/3927 4048/6083/3927 3846/5781/3927
f 3846/5781/3928 4048/6083/3928 4047/6084/3928 3845/5782/3928
f 3845/5782/3929 4047/6084/3929 4046/6085/3929 3844/5783/3929
f 3844/5783/3930 4046/6085/3930 4045/6086/3930 3843/5784/3930
f 3843/5784/3931 4045/6086/3931 4044/6087/3931 3842/5785/3931
f 3842/5785/3932 4044/6087/3932 4043/6088/3932 3841/5786/3932
f 3841/5786/3933 4043/6088/3933 4041/6089/3933 3839/5787/3933
f 4143/45/3934 3941/43/3934 4040/6090/3934 4242/6091/3934
f 4242/6091/3935 4040/6090/3935 4039/6092/3935 4241/6093/3935
f 4241/6093/3936 4039/6092/3936 4038/6094/3936 4240/6095/3936
f 4240/6095/3937 4038/6094/3937 4037/6096/3937 4239/6097/3937
f 4239/6097/3938 4037/6096/3938 4036/6098/3938 4238/6099/3938
f 4238/6099/3939 4036/6098/3939 4035/6100/3939 4237/6101/3939
f 4237/6101/3940 4035/6100/3940 4034/6102/3940 4236/6103/3940
f 4236/6103/3941 4034/6102/3941 4033/6104/3941 4235/6105/3941
f 4235/6105/3942 4033/6104/3942 4032/6106/3942 4234/6107/3942
f 4234/6107/3943 4032/6106/3943 4031/6108/3943 4233/6109/3943
f 4233/6109/3944 4031/6108/3944 4030/6110/3944 4232/6111/3944
f 4232/6111/3945 4030/6110/3945 4029/6112/3945 4231/6113/3945
f 4231/6113/3946 4029/6112/3946 4028/6114/3946 4230/6115/3946
f 4230/6115/3947 4028/6114/3947 4027/6116/3947 4229/6117/3947
f 4229/6117/3948 4027/6116/3948 4026/6118/3948 4228/6119/3948
f 4228/6119/3949 4026/6118/3949 4025/6120/3949 4227/6121/3949
f 4227/6121/3950 4025/6120/3950 4024/6122/3950 4226/6123/3950
f 4226/6123/3951 4024/6122/3951 4023/6124/3951 4225/6125/3951
f 4225/6125/3952 4023/6124/3952 4022/6126/3952 4224/6127/3952
f 4224/6127/3953 4022/6126/3953 4021/6128/3953 4223/6129/3953
f 4223/6129/3954 4021/6128/3954 4020/6130/3954 4222/6131/3954
f 4222/6131/3955 4020/6130/3955 4019/6132/3955 4221/6133/3955
f 4221/6133/3956 4019/6132/3956 4018/6134/3956 4220/6135/3956
f 4220/6135/3957 4018/6134/3957 4017/6136/3957 4219/6137/3957
f 4219/6137/3958 4017/6136/3958 4016/6138/3958 4218/6139/3958
f 4218/6139/3959 4016/6138/3959 4015/6140/3959 4217/6141/3959
f 4217/6141/3960 4015/6140/3960 4014/6142/3960 4216/6143/3960
f 4216/6143/3961 4014/6142/3961 4013/6144/3961 4215/6145/3961
f 4215/6145/3962 4013/6144/3962 4012/6146/3962 4214/6147/3962
f 4214/6147/3963 4012/6146/3963 4011/6148/3963 4213/6149/3963
f 4213/6149/3964 4011/6148/3964 4010/6150/3964 4212/6151/3964
f 4212/6151/3965 4010/6150/3965 4009/6152/3965 4211/6153/3965
f 4211/6153/3966 4009/6152/3966 4008/6154/3966 4210/6155/3966
f 4210/6155/3967 4008/6154/3967 4007/6156/3967 4209/6157/3967
f 4209/6157/3968 4007/6156/3968 4006/6158/3968 4208/6159/3968
f 4208/6159/3969 4006/6158/3969 4005/6160/3969 4207/6161/3969
f 4207/6161/3970 4005/6160/3970 4004/6162/3970 4206/6163/3970
f 4206/6163/3971 4004/6162/3971 4003/6164/3971 4205/6165/3971
f 4205/6165/3972 4003/6164/3972 4002/6166/3972 4204/6167/3972
f 4204/6167/3973 4002/6166/3973 4001/6168/3973 4203/6169/3973
f 4203/6169/3974 4001/6168/3974 4000/6170/3974 4202/6171/3974
f 4202/6171/3975 4000/6170/3975 3999/6172/3975 4201/6173/3975
f 4201/6173/3976 3999/6172/3976 3998/6174/3976 4200/6175/3976
f 4200/6175/3977 3998/6174/3977 3997/6176/3977 4199/6177/3977
f 4199/6177/3978 3997/6176/3978 3996/6178/3978 4198/6179/3978
f 4198/6179/3979 3996/6178/3979 3995/6180/3979 4197/6181/3979
f 4197/6181/3980 3995/6180/3980 3994/6182/3980 4196/6183/3980
f 4196/6183/3981 3994/6182/3981 3993/6184/3981 4195/6185/3981
f 4195/6185/3982 3993/6184/3982 3992/6186/3982 4194/6187/3982
f 4194/6187/3983 3992/6186/3983 3991/6188/3983 4193/6189/3983
f 4193/6190/3984 3991/6191/3984 3990/5889/3984 4192/6192/3984
f 4192/6192/3985 3990/5889/3985 3989/5890/3985 4191/6193/3985
f 4191/6193/3986 3989/5890/3986 3988/5891/3986 4190/6194/3986
f 4190/6194/3987 3988/5891/3987 3987/5892/3987 4189/6195/3987
f 4189/6195/3988 3987/5892/3988 3986/5893/3988 4188/6196/3988
f 4188/6196/3989 3986/5893/3989 3985/5894/3989 4187/6197/3989
f 4187/6197/3990 3985/5894/3990 3984/5895/3990 4186/6198/3990
f 4186/6198/3991 3984/5895/3991 3983/5896/3991 4185/6199/3991
f 4185/6199/3992 3983/5896/3992 3982/5897/3992 4184/6200/3992
f 4184/6200/3993 3982/5897/3993 3981/5898/3993 4183/6201/3993
f 4183/6201/3994 3981/5898/3994 3980/5899/3994 4182/6202/3994
f 4182/6202/3995 3980/5899/3995 3979/5900/3995 4181/6203/3995
f 4181/6203/3996 3979/5900/3996 3978/5901/3996 4180/6204/3996
f 4180/6204/3997 3978/5901/3997 3977/5902/3997 4179/6205/3997
f 4179/6205/3998 3977/5902/3998 3976/5903/3998 4178/6206/3998
f 4178/6206/3999 3976/5903/3999 3975/5904/3999 4177/6207/3999
f 4177/6207/4000 3975/5904/4000 3974/5905/4000 4176/6208/4000
f 4176/6208/4001 3974/5905/4001 3973/5906/4001 4175/6209/4001
f 4175/6209/4002 3973/5906/4002 3972/5907/4002 4174/6210/4002
f 4174/6210/4003 3972/5907/4003 3971/5908/4003 4173/6211/4003
f 4173/6211/4004 3971/5908/4004 3970/5909/4004 4172/6212/4004
f 4172/6212/4005 3970/5909/4005 3969/5910/4005 4171/6213/4005
f 4171/6213/4006 3969/5910/4006 3968/5911/4006 4170/6214/4006
f 4170/6214/4007 3968/5911/4007 3967/5912/4007 4169/6215/4007
f 4169/6215/4008 3967/5912/4008 3966/5913/4008 4168/6216/4008
f 4168/6216/4009 3966/5913/4009 3965/5914/4009 4167/6217/4009
f 4167/6217/4010 3965/5914/4010 3964/5915/4010 4166/6218/4010
f 4166/6218/4011 3964/5915/4011 3963/5916/4011 4165/6219/4011
f 4165/6219/4012 3963/5916/4012 3962/5917/4012 4164/6220/4012
f 4164/6220/4013 3962/5917/4013 3961/5918/4013 4163/6221/4013
f 4163/6221/4014 3961/5918/4014 3960/5919/4014 4162/6222/4014
f 4162/6222/4015 3960/5919/4015 3959/5920/4015 4161/6223/4015
f 4161/6223/4016 3959/5920/4016 3958/5921/4016 4160/6224/4016
f 4160/6224/4017 3958/5921/4017 3957/5922/4017 4159/6225/4017
f 4159/6225/4018 3957/5922/4018 3956/5923/4018 4158/6226/4018
f 4158/6226/4019 3956/5923/4019 3955/5924/4019 4157/6227/4019
f 4157/6227/4020 3955/5924/4020 3954/5925/4020 4156/6228/4020
f 4156/6228/4021 3954/5925/4021 3953/5926/4021 4155/6229/4021
f 4155/6229/4022 3953/5926/4022 3952/5927/4022 4154/6230/4022
f 4154/6230/4023 3952/5927/4023 3951/5928/4023 4153/6231/4023
f 4153/6231/4024 3951/5928/4024 3950/5929/4024 4152/6232/4024
f 4152/6232/4025 3950/5929/4025 3949/5930/4025 4151/6233/4025
f 4151/6233/4026 3949/5930/4026 3948/5931/4026 4150/6234/4026
f 4150/6234/4027 3948/5931/4027 3947/5932/4027 4149/6235/4027
f 4149/6235/4028 3947/5932/4028 3946/5933/4028 4148/6236/4028
f 4148/6236/4029 3946/5933/4029 3945/5934/4029 4147/6237/4029
f 4147/6237/4030 3945/5934/4030 3944/5935/4030 4146/6238/4030
f 4146/6238/4031 3944/5935/4031 3943/5936/4031 4145/6239/4031
f 4145/6239/4032 3943/5936/4032 3942/5937/4032 4144/6240/4032
f 4144/6240/4033 3942/5937/4033 3940/87/4033 4142/86/4033
f 4042/46/4034 4244/49/4034 4343/6241/4034 4141/5938/4034
f 4141/5938/4035 4343/6241/4035 4342/6242/4035 4140/6243/4035
f 4140/6243/4036 4342/6242/4036 4341/6244/4036 4139/6245/4036
f 4139/6245/4037 4341/6244/4037 4340/6246/4037 4138/6247/4037
f 4138/6247/4038 4340/6246/4038 4339/6248/4038 4137/6249/4038
f 4137/6249/4039 4339/6248/4039 4338/6250/4039 4136/6251/4039
f 4136/6251/4040 4338/6250/4040 4337/6252/4040 4135/6253/4040
f 4135/6253/4041 4337/6252/4041 4336/6254/4041 4134/6255/4041
f 4134/6255/4042 4336/6254/4042 4335/6256/4042 4133/6257/4042
f 4133/6257/4043 4335/6256/4043 4334/6258/4043 4132/6259/4043
f 4132/6259/4044 4334/6258/4044 4333/6260/4044 4131/6261/4044
f 4131/6261/4045 4333/6260/4045 4332/6262/4045 4130/6263/4045
f 4130/6263/4046 4332/6262/4046 4331/6264/4046 4129/6265/4046
f 4129/6265/4047 4331/6264/4047 4330/6266/4047 4128/6267/4047
f 4128/6267/4048 4330/6266/4048 4329/6268/4048 4127/6269/4048
f 4127/6269/4049 4329/6268/4049 4328/6270/4049 4126/6271/4049
f 4126/6271/4050 4328/6270/4050 4327/6272/4050 4125/6273/4050
f 4125/6273/4051 4327/6272/4051 4326/6274/4051 4124/6275/4051
f 4124/6275/4052 4326/6274/4052 4325/6276/4052 4123/6277/4052
f 4123/6277/4053 4325/6276/4053 4324/6278/4053 4122/6279/4053
f 4122/6279/4054 4324/6278/4054 4323/6280/4054 4121/6281/4054
f 4121/6281/4055 4323/6280/4055 4322/6282/4055 4120/6283/4055
f 4120/6283/4056 4322/6282/4056 4321/6284/4056 4119/6285/4056
f 4119/6285/4057 4321/6284/4057 4320/6286/4057 4118/6287/4057
f 4118/6287/4058 4320/6286/4058 4319/6288/4058 4117/6289/4058
f 4117/6289/4059 4319/6288/4059 4318/6290/4059 4116/6291/4059
f 4116/6291/4060 4318/6290/4060 4317/6292/4060 4115/6293/4060
f 4115/6293/4061 4317/6292/4061 4316/6294/4061 4114/6295/4061
f 4114/6295/4062 4316/6294/4062 4315/6296/4062 4113/6297/4062
f 4113/6297/4063 4315/6296/4063 4314/6298/4063 4112/6299/4063
f 4112/6299/4064 4314/6298/4064 4313/6300/4064 4111/6301/4064
f 4111/6301/4065 4313/6300/4065 4312/6302/4065 4110/6303/4065
f 4110/6303/4066 4312/6302/4066 4311/6304/4066 4109/6305/4066
f 4109/6305/4067 4311/6304/4067 4310/6306/4067 4108/6307/4067
f 4108/6307/4068 4310/6306/4068 4309/6308/4068 4107/6309/4068
f 4107/6309/4069 4309/6308/4069 4308/6310/4069 4106/6311/4069
f 4106/6311/4070 4308/6310/4070 4307/6312/4070 4105/6313/4070
f 4105/6313/4071 4307/6312/4071 4306/6314/4071 4104/6315/4071
f 4104/6315/4072 4306/6314/4072 4305/6316/4072 4103/6317/4072
f 4103/6317/4073 4305/6316/4073 4304/6318/4073 4102/6319/4073
f 4102/6319/4074 4304/6318/4074 4303/6320/4074 4101/6321/4074
f 4101/6321/4075 4303/6320/4075 4302/6322/4075 4100/6323/4075
f 4100/6323/4076 4302/6322/4076 4301/6324/4076 4099/6325/4076
f 4099/6325/4077 4301/6324/4077 4300/6326/4077 4098/6327/4077
f 4098/6327/4078 4300/6326/4078 4299/6328/4078 4097/6329/4078
f 4097/6329/4079 4299/6328/4079 4298/6330/4079 4096/6331/4079
f 4096/6331/4080 4298/6330/4080 4297/6332/4080 4095/6333/4080
f 4095/6333/4081 4297/6332/4081 4296/6334/4081 4094/6335/4081
f 4094/6335/4082 4296/6334/4082 4295/6336/4082 4093/6337/4082
f 4093/6337/4083 4295/6336/4083 4294/6338/4083 4092/6339/4083
f 4092/6340/4084 4294/6341/4084 4293/6342/4084 4091/6040/4084
f 4091/6040/4085 4293/6342/4085 4292/6343/4085 4090/6041/4085
f 4090/6041/4086 4292/6343/4086 4291/6344/4086 4089/6042/4086
f 4089/6042/4087 4291/6344/4087 4290/6345/4087 4088/6043/4087
f 4088/6043/4088 4290/6345/4088 4289/6346/4088 4087/6044/4088
f 4087/6044/4089 4289/6346/4089 4288/6347/4089 4086/6045/4089
f 4086/6045/4090 4288/6347/4090 4287/6348/4090 4085/6046/4090
f 4085/6046/4091 4287/6348/4091 4286/6349/4091 4084/6047/4091
f 4084/6047/4092 4286/6349/4092 4285/6350/4092 4083/6048/4092
f 4083/6048/4093 4285/6350/4093 4284/6351/4093 4082/6049/4093
f 4082/6049/4094 4284/6351/4094 4283/6352/4094 4081/6050/4094
f 4081/6050/4095 4283/6352/4095 4282/6353/4095 4080/6051/4095
f 4080/6051/4096 4282/6353/4096 4281/6354/4096 4079/6052/4096
f 4079/6052/4097 4281/6354/4097 4280/6355/4097 4078/6053/4097
f 4078/6053/4098 4280/6355/4098 4279/6356/4098 4077/6054/4098
f 4077/6054/4099 4279/6356/4099 4278/6357/4099 4076/6055/4099
f 4076/6055/4100 4278/6357/4100 4277/6358/4100 4075/6056/4100
f 4075/6056/4101 4277/6358/4101 4276/6359/4101 4074/6057/4101
f 4074/6057/4102 4276/6359/4102 4275/6360/4102 4073/6058/4102
f 4073/6058/4103 4275/6360/4103 4274/6361/4103 4072/6059/4103
f 4072/6059/4104 4274/6361/4104 4273/6362/4104 4071/6060/4104
f 4071/6060/4105 4273/6362/4105 4272/6363/4105 4070/6061/4105
f 4070/6061/4106 4272/6363/4106 4271/6364/4106 4069/6062/4106
f 4069/6062/4107 4271/6364/4107 4270/6365/4107 4068/6063/4107
f 4068/6063/4108 4270/6365/4108 4269/6366/4108 4067/6064/4108
f 4067/6064/4109 4269/6366/4109 4268/6367/4109 4066/6065/4109
f 4066/6065/4110 4268/6367/4110 4267/6368/4110 4065/6066/4110
f 4065/6066/4111 4267/6368/4111 4266/6369/4111 4064/6067/4111
f 4064/6067/4112 4266/6369/4112 4265/6370/4112 4063/6068/4112
f 4063/6068/4113 4265/6370/4113 4264/6371/4113 4062/6069/4113
f 4062/6069/4114 4264/6371/4114 4263/6372/4114 4061/6070/4114
f 4061/6070/4115 4263/6372/4115 4262/6373/4115 4060/6071/4115
f 4060/6071/4116 4262/6373/4116 4261/6374/4116 4059/6072/4116
f 4059/6072/4117 4261/6374/4117 4260/6375/4117 4058/6073/4117
f 4058/6073/4118 4260/6375/4118 4259/6376/4118 4057/6074/4118
f 4057/6074/4119 4259/6376/4119 4258/6377/4119 4056/6075/4119
f 4056/6075/4120 4258/6377/4120 4257/6378/4120 4055/6076/4120
f 4055/6076/4121 4257/6378/4121 4256/6379/4121 4054/6077/4121
f 4054/6077/4122 4256/6379/4122 4255/6380/4122 4053/6078/4122
f 4053/6078/4123 4255/6380/4123 4254/6381/4123 4052/6079/4123
f 4052/6079/4124 4254/6381/4124 4253/6382/4124 4051/6080/4124
f 4051/6080/4125 4253/6382/4125 4252/6383/4125 4050/6081/4125
f 4050/6081/4126 4252/6383/4126 4251/6384/4126 4049/6082/4126
f 4049/6082/4127 4251/6384/4127 4250/6385/4127 4048/6083/4127
f 4048/6083/4128 4250/6385/4128 4249/6386/4128 4047/6084/4128
f 4047/6084/4129 4249/6386/4129 4248/6387/4129 4046/6085/4129
f 4046/6085/4130 4248/6387/4130 4247/6388/4130 4045/6086/4130
f 4045/6086/4131 4247/6388/4131 4246/6389/4131 4044/6087/4131
f 4044/6087/4132 4246/6389/4132 4245/6390/4132 4043/6088/4132
f 4043/6088/4133 4245/6390/4133 4243/6391/4133 4041/6089/4133
f 4345/48/4134 4143/47/4134 4242/6091/4134 4444/6392/4134
f 4444/6392/4135 4242/6091/4135 4241/6393/4135 4443/6394/4135
f 4443/6394/4136 4241/6393/4136 4240/6395/4136 4442/6396/4136
f 4442/6396/4137 4240/6395/4137 4239/6397/4137 4441/6398/4137
f 4441/6398/4138 4239/6397/4138 4238/6399/4138 4440/6400/4138
f 4440/6400/4139 4238/6399/4139 4237/6401/4139 4439/6402/4139
f 4439/6402/4140 4237/6401/4140 4236/6403/4140 4438/6404/4140
f 4438/6404/4141 4236/6403/4141 4235/6405/4141 4437/6406/4141
f 4437/6406/4142 4235/6405/4142 4234/6407/4142 4436/6408/4142
f 4436/6408/4143 4234/6407/4143 4233/6409/4143 4435/6410/4143
f 4435/6410/4144 4233/6409/4144 4232/6411/4144 4434/6412/4144
f 4434/6412/4145 4232/6411/4145 4231/6413/4145 4433/6414/4145
f 4433/6414/4146 4231/6413/4146 4230/6415/4146 4432/6416/4146
f 4432/6416/4147 4230/6415/4147 4229/6417/4147 4431/6418/4147
f 4431/6418/4148 4229/6417/4148 4228/6419/4148 4430/6420/4148
f 4430/6420/4149 4228/6419/4149 4227/6421/4149 4429/6422/4149
f 4429/6422/4150 4227/6421/4150 4226/6423/4150 4428/6424/4150
f 4428/6424/4151 4226/6423/4151 4225/6425/4151 4427/6426/4151
f 4427/6426/4152 4225/6425/4152 4224/6427/4152 4426/6428/4152
f 4426/6428/4153 4224/6427/4153 4223/6429/4153 4425/6430/4153
f 4425/6430/4154 4223/6429/4154 4222/6431/4154 4424/6432/4154
f 4424/6432/4155 4222/6431/4155 4221/6433/4155 4423/6434/4155
f 4423/6434/4156 4221/6433/4156 4220/6435/4156 4422/6436/4156
f 4422/6436/4157 4220/6435/4157 4219/6437/4157 4421/6438/4157
f 4421/6438/4158 4219/6437/4158 4218/6439/4158 4420/6440/4158
f 4420/6440/4159 4218/6439/4159 4217/6441/4159 4419/6442/4159
f 4419/6442/4160 4217/6441/4160 4216/6443/4160 4418/6444/4160
f 4418/6444/4161 4216/6443/4161 4215/6445/4161 4417/6446/4161
f 4417/6446/4162 4215/6445/4162 4214/6447/4162 4416/6448/4162
f 4416/6448/4163 4214/6447/4163 4213/6449/4163 4415/6450/4163
f 4415/6450/4164 4213/6449/4164 4212/6451/4164 4414/6452/4164
f 4414/6452/4165 4212/6451/4165 4211/6453/4165 4413/6454/4165
f 4413/6454/4166 4211/6453/4166 4210/6455/4166 4412/6456/4166
f 4412/6456/4167 4210/6455/4167 4209/6457/4167 4411/6458/4167
f 4411/6458/4168 4209/6457/4168 4208/6459/4168 4410/6460/4168
f 4410/6460/4169 4208/6459/4169 4207/6461/4169 4409/6462/4169
f 4409/6462/4170 4207/6461/4170 4206/6463/4170 4408/6464/4170
f 4408/6464/4171 4206/6463/4171 4205/6465/4171 4407/6466/4171
f 4407/6466/4172 4205/6465/4172 4204/6467/4172 4406/6468/4172
f 4406/6468/4173 4204/6467/4173 4203/6469/4173 4405/6470/4173
f 4405/6470/4174 4203/6469/4174 4202/6471/4174 4404/6472/4174
f 4404/6472/4175 4202/6471/4175 4201/6473/4175 4403/6474/4175
f 4403/6474/4176 4201/6473/4176 4200/6475/4176 4402/6476/4176
f 4402/6476/4177 4200/6475/4177 4199/6477/4177 4401/6478/4177
f 4401/6478/4178 4199/6477/4178 4198/6479/4178 4400/6480/4178
f 4400/6480/4179 4198/6479/4179 4197/6481/4179 4399/6482/4179
f 4399/6482/4180 4197/6481/4180 4196/6483/4180 4398/6484/4180
f 4398/6484/4181 4196/6483/4181 4195/6485/4181 4397/6486/4181
f 4397/6486/4182 4195/6485/4182 4194/6487/4182 4396/6488/4182
f 4396/6488/4183 4194/6487/4183 4193/6489/4183 4395/6490/4183
f 4395/6491/4184 4193/6492/4184 4192/6192/4184 4394/6493/4184
f 4394/6493/4185 4192/6192/4185 4191/6193/4185 4393/6494/4185
f 4393/6494/4186 4191/6193/4186 4190/6194/4186 4392/6495/4186
f 4392/6495/4187 4190/6194/4187 4189/6195/4187 4391/6496/4187
f 4391/6496/4188 4189/6195/4188 4188/6196/4188 4390/6497/4188
f 4390/6497/4189 4188/6196/4189 4187/6197/4189 4389/6498/4189
f 4389/6498/4190 4187/6197/4190 4186/6198/4190 4388/6499/4190
f 4388/6499/4191 4186/6198/4191 4185/6199/4191 4387/6500/4191
f 4387/6500/4192 4185/6199/4192 4184/6200/4192 4386/6501/4192
f 4386/6501/4193 4184/6200/4193 4183/6201/4193 4385/6502/4193
f 4385/6502/4194 4183/6201/4194 4182/6202/4194 4384/6503/4194
f 4384/6503/4195 4182/6202/4195 4181/6203/4195 4383/6504/4195
f 4383/6504/4196 4181/6203/4196 4180/6204/4196 4382/6505/4196
f 4382/6505/4197 4180/6204/4197 4179/6205/4197 4381/6506/4197
f 4381/6506/4198 4179/6205/4198 4178/6206/4198 4380/6507/4198
f 4380/6507/4199 4178/6206/4199 4177/6207/4199 4379/6508/4199
f 4379/6508/4200 4177/6207/4200 4176/6208/4200 4378/6509/4200
f 4378/6509/4201 4176/6208/4201 4175/6209/4201 4377/6510/4201
f 4377/6510/4202 4175/6209/4202 4174/6210/4202 4376/6511/4202
f 4376/6511/4203 4174/6210/4203 4173/6211/4203 4375/6512/4203
f 4375/6512/4204 4173/6211/4204 4172/6212/4204 4374/6513/4204
f 4374/6513/4205 4172/6212/4205 4171/6213/4205 4373/6514/4205
f 4373/6514/4206 4171/6213/4206 4170/6214/4206 4372/6515/4206
f 4372/6515/4207 4170/6214/4207 4169/6215/4207 4371/6516/4207
f 4371/6516/4208 4169/6215/4208 4168/6216/4208 4370/6517/4208
f 4370/6517/4209 4168/6216/4209 4167/6217/4209 4369/6518/4209
f 4369/6518/4210 4167/6217/4210 4166/6218/4210 4368/6519/4210
f 4368/6519/4211 4166/6218/4211 4165/6219/4211 4367/6520/4211
f 4367/6520/4212 4165/6219/4212 4164/6220/4212 4366/6521/4212
f 4366/6521/4213 4164/6220/4213 4163/6221/4213 4365/6522/4213
f 4365/6522/4214 4163/6221/4214 4162/6222/4214 4364/6523/4214
f 4364/6523/4215 4162/6222/4215 4161/6223/4215 4363/6524/4215
f 4363/6524/4216 4161/6223/4216 4160/6224/4216 4362/6525/4216
f 4362/6525/4217 4160/6224/4217 4159/6225/4217 4361/6526/4217
f 4361/6526/4218 4159/6225/4218 4158/6226/4218 4360/6527/4218
f 4360/6527/4219 4158/6226/4219 4157/6227/4219 4359/6528/4219
f 4359/6528/4220 4157/6227/4220 4156/6228/4220 4358/6529/4220
f 4358/6529/4221 4156/6228/4221 4155/6229/4221 4357/6530/4221
f 4357/6530/4222 4155/6229/4222 4154/6230/4222 4356/6531/4222
f 4356/6531/4223 4154/6230/4223 4153/6231/4223 4355/6532/4223
f 4355/6532/4224 4153/6231/4224 4152/6232/4224 4354/6533/4224
f 4354/6533/4225 4152/6232/4225 4151/6233/4225 4353/6534/4225
f 4353/6534/4226 4151/6233/4226 4150/6234/4226 4352/6535/4226
f 4352/6535/4227 4150/6234/4227 4149/6235/4227 4351/6536/4227
f 4351/6536/4228 4149/6235/4228 4148/6236/4228 4350/6537/4228
f 4350/6537/4229 4148/6236/4229 4147/6237/4229 4349/6538/4229
f 4349/6538/4230 4147/6237/4230 4146/6238/4230 4348/6539/4230
f 4348/6539/4231 4146/6238/4231 4145/6239/4231 4347/6540/4231
f 4347/6540/4232 4145/6239/4232 4144/6240/4232 4346/6541/4232
f 4346/6541/4233 4144/6240/4233 4142/86/4233 4344/85/4233
f 4244/49/4234 4446/52/4234 4545/6542/4234 4343/6241/4234
f 4343/6241/4235 4545/6542/4235 4544/6543/4235 4342/6544/4235
f 4342/6544/4236 4544/6543/4236 4543/6545/4236 4341/6546/4236
f 4341/6546/4237 4543/6545/4237 4542/6547/4237 4340/6548/4237
f 4340/6548/4238 4542/6547/4238 4541/6549/4238 4339/6550/4238
f 4339/6550/4239 4541/6549/4239 4540/6551/4239 4338/6552/4239
f 4338/6552/4240 4540/6551/4240 4539/6553/4240 4337/6554/4240
f 4337/6554/4241 4539/6553/4241 4538/6555/4241 4336/6556/4241
f 4336/6556/4242 4538/6555/4242 4537/6557/4242 4335/6558/4242
f 4335/6558/4243 4537/6557/4243 4536/6559/4243 4334/6560/4243
f 4334/6560/4244 4536/6559/4244 4535/6561/4244 4333/6562/4244
f 4333/6562/4245 4535/6561/4245 4534/6563/4245 4332/6564/4245
f 4332/6564/4246 4534/6563/4246 4533/6565/4246 4331/6566/4246
f 4331/6566/4247 4533/6565/4247 4532/6567/4247 4330/6568/4247
f 4330/6568/4248 4532/6567/4248 4531/6569/4248 4329/6570/4248
f 4329/6570/4249 4531/6569/4249 4530/6571/4249 4328/6572/4249
f 4328/6572/4250 4530/6571/4250 4529/6573/4250 4327/6574/4250
f 4327/6574/4251 4529/6573/4251 4528/6575/4251 4326/6576/4251
f 4326/6576/4252 4528/6575/4252 4527/6577/4252 4325/6578/4252
f 4325/6578/4253 4527/6577/4253 4526/6579/4253 4324/6580/4253
f 4324/6580/4254 4526/6579/4254 4525/6581/4254 4323/6582/4254
f 4323/6582/4255 4525/6581/4255 4524/6583/4255 4322/6584/4255
f 4322/6584/4256 4524/6583/4256 4523/6585/4256 4321/6586/4256
f 4321/6586/4257 4523/6585/4257 4522/6587/4257 4320/6588/4257
f 4320/6588/4258 4522/6587/4258 4521/6589/4258 4319/6590/4258
f 4319/6590/4259 4521/6589/4259 4520/6591/4259 4318/6592/4259
f 4318/6592/4260 4520/6591/4260 4519/6593/4260 4317/6594/4260
f 4317/6594/4261 4519/6593/4261 4518/6595/4261 4316/6596/4261
f 4316/6596/4262 4518/6595/4262 4517/6597/4262 4315/6598/4262
f 4315/6598/4263 4517/6597/4263 4516/6599/4263 4314/6600/4263
f 4314/6600/4264 4516/6599/4264 4515/6601/4264 4313/6602/4264
f 4313/6602/4265 4515/6601/4265 4514/6603/4265 4312/6604/4265
f 4312/6604/4266 4514/6603/4266 4513/6605/4266 4311/6606/4266
f 4311/6606/4267 4513/6605/4267 4512/6607/4267 4310/6608/4267
f 4310/6608/4268 4512/6607/4268 4511/6609/4268 4309/6610/4268
f 4309/6610/4269 4511/6609/4269 4510/6611/4269 4308/6612/4269
f 4308/6612/4270 4510/6611/4270 4509/6613/4270 4307/6614/4270
f 4307/6614/4271 4509/6613/4271 4508/6615/4271 4306/6616/4271
f 4306/6616/4272 4508/6615/4272 4507/6617/4272 4305/6618/4272
f 4305/6618/4273 4507/6617/4273 4506/6619/4273 4304/6620/4273
f 4304/6620/4274 4506/6619/4274 4505/6621/4274 4303/6622/4274
f 4303/6622/4275 4505/6621/4275 4504/6623/4275 4302/6624/4275
f 4302/6624/4276 4504/6623/4276 4503/6625/4276 4301/6626/4276
f 4301/6626/4277 4503/6625/4277 4502/6627/4277 4300/6628/4277
f 4300/6628/4278 4502/6627/4278 4501/6629/4278 4299/6630/4278
f 4299/6630/4279 4501/6629/4279 4500/6631/4279 4298/6632/4279
f 4298/6632/4280 4500/6631/4280 4499/6633/4280 4297/6634/4280
f 4297/6634/4281 4499/6633/4281 4498/6635/4281 4296/6636/4281
f 4296/6636/4282 4498/6635/4282 4497/6637/4282 4295/6638/4282
f 4295/6638/4283 4497/6637/4283 4496/6639/4283 4294/6640/4283
f 4294/6641/4284 4496/6642/4284 4495/6643/4284 4293/6342/4284
f 4293/6342/4285 4495/6643/4285 4494/6644/4285 4292/6343/4285
f 4292/6343/4286 4494/6644/4286 4493/6645/4286 4291/6344/4286
f 4291/6344/4287 4493/6645/4287 4492/6646/4287 4290/6345/4287
f 4290/6345/4288 4492/6646/4288 4491/6647/4288 4289/6346/4288
f 4289/6346/4289 4491/6647/4289 4490/6648/4289 4288/6347/4289
f 4288/6347/4290 4490/6648/4290 4489/6649/4290 4287/6348/4290
f 4287/6348/4291 4489/6649/4291 4488/6650/4291 4286/6349/4291
f 4286/6349/4292 4488/6650/4292 4487/6651/4292 4285/6350/4292
f 4285/6350/4293 4487/6651/4293 4486/6652/4293 4284/6351/4293
f 4284/6351/4294 4486/6652/4294 4485/6653/4294 4283/6352/4294
f 4283/6352/4295 4485/6653/4295 4484/6654/4295 4282/6353/4295
f 4282/6353/4296 4484/6654/4296 4483/6655/4296 4281/6354/4296
f 4281/6354/4297 4483/6655/4297 4482/6656/4297 4280/6355/4297
f 4280/6355/4298 4482/6656/4298 4481/6657/4298 4279/6356/4298
f 4279/6356/4299 4481/6657/4299 4480/6658/4299 4278/6357/4299
f 4278/6357/4300 4480/6658/4300 4479/6659/4300 4277/6358/4300
f 4277/6358/4301 4479/6659/4301 4478/6660/4301 4276/6359/4301
f 4276/6359/4302 4478/6660/4302 4477/6661/4302 4275/6360/4302
f 4275/6360/4303 4477/6661/4303 4476/6662/4303 4274/6361/4303
f 4274/6361/4304 4476/6662/4304 4475/6663/4304 4273/6362/4304
f 4273/6362/4305 4475/6663/4305 4474/6664/4305 4272/6363/4305
f 4272/6363/4306 4474/6664/4306 4473/6665/4306 4271/6364/4306
f 4271/6364/4307 4473/6665/4307 4472/6666/4307 4270/6365/4307
f 4270/6365/4308 4472/6666/4308 4471/6667/4308 4269/6366/4308
f 4269/6366/4309 4471/6667/4309 4470/6668/4309 4268/6367/4309
f 4268/6367/4310 4470/6668/4310 4469/6669/4310 4267/6368/4310
f 4267/6368/4311 4469/6669/4311 4468/6670/4311 4266/6369/4311
f 4266/6369/4312 4468/6670/4312 4467/6671/4312 4265/6370/4312
f 4265/6370/4313 4467/6671/4313 4466/6672/4313 4264/6371/4313
f 4264/6371/4314 4466/6672/4314 4465/6673/4314 4263/6372/4314
f 4263/6372/4315 4465/6673/4315 4464/6674/4315 4262/6373/4315
f 4262/6373/4316 4464/6674/4316 4463/6675/4316 4261/6374/4316
f 4261/6374/4317 4463/6675/4317 4462/6676/4317 4260/6375/4317
f 4260/6375/4318 4462/6676/4318 4461/6677/4318 4259/6376/4318
f 4259/6376/4319 4461/6677/4319 4460/6678/4319 4258/6377/4319
f 4258/6377/4320 4460/6678/4320 4459/6679/4320 4257/6378/4320
f 4257/6378/4321 4459/6679/4321 4458/6680/4321 4256/6379/4321
f 4256/6379/4322 4458/6680/4322 4457/6681/4322 4255/6380/4322
f 4255/6380/4323 4457/6681/4323 4456/6682/4323 4254/6381/4323
f 4254/6381/4324 4456/6682/4324 4455/6683/4324 4253/6382/4324
f 4253/6382/4325 4455/6683/4325 4454/6684/4325 4252/6383/4325
f 4252/6383/4326 4454/6684/4326 4453/6685/4326 4251/6384/4326
f 4251/6384/4327 4453/6685/4327 4452/6686/4327 4250/6385/4327
f 4250/6385/4328 4452/6686/4328 4451/6687/4328 4249/6386/4328
f 4249/6386/4329 4451/6687/4329 4450/6688/4329 4248/6387/4329
f 4248/6387/4330 4450/6688/4330 4449/6689/4330 4247/6388/4330
f 4247/6388/4331 4449/6689/4331 4448/6690/4331 4246/6389/4331
f 4246/6389/4332 4448/6690/4332 4447/6691/4332 4245/6390/4332
f 4245/6390/4333 4447/6691/4333 4445/6692/4333 4243/6391/4333
f 4547/51/4334 4345/50/4334 4444/6392/4334 4646/6693/4334
f 4646/6693/4335 4444/6392/4335 4443/6694/4335 4645/6695/4335
f 4645/6695/4336 4443/6694/4336 4442/6696/4336 4644/6697/4336
f 4644/6697/4337 4442/6696/4337 4441/6698/4337 4643/6699/4337
f 4643/6699/4338 4441/6698/4338 4440/6700/4338 4642/6701/4338
f 4642/6701/4339 4440/6700/4339 4439/6702/4339 4641/6703/4339
f 4641/6703/4340 4439/6702/4340 4438/6704/4340 4640/6705/4340
f 4640/6705/4341 4438/6704/4341 4437/6706/4341 4639/6707/4341
f 4639/6707/4342 4437/6706/4342 4436/6708/4342 4638/6709/4342
f 4638/6709/4343 4436/6708/4343 4435/6710/4343 4637/6711/4343
f 4637/6711/4344 4435/6710/4344 4434/6712/4344 4636/6713/4344
f 4636/6713/4345 4434/6712/4345 4433/6714/4345 4635/6715/4345
f 4635/6715/4346 4433/6714/4346 4432/6716/4346 4634/6717/4346
f 4634/6717/4347 4432/6716/4347 4431/6718/4347 4633/6719/4347
f 4633/6719/4348 4431/6718/4348 4430/6720/4348 4632/6721/4348
f 4632/6721/4349 4430/6720/4349 4429/6722/4349 4631/6723/4349
f 4631/6723/4350 4429/6722/4350 4428/6724/4350 4630/6725/4350
f 4630/6725/4351 4428/6724/4351 4427/6726/4351 4629/6727/4351
f 4629/6727/4352 4427/6726/4352 4426/6728/4352 4628/6729/4352
f 4628/6729/4353 4426/6728/4353 4425/6730/4353 4627/6731/4353
f 4627/6731/4354 4425/6730/4354 4424/6732/4354 4626/6733/4354
f 4626/6733/4355 4424/6732/4355 4423/6734/4355 4625/6735/4355
f 4625/6735/4356 4423/6734/4356 4422/6736/4356 4624/6737/4356
f 4624/6737/4357 4422/6736/4357 4421/6738/4357 4623/6739/4357
f 4623/6739/4358 4421/6738/4358 4420/6740/4358 4622/6741/4358
f 4622/6741/4359 4420/6740/4359 4419/6742/4359 4621/6743/4359
f 4621/6743/4360 4419/6742/4360 4418/6744/4360 4620/6745/4360
f 4620/6745/4361 4418/6744/4361 4417/6746/4361 4619/6747/4361
f 4619/6747/4362 4417/6746/4362 4416/6748/4362 4618/6749/4362
f 4618/6749/4363 4416/6748/4363 4415/6750/4363 4617/6751/4363
f 4617/6751/4364 4415/6750/4364 4414/6752/4364 4616/6753/4364
f 4616/6753/4365 4414/6752/4365 4413/6754/4365 4615/6755/4365
f 4615/6755/4366 4413/6754/4366 4412/6756/4366 4614/6757/4366
f 4614/6757/4367 4412/6756/4367 4411/6758/4367 4613/6759/4367
f 4613/6759/4368 4411/6758/4368 4410/6760/4368 4612/6761/4368
f 4612/6761/4369 4410/6760/4369 4409/6762/4369 4611/6763/4369
f 4611/6763/4370 4409/6762/4370 4408/6764/4370 4610/6765/4370
f 4610/6765/4371 4408/6764/4371 4407/6766/4371 4609/6767/4371
f 4609/6767/4372 4407/6766/4372 4406/6768/4372 4608/6769/4372
f 4608/6769/4373 4406/6768/4373 4405/6770/4373 4607/6771/4373
f 4607/6771/4374 4405/6770/4374 4404/6772/4374 4606/6773/4374
f 4606/6773/4375 4404/6772/4375 4403/6774/4375 4605/6775/4375
f 4605/6775/4376 4403/6774/4376 4402/6776/4376 4604/6777/4376
f 4604/6777/4377 4402/6776/4377 4401/6778/4377 4603/6779/4377
f 4603/6779/4378 4401/6778/4378 4400/6780/4378 4602/6781/4378
f 4602/6781/4379 4400/6780/4379 4399/6782/4379 4601/6783/4379
f 4601/6783/4380 4399/6782/4380 4398/6784/4380 4600/6785/4380
f 4600/6785/4381 4398/6784/4381 4397/6786/4381 4599/6787/4381
f 4599/6787/4382 4397/6786/4382 4396/6788/4382 4598/6789/4382
f 4598/6789/4383 4396/6788/4383 4395/6790/4383 4597/6791/4383
f 4597/6792/4384 4395/6793/4384 4394/6493/4384 4596/6794/4384
f 4596/6794/4385 4394/6493/4385 4393/6494/4385 4595/6795/4385
f 4595/6795/4386 4393/6494/4386 4392/6495/4386 4594/6796/4386
f 4594/6796/4387 4392/6495/4387 4391/6496/4387 4593/6797/4387
f 4593/6797/4388 4391/6496/4388 4390/6497/4388 4592/6798/4388
f 4592/6798/4389 4390/6497/4389 4389/6498/4389 4591/6799/4389
f 4591/6799/4390 4389/6498/4390 4388/6499/4390 4590/6800/4390
f 4590/6800/4391 4388/6499/4391 4387/6500/4391 4589/6801/4391
f 4589/6801/4392 4387/6500/4392 4386/6501/4392 4588/6802/4392
f 4588/6802/4393 4386/6501/4393 4385/6502/4393 4587/6803/4393
f 4587/6803/4394 4385/6502/4394 4384/6503/4394 4586/6804/4394
f 4586/6804/4395 4384/6503/4395 4383/6504/4395 4585/6805/4395
f 4585/6805/4396 4383/6504/4396 4382/6505/4396 4584/6806/4396
f 4584/6806/4397 4382/6505/4397 4381/6506/4397 4583/6807/4397
f 4583/6807/4398 4381/6506/4398 4380/6507/4398 4582/6808/4398
f 4582/6808/4399 4380/6507/4399 4379/6508/4399 4581/6809/4399
f 4581/6809/4400 4379/6508/4400 4378/6509/4400 4580/6810/4400
f 4580/6810/4401 4378/6509/4401 4377/6510/4401 4579/6811/4401
f 4579/6811/4402 4377/6510/4402 4376/6511/4402 4578/6812/4402
f 4578/6812/4403 4376/6511/4403 4375/6512/4403 4577/6813/4403
f 4577/6813/4404 4375/6512/4404 4374/6513/4404 4576/6814/4404
f 4576/6814/4405 4374/6513/4405 4373/6514/4405 4575/6815/4405
f 4575/6815/4406 4373/6514/4406 4372/6515/4406 4574/6816/4406
f 4574/6816/4407 4372/6515/4407 4371/6516/4407 4573/6817/4407
f 4573/6817/4408 4371/6516/4408 4370/6517/4408 4572/6818/4408
f 4572/6818/4409 4370/6517/4409 4369/6518/4409 4571/6819/4409
f 4571/6819/4410 4369/6518/4410 4368/6519/4410 4570/6820/4410
f 4570/6820/4411 4368/6519/4411 4367/6520/4411 4569/6821/4411
f 4569/6821/4412 4367/6520/4412 4366/6521/4412 4568/6822/4412
f 4568/6822/4413 4366/6521/4413 4365/6522/4413 4567/6823/4413
f 4567/6823/4414 4365/6522/4414 4364/6523/4414 4566/6824/4414
f 4566/6824/4415 4364/6523/4415 4363/6524/4415 4565/6825/4415
f 4565/6825/4416 4363/6524/4416 4362/6525/4416 4564/6826/4416
f 4564/6826/4417 4362/6525/4417 4361/6526/4417 4563/6827/4417
f 4563/6827/4418 4361/6526/4418 4360/6527/4418 4562/6828/4418
f 4562/6828/4419 4360/6527/4419 4359/6528/4419 4561/6829/4419
f 4561/6829/4420 4359/6528/4420 4358/6529/4420 4560/6830/4420
f 4560/6830/4421 4358/6529/4421 4357/6530/4421 4559/6831/4421
f 4559/6831/4422 4357/6530/4422 4356/6531/4422 4558/6832/4422
f 4558/6832/4423 4356/6531/4423 4355/6532/4423 4557/6833/4423
f 4557/6833/4424 4355/6532/4424 4354/6533/4424 4556/6834/4424
f 4556/6834/4425 4354/6533/4425 4353/6534/4425 4555/6835/4425
f 4555/6835/4426 4353/6534/4426 4352/6535/4426 4554/6836/4426
f 4554/6836/4427 4352/6535/4427 4351/6536/4427 4553/6837/4427
f 4553/6837/4428 4351/6536/4428 4350/6537/4428 4552/6838/4428
f 4552/6838/4429 4350/6537/4429 4349/6538/4429 4551/6839/4429
f 4551/6839/4430 4349/6538/4430 4348/6539/4430 4550/6840/4430
f 4550/6840/4431 4348/6539/4431 4347/6540/4431 4549/6841/4431
f 4549/6841/4432 4347/6540/4432 4346/6541/4432 4548/6842/4432
f 4548/6842/4433 4346/6541/4433 4344/85/4433 4546/84/4433
f 4446/52/4434 4648/54/4434 4747/6843/4434 4545/6844/4434
f 4545/6844/4435 4747/6843/4435 4746/6845/4435 4544/6846/4435
f 4544/6846/4436 4746/6845/4436 4745/6847/4436 4543/6848/4436
f 4543/6848/4437 4745/6847/4437 4744/6849/4437 4542/6850/4437
f 4542/6850/4438 4744/6849/4438 4743/6851/4438 4541/6852/4438
f 4541/6852/4439 4743/6851/4439 4742/6853/4439 4540/6854/4439
f 4540/6854/4440 4742/6853/4440 4741/6855/4440 4539/6856/4440
f 4539/6856/4441 4741/6855/4441 4740/6857/4441 4538/6858/4441
f 4538/6858/4442 4740/6857/4442 4739/6859/4442 4537/6860/4442
f 4537/6860/4443 4739/6859/4443 4738/6861/4443 4536/6862/4443
f 4536/6862/4444 4738/6861/4444 4737/6863/4444 4535/6864/4444
f 4535/6864/4445 4737/6863/4445 4736/6865/4445 4534/6866/4445
f 4534/6866/4446 4736/6865/4446 4735/6867/4446 4533/6868/4446
f 4533/6868/4447 4735/6867/4447 4734/6869/4447 4532/6870/4447
f 4532/6870/4448 4734/6869/4448 4733/6871/4448 4531/6872/4448
f 4531/6872/4449 4733/6871/4449 4732/6873/4449 4530/6874/4449
f 4530/6874/4450 4732/6873/4450 4731/6875/4450 4529/6876/4450
f 4529/6876/4451 4731/6875/4451 4730/6877/4451 4528/6878/4451
f 4528/6878/4452 4730/6877/4452 4729/6879/4452 4527/6880/4452
f 4527/6880/4453 4729/6879/4453 4728/6881/4453 4526/6882/4453
f 4526/6882/4454 4728/6881/4454 4727/6883/4454 4525/6884/4454
f 4525/6884/4455 4727/6883/4455 4726/6885/4455 4524/6886/4455
f 4524/6886/4456 4726/6885/4456 4725/6887/4456 4523/6888/4456
f 4523/6888/4457 4725/6887/4457 4724/6889/4457 4522/6890/4457
f 4522/6890/4458 4724/6889/4458 4723/6891/4458 4521/6892/4458
f 4521/6892/4459 4723/6891/4459 4722/6893/4459 4520/6894/4459
f 4520/6894/4460 4722/6893/4460 4721/6895/4460 4519/6896/4460
f 4519/6896/4461 4721/6895/4461 4720/6897/4461 4518/6898/4461
f 4518/6898/4462 4720/6897/4462 4719/6899/4462 4517/6900/4462
f 4517/6900/4463 4719/6899/4463 4718/6901/4463 4516/6902/4463
f 4516/6902/4464 4718/6901/4464 4717/6903/4464 4515/6904/4464
f 4515/6904/4465 4717/6903/4465 4716/6905/4465 4514/6906/4465
f 4514/6906/4466 4716/6905/4466 4715/6907/4466 4513/6908/4466
f 4513/6908/4467 4715/6907/4467 4714/6909/4467 4512/6910/4467
f 4512/6910/4468 4714/6909/4468 4713/6911/4468 4511/6912/4468
f 4511/6912/4469 4713/6911/4469 4712/6913/4469 4510/6914/4469
f 4510/6914/4470 4712/6913/4470 4711/6915/4470 4509/6916/4470
f 4509/6916/4471 4711/6915/4471 4710/6917/4471 4508/6918/4471
f 4508/6918/4472 4710/6917/4472 4709/6919/4472 4507/6920/4472
f 4507/6920/4473 4709/6919/4473 4708/6921/4473 4506/6922/4473
f 4506/6922/4474 4708/6921/4474 4707/6923/4474 4505/6924/4474
f 4505/6924/4475 4707/6923/4475 4706/6925/4475 4504/6926/4475
f 4504/6926/4476 4706/6925/4476 4705/6927/4476 4503/6928/4476
f 4503/6928/4477 4705/6927/4477 4704/6929/4477 4502/6930/4477
f 4502/6930/4478 4704/6929/4478 4703/6931/4478 4501/6932/4478
f 4501/6932/4479 4703/6931/4479 4702/6933/4479 4500/6934/4479
f 4500/6934/4480 4702/6933/4480 4701/6935/4480 4499/6936/4480
f 4499/6936/4481 4701/6935/4481 4700/6937/4481 4498/6938/4481
f 4498/6938/4482 4700/6937/4482 4699/6939/4482 4497/6940/4482
f 4497/6940/4483 4699/6939/4483 4698/6941/4483 4496/6942/4483
f 4496/6943/4484 4698/6944/4484 4697/6945/4484 4495/6643/4484
f 4495/6643/4485 4697/6945/4485 4696/6946/4485 4494/6644/4485
f 4494/6644/4486 4696/6946/4486 4695/6947/4486 4493/6645/4486
f 4493/6645/4487 4695/6947/4487 4694/6948/4487 4492/6646/4487
f 4492/6646/4488 4694/6948/4488 4693/6949/4488 4491/6647/4488
f 4491/6647/4489 4693/6949/4489 4692/6950/4489 4490/6648/4489
f 4490/6648/4490 4692/6950/4490 4691/6951/4490 4489/6649/4490
f 4489/6649/4491 4691/6951/4491 4690/6952/4491 4488/6650/4491
f 4488/6650/4492 4690/6952/4492 4689/6953/4492 4487/6651/4492
f 4487/6651/4493 4689/6953/4493 4688/6954/4493 4486/6652/4493
f 4486/6652/4494 4688/6954/4494 4687/6955/4494 4485/6653/4494
f 4485/6653/4495 4687/6955/4495 4686/6956/4495 4484/6654/4495
f 4484/6654/4496 4686/6956/4496 4685/6957/4496 4483/6655/4496
f 4483/6655/4497 4685/6957/4497 4684/6958/4497 4482/6656/4497
f 4482/6656/4498 4684/6958/4498 4683/6959/4498 4481/6657/4498
f 4481/6657/4499 4683/6959/4499 4682/6960/4499 4480/6658/4499
f 4480/6658/4500 4682/6960/4500 4681/6961/4500 4479/6659/4500
f 4479/6659/4501 4681/6961/4501 4680/6962/4501 4478/6660/4501
f 4478/6660/4502 4680/6962/4502 4679/6963/4502 4477/6661/4502
f 4477/6661/4503 4679/6963/4503 4678/6964/4503 4476/6662/4503
f 4476/6662/4504 4678/6964/4504 4677/6965/4504 4475/6663/4504
f 4475/6663/4505 4677/6965/4505 4676/6966/4505 4474/6664/4505
f 4474/6664/4506 4676/6966/4506 4675/6967/4506 4473/6665/4506
f 4473/6665/4507 4675/6967/4507 4674/6968/4507 4472/6666/4507
f 4472/6666/4508 4674/6968/4508 4673/6969/4508 4471/6667/4508
f 4471/6667/4509 4673/6969/4509 4672/6970/4509 4470/6668/4509
f 4470/6668/4510 4672/6970/4510 4671/6971/4510 4469/6669/4510
f 4469/6669/4511 4671/6971/4511 4670/6972/4511 4468/6670/4511
f 4468/6670/4512 4670/6972/4512 4669/6973/4512 4467/6671/4512
f 4467/6671/4513 4669/6973/4513 4668/6974/4513 4466/6672/4513
f 4466/6672/4514 4668/6974/4514 4667/6975/4514 4465/6673/4514
f 4465/6673/4515 4667/6975/4515 4666/6976/4515 4464/6674/4515
f 4464/6674/4516 4666/6976/4516 4665/6977/4516 4463/6675/4516
f 4463/6675/4517 4665/6977/4517 4664/6978/4517 4462/6676/4517
f 4462/6676/4518 4664/6978/4518 4663/6979/4518 4461/6677/4518
f 4461/6677/4519 4663/6979/4519 4662/6980/4519 4460/6678/4519
f 4460/6678/4520 4662/6980/4520 4661/6981/4520 4459/6679/4520
f 4459/6679/4521 4661/6981/4521 4660/6982/4521 4458/6680/4521
f 4458/6680/4522 4660/6982/4522 4659/6983/4522 4457/6681/4522
f 4457/6681/4523 4659/6983/4523 4658/6984/4523 4456/6682/4523
f 4456/6682/4524 4658/6984/4524 4657/6985/4524 4455/6683/4524
f 4455/6683/4525 4657/6985/4525 4656/6986/4525 4454/6684/4525
f 4454/6684/4526 4656/6986/4526 4655/6987/4526 4453/6685/4526
f 4453/6685/4527 4655/6987/4527 4654/6988/4527 4452/6686/4527
f 4452/6686/4528 4654/6988/4528 4653/6989/4528 4451/6687/4528
f 4451/6687/4529 4653/6989/4529 4652/6990/4529 4450/6688/4529
f 4450/6688/4530 4652/6990/4530 4651/6991/4530 4449/6689/4530
f 4449/6689/4531 4651/6991/4531 4650/6992/4531 4448/6690/4531
f 4448/6690/4532 4650/6992/4532 4649/6993/4532 4447/6691/4532
f 4447/6691/4533 4649/6993/4533 4647/6994/4533 4445/6692/4533
f 4749/53/4534 4547/51/4534 4646/6995/4534 4848/6996/4534
f 4848/6996/4535 4646/6995/4535 4645/6997/4535 4847/6998/4535
f 4847/6998/4536 4645/6997/4536 4644/6999/4536 4846/7000/4536
f 4846/7000/4537 4644/6999/4537 4643/7001/4537 4845/7002/4537
f 4845/7002/4538 4643/7001/4538 4642/7003/4538 4844/7004/4538
f 4844/7004/4539 4642/7003/4539 4641/7005/4539 4843/7006/4539
f 4843/7006/4540 4641/7005/4540 4640/7007/4540 4842/7008/4540
f 4842/7008/4541 4640/7007/4541 4639/7009/4541 4841/7010/4541
f 4841/7010/4542 4639/7009/4542 4638/7011/4542 4840/7012/4542
f 4840/7012/4543 4638/7011/4543 4637/7013/4543 4839/7014/4543
f 4839/7014/4544 4637/7013/4544 4636/7015/4544 4838/7016/4544
f 4838/7016/4545 4636/7015/4545 4635/7017/4545 4837/7018/4545
f 4837/7018/4546 4635/7017/4546 4634/7019/4546 4836/7020/4546
f 4836/7020/4547 4634/7019/4547 4633/7021/4547 4835/7022/4547
f 4835/7022/4548 4633/7021/4548 4632/7023/4548 4834/7024/4548
f 4834/7024/4549 4632/7023/4549 4631/7025/4549 4833/7026/4549
f 4833/7026/4550 4631/7025/4550 4630/7027/4550 4832/7028/4550
f 4832/7028/4551 4630/7027/4551 4629/7029/4551 4831/7030/4551
f 4831/7030/4552 4629/7029/4552 4628/7031/4552 4830/7032/4552
f 4830/7032/4553 4628/7031/4553 4627/7033/4553 4829/7034/4553
f 4829/7034/4554 4627/7033/4554 4626/7035/4554 4828/7036/4554
f 4828/7036/4555 4626/7035/4555 4625/7037/4555 4827/7038/4555
f 4827/7038/4556 4625/7037/4556 4624/7039/4556 4826/7040/4556
f 4826/7040/4557 4624/7039/4557 4623/7041/4557 4825/7042/4557
f 4825/7042/4558 4623/7041/4558 4622/7043/4558 4824/7044/4558
f 4824/7044/4559 4622/7043/4559 4621/7045/4559 4823/7046/4559
f 4823/7046/4560 4621/7045/4560 4620/7047/4560 4822/7048/4560
f 4822/7048/4561 4620/7047/4561 4619/7049/4561 4821/7050/4561
f 4821/7050/4562 4619/7049/4562 4618/7051/4562 4820/7052/4562
f 4820/7052/4563 4618/7051/4563 4617/7053/4563 4819/7054/4563
f 4819/7054/4564 4617/7053/4564 4616/7055/4564 4818/7056/4564
f 4818/7056/4565 4616/7055/4565 4615/7057/4565 4817/7058/4565
f 4817/7058/4566 4615/7057/4566 4614/7059/4566 4816/7060/4566
f 4816/7060/4567 4614/7059/4567 4613/7061/4567 4815/7062/4567
f 4815/7062/4568 4613/7061/4568 4612/7063/4568 4814/7064/4568
f 4814/7064/4569 4612/7063/4569 4611/7065/4569 4813/7066/4569
f 4813/7066/4570 4611/7065/4570 4610/7067/4570 4812/7068/4570
f 4812/7068/4571 4610/7067/4571 4609/7069/4571 4811/7070/4571
f 4811/7070/4572 4609/7069/4572 4608/7071/4572 4810/7072/4572
f 4810/7072/4573 4608/7071/4573 4607/7073/4573 4809/7074/4573
f 4809/7074/4574 4607/7073/4574 4606/7075/4574 4808/7076/4574
f 4808/7076/4575 4606/7075/4575 4605/7077/4575 4807/7078/4575
f 4807/7078/4576 4605/7077/4576 4604/7079/4576 4806/7080/4576
f 4806/7080/4577 4604/7079/4577 4603/7081/4577 4805/7082/4577
f 4805/7082/4578 4603/7081/4578 4602/7083/4578 4804/7084/4578
f 4804/7084/4579 4602/7083/4579 4601/7085/4579 4803/7086/4579
f 4803/7086/4580 4601/7085/4580 4600/7087/4580 4802/7088/4580
f 4802/7088/4581 4600/7087/4581 4599/7089/4581 4801/7090/4581
f 4801/7090/4582 4599/7089/4582 4598/7091/4582 4800/7092/4582
f 4800/7092/4583 4598/7091/4583 4597/7093/4583 4799/7094/4583
f 4799/7095/4584 4597/7096/4584 4596/6794/4584 4798/7097/4584
f 4798/7097/4585 4596/6794/4585 4595/6795/4585 4797/7098/4585
f 4797/7098/4586 4595/6795/4586 4594/6796/4586 4796/7099/4586
f 4796/7099/4587 4594/6796/4587 4593/6797/4587 4795/7100/4587
f 4795/7100/4588 4593/6797/4588 4592/6798/4588 4794/7101/4588
f 4794/7101/4589 4592/6798/4589 4591/6799/4589 4793/7102/4589
f 4793/7102/4590 4591/6799/4590 4590/6800/4590 4792/7103/4590
f 4792/7103/4591 4590/6800/4591 4589/6801/4591 4791/7104/4591
f 4791/7104/4592 4589/6801/4592 4588/6802/4592 4790/7105/4592
f 4790/7105/4593 4588/6802/4593 4587/6803/4593 4789/7106/4593
f 4789/7106/4594 4587/6803/4594 4586/6804/4594 4788/7107/4594
f 4788/7107/4595 4586/6804/4595 4585/6805/4595 4787/7108/4595
f 4787/7108/4596 4585/6805/4596 4584/6806/4596 4786/7109/4596
f 4786/7109/4597 4584/6806/4597 4583/6807/4597 4785/7110/4597
f 4785/7110/4598 4583/6807/4598 4582/6808/4598 4784/7111/4598
f 4784/7111/4599 4582/6808/4599 4581/6809/4599 4783/7112/4599
f 4783/7112/4600 4581/6809/4600 4580/6810/4600 4782/7113/4600
f 4782/7113/4601 4580/6810/4601 4579/6811/4601 4781/7114/4601
f 4781/7114/4602 4579/6811/4602 4578/6812/4602 4780/7115/4602
f 4780/7115/4603 4578/6812/4603 4577/6813/4603 4779/7116/4603
f 4779/7116/4604 4577/6813/4604 4576/6814/4604 4778/7117/4604
f 4778/7117/4605 4576/6814/4605 4575/6815/4605 4777/7118/4605
f 4777/7118/4606 4575/6815/4606 4574/6816/4606 4776/7119/4606
f 4776/7119/4607 4574/6816/4607 4573/6817/4607 4775/7120/4607
f 4775/7120/4608 4573/6817/4608 4572/6818/4608 4774/7121/4608
f 4774/7121/4609 4572/6818/4609 4571/6819/4609 4773/7122/4609
f 4773/7122/4610 4571/6819/4610 4570/6820/4610 4772/7123/4610
f 4772/7123/4611 4570/6820/4611 4569/6821/4611 4771/7124/4611
f 4771/7124/4612 4569/6821/4612 4568/6822/4612 4770/7125/4612
f 4770/7125/4613 4568/6822/4613 4567/6823/4613 4769/7126/4613
f 4769/7126/4614 4567/6823/4614 4566/6824/4614 4768/7127/4614
f 4768/7127/4615 4566/6824/4615 4565/6825/4615 4767/7128/4615
f 4767/7128/4616 4565/6825/4616 4564/6826/4616 4766/7129/4616
f 4766/7129/4617 4564/6826/4617 4563/6827/4617 4765/7130/4617
f 4765/7130/4618 4563/6827/4618 4562/6828/4618 4764/7131/4618
f 4764/7131/4619 4562/6828/4619 4561/6829/4619 4763/7132/4619
f 4763/7132/4620 4561/6829/4620 4560/6830/4620 4762/7133/4620
f 4762/7133/4621 4560/6830/4621 4559/6831/4621 4761/7134/4621
f 4761/7134/4622 4559/6831/4622 4558/6832/4622 4760/7135/4622
f 4760/7135/4623 4558/6832/4623 4557/6833/4623 4759/7136/4623
f 4759/7136/4624 4557/6833/4624 4556/6834/4624 4758/7137/4624
f 4758/7137/4625 4556/6834/4625 4555/6835/4625 4757/7138/4625
f 4757/7138/4626 4555/6835/4626 4554/6836/4626 4756/7139/4626
f 4756/7139/4627 4554/6836/4627 4553/6837/4627 4755/7140/4627
f 4755/7140/4628 4553/6837/4628 4552/6838/4628 4754/7141/4628
f 4754/7141/4629 4552/6838/4629 4551/6839/4629 4753/7142/4629
f 4753/7142/4630 4551/6839/4630 4550/6840/4630 4752/7143/4630
f 4752/7143/4631 4550/6840/4631 4549/6841/4631 4751/7144/4631
f 4751/7144/4632 4549/6841/4632 4548/6842/4632 4750/7145/4632
f 4750/7145/4633 4548/6842/4633 4546/84/4633 4748/83/4633
f 4648/54/4634 4850/56/4634 4949/7146/4634 4747/7147/4634
f 4747/7147/4635 4949/7146/4635 4948/7148/4635 4746/7149/4635
f 4746/7149/4636 4948/7148/4636 4947/7150/4636 4745/7151/4636
f 4745/7151/4637 4947/7150/4637 4946/7152/4637 4744/7153/4637
f 4744/7153/4638 4946/7152/4638 4945/7154/4638 4743/7155/4638
f 4743/7155/4639 4945/7154/4639 4944/7156/4639 4742/7157/4639
f 4742/7157/4640 4944/7156/4640 4943/7158/4640 4741/7159/4640
f 4741/7159/4641 4943/7158/4641 4942/7160/4641 4740/7161/4641
f 4740/7161/4642 4942/7160/4642 4941/7162/4642 4739/7163/4642
f 4739/7163/4643 4941/7162/4643 4940/7164/4643 4738/7165/4643
f 4738/7165/4644 4940/7164/4644 4939/7166/4644 4737/7167/4644
f 4737/7167/4645 4939/7166/4645 4938/7168/4645 4736/7169/4645
f 4736/7169/4646 4938/7168/4646 4937/7170/4646 4735/7171/4646
f 4735/7171/4647 4937/7170/4647 4936/7172/4647 4734/7173/4647
f 4734/7173/4648 4936/7172/4648 4935/7174/4648 4733/7175/4648
f 4733/7175/4649 4935/7174/4649 4934/7176/4649 4732/7177/4649
f 4732/7177/4650 4934/7176/4650 4933/7178/4650 4731/7179/4650
f 4731/7179/4651 4933/7178/4651 4932/7180/4651 4730/7181/4651
f 4730/7181/4652 4932/7180/4652 4931/7182/4652 4729/7183/4652
f 4729/7183/4653 4931/7182/4653 4930/7184/4653 4728/7185/4653
f 4728/7185/4654 4930/7184/4654 4929/7186/4654 4727/7187/4654
f 4727/7187/4655 4929/7186/4655 4928/7188/4655 4726/7189/4655
f 4726/7189/4656 4928/7188/4656 4927/7190/4656 4725/7191/4656
f 4725/7191/4657 4927/7190/4657 4926/7192/4657 4724/7193/4657
f 4724/7193/4658 4926/7192/4658 4925/7194/4658 4723/7195/4658
f 4723/7195/4659 4925/7194/4659 4924/7196/4659 4722/7197/4659
f 4722/7197/4660 4924/7196/4660 4923/7198/4660 4721/7199/4660
f 4721/7199/4661 4923/7198/4661 4922/7200/4661 4720/7201/4661
f 4720/7201/4662 4922/7200/4662 4921/7202/4662 4719/7203/4662
f 4719/7203/4663 4921/7202/4663 4920/7204/4663 4718/7205/4663
f 4718/7205/4664 4920/7204/4664 4919/7206/4664 4717/7207/4664
f 4717/7207/4665 4919/7206/4665 4918/7208/4665 4716/7209/4665
f 4716/7209/4666 4918/7208/4666 4917/7210/4666 4715/7211/4666
f 4715/7211/4667 4917/7210/4667 4916/7212/4667 4714/7213/4667
f 4714/7213/4668 4916/7212/4668 4915/7214/4668 4713/7215/4668
f 4713/7215/4669 4915/7214/4669 4914/7216/4669 4712/7217/4669
f 4712/7217/4670 4914/7216/4670 4913/7218/4670 4711/7219/4670
f 4711/7219/4671 4913/7218/4671 4912/7220/4671 4710/7221/4671
f 4710/7221/4672 4912/7220/4672 4911/7222/4672 4709/7223/4672
f 4709/7223/4673 4911/7222/4673 4910/7224/4673 4708/7225/4673
f 4708/7225/4674 4910/7224/4674 4909/7226/4674 4707/7227/4674
f 4707/7227/4675 4909/7226/4675 4908/7228/4675 4706/7229/4675
f 4706/7229/4676 4908/7228/4676 4907/7230/4676 4705/7231/4676
f 4705/7231/4677 4907/7230/4677 4906/7232/4677 4704/7233/4677
f 4704/7233/4678 4906/7232/4678 4905/7234/4678 4703/7235/4678
f 4703/7235/4679 4905/7234/4679 4904/7236/4679 4702/7237/4679
f 4702/7237/4680 4904/7236/4680 4903/7238/4680 4701/7239/4680
f 4701/7239/4681 4903/7238/4681 4902/7240/4681 4700/7241/4681
f 4700/7241/4682 4902/7240/4682 4901/7242/4682 4699/7243/4682
f 4699/7243/4683 4901/7242/4683 4900/7244/4683 4698/7245/4683
f 4698/7246/4684 4900/7247/4684 4899/7248/4684 4697/6945/4684
f 4697/6945/4685 4899/7248/4685 4898/7249/4685 4696/6946/4685
f 4696/6946/4686 4898/7249/4686 4897/7250/4686 4695/6947/4686
f 4695/6947/4687 4897/7250/4687 4896/7251/4687 4694/6948/4687
f 4694/6948/4688 4896/7251/4688 4895/7252/4688 4693/6949/4688
f 4693/6949/4689 4895/7252/4689 4894/7253/4689 4692/6950/4689
f 4692/6950/4690 4894/7253/4690 4893/7254/4690 4691/6951/4690
f 4691/6951/4691 4893/7254/4691 4892/7255/4691 4690/6952/4691
f 4690/6952/4692 4892/7255/4692 4891/7256/4692 4689/6953/4692
f 4689/6953/4693 4891/7256/4693 4890/7257/4693 4688/6954/4693
f 4688/6954/4694 4890/7257/4694 4889/7258/4694 4687/6955/4694
f 4687/6955/4695 4889/7258/4695 4888/7259/4695 4686/6956/4695
f 4686/6956/4696 4888/7259/4696 4887/7260/4696 4685/6957/4696
f 4685/6957/4697 4887/7260/4697 4886/7261/4697 4684/6958/4697
f 4684/6958/4698 4886/7261/4698 4885/7262/4698 4683/6959/4698
f 4683/6959/4699 4885/7262/4699 4884/7263/4699 4682/6960/4699
f 4682/6960/4700 4884/7263/4700 4883/7264/4700 4681/6961/4700
f 4681/6961/4701 4883/7264/4701 4882/7265/4701 4680/6962/4701
f 4680/6962/4702 4882/7265/4702 4881/7266/4702 4679/6963/4702
f 4679/6963/4703 4881/7266/4703 4880/7267/4703 4678/6964/4703
f 4678/6964/4704 4880/7267/4704 4879/7268/4704 4677/6965/4704
f 4677/6965/4705 4879/7268/4705 4878/7269/4705 4676/6966/4705
f 4676/6966/4706 4878/7269/4706 4877/7270/4706 4675/6967/4706
f 4675/6967/4707 4877/7270/4707 4876/7271/4707 4674/6968/4707
f 4674/6968/4708 4876/7271/4708 4875/7272/4708 4673/6969/4708
f 4673/6969/4709 4875/7272/4709 4874/7273/4709 4672/6970/4709
f 4672/6970/4710 4874/7273/4710 4873/7274/4710 4671/6971/4710
f 4671/6971/4711 4873/7274/4711 4872/7275/4711 4670/6972/4711
f 4670/6972/4712 4872/7275/4712 4871/7276/4712 4669/6973/4712
f 4669/6973/4713 4871/7276/4713 4870/7277/4713 4668/6974/4713
f 4668/6974/4714 4870/7277/4714 4869/7278/4714 4667/6975/4714
f 4667/6975/4715 4869/7278/4715 4868/7279/4715 4666/6976/4715
f 4666/6976/4716 4868/7279/4716 4867/7280/4716 4665/6977/4716
f 4665/6977/4717 4867/7280/4717 4866/7281/4717 4664/6978/4717
f 4664/6978/4718 4866/7281/4718 4865/7282/4718 4663/6979/4718
f 4663/6979/4719 4865/7282/4719 4864/7283/4719 4662/6980/4719
f 4662/6980/4720 4864/7283/4720 4863/7284/4720 4661/6981/4720
f 4661/6981/4721 4863/7284/4721 4862/7285/4721 4660/6982/4721
f 4660/6982/4722 4862/7285/4722 4861/7286/4722 4659/6983/4722
f 4659/6983/4723 4861/7286/4723 4860/7287/4723 4658/6984/4723
f 4658/6984/4724 4860/7287/4724 4859/7288/4724 4657/6985/4724
f 4657/6985/4725 4859/7288/4725 4858/7289/4725 4656/6986/4725
f 4656/6986/4726 4858/7289/4726 4857/7290/4726 4655/6987/4726
f 4655/6987/4727 4857/7290/4727 4856/7291/4727 4654/6988/4727
f 4654/6988/4728 4856/7291/4728 4855/7292/4728 4653/6989/4728
f 4653/6989/4729 4855/7292/4729 4854/7293/4729 4652/6990/4729
f 4652/6990/4730 4854/7293/4730 4853/7294/4730 4651/6991/4730
f 4651/6991/4731 4853/7294/4731 4852/7295/4731 4650/6992/4731
f 4650/6992/4732 4852/7295/4732 4851/7296/4732 4649/6993/4732
f 4649/6993/4733 4851/7296/4733 4849/7297/4733 4647/6994/4733
f 4951/55/4734 4749/53/4734 4848/7298/4734 5050/7299/4734
f 5050/7299/4735 4848/7298/4735 4847/7300/4735 5049/7301/4735
f 5049/7301/4736 4847/7300/4736 4846/7302/4736 5048/7303/4736
f 5048/7303/4737 4846/7302/4737 4845/7304/4737 5047/7305/4737
f 5047/7305/4738 4845/7304/4738 4844/7306/4738 5046/7307/4738
f 5046/7307/4739 4844/7306/4739 4843/7308/4739 5045/7309/4739
f 5045/7309/4740 4843/7308/4740 4842/7310/4740 5044/7311/4740
f 5044/7311/4741 4842/7310/4741 4841/7312/4741 5043/7313/4741
f 5043/7313/4742 4841/7312/4742 4840/7314/4742 5042/7315/4742
f 5042/7315/4743 4840/7314/4743 4839/7316/4743 5041/7317/4743
f 5041/7317/4744 4839/7316/4744 4838/7318/4744 5040/7319/4744
f 5040/7319/4745 4838/7318/4745 4837/7320/4745 5039/7321/4745
f 5039/7321/4746 4837/7320/4746 4836/7322/4746 5038/7323/4746
f 5038/7323/4747 4836/7322/4747 4835/7324/4747 5037/7325/4747
f 5037/7325/4748 4835/7324/4748 4834/7326/4748 5036/7327/4748
f 5036/7327/4749 4834/7326/4749 4833/7328/4749 5035/7329/4749
f 5035/7329/4750 4833/7328/4750 4832/7330/4750 5034/7331/4750
f 5034/7331/4751 4832/7330/4751 4831/7332/4751 5033/7333/4751
f 5033/7333/4752 4831/7332/4752 4830/7334/4752 5032/7335/4752
f 5032/7335/4753 4830/7334/4753 4829/7336/4753 5031/7337/4753
f 5031/7337/4754 4829/7336/4754 4828/7338/4754 5030/7339/4754
f 5030/7339/4755 4828/7338/4755 4827/7340/4755 5029/7341/4755
f 5029/7341/4756 4827/7340/4756 4826/7342/4756 5028/7343/4756
f 5028/7343/4757 4826/7342/4757 4825/7344/4757 5027/7345/4757
f 5027/7345/4758 4825/7344/4758 4824/7346/4758 5026/7347/4758
f 5026/7347/4759 4824/7346/4759 4823/7348/4759 5025/7349/4759
f 5025/7349/4760 4823/7348/4760 4822/7350/4760 5024/7351/4760
f 5024/7351/4761 4822/7350/4761 4821/7352/4761 5023/7353/4761
f 5023/7353/4762 4821/7352/4762 4820/7354/4762 5022/7355/4762
f 5022/7355/4763 4820/7354/4763 4819/7356/4763 5021/7357/4763
f 5021/7357/4764 4819/7356/4764 4818/7358/4764 5020/7359/4764
f 5020/7359/4765 4818/7358/4765 4817/7360/4765 5019/7361/4765
f 5019/7361/4766 4817/7360/4766 4816/7362/4766 5018/7363/4766
f 5018/7363/4767 4816/7362/4767 4815/7364/4767 5017/7365/4767
f 5017/7365/4768 4815/7364/4768 4814/7366/4768 5016/7367/4768
f 5016/7367/4769 4814/7366/4769 4813/7368/4769 5015/7369/4769
f 5015/7369/4770 4813/7368/4770 4812/7370/4770 5014/7371/4770
f 5014/7371/4771 4812/7370/4771 4811/7372/4771 5013/7373/4771
f 5013/7373/4772 4811/7372/4772 4810/7374/4772 5012/7375/4772
f 5012/7375/4773 4810/7374/4773 4809/7376/4773 5011/7377/4773
f 5011/7377/4774 4809/7376/4774 4808/7378/4774 5010/7379/4774
f 5010/7379/4775 4808/7378/4775 4807/7380/4775 5009/7381/4775
f 5009/7381/4776 4807/7380/4776 4806/7382/4776 5008/7383/4776
f 5008/7383/4777 4806/7382/4777 4805/7384/4777 5007/7385/4777
f 5007/7385/4778 4805/7384/4778 4804/7386/4778 5006/7387/4778
f 5006/7387/4779 4804/7386/4779 4803/7388/4779 5005/7389/4779
f 5005/7389/4780 4803/7388/4780 4802/7390/4780 5004/7391/4780
f 5004/7391/4781 4802/7390/4781 4801/7392/4781 5003/7393/4781
f 5003/7393/4782 4801/7392/4782 4800/7394/4782 5002/7395/4782
f 5002/7395/4783 4800/7394/4783 4799/7396/4783 5001/7397/4783
f 5001/7398/4784 4799/7399/4784 4798/7097/4784 5000/7400/4784
f 5000/7400/4785 4798/7097/4785 4797/7098/4785 4999/7401/4785
f 4999/7401/4786 4797/7098/4786 4796/7099/4786 4998/7402/4786
f 4998/7402/4787 4796/7099/4787 4795/7100/4787 4997/7403/4787
f 4997/7403/4788 4795/7100/4788 4794/7101/4788 4996/7404/4788
f 4996/7404/4789 4794/7101/4789 4793/7102/4789 4995/7405/4789
f 4995/7405/4790 4793/7102/4790 4792/7103/4790 4994/7406/4790
f 4994/7406/4791 4792/7103/4791 4791/7104/4791 4993/7407/4791
f 4993/7407/4792 4791/7104/4792 4790/7105/4792 4992/7408/4792
f 4992/7408/4793 4790/7105/4793 4789/7106/4793 4991/7409/4793
f 4991/7409/4794 4789/7106/4794 4788/7107/4794 4990/7410/4794
f 4990/7410/4795 4788/7107/4795 4787/7108/4795 4989/7411/4795
f 4989/7411/4796 4787/7108/4796 4786/7109/4796 4988/7412/4796
f 4988/7412/4797 4786/7109/4797 4785/7110/4797 4987/7413/4797
f 4987/7413/4798 4785/7110/4798 4784/7111/4798 4986/7414/4798
f 4986/7414/4799 4784/7111/4799 4783/7112/4799 4985/7415/4799
f 4985/7415/4800 4783/7112/4800 4782/7113/4800 4984/7416/4800
f 4984/7416/4801 4782/7113/4801 4781/7114/4801 4983/7417/4801
f 4983/7417/4802 4781/7114/4802 4780/7115/4802 4982/7418/4802
f 4982/7418/4803 4780/7115/4803 4779/7116/4803 4981/7419/4803
f 4981/7419/4804 4779/7116/4804 4778/7117/4804 4980/7420/4804
f 4980/7420/4805 4778/7117/4805 4777/7118/4805 4979/7421/4805
f 4979/7421/4806 4777/7118/4806 4776/7119/4806 4978/7422/4806
f 4978/7422/4807 4776/7119/4807 4775/7120/4807 4977/7423/4807
f 4977/7423/4808 4775/7120/4808 4774/7121/4808 4976/7424/4808
f 4976/7424/4809 4774/7121/4809 4773/7122/4809 4975/7425/4809
f 4975/7425/4810 4773/7122/4810 4772/7123/4810 4974/7426/4810
f 4974/7426/4811 4772/7123/4811 4771/7124/4811 4973/7427/4811
f 4973/7427/4812 4771/7124/4812 4770/7125/4812 4972/7428/4812
f 4972/7428/4813 4770/7125/4813 4769/7126/4813 4971/7429/4813
f 4971/7429/4814 4769/7126/4814 4768/7127/4814 4970/7430/4814
f 4970/7430/4815 4768/7127/4815 4767/7128/4815 4969/7431/4815
f 4969/7431/4816 4767/7128/4816 4766/7129/4816 4968/7432/4816
f 4968/7432/4817 4766/7129/4817 4765/7130/4817 4967/7433/4817
f 4967/7433/4818 4765/7130/4818 4764/7131/4818 4966/7434/4818
f 4966/7434/4819 4764/7131/4819 4763/7132/4819 4965/7435/4819
f 4965/7435/4820 4763/7132/4820 4762/7133/4820 4964/7436/4820
f 4964/7436/4821 4762/7133/4821 4761/7134/4821 4963/7437/4821
f 4963/7437/4822 4761/7134/4822 4760/7135/4822 4962/7438/4822
f 4962/7438/4823 4760/7135/4823 4759/7136/4823 4961/7439/4823
f 4961/7439/4824 4759/7136/4824 4758/7137/4824 4960/7440/4824
f 4960/7440/4825 4758/7137/4825 4757/7138/4825 4959/7441/4825
f 4959/7441/4826 4757/7138/4826 4756/7139/4826 4958/7442/4826
f 4958/7442/4827 4756/7139/4827 4755/7140/4827 4957/7443/4827
f 4957/7443/4828 4755/7140/4828 4754/7141/4828 4956/7444/4828
f 4956/7444/4829 4754/7141/4829 4753/7142/4829 4955/7445/4829
f 4955/7445/4830 4753/7142/4830 4752/7143/4830 4954/7446/4830
f 4954/7446/4831 4752/7143/4831 4751/7144/4831 4953/7447/4831
f 4953/7447/4832 4751/7144/4832 4750/7145/4832 4952/7448/4832
f 4952/7448/4833 4750/7145/4833 4748/83/4833 4950/82/4833
f 4850/56/4834 5052/58/4834 5151/7449/4834 4949/7146/4834
f 4949/7146/4835 5151/7449/4835 5150/7450/4835 4948/7451/4835
f 4948/7451/4836 5150/7450/4836 5149/7452/4836 4947/7453/4836
f 4947/7453/4837 5149/7452/4837 5148/7454/4837 4946/7455/4837
f 4946/7455/4838 5148/7454/4838 5147/7456/4838 4945/7457/4838
f 4945/7457/4839 5147/7456/4839 5146/7458/4839 4944/7459/4839
f 4944/7459/4840 5146/7458/4840 5145/7460/4840 4943/7461/4840
f 4943/7461/4841 5145/7460/4841 5144/7462/4841 4942/7463/4841
f 4942/7463/4842 5144/7462/4842 5143/7464/4842 4941/7465/4842
f 4941/7465/4843 5143/7464/4843 5142/7466/4843 4940/7467/4843
f 4940/7467/4844 5142/7466/4844 5141/7468/4844 4939/7469/4844
f 4939/7469/4845 5141/7468/4845 5140/7470/4845 4938/7471/4845
f 4938/7471/4846 5140/7470/4846 5139/7472/4846 4937/7473/4846
f 4937/7473/4847 5139/7472/4847 5138/7474/4847 4936/7475/4847
f 4936/7475/4848 5138/7474/4848 5137/7476/4848 4935/7477/4848
f 4935/7477/4849 5137/7476/4849 5136/7478/4849 4934/7479/4849
f 4934/7479/4850 5136/7478/4850 5135/7480/4850 4933/7481/4850
f 4933/7481/4851 5135/7480/4851 5134/7482/4851 4932/7483/4851
f 4932/7483/4852 5134/7482/4852 5133/7484/4852 4931/7485/4852
f 4931/7485/4853 5133/7484/4853 5132/7486/4853 4930/7487/4853
f 4930/7487/4854 5132/7486/4854 5131/7488/4854 4929/7489/4854
f 4929/7489/4855 5131/7488/4855 5130/7490/4855 4928/7491/4855
f 4928/7491/4856 5130/7490/4856 5129/7492/4856 4927/7493/4856
f 4927/7493/4857 5129/7492/4857 5128/7494/4857 4926/7495/4857
f 4926/7495/4858 5128/7494/4858 5127/7496/4858 4925/7497/4858
f 4925/7497/4859 5127/7496/4859 5126/7498/4859 4924/7499/4859
f 4924/7499/4860 5126/7498/4860 5125/7500/4860 4923/7501/4860
f 4923/7501/4861 5125/7500/4861 5124/7502/4861 4922/7503/4861
f 4922/7503/4862 5124/7502/4862 5123/7504/4862 4921/7505/4862
f 4921/7505/4863 5123/7504/4863 5122/7506/4863 4920/7507/4863
f 4920/7507/4864 5122/7506/4864 5121/7508/4864 4919/7509/4864
f 4919/7509/4865 5121/7508/4865 5120/7510/4865 4918/7511/4865
f 4918/7511/4866 5120/7510/4866 5119/7512/4866 4917/7513/4866
f 4917/7513/4867 5119/7512/4867 5118/7514/4867 4916/7515/4867
f 4916/7515/4868 5118/7514/4868 5117/7516/4868 4915/7517/4868
f 4915/7517/4869 5117/7516/4869 5116/7518/4869 4914/7519/4869
f 4914/7519/4870 5116/7518/4870 5115/7520/4870 4913/7521/4870
f 4913/7521/4871 5115/7520/4871 5114/7522/4871 4912/7523/4871
f 4912/7523/4872 5114/7522/4872 5113/7524/4872 4911/7525/4872
f 4911/7525/4873 5113/7524/4873 5112/7526/4873 4910/7527/4873
f 4910/7527/4874 5112/7526/4874 5111/7528/4874 4909/7529/4874
f 4909/7529/4875 5111/7528/4875 5110/7530/4875 4908/7531/4875
f 4908/7531/4876 5110/7530/4876 5109/7532/4876 4907/7533/4876
f 4907/7533/4877 5109/7532/4877 5108/7534/4877 4906/7535/4877
f 4906/7535/4878 5108/7534/4878 5107/7536/4878 4905/7537/4878
f 4905/7537/4879 5107/7536/4879 5106/7538/4879 4904/7539/4879
f 4904/7539/4880 5106/7538/4880 5105/7540/4880 4903/7541/4880
f 4903/7541/4881 5105/7540/4881 5104/7542/4881 4902/7543/4881
f 4902/7543/4882 5104/7542/4882 5103/7544/4882 4901/7545/4882
f 4901/7545/4883 5103/7544/4883 5102/7546/4883 4900/7547/4883
f 4900/7548/4884 5102/7549/4884 5101/7550/4884 4899/7248/4884
f 4899/7248/4885 5101/7550/4885 5100/7551/4885 4898/7249/4885
f 4898/7249/4886 5100/7551/4886 5099/7552/4886 4897/7250/4886
f 4897/7250/4887 5099/7552/4887 5098/7553/4887 4896/7251/4887
f 4896/7251/4888 5098/7553/4888 5097/7554/4888 4895/7252/4888
f 4895/7252/4889 5097/7554/4889 5096/7555/4889 4894/7253/4889
f 4894/7253/4890 5096/7555/4890 5095/7556/4890 4893/7254/4890
f 4893/7254/4891 5095/7556/4891 5094/7557/4891 4892/7255/4891
f 4892/7255/4892 5094/7557/4892 5093/7558/4892 4891/7256/4892
f 4891/7256/4893 5093/7558/4893 5092/7559/4893 4890/7257/4893
f 4890/7257/4894 5092/7559/4894 5091/7560/4894 4889/7258/4894
f 4889/7258/4895 5091/7560/4895 5090/7561/4895 4888/7259/4895
f 4888/7259/4896 5090/7561/4896 5089/7562/4896 4887/7260/4896
f 4887/7260/4897 5089/7562/4897 5088/7563/4897 4886/7261/4897
f 4886/7261/4898 5088/7563/4898 5087/7564/4898 4885/7262/4898
f 4885/7262/4899 5087/7564/4899 5086/7565/4899 4884/7263/4899
f 4884/7263/4900 5086/7565/4900 5085/7566/4900 4883/7264/4900
f 4883/7264/4901 5085/7566/4901 5084/7567/4901 4882/7265/4901
f 4882/7265/4902 5084/7567/4902 5083/7568/4902 4881/7266/4902
f 4881/7266/4903 5083/7568/4903 5082/7569/4903 4880/7267/4903
f 4880/7267/4904 5082/7569/4904 5081/7570/4904 4879/7268/4904
f 4879/7268/4905 5081/7570/4905 5080/7571/4905 4878/7269/4905
f 4878/7269/4906 5080/7571/4906 5079/7572/4906 4877/7270/4906
f 4877/7270/4907 5079/7572/4907 5078/7573/4907 4876/7271/4907
f 4876/7271/4908 5078/7573/4908 5077/7574/4908 4875/7272/4908
f 4875/7272/4909 5077/7574/4909 5076/7575/4909 4874/7273/4909
f 4874/7273/4910 5076/7575/4910 5075/7576/4910 4873/7274/4910
f 4873/7274/4911 5075/7576/4911 5074/7577/4911 4872/7275/4911
f 4872/7275/4912 5074/7577/4912 5073/7578/4912 4871/7276/4912
f 4871/7276/4913 5073/7578/4913 5072/7579/4913 4870/7277/4913
f 4870/7277/4914 5072/7579/4914 5071/7580/4914 4869/7278/4914
f 4869/7278/4915 5071/7580/4915 5070/7581/4915 4868/7279/4915
f 4868/7279/4916 5070/7581/4916 5069/7582/4916 4867/7280/4916
f 4867/7280/4917 5069/7582/4917 5068/7583/4917 4866/7281/4917
f 4866/7281/4918 5068/7583/4918 5067/7584/4918 4865/7282/4918
f 4865/7282/4919 5067/7584/4919 5066/7585/4919 4864/7283/4919
f 4864/7283/4920 5066/7585/4920 5065/7586/4920 4863/7284/4920
f 4863/7284/4921 5065/7586/4921 5064/7587/4921 4862/7285/4921
f 4862/7285/4922 5064/7587/4922 5063/7588/4922 4861/7286/4922
f 4861/7286/4923 5063/7588/4923 5062/7589/4923 4860/7287/4923
f 4860/7287/4924 5062/7589/4924 5061/7590/4924 4859/7288/4924
f 4859/7288/4925 5061/7590/4925 5060/7591/4925 4858/7289/4925
f 4858/7289/4926 5060/7591/4926 5059/7592/4926 4857/7290/4926
f 4857/7290/4927 5059/7592/4927 5058/7593/4927 4856/7291/4927
f 4856/7291/4928 5058/7593/4928 5057/7594/4928 4855/7292/4928
f 4855/7292/4929 5057/7594/4929 5056/7595/4929 4854/7293/4929
f 4854/7293/4930 5056/7595/4930 5055/7596/4930 4853/7294/4930
f 4853/7294/4931 5055/7596/4931 5054/7597/4931 4852/7295/4931
f 4852/7295/4932 5054/7597/4932 5053/7598/4932 4851/7296/4932
f 4851/7296/4933 5053/7598/4933 5051/7599/4933 4849/7297/4933
f 5153/57/4934 4951/55/4934 5050/7299/4934 5252/7600/4934
f 5252/7600/4935 5050/7299/4935 5049/7601/4935 5251/7602/4935
f 5251/7602/4936 5049/7601/4936 5048/7603/4936 5250/7604/4936
f 5250/7604/4937 5048/7603/4937 5047/7605/4937 5249/7606/4937
f 5249/7606/4938 5047/7605/4938 5046/7607/4938 5248/7608/4938
f 5248/7608/4939 5046/7607/4939 5045/7609/4939 5247/7610/4939
f 5247/7610/4940 5045/7609/4940 5044/7611/4940 5246/7612/4940
f 5246/7612/4941 5044/7611/4941 5043/7613/4941 5245/7614/4941
f 5245/7614/4942 5043/7613/4942 5042/7615/4942 5244/7616/4942
f 5244/7616/4943 5042/7615/4943 5041/7617/4943 5243/7618/4943
f 5243/7618/4944 5041/7617/4944 5040/7619/4944 5242/7620/4944
f 5242/7620/4945 5040/7619/4945 5039/7621/4945 5241/7622/4945
f 5241/7622/4946 5039/7621/4946 5038/7623/4946 5240/7624/4946
f 5240/7624/4947 5038/7623/4947 5037/7625/4947 5239/7626/4947
f 5239/7626/4948 5037/7625/4948 5036/7627/4948 5238/7628/4948
f 5238/7628/4949 5036/7627/4949 5035/7629/4949 5237/7630/4949
f 5237/7630/4950 5035/7629/4950 5034/7631/4950 5236/7632/4950
f 5236/7632/4951 5034/7631/4951 5033/7633/4951 5235/7634/4951
f 5235/7634/4952 5033/7633/4952 5032/7635/4952 5234/7636/4952
f 5234/7636/4953 5032/7635/4953 5031/7637/4953 5233/7638/4953
f 5233/7638/4954 5031/7637/4954 5030/7639/4954 5232/7640/4954
f 5232/7640/4955 5030/7639/4955 5029/7641/4955 5231/7642/4955
f 5231/7642/4956 5029/7641/4956 5028/7643/4956 5230/7644/4956
f 5230/7644/4957 5028/7643/4957 5027/7645/4957 5229/7646/4957
f 5229/7646/4958 5027/7645/4958 5026/7647/4958 5228/7648/4958
f 5228/7648/4959 5026/7647/4959 5025/7649/4959 5227/7650/4959
f 5227/7650/4960 5025/7649/4960 5024/7651/4960 5226/7652/4960
f 5226/7652/4961 5024/7651/4961 5023/7653/4961 5225/7654/4961
f 5225/7654/4962 5023/7653/4962 5022/7655/4962 5224/7656/4962
f 5224/7656/4963 5022/7655/4963 5021/7657/4963 5223/7658/4963
f 5223/7658/4964 5021/7657/4964 5020/7659/4964 5222/7660/4964
f 5222/7660/4965 5020/7659/4965 5019/7661/4965 5221/7662/4965
f 5221/7662/4966 5019/7661/4966 5018/7663/4966 5220/7664/4966
f 5220/7664/4967 5018/7663/4967 5017/7665/4967 5219/7666/4967
f 5219/7666/4968 5017/7665/4968 5016/7667/4968 5218/7668/4968
f 5218/7668/4969 5016/7667/4969 5015/7669/4969 5217/7670/4969
f 5217/7670/4970 5015/7669/4970 5014/7671/4970 5216/7672/4970
f 5216/7672/4971 5014/7671/4971 5013/7673/4971 5215/7674/4971
f 5215/7674/4972 5013/7673/4972 5012/7675/4972 5214/7676/4972
f 5214/7676/4973 5012/7675/4973 5011/7677/4973 5213/7678/4973
f 5213/7678/4974 5011/7677/4974 5010/7679/4974 5212/7680/4974
f 5212/7680/4975 5010/7679/4975 5009/7681/4975 5211/7682/4975
f 5211/7682/4976 5009/7681/4976 5008/7683/4976 5210/7684/4976
f 5210/7684/4977 5008/7683/4977 5007/7685/4977 5209/7686/4977
f 5209/7686/4978 5007/7685/4978 5006/7687/4978 5208/7688/4978
f 5208/7688/4979 5006/7687/4979 5005/7689/4979 5207/7690/4979
f 5207/7690/4980 5005/7689/4980 5004/7691/4980 5206/7692/4980
f 5206/7692/4981 5004/7691/4981 5003/7693/4981 5205/7694/4981
f 5205/7694/4982 5003/7693/4982 5002/7695/4982 5204/7696/4982
f 5204/7696/4983 5002/7695/4983 5001/7697/4983 5203/7698/4983
f 5203/7699/4984 5001/7700/4984 5000/7400/4984 5202/7701/4984
f 5202/7701/4985 5000/7400/4985 4999/7401/4985 5201/7702/4985
f 5201/7702/4986 4999/7401/4986 4998/7402/4986 5200/7703/4986
f 5200/7703/4987 4998/7402/4987 4997/7403/4987 5199/7704/4987
f 5199/7704/4988 4997/7403/4988 4996/7404/4988 5198/7705/4988
f 5198/7705/4989 4996/7404/4989 4995/7405/4989 5197/7706/4989
f 5197/7706/4990 4995/7405/4990 4994/7406/4990 5196/7707/4990
f 5196/7707/4991 4994/7406/4991 4993/7407/4991 5195/7708/4991
f 5195/7708/4992 4993/7407/4992 4992/7408/4992 5194/7709/4992
f 5194/7709/4993 4992/7408/4993 4991/7409/4993 5193/7710/4993
f 5193/7710/4994 4991/7409/4994 4990/7410/4994 5192/7711/4994
f 5192/7711/4995 4990/7410/4995 4989/7411/4995 5191/7712/4995
f 5191/7712/4996 4989/7411/4996 4988/7412/4996 5190/7713/4996
f 5190/7713/4997 4988/7412/4997 4987/7413/4997 5189/7714/4997
f 5189/7714/4998 4987/7413/4998 4986/7414/4998 5188/7715/4998
f 5188/7715/4999 4986/7414/4999 4985/7415/4999 5187/7716/4999
f 5187/7716/5000 4985/7415/5000 4984/7416/5000 5186/7717/5000
f 5186/7717/5001 4984/7416/5001 4983/7417/5001 5185/7718/5001
f 5185/7718/5002 4983/7417/5002 4982/7418/5002 5184/7719/5002
f 5184/7719/5003 4982/7418/5003 4981/7419/5003 5183/7720/5003
f 5183/7720/5004 4981/7419/5004 4980/7420/5004 5182/7721/5004
f 5182/7721/5005 4980/7420/5005 4979/7421/5005 5181/7722/5005
f 5181/7722/5006 4979/7421/5006 4978/7422/5006 5180/7723/5006
f 5180/7723/5007 4978/7422/5007 4977/7423/5007 5179/7724/5007
f 5179/7724/5008 4977/7423/5008 4976/7424/5008 5178/7725/5008
f 5178/7725/5009 4976/7424/5009 4975/7425/5009 5177/7726/5009
f 5177/7726/5010 4975/7425/5010 4974/7426/5010 5176/7727/5010
f 5176/7727/5011 4974/7426/5011 4973/7427/5011 5175/7728/5011
f 5175/7728/5012 4973/7427/5012 4972/7428/5012 5174/7729/5012
f 5174/7729/5013 4972/7428/5013 4971/7429/5013 5173/7730/5013
f 5173/7730/5014 4971/7429/5014 4970/7430/5014 5172/7731/5014
f 5172/7731/5015 4970/7430/5015 4969/7431/5015 5171/7732/5015
f 5171/7732/5016 4969/7431/5016 4968/7432/5016 5170/7733/5016
f 5170/7733/5017 4968/7432/5017 4967/7433/5017 5169/7734/5017
f 5169/7734/5018 4967/7433/5018 4966/7434/5018 5168/7735/5018
f 5168/7735/5019 4966/7434/5019 4965/7435/5019 5167/7736/5019
f 5167/7736/5020 4965/7435/5020 4964/7436/5020 5166/7737/5020
f 5166/7737/5021 4964/7436/5021 4963/7437/5021 5165/7738/5021
f 5165/7738/5022 4963/7437/5022 4962/7438/5022 5164/7739/5022
f 5164/7739/5023 4962/7438/5023 4961/7439/5023 5163/7740/5023
f 5163/7740/5024 4961/7439/5024 4960/7440/5024 5162/7741/5024
f 5162/7741/5025 4960/7440/5025 4959/7441/5025 5161/7742/5025
f 5161/7742/5026 4959/7441/5026 4958/7442/5026 5160/7743/5026
f 5160/7743/5027 4958/7442/5027 4957/7443/5027 5159/7744/5027
f 5159/7744/5028 4957/7443/5028 4956/7444/5028 5158/7745/5028
f 5158/7745/5029 4956/7444/5029 4955/7445/5029 5157/7746/5029
f 5157/7746/5030 4955/7445/5030 4954/7446/5030 5156/7747/5030
f 5156/7747/5031 4954/7446/5031 4953/7447/5031 5155/7748/5031
f 5155/7748/5032 4953/7447/5032 4952/7448/5032 5154/7749/5032
f 5154/7749/5033 4952/7448/5033 4950/82/5033 5152/81/5033
f 5052/58/5034 5254/60/5034 5353/7750/5034 5151/7449/5034
f 5151/7449/5035 5353/7750/5035 5352/7751/5035 5150/7752/5035
f 5150/7752/5036 5352/7751/5036 5351/7753/5036 5149/7754/5036
f 5149/7754/5037 5351/7753/5037 5350/7755/5037 5148/7756/5037
f 5148/7756/5038 5350/7755/5038 5349/7757/5038 5147/7758/5038
f 5147/7758/5039 5349/7757/5039 5348/7759/5039 5146/7760/5039
f 5146/7760/5040 5348/7759/5040 5347/7761/5040 5145/7762/5040
f 5145/7762/5041 5347/7761/5041 5346/7763/5041 5144/7764/5041
f 5144/7764/5042 5346/7763/5042 5345/7765/5042 5143/7766/5042
f 5143/7766/5043 5345/7765/5043 5344/7767/5043 5142/7768/5043
f 5142/7768/5044 5344/7767/5044 5343/7769/5044 5141/7770/5044
f 5141/7770/5045 5343/7769/5045 5342/7771/5045 5140/7772/5045
f 5140/7772/5046 5342/7771/5046 5341/7773/5046 5139/7774/5046
f 5139/7774/5047 5341/7773/5047 5340/7775/5047 5138/7776/5047
f 5138/7776/5048 5340/7775/5048 5339/7777/5048 5137/7778/5048
f 5137/7778/5049 5339/7777/5049 5338/7779/5049 5136/7780/5049
f 5136/7780/5050 5338/7779/5050 5337/7781/5050 5135/7782/5050
f 5135/7782/5051 5337/7781/5051 5336/7783/5051 5134/7784/5051
f 5134/7784/5052 5336/7783/5052 5335/7785/5052 5133/7786/5052
f 5133/7786/5053 5335/7785/5053 5334/7787/5053 5132/7788/5053
f 5132/7788/5054 5334/7787/5054 5333/7789/5054 5131/7790/5054
f 5131/7790/5055 5333/7789/5055 5332/7791/5055 5130/7792/5055
f 5130/7792/5056 5332/7791/5056 5331/7793/5056 5129/7794/5056
f 5129/7794/5057 5331/7793/5057 5330/7795/5057 5128/7796/5057
f 5128/7796/5058 5330/7795/5058 5329/7797/5058 5127/7798/5058
f 5127/7798/5059 5329/7797/5059 5328/7799/5059 5126/7800/5059
f 5126/7800/5060 5328/7799/5060 5327/7801/5060 5125/7802/5060
f 5125/7802/5061 5327/7801/5061 5326/7803/5061 5124/7804/5061
f 5124/7804/5062 5326/7803/5062 5325/7805/5062 5123/7806/5062
f 5123/7806/5063 5325/7805/5063 5324/7807/5063 5122/7808/5063
f 5122/7808/5064 5324/7807/5064 5323/7809/5064 5121/7810/5064
f 5121/7810/5065 5323/7809/5065 5322/7811/5065 5120/7812/5065
f 5120/7812/5066 5322/7811/5066 5321/7813/5066 5119/7814/5066
f 5119/7814/5067 5321/7813/5067 5320/7815/5067 5118/7816/5067
f 5118/7816/5068 5320/7815/5068 5319/7817/5068 5117/7818/5068
f 5117/7818/5069 5319/7817/5069 5318/7819/5069 5116/7820/5069
f 5116/7820/5070 5318/7819/5070 5317/7821/5070 5115/7822/5070
f 5115/7822/5071 5317/7821/5071 5316/7823/5071 5114/7824/5071
f 5114/7824/5072 5316/7823/5072 5315/7825/5072 5113/7826/5072
f 5113/7826/5073 5315/7825/5073 5314/7827/5073 5112/7828/5073
f 5112/7828/5074 5314/7827/5074 5313/7829/5074 5111/7830/5074
f 5111/7830/5075 5313/7829/5075 5312/7831/5075 5110/7832/5075
f 5110/7832/5076 5312/7831/5076 5311/7833/5076 5109/7834/5076
f 5109/7834/5077 5311/7833/5077 5310/7835/5077 5108/7836/5077
f 5108/7836/5078 5310/7835/5078 5309/7837/5078 5107/7838/5078
f 5107/7838/5079 5309/7837/5079 5308/7839/5079 5106/7840/5079
f 5106/7840/5080 5308/7839/5080 5307/7841/5080 5105/7842/5080
f 5105/7842/5081 5307/7841/5081 5306/7843/5081 5104/7844/5081
f 5104/7844/5082 5306/7843/5082 5305/7845/5082 5103/7846/5082
f 5103/7846/5083 5305/7845/5083 5304/7847/5083 5102/7848/5083
f 5102/7849/5084 5304/7850/5084 5303/7851/5084 5101/7550/5084
f 5101/7550/5085 5303/7851/5085 5302/7852/5085 5100/7551/5085
f 5100/7551/5086 5302/7852/5086 5301/7853/5086 5099/7552/5086
f 5099/7552/5087 5301/7853/5087 5300/7854/5087 5098/7553/5087
f 5098/7553/5088 5300/7854/5088 5299/7855/5088 5097/7554/5088
f 5097/7554/5089 5299/7855/5089 5298/7856/5089 5096/7555/5089
f 5096/7555/5090 5298/7856/5090 5297/7857/5090 5095/7556/5090
f 5095/7556/5091 5297/7857/5091 5296/7858/5091 5094/7557/5091
f 5094/7557/5092 5296/7858/5092 5295/7859/5092 5093/7558/5092
f 5093/7558/5093 5295/7859/5093 5294/7860/5093 5092/7559/5093
f 5092/7559/5094 5294/7860/5094 5293/7861/5094 5091/7560/5094
f 5091/7560/5095 5293/7861/5095 5292/7862/5095 5090/7561/5095
f 5090/7561/5096 5292/7862/5096 5291/7863/5096 5089/7562/5096
f 5089/7562/5097 5291/7863/5097 5290/7864/5097 5088/7563/5097
f 5088/7563/5098 5290/7864/5098 5289/7865/5098 5087/7564/5098
f 5087/7564/5099 5289/7865/5099 5288/7866/5099 5086/7565/5099
f 5086/7565/5100 5288/7866/5100 5287/7867/5100 5085/7566/5100
f 5085/7566/5101 5287/7867/5101 5286/7868/5101 5084/7567/5101
f 5084/7567/5102 5286/7868/5102 5285/7869/5102 5083/7568/5102
f 5083/7568/5103 5285/7869/5103 5284/7870/5103 5082/7569/5103
f 5082/7569/5104 5284/7870/5104 5283/7871/5104 5081/7570/5104
f 5081/7570/5105 5283/7871/5105 5282/7872/5105 5080/7571/5105
f 5080/7571/5106 5282/7872/5106 5281/7873/5106 5079/7572/5106
f 5079/7572/5107 5281/7873/5107 5280/7874/5107 5078/7573/5107
f 5078/7573/5108 5280/7874/5108 5279/7875/5108 5077/7574/5108
f 5077/7574/5109 5279/7875/5109 5278/7876/5109 5076/7575/5109
f 5076/7575/5110 5278/7876/5110 5277/7877/5110 5075/7576/5110
f 5075/7576/5111 5277/7877/5111 5276/7878/5111 5074/7577/5111
f 5074/7577/5112 5276/7878/5112 5275/7879/5112 5073/7578/5112
f 5073/7578/5113 5275/7879/5113 5274/7880/5113 5072/7579/5113
f 5072/7579/5114 5274/7880/5114 5273/7881/5114 5071/7580/5114
f 5071/7580/5115 5273/7881/5115 5272/7882/5115 5070/7581/5115
f 5070/7581/5116 5272/7882/5116 5271/7883/5116 5069/7582/5116
f 5069/7582/5117 5271/7883/5117 5270/7884/5117 5068/7583/5117
f 5068/7583/5118 5270/7884/5118 5269/7885/5118 5067/7584/5118
f 5067/7584/5119 5269/7885/5119 5268/7886/5119 5066/7585/5119
f 5066/7585/5120 5268/7886/5120 5267/7887/5120 5065/7586/5120
f 5065/7586/5121 5267/7887/5121 5266/7888/5121 5064/7587/5121
f 5064/7587/5122 5266/7888/5122 5265/7889/5122 5063/7588/5122
f 5063/7588/5123 5265/7889/5123 5264/7890/5123 5062/7589/5123
f 5062/7589/5124 5264/7890/5124 5263/7891/5124 5061/7590/5124
f 5061/7590/5125 5263/7891/5125 5262/7892/5125 5060/7591/5125
f 5060/7591/5126 5262/7892/5126 5261/7893/5126 5059/7592/5126
f 5059/7592/5127 5261/7893/5127 5260/7894/5127 5058/7593/5127
f 5058/7593/5128 5260/7894/5128 5259/7895/5128 5057/7594/5128
f 5057/7594/5129 5259/7895/5129 5258/7896/5129 5056/7595/5129
f 5056/7595/5130 5258/7896/5130 5257/7897/5130 5055/7596/5130
f 5055/7596/5131 5257/7897/5131 5256/7898/5131 5054/7597/5131
f 5054/7597/5132 5256/7898/5132 5255/7899/5132 5053/7598/5132
f 5053/7598/5133 5255/7899/5133 5253/7900/5133 5051/7599/5133
f 5355/59/5134 5153/57/5134 5252/7600/5134 5454/7901/5134
f 5454/7901/5135 5252/7600/5135 5251/7902/5135 5453/7903/5135
f 5453/7903/5136 5251/7902/5136 5250/7904/5136 5452/7905/5136
f 5452/7905/5137 5250/7904/5137 5249/7906/5137 5451/7907/5137
f 5451/7907/5138 5249/7906/5138 5248/7908/5138 5450/7909/5138
f 5450/7909/5139 5248/7908/5139 5247/7910/5139 5449/7911/5139
f 5449/7911/5140 5247/7910/5140 5246/7912/5140 5448/7913/5140
f 5448/7913/5141 5246/7912/5141 5245/7914/5141 5447/7915/5141
f 5447/7915/5142 5245/7914/5142 5244/7916/5142 5446/7917/5142
f 5446/7917/5143 5244/7916/5143 5243/7918/5143 5445/7919/5143
f 5445/7919/5144 5243/7918/5144 5242/7920/5144 5444/7921/5144
f 5444/7921/5145 5242/7920/5145 5241/7922/5145 5443/7923/5145
f 5443/7923/5146 5241/7922/5146 5240/7924/5146 5442/7925/5146
f 5442/7925/5147 5240/7924/5147 5239/7926/5147 5441/7927/5147
f 5441/7927/5148 5239/7926/5148 5238/7928/5148 5440/7929/5148
f 5440/7929/5149 5238/7928/5149 5237/7930/5149 5439/7931/5149
f 5439/7931/5150 5237/7930/5150 5236/7932/5150 5438/7933/5150
f 5438/7933/5151 5236/7932/5151 5235/7934/5151 5437/7935/5151
f 5437/7935/5152 5235/7934/5152 5234/7936/5152 5436/7937/5152
f 5436/7937/5153 5234/7936/5153 5233/7938/5153 5435/7939/5153
f 5435/7939/5154 5233/7938/5154 5232/7940/5154 5434/7941/5154
f 5434/7941/5155 5232/7940/5155 5231/7942/5155 5433/7943/5155
f 5433/7943/5156 5231/7942/5156 5230/7944/5156 5432/7945/5156
f 5432/7945/5157 5230/7944/5157 5229/7946/5157 5431/7947/5157
f 5431/7947/5158 5229/7946/5158 5228/7948/5158 5430/7949/5158
f 5430/7949/5159 5228/7948/5159 5227/7950/5159 5429/7951/5159
f 5429/7951/5160 5227/7950/5160 5226/7952/5160 5428/7953/5160
f 5428/7953/5161 5226/7952/5161 5225/7954/5161 5427/7955/5161
f 5427/7955/5162 5225/7954/5162 5224/7956/5162 5426/7957/5162
f 5426/7957/5163 5224/7956/5163 5223/7958/5163 5425/7959/5163
f 5425/7959/5164 5223/7958/5164 5222/7960/5164 5424/7961/5164
f 5424/7961/5165 5222/7960/5165 5221/7962/5165 5423/7963/5165
f 5423/7963/5166 5221/7962/5166 5220/7964/5166 5422/7965/5166
f 5422/7965/5167 5220/7964/5167 5219/7966/5167 5421/7967/5167
f 5421/7967/5168 5219/7966/5168 5218/7968/5168 5420/7969/5168
f 5420/7969/5169 5218/7968/5169 5217/7970/5169 5419/7971/5169
f 5419/7971/5170 5217/7970/5170 5216/7972/5170 5418/7973/5170
f 5418/7973/5171 5216/7972/5171 5215/7974/5171 5417/7975/5171
f 5417/7975/5172 5215/7974/5172 5214/7976/5172 5416/7977/5172
f 5416/7977/5173 5214/7976/5173 5213/7978/5173 5415/7979/5173
f 5415/7979/5174 5213/7978/5174 5212/7980/5174 5414/7981/5174
f 5414/7981/5175 5212/7980/5175 5211/7982/5175 5413/7983/5175
f 5413/7983/5176 5211/7982/5176 5210/7984/5176 5412/7985/5176
f 5412/7985/5177 5210/7984/5177 5209/7986/5177 5411/7987/5177
f 5411/7987/5178 5209/7986/5178 5208/7988/5178 5410/7989/5178
f 5410/7989/5179 5208/7988/5179 5207/7990/5179 5409/7991/5179
f 5409/7991/5180 5207/7990/5180 5206/7992/5180 5408/7993/5180
f 5408/7993/5181 5206/7992/5181 5205/7994/5181 5407/7995/5181
f 5407/7995/5182 5205/7994/5182 5204/7996/5182 5406/7997/5182
f 5406/7997/5183 5204/7996/5183 5203/7998/5183 5405/7999/5183
f 5405/8000/5184 5203/8001/5184 5202/7701/5184 5404/8002/5184
f 5404/8002/5185 5202/7701/5185 5201/7702/5185 5403/8003/5185
f 5403/8003/5186 5201/7702/5186 5200/7703/5186 5402/8004/5186
f 5402/8004/5187 5200/7703/5187 5199/7704/5187 5401/8005/5187
f 5401/8005/5188 5199/7704/5188 5198/7705/5188 5400/8006/5188
f 5400/8006/5189 5198/7705/5189 5197/7706/5189 5399/8007/5189
f 5399/8007/5190 5197/7706/5190 5196/7707/5190 5398/8008/5190
f 5398/8008/5191 5196/7707/5191 5195/7708/5191 5397/8009/5191
f 5397/8009/5192 5195/7708/5192 5194/7709/5192 5396/8010/5192
f 5396/8010/5193 5194/7709/5193 5193/7710/5193 5395/8011/5193
f 5395/8011/5194 5193/7710/5194 5192/7711/5194 5394/8012/5194
f 5394/8012/5195 5192/7711/5195 5191/7712/5195 5393/8013/5195
f 5393/8013/5196 5191/7712/5196 5190/7713/5196 5392/8014/5196
f 5392/8014/5197 5190/7713/5197 5189/7714/5197 5391/8015/5197
f 5391/8015/5198 5189/7714/5198 5188/7715/5198 5390/8016/5198
f 5390/8016/5199 5188/7715/5199 5187/7716/5199 5389/8017/5199
f 5389/8017/5200 5187/7716/5200 5186/7717/5200 5388/8018/5200
f 5388/8018/5201 5186/7717/5201 5185/7718/5201 5387/8019/5201
f 5387/8019/5202 5185/7718/5202 5184/7719/5202 5386/8020/5202
f 5386/8020/5203 5184/7719/5203 5183/7720/5203 5385/8021/5203
f 5385/8021/5204 5183/7720/5204 5182/7721/5204 5384/8022/5204
f 5384/8022/5205 5182/7721/5205 5181/7722/5205 5383/8023/5205
f 5383/8023/5206 5181/7722/5206 5180/7723/5206 5382/8024/5206
f 5382/8024/5207 5180/7723/5207 5179/7724/5207 5381/8025/5207
f 5381/8025/5208 5179/7724/5208 5178/7725/5208 5380/8026/5208
f 5380/8026/5209 5178/7725/5209 5177/7726/5209 5379/8027/5209
f 5379/8027/5210 5177/7726/5210 5176/7727/5210 5378/8028/5210
f 5378/8028/5211 5176/7727/5211 5175/7728/5211 5377/8029/5211
f 5377/8029/5212 5175/7728/5212 5174/7729/5212 5376/8030/5212
f 5376/8030/5213 5174/7729/5213 5173/7730/5213 5375/8031/5213
f 5375/8031/5214 5173/7730/5214 5172/7731/5214 5374/8032/5214
f 5374/8032/5215 5172/7731/5215 5171/7732/5215 5373/8033/5215
f 5373/8033/5216 5171/7732/5216 5170/7733/5216 5372/8034/5216
f 5372/8034/5217 5170/7733/5217 5169/7734/5217 5371/8035/5217
f 5371/8035/5218 5169/7734/5218 5168/7735/5218 5370/8036/5218
f 5370/8036/5219 5168/7735/5219 5167/7736/5219 5369/8037/5219
f 5369/8037/5220 5167/7736/5220 5166/7737/5220 5368/8038/5220
f 5368/8038/5221 5166/7737/5221 5165/7738/5221 5367/8039/5221
f 5367/8039/5222 5165/7738/5222 5164/7739/5222 5366/8040/5222
f 5366/8040/5223 5164/7739/5223 5163/7740/5223 5365/8041/5223
f 5365/8041/5224 5163/7740/5224 5162/7741/5224 5364/8042/5224
f 5364/8042/5225 5162/7741/5225 5161/7742/5225 5363/8043/5225
f 5363/8043/5226 5161/7742/5226 5160/7743/5226 5362/8044/5226
f 5362/8044/5227 5160/7743/5227 5159/7744/5227 5361/8045/5227
f 5361/8045/5228 5159/7744/5228 5158/7745/5228 5360/8046/5228
f 5360/8046/5229 5158/7745/5229 5157/7746/5229 5359/8047/5229
f 5359/8047/5230 5157/7746/5230 5156/7747/5230 5358/8048/5230
f 5358/8048/5231 5156/7747/5231 5155/7748/5231 5357/8049/5231
f 5357/8049/5232 5155/7748/5232 5154/7749/5232 5356/8050/5232
f 5356/8050/5233 5154/7749/5233 5152/81/5233 5354/80/5233
f 5254/60/5234 5456/62/5234 5555/8051/5234 5353/7750/5234
f 5353/7750/5235 5555/8051/5235 5554/8052/5235 5352/8053/5235
f 5352/8053/5236 5554/8052/5236 5553/8054/5236 5351/8055/5236
f 5351/8055/5237 5553/8054/5237 5552/8056/5237 5350/8057/5237
f 5350/8057/5238 5552/8056/5238 5551/8058/5238 5349/8059/5238
f 5349/8059/5239 5551/8058/5239 5550/8060/5239 5348/8061/5239
f 5348/8061/5240 5550/8060/5240 5549/8062/5240 5347/8063/5240
f 5347/8063/5241 5549/8062/5241 5548/8064/5241 5346/8065/5241
f 5346/8065/5242 5548/8064/5242 5547/8066/5242 5345/8067/5242
f 5345/8067/5243 5547/8066/5243 5546/8068/5243 5344/8069/5243
f 5344/8069/5244 5546/8068/5244 5545/8070/5244 5343/8071/5244
f 5343/8071/5245 5545/8070/5245 5544/8072/5245 5342/8073/5245
f 5342/8073/5246 5544/8072/5246 5543/8074/5246 5341/8075/5246
f 5341/8075/5247 5543/8074/5247 5542/8076/5247 5340/8077/5247
f 5340/8077/5248 5542/8076/5248 5541/8078/5248 5339/8079/5248
f 5339/8079/5249 5541/8078/5249 5540/8080/5249 5338/8081/5249
f 5338/8081/5250 5540/8080/5250 5539/8082/5250 5337/8083/5250
f 5337/8083/5251 5539/8082/5251 5538/8084/5251 5336/8085/5251
f 5336/8085/5252 5538/8084/5252 5537/8086/5252 5335/8087/5252
f 5335/8087/5253 5537/8086/5253 5536/8088/5253 5334/8089/5253
f 5334/8089/5254 5536/8088/5254 5535/8090/5254 5333/8091/5254
f 5333/8091/5255 5535/8090/5255 5534/8092/5255 5332/8093/5255
f 5332/8093/5256 5534/8092/5256 5533/8094/5256 5331/8095/5256
f 5331/8095/5257 5533/8094/5257 5532/8096/5257 5330/8097/5257
f 5330/8097/5258 5532/8096/5258 5531/8098/5258 5329/8099/5258
f 5329/8099/5259 5531/8098/5259 5530/8100/5259 5328/8101/5259
f 5328/8101/5260 5530/8100/5260 5529/8102/5260 5327/8103/5260
f 5327/8103/5261 5529/8102/5261 5528/8104/5261 5326/8105/5261
f 5326/8105/5262 5528/8104/5262 5527/8106/5262 5325/8107/5262
f 5325/8107/5263 5527/8106/5263 5526/8108/5263 5324/8109/5263
f 5324/8109/5264 5526/8108/5264 5525/8110/5264 5323/8111/5264
f 5323/8111/5265 5525/8110/5265 5524/8112/5265 5322/8113/5265
f 5322/8113/5266 5524/8112/5266 5523/8114/5266 5321/8115/5266
f 5321/8115/5267 5523/8114/5267 5522/8116/5267 5320/8117/5267
f 5320/8117/5268 5522/8116/5268 5521/8118/5268 5319/8119/5268
f 5319/8119/5269 5521/8118/5269 5520/8120/5269 5318/8121/5269
f 5318/8121/5270 5520/8120/5270 5519/8122/5270 5317/8123/5270
f 5317/8123/5271 5519/8122/5271 5518/8124/5271 5316/8125/5271
f 5316/8125/5272 5518/8124/5272 5517/8126/5272 5315/8127/5272
f 5315/8127/5273 5517/8126/5273 5516/8128/5273 5314/8129/5273
f 5314/8129/5274 5516/8128/5274 5515/8130/5274 5313/8131/5274
f 5313/8131/5275 5515/8130/5275 5514/8132/5275 5312/8133/5275
f 5312/8133/5276 5514/8132/5276 5513/8134/5276 5311/8135/5276
f 5311/8135/5277 5513/8134/5277 5512/8136/5277 5310/8137/5277
f 5310/8137/5278 5512/8136/5278 5511/8138/5278 5309/8139/5278
f 5309/8139/5279 5511/8138/5279 5510/8140/5279 5308/8141/5279
f 5308/8141/5280 5510/8140/5280 5509/8142/5280 5307/8143/5280
f 5307/8143/5281 5509/8142/5281 5508/8144/5281 5306/8145/5281
f 5306/8145/5282 5508/8144/5282 5507/8146/5282 5305/8147/5282
f 5305/8147/5283 5507/8146/5283 5506/8148/5283 5304/8149/5283
f 5304/8150/5284 5506/8151/5284 5505/8152/5284 5303/7851/5284
f 5303/7851/5285 5505/8152/5285 5504/8153/5285 5302/7852/5285
f 5302/7852/5286 5504/8153/5286 5503/8154/5286 5301/7853/5286
f 5301/7853/5287 5503/8154/5287 5502/8155/5287 5300/7854/5287
f 5300/7854/5288 5502/8155/5288 5501/8156/5288 5299/7855/5288
f 5299/7855/5289 5501/8156/5289 5500/8157/5289 5298/7856/5289
f 5298/7856/5290 5500/8157/5290 5499/8158/5290 5297/7857/5290
f 5297/7857/5291 5499/8158/5291 5498/8159/5291 5296/7858/5291
f 5296/7858/5292 5498/8159/5292 5497/8160/5292 5295/7859/5292
f 5295/7859/5293 5497/8160/5293 5496/8161/5293 5294/7860/5293
f 5294/7860/5294 5496/8161/5294 5495/8162/5294 5293/7861/5294
f 5293/7861/5295 5495/8162/5295 5494/8163/5295 5292/7862/5295
f 5292/7862/5296 5494/8163/5296 5493/8164/5296 5291/7863/5296
f 5291/7863/5297 5493/8164/5297 5492/8165/5297 5290/7864/5297
f 5290/7864/5298 5492/8165/5298 5491/8166/5298 5289/7865/5298
f 5289/7865/5299 5491/8166/5299 5490/8167/5299 5288/7866/5299
f 5288/7866/5300 5490/8167/5300 5489/8168/5300 5287/7867/5300
f 5287/7867/5301 5489/8168/5301 5488/8169/5301 5286/7868/5301
f 5286/7868/5302 5488/8169/5302 5487/8170/5302 5285/7869/5302
f 5285/7869/5303 5487/8170/5303 5486/8171/5303 5284/7870/5303
f 5284/7870/5304 5486/8171/5304 5485/8172/5304 5283/7871/5304
f 5283/7871/5305 5485/8172/5305 5484/8173/5305 5282/7872/5305
f 5282/7872/5306 5484/8173/5306 5483/8174/5306 5281/7873/5306
f 5281/7873/5307 5483/8174/5307 5482/8175/5307 5280/7874/5307
f 5280/7874/5308 5482/8175/5308 5481/8176/5308 5279/7875/5308
f 5279/7875/5309 5481/8176/5309 5480/8177/5309 5278/7876/5309
f 5278/7876/5310 5480/8177/5310 5479/8178/5310 5277/7877/5310
f 5277/7877/5311 5479/8178/5311 5478/8179/5311 5276/7878/5311
f 5276/7878/5312 5478/8179/5312 5477/8180/5312 5275/7879/5312
f 5275/7879/5313 5477/8180/5313 5476/8181/5313 5274/7880/5313
f 5274/7880/5314 5476/8181/5314 5475/8182/5314 5273/7881/5314
f 5273/7881/5315 5475/8182/5315 5474/8183/5315 5272/7882/5315
f 5272/7882/5316 5474/8183/5316 5473/8184/5316 5271/7883/5316
f 5271/7883/5317 5473/8184/5317 5472/8185/5317 5270/7884/5317
f 5270/7884/5318 5472/8185/5318 5471/8186/5318 5269/7885/5318
f 5269/7885/5319 5471/8186/5319 5470/8187/5319 5268/7886/5319
f 5268/7886/5320 5470/8187/5320 5469/8188/5320 5267/7887/5320
f 5267/7887/5321 5469/8188/5321 5468/8189/5321 5266/7888/5321
f 5266/7888/5322 5468/8189/5322 5467/8190/5322 5265/7889/5322
f 5265/7889/5323 5467/8190/5323 5466/8191/5323 5264/7890/5323
f 5264/7890/5324 5466/8191/5324 5465/8192/5324 5263/7891/5324
f 5263/7891/5325 5465/8192/5325 5464/8193/5325 5262/7892/5325
f 5262/7892/5326 5464/8193/5326 5463/8194/5326 5261/7893/5326
f 5261/7893/5327 5463/8194/5327 5462/8195/5327 5260/7894/5327
f 5260/7894/5328 5462/8195/5328 5461/8196/5328 5259/7895/5328
f 5259/7895/5329 5461/8196/5329 5460/8197/5329 5258/7896/5329
f 5258/7896/5330 5460/8197/5330 5459/8198/5330 5257/7897/5330
f 5257/7897/5331 5459/8198/5331 5458/8199/5331 5256/7898/5331
f 5256/7898/5332 5458/8199/5332 5457/8200/5332 5255/7899/5332
f 5255/7899/5333 5457/8200/5333 5455/8201/5333 5253/7900/5333
f 5557/61/5334 5355/59/5334 5454/7901/5334 5656/8202/5334
f 5656/8202/5335 5454/7901/5335 5453/8203/5335 5655/8204/5335
f 5655/8204/5336 5453/8203/5336 5452/8205/5336 5654/8206/5336
f 5654/8206/5337 5452/8205/5337 5451/8207/5337 5653/8208/5337
f 5653/8208/5338 5451/8207/5338 5450/8209/5338 5652/8210/5338
f 5652/8210/5339 5450/8209/5339 5449/8211/5339 5651/8212/5339
f 5651/8212/5340 5449/8211/5340 5448/8213/5340 5650/8214/5340
f 5650/8214/5341 5448/8213/5341 5447/8215/5341 5649/8216/5341
f 5649/8216/5342 5447/8215/5342 5446/8217/5342 5648/8218/5342
f 5648/8218/5343 5446/8217/5343 5445/8219/5343 5647/8220/5343
f 5647/8220/5344 5445/8219/5344 5444/8221/5344 5646/8222/5344
f 5646/8222/5345 5444/8221/5345 5443/8223/5345 5645/8224/5345
f 5645/8224/5346 5443/8223/5346 5442/8225/5346 5644/8226/5346
f 5644/8226/5347 5442/8225/5347 5441/8227/5347 5643/8228/5347
f 5643/8228/5348 5441/8227/5348 5440/8229/5348 5642/8230/5348
f 5642/8230/5349 5440/8229/5349 5439/8231/5349 5641/8232/5349
f 5641/8232/5350 5439/8231/5350 5438/8233/5350 5640/8234/5350
f 5640/8234/5351 5438/8233/5351 5437/8235/5351 5639/8236/5351
f 5639/8236/5352 5437/8235/5352 5436/8237/5352 5638/8238/5352
f 5638/8238/5353 5436/8237/5353 5435/8239/5353 5637/8240/5353
f 5637/8240/5354 5435/8239/5354 5434/8241/5354 5636/8242/5354
f 5636/8242/5355 5434/8241/5355 5433/8243/5355 5635/8244/5355
f 5635/8244/5356 5433/8243/5356 5432/8245/5356 5634/8246/5356
f 5634/8246/5357 5432/8245/5357 5431/8247/5357 5633/8248/5357
f 5633/8248/5358 5431/8247/5358 5430/8249/5358 5632/8250/5358
f 5632/8250/5359 5430/8249/5359 5429/8251/5359 5631/8252/5359
f 5631/8252/5360 5429/8251/5360 5428/8253/5360 5630/8254/5360
f 5630/8254/5361 5428/8253/5361 5427/8255/5361 5629/8256/5361
f 5629/8256/5362 5427/8255/5362 5426/8257/5362 5628/8258/5362
f 5628/8258/5363 5426/8257/5363 5425/8259/5363 5627/8260/5363
f 5627/8260/5364 5425/8259/5364 5424/8261/5364 5626/8262/5364
f 5626/8262/5365 5424/8261/5365 5423/8263/5365 5625/8264/5365
f 5625/8264/5366 5423/8263/5366 5422/8265/5366 5624/8266/5366
f 5624/8266/5367 5422/8265/5367 5421/8267/5367 5623/8268/5367
f 5623/8268/5368 5421/8267/5368 5420/8269/5368 5622/8270/5368
f 5622/8270/5369 5420/8269/5369 5419/8271/5369 5621/8272/5369
f 5621/8272/5370 5419/8271/5370 5418/8273/5370 5620/8274/5370
f 5620/8274/5371 5418/8273/5371 5417/8275/5371 5619/8276/5371
f 5619/8276/5372 5417/8275/5372 5416/8277/5372 5618/8278/5372
f 5618/8278/5373 5416/8277/5373 5415/8279/5373 5617/8280/5373
f 5617/8280/5374 5415/8279/5374 5414/8281/5374 5616/8282/5374
f 5616/8282/5375 5414/8281/5375 5413/8283/5375 5615/8284/5375
f 5615/8284/5376 5413/8283/5376 5412/8285/5376 5614/8286/5376
f 5614/8286/5377 5412/8285/5377 5411/8287/5377 5613/8288/5377
f 5613/8288/5378 5411/8287/5378 5410/8289/5378 5612/8290/5378
f 5612/8290/5379 5410/8289/5379 5409/8291/5379 5611/8292/5379
f 5611/8292/5380 5409/8291/5380 5408/8293/5380 5610/8294/5380
f 5610/8294/5381 5408/8293/5381 5407/8295/5381 5609/8296/5381
f 5609/8296/5382 5407/8295/5382 5406/8297/5382 5608/8298/5382
f 5608/8298/5383 5406/8297/5383 5405/8299/5383 5607/8300/5383
f 5607/8301/5384 5405/8302/5384 5404/8002/5384 5606/8303/5384
f 5606/8303/5385 5404/8002/5385 5403/8003/5385 5605/8304/5385
f 5605/8304/5386 5403/8003/5386 5402/8004/5386 5604/8305/5386
f 5604/8305/5387 5402/8004/5387 5401/8005/5387 5603/8306/5387
f 5603/8306/5388 5401/8005/5388 5400/8006/5388 5602/8307/5388
f 5602/8307/5389 5400/8006/5389 5399/8007/5389 5601/8308/5389
f 5601/8308/5390 5399/8007/5390 5398/8008/5390 5600/8309/5390
f 5600/8309/5391 5398/8008/5391 5397/8009/5391 5599/8310/5391
f 5599/8310/5392 5397/8009/5392 5396/8010/5392 5598/8311/5392
f 5598/8311/5393 5396/8010/5393 5395/8011/5393 5597/8312/5393
f 5597/8312/5394 5395/8011/5394 5394/8012/5394 5596/8313/5394
f 5596/8313/5395 5394/8012/5395 5393/8013/5395 5595/8314/5395
f 5595/8314/5396 5393/8013/5396 5392/8014/5396 5594/8315/5396
f 5594/8315/5397 5392/8014/5397 5391/8015/5397 5593/8316/5397
f 5593/8316/5398 5391/8015/5398 5390/8016/5398 5592/8317/5398
f 5592/8317/5399 5390/8016/5399 5389/8017/5399 5591/8318/5399
f 5591/8318/5400 5389/8017/5400 5388/8018/5400 5590/8319/5400
f 5590/8319/5401 5388/8018/5401 5387/8019/5401 5589/8320/5401
f 5589/8320/5402 5387/8019/5402 5386/8020/5402 5588/8321/5402
f 5588/8321/5403 5386/8020/5403 5385/8021/5403 5587/8322/5403
f 5587/8322/5404 5385/8021/5404 5384/8022/5404 5586/8323/5404
f 5586/8323/5405 5384/8022/5405 5383/8023/5405 5585/8324/5405
f 5585/8324/5406 5383/8023/5406 5382/8024/5406 5584/8325/5406
f 5584/8325/5407 5382/8024/5407 5381/8025/5407 5583/8326/5407
f 5583/8326/5408 5381/8025/5408 5380/8026/5408 5582/8327/5408
f 5582/8327/5409 5380/8026/5409 5379/8027/5409 5581/8328/5409
f 5581/8328/5410 5379/8027/5410 5378/8028/5410 5580/8329/5410
f 5580/8329/5411 5378/8028/5411 5377/8029/5411 5579/8330/5411
f 5579/8330/5412 5377/8029/5412 5376/8030/5412 5578/8331/5412
f 5578/8331/5413 5376/8030/5413 5375/8031/5413 5577/8332/5413
f 5577/8332/5414 5375/8031/5414 5374/8032/5414 5576/8333/5414
f 5576/8333/5415 5374/8032/5415 5373/8033/5415 5575/8334/5415
f 5575/8334/5416 5373/8033/5416 5372/8034/5416 5574/8335/5416
f 5574/8335/5417 5372/8034/5417 5371/8035/5417 5573/8336/5417
f 5573/8336/5418 5371/8035/5418 5370/8036/5418 5572/8337/5418
f 5572/8337/5419 5370/8036/5419 5369/8037/5419 5571/8338/5419
f 5571/8338/5420 5369/8037/5420 5368/8038/5420 5570/8339/5420
f 5570/8339/5421 5368/8038/5421 5367/8039/5421 5569/8340/5421
f 5569/8340/5422 5367/8039/5422 5366/8040/5422 5568/8341/5422
f 5568/8341/5423 5366/8040/5423 5365/8041/5423 5567/8342/5423
f 5567/8342/5424 5365/8041/5424 5364/8042/5424 5566/8343/5424
f 5566/8343/5425 5364/8042/5425 5363/8043/5425 5565/8344/5425
f 5565/8344/5426 5363/8043/5426 5362/8044/5426 5564/8345/5426
f 5564/8345/5427 5362/8044/5427 5361/8045/5427 5563/8346/5427
f 5563/8346/5428 5361/8045/5428 5360/8046/5428 5562/8347/5428
f 5562/8347/5429 5360/8046/5429 5359/8047/5429 5561/8348/5429
f 5561/8348/5430 5359/8047/5430 5358/8048/5430 5560/8349/5430
f 5560/8349/5431 5358/8048/5431 5357/8049/5431 5559/8350/5431
f 5559/8350/5432 5357/8049/5432 5356/8050/5432 5558/8351/5432
f 5558/8351/5433 5356/8050/5433 5354/80/5433 5556/79/5433
f 5456/62/5434 5658/64/5434 5757/8352/5434 5555/8353/5434
f 5555/8353/5435 5757/8352/5435 5756/8354/5435 5554/8355/5435
f 5554/8355/5436 5756/8354/5436 5755/8356/5436 5553/8357/5436
f 5553/8357/5437 5755/8356/5437 5754/8358/5437 5552/8359/5437
f 5552/8359/5438 5754/8358/5438 5753/8360/5438 5551/8361/5438
f 5551/8361/5439 5753/8360/5439 5752/8362/5439 5550/8363/5439
f 5550/8363/5440 5752/8362/5440 5751/8364/5440 5549/8365/5440
f 5549/8365/5441 5751/8364/5441 5750/8366/5441 5548/8367/5441
f 5548/8367/5442 5750/8366/5442 5749/8368/5442 5547/8369/5442
f 5547/8369/5443 5749/8368/5443 5748/8370/5443 5546/8371/5443
f 5546/8371/5444 5748/8370/5444 5747/8372/5444 5545/8373/5444
f 5545/8373/5445 5747/8372/5445 5746/8374/5445 5544/8375/5445
f 5544/8375/5446 5746/8374/5446 5745/8376/5446 5543/8377/5446
f 5543/8377/5447 5745/8376/5447 5744/8378/5447 5542/8379/5447
f 5542/8379/5448 5744/8378/5448 5743/8380/5448 5541/8381/5448
f 5541/8381/5449 5743/8380/5449 5742/8382/5449 5540/8383/5449
f 5540/8383/5450 5742/8382/5450 5741/8384/5450 5539/8385/5450
f 5539/8385/5451 5741/8384/5451 5740/8386/5451 5538/8387/5451
f 5538/8387/5452 5740/8386/5452 5739/8388/5452 5537/8389/5452
f 5537/8389/5453 5739/8388/5453 5738/8390/5453 5536/8391/5453
f 5536/8391/5454 5738/8390/5454 5737/8392/5454 5535/8393/5454
f 5535/8393/5455 5737/8392/5455 5736/8394/5455 5534/8395/5455
f 5534/8395/5456 5736/8394/5456 5735/8396/5456 5533/8397/5456
f 5533/8397/5457 5735/8396/5457 5734/8398/5457 5532/8399/5457
f 5532/8399/5458 5734/8398/5458 5733/8400/5458 5531/8401/5458
f 5531/8401/5459 5733/8400/5459 5732/8402/5459 5530/8403/5459
f 5530/8403/5460 5732/8402/5460 5731/8404/5460 5529/8405/5460
f 5529/8405/5461 5731/8404/5461 5730/8406/5461 5528/8407/5461
f 5528/8407/5462 5730/8406/5462 5729/8408/5462 5527/8409/5462
f 5527/8409/5463 5729/8408/5463 5728/8410/5463 5526/8411/5463
f 5526/8411/5464 5728/8410/5464 5727/8412/5464 5525/8413/5464
f 5525/8413/5465 5727/8412/5465 5726/8414/5465 5524/8415/5465
f 5524/8415/5466 5726/8414/5466 5725/8416/5466 5523/8417/5466
f 5523/8417/5467 5725/8416/5467 5724/8418/5467 5522/8419/5467
f 5522/8419/5468 5724/8418/5468 5723/8420/5468 5521/8421/5468
f 5521/8421/5469 5723/8420/5469 5722/8422/5469 5520/8423/5469
f 5520/8423/5470 5722/8422/5470 5721/8424/5470 5519/8425/5470
f 5519/8425/5471 5721/8424/5471 5720/8426/5471 5518/8427/5471
f 5518/8427/5472 5720/8426/5472 5719/8428/5472 5517/8429/5472
f 5517/8429/5473 5719/8428/5473 5718/8430/5473 5516/8431/5473
f 5516/8431/5474 5718/8430/5474 5717/8432/5474 5515/8433/5474
f 5515/8433/5475 5717/8432/5475 5716/8434/5475 5514/8435/5475
f 5514/8435/5476 5716/8434/5476 5715/8436/5476 5513/8437/5476
f 5513/8437/5477 5715/8436/5477 5714/8438/5477 5512/8439/5477
f 5512/8439/5478 5714/8438/5478 5713/8440/5478 5511/8441/5478
f 5511/8441/5479 5713/8440/5479 5712/8442/5479 5510/8443/5479
f 5510/8443/5480 5712/8442/5480 5711/8444/5480 5509/8445/5480
f 5509/8445/5481 5711/8444/5481 5710/8446/5481 5508/8447/5481
f 5508/8447/5482 5710/8446/5482 5709/8448/5482 5507/8449/5482
f 5507/8449/5483 5709/8448/5483 5708/8450/5483 5506/8451/5483
f 5506/8452/5484 5708/8453/5484 5707/8454/5484 5505/8152/5484
f 5505/8152/5485 5707/8454/5485 5706/8455/5485 5504/8153/5485
f 5504/8153/5486 5706/8455/5486 5705/8456/5486 5503/8154/5486
f 5503/8154/5487 5705/8456/5487 5704/8457/5487 5502/8155/5487
f 5502/8155/5488 5704/8457/5488 5703/8458/5488 5501/8156/5488
f 5501/8156/5489 5703/8458/5489 5702/8459/5489 5500/8157/5489
f 5500/8157/5490 5702/8459/5490 5701/8460/5490 5499/8158/5490
f 5499/8158/5491 5701/8460/5491 5700/8461/5491 5498/8159/5491
f 5498/8159/5492 5700/8461/5492 5699/8462/5492 5497/8160/5492
f 5497/8160/5493 5699/8462/5493 5698/8463/5493 5496/8161/5493
f 5496/8161/5494 5698/8463/5494 5697/8464/5494 5495/8162/5494
f 5495/8162/5495 5697/8464/5495 5696/8465/5495 5494/8163/5495
f 5494/8163/5496 5696/8465/5496 5695/8466/5496 5493/8164/5496
f 5493/8164/5497 5695/8466/5497 5694/8467/5497 5492/8165/5497
f 5492/8165/5498 5694/8467/5498 5693/8468/5498 5491/8166/5498
f 5491/8166/5499 5693/8468/5499 5692/8469/5499 5490/8167/5499
f 5490/8167/5500 5692/8469/5500 5691/8470/5500 5489/8168/5500
f 5489/8168/5501 5691/8470/5501 5690/8471/5501 5488/8169/5501
f 5488/8169/5502 5690/8471/5502 5689/8472/5502 5487/8170/5502
f 5487/8170/5503 5689/8472/5503 5688/8473/5503 5486/8171/5503
f 5486/8171/5504 5688/8473/5504 5687/8474/5504 5485/8172/5504
f 5485/8172/5505 5687/8474/5505 5686/8475/5505 5484/8173/5505
f 5484/8173/5506 5686/8475/5506 5685/8476/5506 5483/8174/5506
f 5483/8174/5507 5685/8476/5507 5684/8477/5507 5482/8175/5507
f 5482/8175/5508 5684/8477/5508 5683/8478/5508 5481/8176/5508
f 5481/8176/5509 5683/8478/5509 5682/8479/5509 5480/8177/5509
f 5480/8177/5510 5682/8479/5510 5681/8480/5510 5479/8178/5510
f 5479/8178/5511 5681/8480/5511 5680/8481/5511 5478/8179/5511
f 5478/8179/5512 5680/8481/5512 5679/8482/5512 5477/8180/5512
f 5477/8180/5513 5679/8482/5513 5678/8483/5513 5476/8181/5513
f 5476/8181/5514 5678/8483/5514 5677/8484/5514 5475/8182/5514
f 5475/8182/5515 5677/8484/5515 5676/8485/5515 5474/8183/5515
f 5474/8183/5516 5676/8485/5516 5675/8486/5516 5473/8184/5516
f 5473/8184/5517 5675/8486/5517 5674/8487/5517 5472/8185/5517
f 5472/8185/5518 5674/8487/5518 5673/8488/5518 5471/8186/5518
f 5471/8186/5519 5673/8488/5519 5672/8489/5519 5470/8187/5519
f 5470/8187/5520 5672/8489/5520 5671/8490/5520 5469/8188/5520
f 5469/8188/5521 5671/8490/5521 5670/8491/5521 5468/8189/5521
f 5468/8189/5522 5670/8491/5522 5669/8492/5522 5467/8190/5522
f 5467/8190/5523 5669/8492/5523 5668/8493/5523 5466/8191/5523
f 5466/8191/5524 5668/8493/5524 5667/8494/5524 5465/8192/5524
f 5465/8192/5525 5667/8494/5525 5666/8495/5525 5464/8193/5525
f 5464/8193/5526 5666/8495/5526 5665/8496/5526 5463/8194/5526
f 5463/8194/5527 5665/8496/5527 5664/8497/5527 5462/8195/5527
f 5462/8195/5528 5664/8497/5528 5663/8498/5528 5461/8196/5528
f 5461/8196/5529 5663/8498/5529 5662/8499/5529 5460/8197/5529
f 5460/8197/5530 5662/8499/5530 5661/8500/5530 5459/8198/5530
f 5459/8198/5531 5661/8500/5531 5660/8501/5531 5458/8199/5531
f 5458/8199/5532 5660/8501/5532 5659/8502/5532 5457/8200/5532
f 5457/8200/5533 5659/8502/5533 5657/8503/5533 5455/8201/5533
f 5759/63/5534 5557/61/5534 5656/8504/5534 5858/8505/5534
f 5858/8505/5535 5656/8504/5535 5655/8506/5535 5857/8507/5535
f 5857/8507/5536 5655/8506/5536 5654/8508/5536 5856/8509/5536
f 5856/8509/5537 5654/8508/5537 5653/8510/5537 5855/8511/5537
f 5855/8511/5538 5653/8510/5538 5652/8512/5538 5854/8513/5538
f 5854/8513/5539 5652/8512/5539 5651/8514/5539 5853/8515/5539
f 5853/8515/5540 5651/8514/5540 5650/8516/5540 5852/8517/5540
f 5852/8517/5541 5650/8516/5541 5649/8518/5541 5851/8519/5541
f 5851/8519/5542 5649/8518/5542 5648/8520/5542 5850/8521/5542
f 5850/8521/5543 5648/8520/5543 5647/8522/5543 5849/8523/5543
f 5849/8523/5544 5647/8522/5544 5646/8524/5544 5848/8525/5544
f 5848/8525/5545 5646/8524/5545 5645/8526/5545 5847/8527/5545
f 5847/8527/5546 5645/8526/5546 5644/8528/5546 5846/8529/5546
f 5846/8529/5547 5644/8528/5547 5643/8530/5547 5845/8531/5547
f 5845/8531/5548 5643/8530/5548 5642/8532/5548 5844/8533/5548
f 5844/8533/5549 5642/8532/5549 5641/8534/5549 5843/8535/5549
f 5843/8535/5550 5641/8534/5550 5640/8536/5550 5842/8537/5550
f 5842/8537/5551 5640/8536/5551 5639/8538/5551 5841/8539/5551
f 5841/8539/5552 5639/8538/5552 5638/8540/5552 5840/8541/5552
f 5840/8541/5553 5638/8540/5553 5637/8542/5553 5839/8543/5553
f 5839/8543/5554 5637/8542/5554 5636/8544/5554 5838/8545/5554
f 5838/8545/5555 5636/8544/5555 5635/8546/5555 5837/8547/5555
f 5837/8547/5556 5635/8546/5556 5634/8548/5556 5836/8549/5556
f 5836/8549/5557 5634/8548/5557 5633/8550/5557 5835/8551/5557
f 5835/8551/5558 5633/8550/5558 5632/8552/5558 5834/8553/5558
f 5834/8553/5559 5632/8552/5559 5631/8554/5559 5833/8555/5559
f 5833/8555/5560 5631/8554/5560 5630/8556/5560 5832/8557/5560
f 5832/8557/5561 5630/8556/5561 5629/8558/5561 5831/8559/5561
f 5831/8559/5562 5629/8558/5562 5628/8560/5562 5830/8561/5562
f 5830/8561/5563 5628/8560/5563 5627/8562/5563 5829/8563/5563
f 5829/8563/5564 5627/8562/5564 5626/8564/5564 5828/8565/5564
f 5828/8565/5565 5626/8564/5565 5625/8566/5565 5827/8567/5565
f 5827/8567/5566 5625/8566/5566 5624/8568/5566 5826/8569/5566
f 5826/8569/5567 5624/8568/5567 5623/8570/5567 5825/8571/5567
f 5825/8571/5568 5623/8570/5568 5622/8572/5568 5824/8573/5568
f 5824/8573/5569 5622/8572/5569 5621/8574/5569 5823/8575/5569
f 5823/8575/5570 5621/8574/5570 5620/8576/5570 5822/8577/5570
f 5822/8577/5571 5620/8576/5571 5619/8578/5571 5821/8579/5571
f 5821/8579/5572 5619/8578/5572 5618/8580/5572 5820/8581/5572
f 5820/8581/5573 5618/8580/5573 5617/8582/5573 5819/8583/5573
f 5819/8583/5574 5617/8582/5574 5616/8584/5574 5818/8585/5574
f 5818/8585/5575 5616/8584/5575 5615/8586/5575 5817/8587/5575
f 5817/8587/5576 5615/8586/5576 5614/8588/5576 5816/8589/5576
f 5816/8589/5577 5614/8588/5577 5613/8590/5577 5815/8591/5577
f 5815/8591/5578 5613/8590/5578 5612/8592/5578 5814/8593/5578
f 5814/8593/5579 5612/8592/5579 5611/8594/5579 5813/8595/5579
f 5813/8595/5580 5611/8594/5580 5610/8596/5580 5812/8597/5580
f 5812/8597/5581 5610/8596/5581 5609/8598/5581 5811/8599/5581
f 5811/8599/5582 5609/8598/5582 5608/8600/5582 5810/8601/5582
f 5810/8601/5583 5608/8600/5583 5607/8602/5583 5809/8603/5583
f 5809/8604/5584 5607/8605/5584 5606/8303/5584 5808/8606/5584
f 5808/8606/5585 5606/8303/5585 5605/8304/5585 5807/8607/5585
f 5807/8607/5586 5605/8304/5586 5604/8305/5586 5806/8608/5586
f 5806/8608/5587 5604/8305/5587 5603/8306/5587 5805/8609/5587
f 5805/8609/5588 5603/8306/5588 5602/8307/5588 5804/8610/5588
f 5804/8610/5589 5602/8307/5589 5601/8308/5589 5803/8611/5589
f 5803/8611/5590 5601/8308/5590 5600/8309/5590 5802/8612/5590
f 5802/8612/5591 5600/8309/5591 5599/8310/5591 5801/8613/5591
f 5801/8613/5592 5599/8310/5592 5598/8311/5592 5800/8614/5592
f 5800/8614/5593 5598/8311/5593 5597/8312/5593 5799/8615/5593
f 5799/8615/5594 5597/8312/5594 5596/8313/5594 5798/8616/5594
f 5798/8616/5595 5596/8313/5595 5595/8314/5595 5797/8617/5595
f 5797/8617/5596 5595/8314/5596 5594/8315/5596 5796/8618/5596
f 5796/8618/5597 5594/8315/5597 5593/8316/5597 5795/8619/5597
f 5795/8619/5598 5593/8316/5598 5592/8317/5598 5794/8620/5598
f 5794/8620/5599 5592/8317/5599 5591/8318/5599 5793/8621/5599
f 5793/8621/5600 5591/8318/5600 5590/8319/5600 5792/8622/5600
f 5792/8622/5601 5590/8319/5601 5589/8320/5601 5791/8623/5601
f 5791/8623/5602 5589/8320/5602 5588/8321/5602 5790/8624/5602
f 5790/8624/5603 5588/8321/5603 5587/8322/5603 5789/8625/5603
f 5789/8625/5604 5587/8322/5604 5586/8323/5604 5788/8626/5604
f 5788/8626/5605 5586/8323/5605 5585/8324/5605 5787/8627/5605
f 5787/8627/5606 5585/8324/5606 5584/8325/5606 5786/8628/5606
f 5786/8628/5607 5584/8325/5607 5583/8326/5607 5785/8629/5607
f 5785/8629/5608 5583/8326/5608 5582/8327/5608 5784/8630/5608
f 5784/8630/5609 5582/8327/5609 5581/8328/5609 5783/8631/5609
f 5783/8631/5610 5581/8328/5610 5580/8329/5610 5782/8632/5610
f 5782/8632/5611 5580/8329/5611 5579/8330/5611 5781/8633/5611
f 5781/8633/5612 5579/8330/5612 5578/8331/5612 5780/8634/5612
f 5780/8634/5613 5578/8331/5613 5577/8332/5613 5779/8635/5613
f 5779/8635/5614 5577/8332/5614 5576/8333/5614 5778/8636/5614
f 5778/8636/5615 5576/8333/5615 5575/8334/5615 5777/8637/5615
f 5777/8637/5616 5575/8334/5616 5574/8335/5616 5776/8638/5616
f 5776/8638/5617 5574/8335/5617 5573/8336/5617 5775/8639/5617
f 5775/8639/5618 5573/8336/5618 5572/8337/5618 5774/8640/5618
f 5774/8640/5619 5572/8337/5619 5571/8338/5619 5773/8641/5619
f 5773/8641/5620 5571/8338/5620 5570/8339/5620 5772/8642/5620
f 5772/8642/5621 5570/8339/5621 5569/8340/5621 5771/8643/5621
f 5771/8643/5622 5569/8340/5622 5568/8341/5622 5770/8644/5622
f 5770/8644/5623 5568/8341/5623 5567/8342/5623 5769/8645/5623
f 5769/8645/5624 5567/8342/5624 5566/8343/5624 5768/8646/5624
f 5768/8646/5625 5566/8343/5625 5565/8344/5625 5767/8647/5625
f 5767/8647/5626 5565/8344/5626 5564/8345/5626 5766/8648/5626
f 5766/8648/5627 5564/8345/5627 5563/8346/5627 5765/8649/5627
f 5765/8649/5628 5563/8346/5628 5562/8347/5628 5764/8650/5628
f 5764/8650/5629 5562/8347/5629 5561/8348/5629 5763/8651/5629
f 5763/8651/5630 5561/8348/5630 5560/8349/5630 5762/8652/5630
f 5762/8652/5631 5560/8349/5631 5559/8350/5631 5761/8653/5631
f 5761/8653/5632 5559/8350/5632 5558/8351/5632 5760/8654/5632
f 5760/8654/5633 5558/8351/5633 5556/79/5633 5758/78/5633
f 5658/64/5634 5860/67/5634 5959/8655/5634 5757/8352/5634
f 5757/8352/5635 5959/8655/5635 5958/8656/5635 5756/8657/5635
f 5756/8657/5636 5958/8656/5636 5957/8658/5636 5755/8659/5636
f 5755/8659/5637 5957/8658/5637 5956/8660/5637 5754/8661/5637
f 5754/8661/5638 5956/8660/5638 5955/8662/5638 5753/8663/5638
f 5753/8663/5639 5955/8662/5639 5954/8664/5639 5752/8665/5639
f 5752/8665/5640 5954/8664/5640 5953/8666/5640 5751/8667/5640
f 5751/8667/5641 5953/8666/5641 5952/8668/5641 5750/8669/5641
f 5750/8669/5642 5952/8668/5642 5951/8670/5642 5749/8671/5642
f 5749/8671/5643 5951/8670/5643 5950/8672/5643 5748/8673/5643
f 5748/8673/5644 5950/8672/5644 5949/8674/5644 5747/8675/5644
f 5747/8675/5645 5949/8674/5645 5948/8676/5645 5746/8677/5645
f 5746/8677/5646 5948/8676/5646 5947/8678/5646 5745/8679/5646
f 5745/8679/5647 5947/8678/5647 5946/8680/5647 5744/8681/5647
f 5744/8681/5648 5946/8680/5648 5945/8682/5648 5743/8683/5648
f 5743/8683/5649 5945/8682/5649 5944/8684/5649 5742/8685/5649
f 5742/8685/5650 5944/8684/5650 5943/8686/5650 5741/8687/5650
f 5741/8687/5651 5943/8686/5651 5942/8688/5651 5740/8689/5651
f 5740/8689/5652 5942/8688/5652 5941/8690/5652 5739/8691/5652
f 5739/8691/5653 5941/8690/5653 5940/8692/5653 5738/8693/5653
f 5738/8693/5654 5940/8692/5654 5939/8694/5654 5737/8695/5654
f 5737/8695/5655 5939/8694/5655 5938/8696/5655 5736/8697/5655
f 5736/8697/5656 5938/8696/5656 5937/8698/5656 5735/8699/5656
f 5735/8699/5657 5937/8698/5657 5936/8700/5657 5734/8701/5657
f 5734/8701/5658 5936/8700/5658 5935/8702/5658 5733/8703/5658
f 5733/8703/5659 5935/8702/5659 5934/8704/5659 5732/8705/5659
f 5732/8705/5660 5934/8704/5660 5933/8706/5660 5731/8707/5660
f 5731/8707/5661 5933/8706/5661 5932/8708/5661 5730/8709/5661
f 5730/8709/5662 5932/8708/5662 5931/8710/5662 5729/8711/5662
f 5729/8711/5663 5931/8710/5663 5930/8712/5663 5728/8713/5663
f 5728/8713/5664 5930/8712/5664 5929/8714/5664 5727/8715/5664
f 5727/8715/5665 5929/8714/5665 5928/8716/5665 5726/8717/5665
f 5726/8717/5666 5928/8716/5666 5927/8718/5666 5725/8719/5666
f 5725/8719/5667 5927/8718/5667 5926/8720/5667 5724/8721/5667
f 5724/8721/5668 5926/8720/5668 5925/8722/5668 5723/8723/5668
f 5723/8723/5669 5925/8722/5669 5924/8724/5669 5722/8725/5669
f 5722/8725/5670 5924/8724/5670 5923/8726/5670 5721/8727/5670
f 5721/8727/5671 5923/8726/5671 5922/8728/5671 5720/8729/5671
f 5720/8729/5672 5922/8728/5672 5921/8730/5672 5719/8731/5672
f 5719/8731/5673 5921/8730/5673 5920/8732/5673 5718/8733/5673
f 5718/8733/5674 5920/8732/5674 5919/8734/5674 5717/8735/5674
f 5717/8735/5675 5919/8734/5675 5918/8736/5675 5716/8737/5675
f 5716/8737/5676 5918/8736/5676 5917/8738/5676 5715/8739/5676
f 5715/8739/5677 5917/8738/5677 5916/8740/5677 5714/8741/5677
f 5714/8741/5678 5916/8740/5678 5915/8742/5678 5713/8743/5678
f 5713/8743/5679 5915/8742/5679 5914/8744/5679 5712/8745/5679
f 5712/8745/5680 5914/8744/5680 5913/8746/5680 5711/8747/5680
f 5711/8747/5681 5913/8746/5681 5912/8748/5681 5710/8749/5681
f 5710/8749/5682 5912/8748/5682 5911/8750/5682 5709/8751/5682
f 5709/8751/5683 5911/8750/5683 5910/8752/5683 5708/8753/5683
f 5708/8754/5684 5910/8755/5684 5909/8756/5684 5707/8454/5684
f 5707/8454/5685 5909/8756/5685 5908/8757/5685 5706/8455/5685
f 5706/8455/5686 5908/8757/5686 5907/8758/5686 5705/8456/5686
f 5705/8456/5687 5907/8758/5687 5906/8759/5687 5704/8457/5687
f 5704/8457/5688 5906/8759/5688 5905/8760/5688 5703/8458/5688
f 5703/8458/5689 5905/8760/5689 5904/8761/5689 5702/8459/5689
f 5702/8459/5690 5904/8761/5690 5903/8762/5690 5701/8460/5690
f 5701/8460/5691 5903/8762/5691 5902/8763/5691 5700/8461/5691
f 5700/8461/5692 5902/8763/5692 5901/8764/5692 5699/8462/5692
f 5699/8462/5693 5901/8764/5693 5900/8765/5693 5698/8463/5693
f 5698/8463/5694 5900/8765/5694 5899/8766/5694 5697/8464/5694
f 5697/8464/5695 5899/8766/5695 5898/8767/5695 5696/8465/5695
f 5696/8465/5696 5898/8767/5696 5897/8768/5696 5695/8466/5696
f 5695/8466/5697 5897/8768/5697 5896/8769/5697 5694/8467/5697
f 5694/8467/5698 5896/8769/5698 5895/8770/5698 5693/8468/5698
f 5693/8468/5699 5895/8770/5699 5894/8771/5699 5692/8469/5699
f 5692/8469/5700 5894/8771/5700 5893/8772/5700 5691/8470/5700
f 5691/8470/5701 5893/8772/5701 5892/8773/5701 5690/8471/5701
f 5690/8471/5702 5892/8773/5702 5891/8774/5702 5689/8472/5702
f 5689/8472/5703 5891/8774/5703 5890/8775/5703 5688/8473/5703
f 5688/8473/5704 5890/8775/5704 5889/8776/5704 5687/8474/5704
f 5687/8474/5705 5889/8776/5705 5888/8777/5705 5686/8475/5705
f 5686/8475/5706 5888/8777/5706 5887/8778/5706 5685/8476/5706
f 5685/8476/5707 5887/8778/5707 5886/8779/5707 5684/8477/5707
f 5684/8477/5708 5886/8779/5708 5885/8780/5708 5683/8478/5708
f 5683/8478/5709 5885/8780/5709 5884/8781/5709 5682/8479/5709
f 5682/8479/5710 5884/8781/5710 5883/8782/5710 5681/8480/5710
f 5681/8480/5711 5883/8782/5711 5882/8783/5711 5680/8481/5711
f 5680/8481/5712 5882/8783/5712 5881/8784/5712 5679/8482/5712
f 5679/8482/5713 5881/8784/5713 5880/8785/5713 5678/8483/5713
f 5678/8483/5714 5880/8785/5714 5879/8786/5714 5677/8484/5714
f 5677/8484/5715 5879/8786/5715 5878/8787/5715 5676/8485/5715
f 5676/8485/5716 5878/8787/5716 5877/8788/5716 5675/8486/5716
f 5675/8486/5717 5877/8788/5717 5876/8789/5717 5674/8487/5717
f 5674/8487/5718 5876/8789/5718 5875/8790/5718 5673/8488/5718
f 5673/8488/5719 5875/8790/5719 5874/8791/5719 5672/8489/5719
f 5672/8489/5720 5874/8791/5720 5873/8792/5720 5671/8490/5720
f 5671/8490/5721 5873/8792/5721 5872/8793/5721 5670/8491/5721
f 5670/8491/5722 5872/8793/5722 5871/8794/5722 5669/8492/5722
f 5669/8492/5723 5871/8794/5723 5870/8795/5723 5668/8493/5723
f 5668/8493/5724 5870/8795/5724 5869/8796/5724 5667/8494/5724
f 5667/8494/5725 5869/8796/5725 5868/8797/5725 5666/8495/5725
f 5666/8495/5726 5868/8797/5726 5867/8798/5726 5665/8496/5726
f 5665/8496/5727 5867/8798/5727 5866/8799/5727 5664/8497/5727
f 5664/8497/5728 5866/8799/5728 5865/8800/5728 5663/8498/5728
f 5663/8498/5729 5865/8800/5729 5864/8801/5729 5662/8499/5729
f 5662/8499/5730 5864/8801/5730 5863/8802/5730 5661/8500/5730
f 5661/8500/5731 5863/8802/5731 5862/8803/5731 5660/8501/5731
f 5660/8501/5732 5862/8803/5732 5861/8804/5732 5659/8502/5732
f 5659/8502/5733 5861/8804/5733 5859/8805/5733 5657/8503/5733
f 5961/66/5734 5759/65/5734 5858/8505/5734 6060/8806/5734
f 6060/8806/5735 5858/8505/5735 5857/8807/5735 6059/8808/5735
f 6059/8808/5736 5857/8807/5736 5856/8809/5736 6058/8810/5736
f 6058/8810/5737 5856/8809/5737 5855/8811/5737 6057/8812/5737
f 6057/8812/5738 5855/8811/5738 5854/8813/5738 6056/8814/5738
f 6056/8814/5739 5854/8813/5739 5853/8815/5739 6055/8816/5739
f 6055/8816/5740 5853/8815/5740 5852/8817/5740 6054/8818/5740
f 6054/8818/5741 5852/8817/5741 5851/8819/5741 6053/8820/5741
f 6053/8820/5742 5851/8819/5742 5850/8821/5742 6052/8822/5742
f 6052/8822/5743 5850/8821/5743 5849/8823/5743 6051/8824/5743
f 6051/8824/5744 5849/8823/5744 5848/8825/5744 6050/8826/5744
f 6050/8826/5745 5848/8825/5745 5847/8827/5745 6049/8828/5745
f 6049/8828/5746 5847/8827/5746 5846/8829/5746 6048/8830/5746
f 6048/8830/5747 5846/8829/5747 5845/8831/5747 6047/8832/5747
f 6047/8832/5748 5845/8831/5748 5844/8833/5748 6046/8834/5748
f 6046/8834/5749 5844/8833/5749 5843/8835/5749 6045/8836/5749
f 6045/8836/5750 5843/8835/5750 5842/8837/5750 6044/8838/5750
f 6044/8838/5751 5842/8837/5751 5841/8839/5751 6043/8840/5751
f 6043/8840/5752 5841/8839/5752 5840/8841/5752 6042/8842/5752
f 6042/8842/5753 5840/8841/5753 5839/8843/5753 6041/8844/5753
f 6041/8844/5754 5839/8843/5754 5838/8845/5754 6040/8846/5754
f 6040/8846/5755 5838/8845/5755 5837/8847/5755 6039/8848/5755
f 6039/8848/5756 5837/8847/5756 5836/8849/5756 6038/8850/5756
f 6038/8850/5757 5836/8849/5757 5835/8851/5757 6037/8852/5757
f 6037/8852/5758 5835/8851/5758 5834/8853/5758 6036/8854/5758
f 6036/8854/5759 5834/8853/5759 5833/8855/5759 6035/8856/5759
f 6035/8856/5760 5833/8855/5760 5832/8857/5760 6034/8858/5760
f 6034/8858/5761 5832/8857/5761 5831/8859/5761 6033/8860/5761
f 6033/8860/5762 5831/8859/5762 5830/8861/5762 6032/8862/5762
f 6032/8862/5763 5830/8861/5763 5829/8863/5763 6031/8864/5763
f 6031/8864/5764 5829/8863/5764 5828/8865/5764 6030/8866/5764
f 6030/8866/5765 5828/8865/5765 5827/8867/5765 6029/8868/5765
f 6029/8868/5766 5827/8867/5766 5826/8869/5766 6028/8870/5766
f 6028/8870/5767 5826/8869/5767 5825/8871/5767 6027/8872/5767
f 6027/8872/5768 5825/8871/5768 5824/8873/5768 6026/8874/5768
f 6026/8874/5769 5824/8873/5769 5823/8875/5769 6025/8876/5769
f 6025/8876/5770 5823/8875/5770 5822/8877/5770 6024/8878/5770
f 6024/8878/5771 5822/8877/5771 5821/8879/5771 6023/8880/5771
f 6023/8880/5772 5821/8879/5772 5820/8881/5772 6022/8882/5772
f 6022/8882/5773 5820/8881/5773 5819/8883/5773 6021/8884/5773
f 6021/8884/5774 5819/8883/5774 5818/8885/5774 6020/8886/5774
f 6020/8886/5775 5818/8885/5775 5817/8887/5775 6019/8888/5775
f 6019/8888/5776 5817/8887/5776 5816/8889/5776 6018/8890/5776
f 6018/8890/5777 5816/8889/5777 5815/8891/5777 6017/8892/5777
f 6017/8892/5778 5815/8891/5778 5814/8893/5778 6016/8894/5778
f 6016/8894/5779 5814/8893/5779 5813/8895/5779 6015/8896/5779
f 6015/8896/5780 5813/8895/5780 5812/8897/5780 6014/8898/5780
f 6014/8898/5781 5812/8897/5781 5811/8899/5781 6013/8900/5781
f 6013/8900/5782 5811/8899/5782 5810/8901/5782 6012/8902/5782
f 6012/8902/5783 5810/8901/5783 5809/8903/5783 6011/8904/5783
f 6011/8905/5784 5809/8906/5784 5808/8606/5784 6010/8907/5784
f 6010/8907/5785 5808/8606/5785 5807/8607/5785 6009/8908/5785
f 6009/8908/5786 5807/8607/5786 5806/8608/5786 6008/8909/5786
f 6008/8909/5787 5806/8608/5787 5805/8609/5787 6007/8910/5787
f 6007/8910/5788 5805/8609/5788 5804/8610/5788 6006/8911/5788
f 6006/8911/5789 5804/8610/5789 5803/8611/5789 6005/8912/5789
f 6005/8912/5790 5803/8611/5790 5802/8612/5790 6004/8913/5790
f 6004/8913/5791 5802/8612/5791 5801/8613/5791 6003/8914/5791
f 6003/8914/5792 5801/8613/5792 5800/8614/5792 6002/8915/5792
f 6002/8915/5793 5800/8614/5793 5799/8615/5793 6001/8916/5793
f 6001/8916/5794 5799/8615/5794 5798/8616/5794 6000/8917/5794
f 6000/8917/5795 5798/8616/5795 5797/8617/5795 5999/8918/5795
f 5999/8918/5796 5797/8617/5796 5796/8618/5796 5998/8919/5796
f 5998/8919/5797 5796/8618/5797 5795/8619/5797 5997/8920/5797
f 5997/8920/5798 5795/8619/5798 5794/8620/5798 5996/8921/5798
f 5996/8921/5799 5794/8620/5799 5793/8621/5799 5995/8922/5799
f 5995/8922/5800 5793/8621/5800 5792/8622/5800 5994/8923/5800
f 5994/8923/5801 5792/8622/5801 5791/8623/5801 5993/8924/5801
f 5993/8924/5802 5791/8623/5802 5790/8624/5802 5992/8925/5802
f 5992/8925/5803 5790/8624/5803 5789/8625/5803 5991/8926/5803
f 5991/8926/5804 5789/8625/5804 5788/8626/5804 5990/8927/5804
f 5990/8927/5805 5788/8626/5805 5787/8627/5805 5989/8928/5805
f 5989/8928/5806 5787/8627/5806 5786/8628/5806 5988/8929/5806
f 5988/8929/5807 5786/8628/5807 5785/8629/5807 5987/8930/5807
f 5987/8930/5808 5785/8629/5808 5784/8630/5808 5986/8931/5808
f 5986/8931/5809 5784/8630/5809 5783/8631/5809 5985/8932/5809
f 5985/8932/5810 5783/8631/5810 5782/8632/5810 5984/8933/5810
f 5984/8933/5811 5782/8632/5811 5781/8633/5811 5983/8934/5811
f 5983/8934/5812 5781/8633/5812 5780/8634/5812 5982/8935/5812
f 5982/8935/5813 5780/8634/5813 5779/8635/5813 5981/8936/5813
f 5981/8936/5814 5779/8635/5814 5778/8636/5814 5980/8937/5814
f 5980/8937/5815 5778/8636/5815 5777/8637/5815 5979/8938/5815
f 5979/8938/5816 5777/8637/5816 5776/8638/5816 5978/8939/5816
f 5978/8939/5817 5776/8638/5817 5775/8639/5817 5977/8940/5817
f 5977/8940/5818 5775/8639/5818 5774/8640/5818 5976/8941/5818
f 5976/8941/5819 5774/8640/5819 5773/8641/5819 5975/8942/5819
f 5975/8942/5820 5773/8641/5820 5772/8642/5820 5974/8943/5820
f 5974/8943/5821 5772/8642/5821 5771/8643/5821 5973/8944/5821
f 5973/8944/5822 5771/8643/5822 5770/8644/5822 5972/8945/5822
f 5972/8945/5823 5770/8644/5823 5769/8645/5823 5971/8946/5823
f 5971/8946/5824 5769/8645/5824 5768/8646/5824 5970/8947/5824
f 5970/8947/5825 5768/8646/5825 5767/8647/5825 5969/8948/5825
f 5969/8948/5826 5767/8647/5826 5766/8648/5826 5968/8949/5826
f 5968/8949/5827 5766/8648/5827 5765/8649/5827 5967/8950/5827
f 5967/8950/5828 5765/8649/5828 5764/8650/5828 5966/8951/5828
f 5966/8951/5829 5764/8650/5829 5763/8651/5829 5965/8952/5829
f 5965/8952/5830 5763/8651/5830 5762/8652/5830 5964/8953/5830
f 5964/8953/5831 5762/8652/5831 5761/8653/5831 5963/8954/5831
f 5963/8954/5832 5761/8653/5832 5760/8654/5832 5962/8955/5832
f 5962/8955/5833 5760/8654/5833 5758/78/5833 5960/77/5833
f 5860/67/5834 6062/70/5834 6161/8956/5834 5959/8655/5834
f 5959/8655/5835 6161/8956/5835 6160/8957/5835 5958/8958/5835
f 5958/8958/5836 6160/8957/5836 6159/8959/5836 5957/8960/5836
f 5957/8960/5837 6159/8959/5837 6158/8961/5837 5956/8962/5837
f 5956/8962/5838 6158/8961/5838 6157/8963/5838 5955/8964/5838
f 5955/8964/5839 6157/8963/5839 6156/8965/5839 5954/8966/5839
f 5954/8966/5840 6156/8965/5840 6155/8967/5840 5953/8968/5840
f 5953/8968/5841 6155/8967/5841 6154/8969/5841 5952/8970/5841
f 5952/8970/5842 6154/8969/5842 6153/8971/5842 5951/8972/5842
f 5951/8972/5843 6153/8971/5843 6152/8973/5843 5950/8974/5843
f 5950/8974/5844 6152/8973/5844 6151/8975/5844 5949/8976/5844
f 5949/8976/5845 6151/8975/5845 6150/8977/5845 5948/8978/5845
f 5948/8978/5846 6150/8977/5846 6149/8979/5846 5947/8980/5846
f 5947/8980/5847 6149/8979/5847 6148/8981/5847 5946/8982/5847
f 5946/8982/5848 6148/8981/5848 6147/8983/5848 5945/8984/5848
f 5945/8984/5849 6147/8983/5849 6146/8985/5849 5944/8986/5849
f 5944/8986/5850 6146/8985/5850 6145/8987/5850 5943/8988/5850
f 5943/8988/5851 6145/8987/5851 6144/8989/5851 5942/8990/5851
f 5942/8990/5852 6144/8989/5852 6143/8991/5852 5941/8992/5852
f 5941/8992/5853 6143/8991/5853 6142/8993/5853 5940/8994/5853
f 5940/8994/5854 6142/8993/5854 6141/8995/5854 5939/8996/5854
f 5939/8996/5855 6141/8995/5855 6140/8997/5855 5938/8998/5855
f 5938/8998/5856 6140/8997/5856 6139/8999/5856 5937/9000/5856
f 5937/9000/5857 6139/8999/5857 6138/9001/5857 5936/9002/5857
f 5936/9002/5858 6138/9001/5858 6137/9003/5858 5935/9004/5858
f 5935/9004/5859 6137/9003/5859 6136/9005/5859 5934/9006/5859
f 5934/9006/5860 6136/9005/5860 6135/9007/5860 5933/9008/5860
f 5933/9008/5861 6135/9007/5861 6134/9009/5861 5932/9010/5861
f 5932/9010/5862 6134/9009/5862 6133/9011/5862 5931/9012/5862
f 5931/9012/5863 6133/9011/5863 6132/9013/5863 5930/9014/5863
f 5930/9014/5864 6132/9013/5864 6131/9015/5864 5929/9016/5864
f 5929/9016/5865 6131/9015/5865 6130/9017/5865 5928/9018/5865
f 5928/9018/5866 6130/9017/5866 6129/9019/5866 5927/9020/5866
f 5927/9020/5867 6129/9019/5867 6128/9021/5867 5926/9022/5867
f 5926/9022/5868 6128/9021/5868 6127/9023/5868 5925/9024/5868
f 5925/9024/5869 6127/9023/5869 6126/9025/5869 5924/9026/5869
f 5924/9026/5870 6126/9025/5870 6125/9027/5870 5923/9028/5870
f 5923/9028/5871 6125/9027/5871 6124/9029/5871 5922/9030/5871
f 5922/9030/5872 6124/9029/5872 6123/9031/5872 5921/9032/5872
f 5921/9032/5873 6123/9031/5873 6122/9033/5873 5920/9034/5873
f 5920/9034/5874 6122/9033/5874 6121/9035/5874 5919/9036/5874
f 5919/9036/5875 6121/9035/5875 6120/9037/5875 5918/9038/5875
f 5918/9038/5876 6120/9037/5876 6119/9039/5876 5917/9040/5876
f 5917/9040/5877 6119/9039/5877 6118/9041/5877 5916/9042/5877
f 5916/9042/5878 6118/9041/5878 6117/9043/5878 5915/9044/5878
f 5915/9044/5879 6117/9043/5879 6116/9045/5879 5914/9046/5879
f 5914/9046/5880 6116/9045/5880 6115/9047/5880 5913/9048/5880
f 5913/9048/5881 6115/9047/5881 6114/9049/5881 5912/9050/5881
f 5912/9050/5882 6114/9049/5882 6113/9051/5882 5911/9052/5882
f 5911/9052/5883 6113/9051/5883 6112/9053/5883 5910/9054/5883
f 5910/9055/5884 6112/9056/5884 6111/9057/5884 5909/8756/5884
f 5909/8756/5885 6111/9057/5885 6110/9058/5885 5908/8757/5885
f 5908/8757/5886 6110/9058/5886 6109/9059/5886 5907/8758/5886
f 5907/8758/5887 6109/9059/5887 6108/9060/5887 5906/8759/5887
f 5906/8759/5888 6108/9060/5888 6107/9061/5888 5905/8760/5888
f 5905/8760/5889 6107/9061/5889 6106/9062/5889 5904/8761/5889
f 5904/8761/5890 6106/9062/5890 6105/9063/5890 5903/8762/5890
f 5903/8762/5891 6105/9063/5891 6104/9064/5891 5902/8763/5891
f 5902/8763/5892 6104/9064/5892 6103/9065/5892 5901/8764/5892
f 5901/8764/5893 6103/9065/5893 6102/9066/5893 5900/8765/5893
f 5900/8765/5894 6102/9066/5894 6101/9067/5894 5899/8766/5894
f 5899/8766/5895 6101/9067/5895 6100/9068/5895 5898/8767/5895
f 5898/8767/5896 6100/9068/5896 6099/9069/5896 5897/8768/5896
f 5897/8768/5897 6099/9069/5897 6098/9070/5897 5896/8769/5897
f 5896/8769/5898 6098/9070/5898 6097/9071/5898 5895/8770/5898
f 5895/8770/5899 6097/9071/5899 6096/9072/5899 5894/8771/5899
f 5894/8771/5900 6096/9072/5900 6095/9073/5900 5893/8772/5900
f 5893/8772/5901 6095/9073/5901 6094/9074/5901 5892/8773/5901
f 5892/8773/5902 6094/9074/5902 6093/9075/5902 5891/8774/5902
f 5891/8774/5903 6093/9075/5903 6092/9076/5903 5890/8775/5903
f 5890/8775/5904 6092/9076/5904 6091/9077/5904 5889/8776/5904
f 5889/8776/5905 6091/9077/5905 6090/9078/5905 5888/8777/5905
f 5888/8777/5906 6090/9078/5906 6089/9079/5906 5887/8778/5906
f 5887/8778/5907 6089/9079/5907 6088/9080/5907 5886/8779/5907
f 5886/8779/5908 6088/9080/5908 6087/9081/5908 5885/8780/5908
f 5885/8780/5909 6087/9081/5909 6086/9082/5909 5884/8781/5909
f 5884/8781/5910 6086/9082/5910 6085/9083/5910 5883/8782/5910
f 5883/8782/5911 6085/9083/5911 6084/9084/5911 5882/8783/5911
f 5882/8783/5912 6084/9084/5912 6083/9085/5912 5881/8784/5912
f 5881/8784/5913 6083/9085/5913 6082/9086/5913 5880/8785/5913
f 5880/8785/5914 6082/9086/5914 6081/9087/5914 5879/8786/5914
f 5879/8786/5915 6081/9087/5915 6080/9088/5915 5878/8787/5915
f 5878/8787/5916 6080/9088/5916 6079/9089/5916 5877/8788/5916
f 5877/8788/5917 6079/9089/5917 6078/9090/5917 5876/8789/5917
f 5876/8789/5918 6078/9090/5918 6077/9091/5918 5875/8790/5918
f 5875/8790/5919 6077/9091/5919 6076/9092/5919 5874/8791/5919
f 5874/8791/5920 6076/9092/5920 6075/9093/5920 5873/8792/5920
f 5873/8792/5921 6075/9093/5921 6074/9094/5921 5872/8793/5921
f 5872/8793/5922 6074/9094/5922 6073/9095/5922 5871/8794/5922
f 5871/8794/5923 6073/9095/5923 6072/9096/5923 5870/8795/5923
f 5870/8795/5924 6072/9096/5924 6071/9097/5924 5869/8796/5924
f 5869/8796/5925 6071/9097/5925 6070/9098/5925 5868/8797/5925
f 5868/8797/5926 6070/9098/5926 6069/9099/5926 5867/8798/5926
f 5867/8798/5927 6069/9099/5927 6068/9100/5927 5866/8799/5927
f 5866/8799/5928 6068/9100/5928 6067/9101/5928 5865/8800/5928
f 5865/8800/5929 6067/9101/5929 6066/9102/5929 5864/8801/5929
f 5864/8801/5930 6066/9102/5930 6065/9103/5930 5863/8802/5930
f 5863/8802/5931 6065/9103/5931 6064/9104/5931 5862/8803/5931
f 5862/8803/5932 6064/9104/5932 6063/9105/5932 5861/8804/5932
f 5861/8804/5933 6063/9105/5933 6061/9106/5933 5859/8805/5933
f 6163/69/5934 5961/68/5934 6060/8806/5934 6262/9107/5934
f 6262/9107/5935 6060/8806/5935 6059/9108/5935 6261/9109/5935
f 6261/9109/5936 6059/9108/5936 6058/9110/5936 6260/9111/5936
f 6260/9111/5937 6058/9110/5937 6057/9112/5937 6259/9113/5937
f 6259/9113/5938 6057/9112/5938 6056/9114/5938 6258/9115/5938
f 6258/9115/5939 6056/9114/5939 6055/9116/5939 6257/9117/5939
f 6257/9117/5940 6055/9116/5940 6054/9118/5940 6256/9119/5940
f 6256/9119/5941 6054/9118/5941 6053/9120/5941 6255/9121/5941
f 6255/9121/5942 6053/9120/5942 6052/9122/5942 6254/9123/5942
f 6254/9123/5943 6052/9122/5943 6051/9124/5943 6253/9125/5943
f 6253/9125/5944 6051/9124/5944 6050/9126/5944 6252/9127/5944
f 6252/9127/5945 6050/9126/5945 6049/9128/5945 6251/9129/5945
f 6251/9129/5946 6049/9128/5946 6048/9130/5946 6250/9131/5946
f 6250/9131/5947 6048/9130/5947 6047/9132/5947 6249/9133/5947
f 6249/9133/5948 6047/9132/5948 6046/9134/5948 6248/9135/5948
f 6248/9135/5949 6046/9134/5949 6045/9136/5949 6247/9137/5949
f 6247/9137/5950 6045/9136/5950 6044/9138/5950 6246/9139/5950
f 6246/9139/5951 6044/9138/5951 6043/9140/5951 6245/9141/5951
f 6245/9141/5952 6043/9140/5952 6042/9142/5952 6244/9143/5952
f 6244/9143/5953 6042/9142/5953 6041/9144/5953 6243/9145/5953
f 6243/9145/5954 6041/9144/5954 6040/9146/5954 6242/9147/5954
f 6242/9147/5955 6040/9146/5955 6039/9148/5955 6241/9149/5955
f 6241/9149/5956 6039/9148/5956 6038/9150/5956 6240/9151/5956
f 6240/9151/5957 6038/9150/5957 6037/9152/5957 6239/9153/5957
f 6239/9153/5958 6037/9152/5958 6036/9154/5958 6238/9155/5958
f 6238/9155/5959 6036/9154/5959 6035/9156/5959 6237/9157/5959
f 6237/9157/5960 6035/9156/5960 6034/9158/5960 6236/9159/5960
f 6236/9159/5961 6034/9158/5961 6033/9160/5961 6235/9161/5961
f 6235/9161/5962 6033/9160/5962 6032/9162/5962 6234/9163/5962
f 6234/9163/5963 6032/9162/5963 6031/9164/5963 6233/9165/5963
f 6233/9165/5964 6031/9164/5964 6030/9166/5964 6232/9167/5964
f 6232/9167/5965 6030/9166/5965 6029/9168/5965 6231/9169/5965
f 6231/9169/5966 6029/9168/5966 6028/9170/5966 6230/9171/5966
f 6230/9171/5967 6028/9170/5967 6027/9172/5967 6229/9173/5967
f 6229/9173/5968 6027/9172/5968 6026/9174/5968 6228/9175/5968
f 6228/9175/5969 6026/9174/5969 6025/9176/5969 6227/9177/5969
f 6227/9177/5970 6025/9176/5970 6024/9178/5970 6226/9179/5970
f 6226/9179/5971 6024/9178/5971 6023/9180/5971 6225/9181/5971
f 6225/9181/5972 6023/9180/5972 6022/9182/5972 6224/9183/5972
f 6224/9183/5973 6022/9182/5973 6021/9184/5973 6223/9185/5973
f 6223/9185/5974 6021/9184/5974 6020/9186/5974 6222/9187/5974
f 6222/9187/5975 6020/9186/5975 6019/9188/5975 6221/9189/5975
f 6221/9189/5976 6019/9188/5976 6018/9190/5976 6220/9191/5976
f 6220/9191/5977 6018/9190/5977 6017/9192/5977 6219/9193/5977
f 6219/9193/5978 6017/9192/5978 6016/9194/5978 6218/9195/5978
f 6218/9195/5979 6016/9194/5979 6015/9196/5979 6217/9197/5979
f 6217/9197/5980 6015/9196/5980 6014/9198/5980 6216/9199/5980
f 6216/9199/5981 6014/9198/5981 6013/9200/5981 6215/9201/5981
f 6215/9201/5982 6013/9200/5982 6012/9202/5982 6214/9203/5982
f 6214/9203/5983 6012/9202/5983 6011/9204/5983 6213/9205/5983
f 6213/9206/5984 6011/9207/5984 6010/8907/5984 6212/9208/5984
f 6212/9208/5985 6010/8907/5985 6009/8908/5985 6211/9209/5985
f 6211/9209/5986 6009/8908/5986 6008/8909/5986 6210/9210/5986
f 6210/9210/5987 6008/8909/5987 6007/8910/5987 6209/9211/5987
f 6209/9211/5988 6007/8910/5988 6006/8911/5988 6208/9212/5988
f 6208/9212/5989 6006/8911/5989 6005/8912/5989 6207/9213/5989
f 6207/9213/5990 6005/8912/5990 6004/8913/5990 6206/9214/5990
f 6206/9214/5991 6004/8913/5991 6003/8914/5991 6205/9215/5991
f 6205/9215/5992 6003/8914/5992 6002/8915/5992 6204/9216/5992
f 6204/9216/5993 6002/8915/5993 6001/8916/5993 6203/9217/5993
f 6203/9217/5994 6001/8916/5994 6000/8917/5994 6202/9218/5994
f 6202/9218/5995 6000/8917/5995 5999/8918/5995 6201/9219/5995
f 6201/9219/5996 5999/8918/5996 5998/8919/5996 6200/9220/5996
f 6200/9220/5997 5998/8919/5997 5997/8920/5997 6199/9221/5997
f 6199/9221/5998 5997/8920/5998 5996/8921/5998 6198/9222/5998
f 6198/9222/5999 5996/8921/5999 5995/8922/5999 6197/9223/5999
f 6197/9223/6000 5995/8922/6000 5994/8923/6000 6196/9224/6000
f 6196/9224/6001 5994/8923/6001 5993/8924/6001 6195/9225/6001
f 6195/9225/6002 5993/8924/6002 5992/8925/6002 6194/9226/6002
f 6194/9226/6003 5992/8925/6003 5991/8926/6003 6193/9227/6003
f 6193/9227/6004 5991/8926/6004 5990/8927/6004 6192/9228/6004
f 6192/9228/6005 5990/8927/6005 5989/8928/6005 6191/9229/6005
f 6191/9229/6006 5989/8928/6006 5988/8929/6006 6190/9230/6006
f 6190/9230/6007 5988/8929/6007 5987/8930/6007 6189/9231/6007
f 6189/9231/6008 5987/8930/6008 5986/8931/6008 6188/9232/6008
f 6188/9232/6009 5986/8931/6009 5985/8932/6009 6187/9233/6009
f 6187/9233/6010 5985/8932/6010 5984/8933/6010 6186/9234/6010
f 6186/9234/6011 5984/8933/6011 5983/8934/6011 6185/9235/6011
f 6185/9235/6012 5983/8934/6012 5982/8935/6012 6184/9236/6012
f 6184/9236/6013 5982/8935/6013 5981/8936/6013 6183/9237/6013
f 6183/9237/6014 5981/8936/6014 5980/8937/6014 6182/9238/6014
f 6182/9238/6015 5980/8937/6015 5979/8938/6015 6181/9239/6015
f 6181/9239/6016 5979/8938/6016 5978/8939/6016 6180/9240/6016
f 6180/9240/6017 5978/8939/6017 5977/8940/6017 6179/9241/6017
f 6179/9241/6018 5977/8940/6018 5976/8941/6018 6178/9242/6018
f 6178/9242/6019 5976/8941/6019 5975/8942/6019 6177/9243/6019
f 6177/9243/6020 5975/8942/6020 5974/8943/6020 6176/9244/6020
f 6176/9244/6021 5974/8943/6021 5973/8944/6021 6175/9245/6021
f 6175/9245/6022 5973/8944/6022 5972/8945/6022 6174/9246/6022
f 6174/9246/6023 5972/8945/6023 5971/8946/6023 6173/9247/6023
f 6173/9247/6024 5971/8946/6024 5970/8947/6024 6172/9248/6024
f 6172/9248/6025 5970/8947/6025 5969/8948/6025 6171/9249/6025
f 6171/9249/6026 5969/8948/6026 5968/8949/6026 6170/9250/6026
f 6170/9250/6027 5968/8949/6027 5967/8950/6027 6169/9251/6027
f 6169/9251/6028 5967/8950/6028 5966/8951/6028 6168/9252/6028
f 6168/9252/6029 5966/8951/6029 5965/8952/6029 6167/9253/6029
f 6167/9253/6030 5965/8952/6030 5964/8953/6030 6166/9254/6030
f 6166/9254/6031 5964/8953/6031 5963/8954/6031 6165/9255/6031
f 6165/9255/6032 5963/8954/6032 5962/8955/6032 6164/9256/6032
f 6164/9256/6033 5962/8955/6033 5960/77/6033 6162/76/6033
f 6062/70/6034 6264/1/6034 6363/9257/6034 6161/8956/6034
f 6161/8956/6035 6363/9257/6035 6362/9258/6035 6160/9259/6035
f 6160/9259/6036 6362/9258/6036 6361/9260/6036 6159/9261/6036
f 6159/9261/6037 6361/9260/6037 6360/9262/6037 6158/9263/6037
f 6158/9263/6038 6360/9262/6038 6359/9264/6038 6157/9265/6038
f 6157/9265/6039 6359/9264/6039 6358/9266/6039 6156/9267/6039
f 6156/9267/6040 6358/9266/6040 6357/9268/6040 6155/9269/6040
f 6155/9269/6041 6357/9268/6041 6356/9270/6041 6154/9271/6041
f 6154/9271/6042 6356/9270/6042 6355/9272/6042 6153/9273/6042
f 6153/9273/6043 6355/9272/6043 6354/9274/6043 6152/9275/6043
f 6152/9275/6044 6354/9274/6044 6353/9276/6044 6151/9277/6044
f 6151/9277/6045 6353/9276/6045 6352/9278/6045 6150/9279/6045
f 6150/9279/6046 6352/9278/6046 6351/9280/6046 6149/9281/6046
f 6149/9281/6047 6351/9280/6047 6350/9282/6047 6148/9283/6047
f 6148/9283/6048 6350/9282/6048 6349/9284/6048 6147/9285/6048
f 6147/9285/6049 6349/9284/6049 6348/9286/6049 6146/9287/6049
f 6146/9287/6050 6348/9286/6050 6347/9288/6050 6145/9289/6050
f 6145/9289/6051 6347/9288/6051 6346/9290/6051 6144/9291/6051
f 6144/9291/6052 6346/9290/6052 6345/9292/6052 6143/9293/6052
f 6143/9293/6053 6345/9292/6053 6344/9294/6053 6142/9295/6053
f 6142/9295/6054 6344/9294/6054 6343/9296/6054 6141/9297/6054
f 6141/9297/6055 6343/9296/6055 6342/9298/6055 6140/9299/6055
f 6140/9299/6056 6342/9298/6056 6341/9300/6056 6139/9301/6056
f 6139/9301/6057 6341/9300/6057 6340/9302/6057 6138/9303/6057
f 6138/9303/6058 6340/9302/6058 6339/9304/6058 6137/9305/6058
f 6137/9305/6059 6339/9304/6059 6338/9306/6059 6136/9307/6059
f 6136/9307/6060 6338/9306/6060 6337/9308/6060 6135/9309/6060
f 6135/9309/6061 6337/9308/6061 6336/9310/6061 6134/9311/6061
f 6134/9311/6062 6336/9310/6062 6335/9312/6062 6133/9313/6062
f 6133/9313/6063 6335/9312/6063 6334/9314/6063 6132/9315/6063
f 6132/9315/6064 6334/9314/6064 6333/9316/6064 6131/9317/6064
f 6131/9317/6065 6333/9316/6065 6332/9318/6065 6130/9319/6065
f 6130/9319/6066 6332/9318/6066 6331/9320/6066 6129/9321/6066
f 6129/9321/6067 6331/9320/6067 6330/9322/6067 6128/9323/6067
f 6128/9323/6068 6330/9322/6068 6329/9324/6068 6127/9325/6068
f 6127/9325/6069 6329/9324/6069 6328/9326/6069 6126/9327/6069
f 6126/9327/6070 6328/9326/6070 6327/9328/6070 6125/9329/6070
f 6125/9329/6071 6327/9328/6071 6326/9330/6071 6124/9331/6071
f 6124/9331/6072 6326/9330/6072 6325/9332/6072 6123/9333/6072
f 6123/9333/6073 6325/9332/6073 6324/9334/6073 6122/9335/6073
f 6122/9335/6074 6324/9334/6074 6323/9336/6074 6121/9337/6074
f 6121/9337/6075 6323/9336/6075 6322/9338/6075 6120/9339/6075
f 6120/9339/6076 6322/9338/6076 6321/9340/6076 6119/9341/6076
f 6119/9341/6077 6321/9340/6077 6320/9342/6077 6118/9343/6077
f 6118/9343/6078 6320/9342/6078 6319/9344/6078 6117/9345/6078
f 6117/9345/6079 6319/9344/6079 6318/9346/6079 6116/9347/6079
f 6116/9347/6080 6318/9346/6080 6317/9348/6080 6115/9349/6080
f 6115/9349/6081 6317/9348/6081 6316/9350/6081 6114/9351/6081
f 6114/9351/6082 6316/9350/6082 6315/9352/6082 6113/9353/6082
f 6113/9353/6083 6315/9352/6083 6314/9354/6083 6112/9355/6083
f 6112/9356/6084 6314/9357/6084 6313/9358/6084 6111/9057/6084
f 6111/9057/6085 6313/9358/6085 6312/9359/6085 6110/9058/6085
f 6110/9058/6086 6312/9359/6086 6311/9360/6086 6109/9059/6086
f 6109/9059/6087 6311/9360/6087 6310/9361/6087 6108/9060/6087
f 6108/9060/6088 6310/9361/6088 6309/9362/6088 6107/9061/6088
f 6107/9061/6089 6309/9362/6089 6308/9363/6089 6106/9062/6089
f 6106/9062/6090 6308/9363/6090 6307/9364/6090 6105/9063/6090
f 6105/9063/6091 6307/9364/6091 6306/9365/6091 6104/9064/6091
f 6104/9064/6092 6306/9365/6092 6305/9366/6092 6103/9065/6092
f 6103/9065/6093 6305/9366/6093 6304/9367/6093 6102/9066/6093
f 6102/9066/6094 6304/9367/6094 6303/9368/6094 6101/9067/6094
f 6101/9067/6095 6303/9368/6095 6302/9369/6095 6100/9068/6095
f 6100/9068/6096 6302/9369/6096 6301/9370/6096 6099/9069/6096
f 6099/9069/6097 6301/9370/6097 6300/9371/6097 6098/9070/6097
f 6098/9070/6098 6300/9371/6098 6299/9372/6098 6097/9071/6098
f 6097/9071/6099 6299/9372/6099 6298/9373/6099 6096/9072/6099
f 6096/9072/6100 6298/9373/6100 6297/9374/6100 6095/9073/6100
f 6095/9073/6101 6297/9374/6101 6296/9375/6101 6094/9074/6101
f 6094/9074/6102 6296/9375/6102 6295/9376/6102 6093/9075/6102
f 6093/9075/6103 6295/9376/6103 6294/9377/6103 6092/9076/6103
f 6092/9076/6104 6294/9377/6104 6293/9378/6104 6091/9077/6104
f 6091/9077/6105 6293/9378/6105 6292/9379/6105 6090/9078/6105
f 6090/9078/6106 6292/9379/6106 6291/9380/6106 6089/9079/6106
f 6089/9079/6107 6291/9380/6107 6290/9381/6107 6088/9080/6107
f 6088/9080/6108 6290/9381/6108 6289/9382/6108 6087/9081/6108
f 6087/9081/6109 6289/9382/6109 6288/9383/6109 6086/9082/6109
f 6086/9082/6110 6288/9383/6110 6287/9384/6110 6085/9083/6110
f 6085/9083/6111 6287/9384/6111 6286/9385/6111 6084/9084/6111
f 6084/9084/6112 6286/9385/6112 6285/9386/6112 6083/9085/6112
f 6083/9085/6113 6285/9386/6113 6284/9387/6113 6082/9086/6113
f 6082/9086/6114 6284/9387/6114 6283/9388/6114 6081/9087/6114
f 6081/9087/6115 6283/9388/6115 6282/9389/6115 6080/9088/6115
f 6080/9088/6116 6282/9389/6116 6281/9390/6116 6079/9089/6116
f 6079/9089/6117 6281/9390/6117 6280/9391/6117 6078/9090/6117
f 6078/9090/6118 6280/9391/6118 6279/9392/6118 6077/9091/6118
f 6077/9091/6119 6279/9392/6119 6278/9393/6119 6076/9092/6119
f 6076/9092/6120 6278/9393/6120 6277/9394/6120 6075/9093/6120
f 6075/9093/6121 6277/9394/6121 6276/9395/6121 6074/9094/6121
f 6074/9094/6122 6276/9395/6122 6275/9396/6122 6073/9095/6122
f 6073/9095/6123 6275/9396/6123 6274/9397/6123 6072/9096/6123
f 6072/9096/6124 6274/9397/6124 6273/9398/6124 6071/9097/6124
f 6071/9097/6125 6273/9398/6125 6272/9399/6125 6070/9098/6125
f 6070/9098/6126 6272/9399/6126 6271/9400/6126 6069/9099/6126
f 6069/9099/6127 6271/9400/6127 6270/9401/6127 6068/9100/6127
f 6068/9100/6128 6270/9401/6128 6269/9402/6128 6067/9101/6128
f 6067/9101/6129 6269/9402/6129 6268/9403/6129 6066/9102/6129
f 6066/9102/6130 6268/9403/6130 6267/9404/6130 6065/9103/6130
f 6065/9103/6131 6267/9404/6131 6266/9405/6131 6064/9104/6131
f 6064/9104/6132 6266/9405/6132 6265/9406/6132 6063/9105/6132
f 6063/9105/6133 6265/9406/6133 6263/9407/6133 6061/9106/6133
f 6365/2/6134 6163/69/6134 6262/9107/6134 6464/9408/6134
f 6464/9408/6135 6262/9107/6135 6261/9409/6135 6463/9410/6135
f 6463/9410/6136 6261/9409/6136 6260/9411/6136 6462/9412/6136
f 6462/9412/6137 6260/9411/6137 6259/9413/6137 6461/9414/6137
f 6461/9414/6138 6259/9413/6138 6258/9415/6138 6460/9416/6138
f 6460/9416/6139 6258/9415/6139 6257/9417/6139 6459/9418/6139
f 6459/9418/6140 6257/9417/6140 6256/9419/6140 6458/9420/6140
f 6458/9420/6141 6256/9419/6141 6255/9421/6141 6457/9422/6141
f 6457/9422/6142 6255/9421/6142 6254/9423/6142 6456/9424/6142
f 6456/9424/6143 6254/9423/6143 6253/9425/6143 6455/9426/6143
f 6455/9426/6144 6253/9425/6144 6252/9427/6144 6454/9428/6144
f 6454/9428/6145 6252/9427/6145 6251/9429/6145 6453/9430/6145
f 6453/9430/6146 6251/9429/6146 6250/9431/6146 6452/9432/6146
f 6452/9432/6147 6250/9431/6147 6249/9433/6147 6451/9434/6147
f 6451/9434/6148 6249/9433/6148 6248/9435/6148 6450/9436/6148
f 6450/9436/6149 6248/9435/6149 6247/9437/6149 6449/9438/6149
f 6449/9438/6150 6247/9437/6150 6246/9439/6150 6448/9440/6150
f 6448/9440/6151 6246/9439/6151 6245/9441/6151 6447/9442/6151
f 6447/9442/6152 6245/9441/6152 6244/9443/6152 6446/9444/6152
f 6446/9444/6153 6244/9443/6153 6243/9445/6153 6445/9446/6153
f 6445/9446/6154 6243/9445/6154 6242/9447/6154 6444/9448/6154
f 6444/9448/6155 6242/9447/6155 6241/9449/6155 6443/9450/6155
f 6443/9450/6156 6241/9449/6156 6240/9451/6156 6442/9452/6156
f 6442/9452/6157 6240/9451/6157 6239/9453/6157 6441/9454/6157
f 6441/9454/6158 6239/9453/6158 6238/9455/6158 6440/9456/6158
f 6440/9456/6159 6238/9455/6159 6237/9457/6159 6439/9458/6159
f 6439/9458/6160 6237/9457/6160 6236/9459/6160 6438/9460/6160
f 6438/9460/6161 6236/9459/6161 6235/9461/6161 6437/9462/6161
f 6437/9462/6162 6235/9461/6162 6234/9463/6162 6436/9464/6162
f 6436/9464/6163 6234/9463/6163 6233/9465/6163 6435/9466/6163
f 6435/9466/6164 6233/9465/6164 6232/9467/6164 6434/9468/6164
f 6434/9468/6165 6232/9467/6165 6231/9469/6165 6433/9470/6165
f 6433/9470/6166 6231/9469/6166 6230/9471/6166 6432/9472/6166
f 6432/9472/6167 6230/9471/6167 6229/9473/6167 6431/9474/6167
f 6431/9474/6168 6229/9473/6168 6228/9475/6168 6430/9476/6168
f 6430/9476/6169 6228/9475/6169 6227/9477/6169 6429/9478/6169
f 6429/9478/6170 6227/9477/6170 6226/9479/6170 6428/9480/6170
f 6428/9480/6171 6226/9479/6171 6225/9481/6171 6427/9482/6171
f 6427/9482/6172 6225/9481/6172 6224/9483/6172 6426/9484/6172
f 6426/9484/6173 6224/9483/6173 6223/9485/6173 6425/9486/6173
f 6425/9486/6174 6223/9485/6174 6222/9487/6174 6424/9488/6174
f 6424/9488/6175 6222/9487/6175 6221/9489/6175 6423/9490/6175
f 6423/9490/6176 6221/9489/6176 6220/9491/6176 6422/9492/6176
f 6422/9492/6177 6220/9491/6177 6219/9493/6177 6421/9494/6177
f 6421/9494/6178 6219/9493/6178 6218/9495/6178 6420/9496/6178
f 6420/9496/6179 6218/9495/6179 6217/9497/6179 6419/9498/6179
f 6419/9498/6180 6217/9497/6180 6216/9499/6180 6418/9500/6180
f 6418/9500/6181 6216/9499/6181 6215/9501/6181 6417/9502/6181
f 6417/9502/6182 6215/9501/6182 6214/9503/6182 6416/9504/6182
f 6416/9504/6183 6214/9503/6183 6213/9505/6183 6415/9506/6183
f 6415/9507/6184 6213/9508/6184 6212/9208/6184 6414/9509/6184
f 6414/9509/6185 6212/9208/6185 6211/9209/6185 6413/9510/6185
f 6413/9510/6186 6211/9209/6186 6210/9210/6186 6412/9511/6186
f 6412/9511/6187 6210/9210/6187 6209/9211/6187 6411/9512/6187
f 6411/9512/6188 6209/9211/6188 6208/9212/6188 6410/9513/6188
f 6410/9513/6189 6208/9212/6189 6207/9213/6189 6409/9514/6189
f 6409/9514/6190 6207/9213/6190 6206/9214/6190 6408/9515/6190
f 6408/9515/6191 6206/9214/6191 6205/9215/6191 6407/9516/6191
f 6407/9516/6192 6205/9215/6192 6204/9216/6192 6406/9517/6192
f 6406/9517/6193 6204/9216/6193 6203/9217/6193 6405/9518/6193
f 6405/9518/6194 6203/9217/6194 6202/9218/6194 6404/9519/6194
f 6404/9519/6195 6202/9218/6195 6201/9219/6195 6403/9520/6195
f 6403/9520/6196 6201/9219/6196 6200/9220/6196 6402/9521/6196
f 6402/9521/6197 6200/9220/6197 6199/9221/6197 6401/9522/6197
f 6401/9522/6198 6199/9221/6198 6198/9222/6198 6400/9523/6198
f 6400/9523/6199 6198/9222/6199 6197/9223/6199 6399/9524/6199
f 6399/9524/6200 6197/9223/6200 6196/9224/6200 6398/9525/6200
f 6398/9525/6201 6196/9224/6201 6195/9225/6201 6397/9526/6201
f 6397/9526/6202 6195/9225/6202 6194/9226/6202 6396/9527/6202
f 6396/9527/6203 6194/9226/6203 6193/9227/6203 6395/9528/6203
f 6395/9528/6204 6193/9227/6204 6192/9228/6204 6394/9529/6204
f 6394/9529/6205 6192/9228/6205 6191/9229/6205 6393/9530/6205
f 6393/9530/6206 6191/9229/6206 6190/9230/6206 6392/9531/6206
f 6392/9531/6207 6190/9230/6207 6189/9231/6207 6391/9532/6207
f 6391/9532/6208 6189/9231/6208 6188/9232/6208 6390/9533/6208
f 6390/9533/6209 6188/9232/6209 6187/9233/6209 6389/9534/6209
f 6389/9534/6210 6187/9233/6210 6186/9234/6210 6388/9535/6210
f 6388/9535/6211 6186/9234/6211 6185/9235/6211 6387/9536/6211
f 6387/9536/6212 6185/9235/6212 6184/9236/6212 6386/9537/6212
f 6386/9537/6213 6184/9236/6213 6183/9237/6213 6385/9538/6213
f 6385/9538/6214 6183/9237/6214 6182/9238/6214 6384/9539/6214
f 6384/9539/6215 6182/9238/6215 6181/9239/6215 6383/9540/6215
f 6383/9540/6216 6181/9239/6216 6180/9240/6216 6382/9541/6216
f 6382/9541/6217 6180/9240/6217 6179/9241/6217 6381/9542/6217
f 6381/9542/6218 6179/9241/6218 6178/9242/6218 6380/9543/6218
f 6380/9543/6219 6178/9242/6219 6177/9243/6219 6379/9544/6219
f 6379/9544/6220 6177/9243/6220 6176/9244/6220 6378/9545/6220
f 6378/9545/6221 6176/9244/6221 6175/9245/6221 6377/9546/6221
f 6377/9546/6222 6175/9245/6222 6174/9246/6222 6376/9547/6222
f 6376/9547/6223 6174/9246/6223 6173/9247/6223 6375/9548/6223
f 6375/9548/6224 6173/9247/6224 6172/9248/6224 6374/9549/6224
f 6374/9549/6225 6172/9248/6225 6171/9249/6225 6373/9550/6225
f 6373/9550/6226 6171/9249/6226 6170/9250/6226 6372/9551/6226
f 6372/9551/6227 6170/9250/6227 6169/9251/6227 6371/9552/6227
f 6371/9552/6228 6169/9251/6228 6168/9252/6228 6370/9553/6228
f 6370/9553/6229 6168/9252/6229 6167/9253/6229 6369/9554/6229
f 6369/9554/6230 6167/9253/6230 6166/9254/6230 6368/9555/6230
f 6368/9555/6231 6166/9254/6231 6165/9255/6231 6367/9556/6231
f 6367/9556/6232 6165/9255/6232 6164/9256/6232 6366/9557/6232
f 6366/9557/6233 6164/9256/6233 6162/76/6233 6364/75/6233
f 6264/1/6234 2/4/6234 101/9558/6234 6363/9257/6234
f 6363/9257/6235 101/9558/6235 100/9559/6235 6362/9560/6235
f 6362/9560/6236 100/9559/6236 99/9561/6236 6361/9562/6236
f 6361/9562/6237 99/9561/6237 98/9563/6237 6360/9564/6237
f 6360/9564/6238 98/9563/6238 97/9565/6238 6359/9566/6238
f 6359/9566/6239 97/9565/6239 96/9567/6239 6358/9568/6239
f 6358/9568/6240 96/9567/6240 95/9569/6240 6357/9570/6240
f 6357/9570/6241 95/9569/6241 94/9571/6241 6356/9572/6241
f 6356/9572/6242 94/9571/6242 93/9573/6242 6355/9574/6242
f 6355/9574/6243 93/9573/6243 92/9575/6243 6354/9576/6243
f 6354/9576/6244 92/9575/6244 91/9577/6244 6353/9578/6244
f 6353/9578/6245 91/9577/6245 90/9579/6245 6352/9580/6245
f 6352/9580/6246 90/9579/6246 89/9581/6246 6351/9582/6246
f 6351/9582/6247 89/9581/6247 88/9583/6247 6350/9584/6247
f 6350/9584/6248 88/9583/6248 87/9585/6248 6349/9586/6248
f 6349/9586/6249 87/9585/6249 86/9587/6249 6348/9588/6249
f 6348/9588/6250 86/9587/6250 85/9589/6250 6347/9590/6250
f 6347/9590/6251 85/9589/6251 84/9591/6251 6346/9592/6251
f 6346/9592/6252 84/9591/6252 83/9593/6252 6345/9594/6252
f 6345/9594/6253 83/9593/6253 82/9595/6253 6344/9596/6253
f 6344/9596/6254 82/9595/6254 81/9597/6254 6343/9598/6254
f 6343/9598/6255 81/9597/6255 80/9599/6255 6342/9600/6255
f 6342/9600/6256 80/9599/6256 79/9601/6256 6341/9602/6256
f 6341/9602/6257 79/9601/6257 78/9603/6257 6340/9604/6257
f 6340/9604/6258 78/9603/6258 77/9605/6258 6339/9606/6258
f 6339/9606/6259 77/9605/6259 76/9607/6259 6338/9608/6259
f 6338/9608/6260 76/9607/6260 75/9609/6260 6337/9610/6260
f 6337/9610/6261 75/9609/6261 74/9611/6261 6336/9612/6261
f 6336/9612/6262 74/9611/6262 73/9613/6262 6335/9614/6262
f 6335/9614/6263 73/9613/6263 72/9615/6263 6334/9616/6263
f 6334/9616/6264 72/9615/6264 71/9617/6264 6333/9618/6264
f 6333/9618/6265 71/9617/6265 70/9619/6265 6332/9620/6265
f 6332/9620/6266 70/9619/6266 69/9621/6266 6331/9622/6266
f 6331/9622/6267 69/9621/6267 68/9623/6267 6330/9624/6267
f 6330/9624/6268 68/9623/6268 67/9625/6268 6329/9626/6268
f 6329/9626/6269 67/9625/6269 66/9627/6269 6328/9628/6269
f 6328/9628/6270 66/9627/6270 65/9629/6270 6327/9630/6270
f 6327/9630/6271 65/9629/6271 64/9631/6271 6326/9632/6271
f 6326/9632/6272 64/9631/6272 63/9633/6272 6325/9634/6272
f 6325/9634/6273 63/9633/6273 62/9635/6273 6324/9636/6273
f 6324/9636/6274 62/9635/6274 61/9637/6274 6323/9638/6274
f 6323/9638/6275 61/9637/6275 60/9639/6275 6322/9640/6275
f 6322/9640/6276 60/9639/6276 59/9641/6276 6321/9642/6276
f 6321/9642/6277 59/9641/6277 58/9643/6277 6320/9644/6277
f 6320/9644/6278 58/9643/6278 57/9645/6278 6319/9646/6278
f 6319/9646/6279 57/9645/6279 56/9647/6279 6318/9648/6279
f 6318/9648/6280 56/9647/6280 55/9649/6280 6317/9650/6280
f 6317/9650/6281 55/9649/6281 54/9651/6281 6316/9652/6281
f 6316/9652/6282 54/9651/6282 53/9653/6282 6315/9654/6282
f 6315/9654/6283 53/9653/6283 52/9655/6283 6314/9656/6283
f 6314/9657/6284 52/9658/6284 51/210/6284 6313/9358/6284
f 6313/9358/6285 51/210/6285 50/212/6285 6312/9359/6285
f 6312/9359/6286 50/212/6286 49/214/6286 6311/9360/6286
f 6311/9360/6287 49/214/6287 48/216/6287 6310/9361/6287
f 6310/9361/6288 48/216/6288 47/218/6288 6309/9362/6288
f 6309/9362/6289 47/218/6289 46/220/6289 6308/9363/6289
f 6308/9363/6290 46/220/6290 45/222/6290 6307/9364/6290
f 6307/9364/6291 45/222/6291 44/224/6291 6306/9365/6291
f 6306/9365/6292 44/224/6292 43/226/6292 6305/9366/6292
f 6305/9366/6293 43/226/6293 42/228/6293 6304/9367/6293
f 6304/9367/6294 42/228/6294 41/230/6294 6303/9368/6294
f 6303/9368/6295 41/230/6295 40/232/6295 6302/9369/6295
f 6302/9369/6296 40/232/6296 39/234/6296 6301/9370/6296
f 6301/9370/6297 39/234/6297 38/236/6297 6300/9371/6297
f 6300/9371/6298 38/236/6298 37/238/6298 6299/9372/6298
f 6299/9372/6299 37/238/6299 36/240/6299 6298/9373/6299
f 6298/9373/6300 36/240/6300 35/242/6300 6297/9374/6300
f 6297/9374/6301 35/242/6301 34/244/6301 6296/9375/6301
f 6296/9375/6302 34/244/6302 33/246/6302 6295/9376/6302
f 6295/9376/6303 33/246/6303 32/248/6303 6294/9377/6303
f 6294/9377/6304 32/248/6304 31/250/6304 6293/9378/6304
f 6293/9378/6305 31/250/6305 30/252/6305 6292/9379/6305
f 6292/9379/6306 30/252/6306 29/254/6306 6291/9380/6306
f 6291/9380/6307 29/254/6307 28/256/6307 6290/9381/6307
f 6290/9381/6308 28/256/6308 27/258/6308 6289/9382/6308
f 6289/9382/6309 27/258/6309 26/260/6309 6288/9383/6309
f 6288/9383/6310 26/260/6310 25/262/6310 6287/9384/6310
f 6287/9384/6311 25/262/6311 24/264/6311 6286/9385/6311
f 6286/9385/6312 24/264/6312 23/266/6312 6285/9386/6312
f 6285/9386/6313 23/266/6313 22/268/6313 6284/9387/6313
f 6284/9387/6314 22/268/6314 21/270/6314 6283/9388/6314
f 6283/9388/6315 21/270/6315 20/272/6315 6282/9389/6315
f 6282/9389/6316 20/272/6316 19/274/6316 6281/9390/6316
f 6281/9390/6317 19/274/6317 18/276/6317 6280/9391/6317
f 6280/9391/6318 18/276/6318 17/278/6318 6279/9392/6318
f 6279/9392/6319 17/278/6319 16/280/6319 6278/9393/6319
f 6278/9393/6320 16/280/6320 15/282/6320 6277/9394/6320
f 6277/9394/6321 15/282/6321 14/284/6321 6276/9395/6321
f 6276/9395/6322 14/284/6322 13/286/6322 6275/9396/6322
f 6275/9396/6323 13/286/6323 12/288/6323 6274/9397/6323
f 6274/9397/6324 12/288/6324 11/290/6324 6273/9398/6324
f 6273/9398/6325 11/290/6325 10/292/6325 6272/9399/6325
f 6272/9399/6326 10/292/6326 9/294/6326 6271/9400/6326
f 6271/9400/6327 9/294/6327 8/296/6327 6270/9401/6327
f 6270/9401/6328 8/296/6328 7/298/6328 6269/9402/6328
f 6269/9402/6329 7/298/6329 6/300/6329 6268/9403/6329
f 6268/9403/6330 6/300/6330 5/302/6330 6267/9404/6330
f 6267/9404/6331 5/302/6331 4/304/6331 6266/9405/6331
f 6266/9405/6332 4/304/6332 3/306/6332 6265/9406/6332
f 6265/9406/6333 3/306/6333 1/308/6333 6263/9407/6333
f 103/3/6334 6365/2/6334 6464/9408/6334 202/9659/6334
f 202/9659/6335 6464/9408/6335 6463/9660/6335 201/9661/6335
f 201/9661/6336 6463/9660/6336 6462/9662/6336 200/9663/6336
f 200/9663/6337 6462/9662/6337 6461/9664/6337 199/9665/6337
f 199/9665/6338 6461/9664/6338 6460/9666/6338 198/9667/6338
f 198/9667/6339 6460/9666/6339 6459/9668/6339 197/9669/6339
f 197/9669/6340 6459/9668/6340 6458/9670/6340 196/9671/6340
f 196/9671/6341 6458/9670/6341 6457/9672/6341 195/9673/6341
f 195/9673/6342 6457/9672/6342 6456/9674/6342 194/9675/6342
f 194/9675/6343 6456/9674/6343 6455/9676/6343 193/9677/6343
f 193/9677/6344 6455/9676/6344 6454/9678/6344 192/9679/6344
f 192/9679/6345 6454/9678/6345 6453/9680/6345 191/9681/6345
f 191/9681/6346 6453/9680/6346 6452/9682/6346 190/9683/6346
f 190/9683/6347 6452/9682/6347 6451/9684/6347 189/9685/6347
f 189/9685/6348 6451/9684/6348 6450/9686/6348 188/9687/6348
f 188/9687/6349 6450/9686/6349 6449/9688/6349 187/9689/6349
f 187/9689/6350 6449/9688/6350 6448/9690/6350 186/9691/6350
f 186/9691/6351 6448/9690/6351 6447/9692/6351 185/9693/6351
f 185/9693/6352 6447/9692/6352 6446/9694/6352 184/9695/6352
f 184/9695/6353 6446/9694/6353 6445/9696/6353 183/9697/6353
f 183/9697/6354 6445/9696/6354 6444/9698/6354 182/9699/6354
f 182/9699/6355 6444/9698/6355 6443/9700/6355 181/9701/6355
f 181/9701/6356 6443/9700/6356 6442/9702/6356 180/9703/6356
f 180/9703/6357 6442/9702/6357 6441/9704/6357 179/9705/6357
f 179/9705/6358 6441/9704/6358 6440/9706/6358 178/9707/6358
f 178/9707/6359 6440/9706/6359 6439/9708/6359 177/9709/6359
f 177/9709/6360 6439/9708/6360 6438/9710/6360 176/9711/6360
f 176/9711/6361 6438/9710/6361 6437/9712/6361 175/9713/6361
f 175/9713/6362 6437/9712/6362 6436/9714/6362 174/9715/6362
f 174/9715/6363 6436/9714/6363 6435/9716/6363 173/9717/6363
f 173/9717/6364 6435/9716/6364 6434/9718/6364 172/9719/6364
f 172/9719/6365 6434/9718/6365 6433/9720/6365 171/9721/6365
f 171/9721/6366 6433/9720/6366 6432/9722/6366 170/9723/6366
f 170/9723/6367 6432/9722/6367 6431/9724/6367 169/9725/6367
f 169/9725/6368 6431/9724/6368 6430/9726/6368 168/9727/6368
f 168/9727/6369 6430/9726/6369 6429/9728/6369 167/9729/6369
f 167/9729/6370 6429/9728/6370 6428/9730/6370 166/9731/6370
f 166/9731/6371 6428/9730/6371 6427/9732/6371 165/9733/6371
f 165/9733/6372 6427/9732/6372 6426/9734/6372 164/9735/6372
f 164/9735/6373 6426/9734/6373 6425/9736/6373 163/9737/6373
f 163/9737/6374 6425/9736/6374 6424/9738/6374 162/9739/6374
f 162/9739/6375 6424/9738/6375 6423/9740/6375 161/9741/6375
f 161/9741/6376 6423/9740/6376 6422/9742/6376 160/9743/6376
f 160/9743/6377 6422/9742/6377 6421/9744/6377 159/9745/6377
f 159/9745/6378 6421/9744/6378 6420/9746/6378 158/9747/6378
f 158/9747/6379 6420/9746/6379 6419/9748/6379 157/9749/6379
f 157/9749/6380 6419/9748/6380 6418/9750/6380 156/9751/6380
f 156/9751/6381 6418/9750/6381 6417/9752/6381 155/9753/6381
f 155/9753/6382 6417/9752/6382 6416/9754/6382 154/9755/6382
f 154/9755/6383 6416/9754/6383 6415/9756/6383 153/9757/6383
f 153/9758/6384 6415/9759/6384 6414/9509/6384 152/411/6384
f 152/411/6385 6414/9509/6385 6413/9510/6385 151/413/6385
f 151/413/6386 6413/9510/6386 6412/9511/6386 150/415/6386
f 150/415/6387 6412/9511/6387 6411/9512/6387 149/417/6387
f 149/417/6388 6411/9512/6388 6410/9513/6388 148/419/6388
f 148/419/6389 6410/9513/6389 6409/9514/6389 147/421/6389
f 147/421/6390 6409/9514/6390 6408/9515/6390 146/423/6390
f 146/423/6391 6408/9515/6391 6407/9516/6391 145/425/6391
f 145/425/6392 6407/9516/6392 6406/9517/6392 144/427/6392
f 144/427/6393 6406/9517/6393 6405/9518/6393 143/429/6393
f 143/429/6394 6405/9518/6394 6404/9519/6394 142/431/6394
f 142/431/6395 6404/9519/6395 6403/9520/6395 141/433/6395
f 141/433/6396 6403/9520/6396 6402/9521/6396 140/435/6396
f 140/435/6397 6402/9521/6397 6401/9522/6397 139/437/6397
f 139/437/6398 6401/9522/6398 6400/9523/6398 138/439/6398
f 138/439/6399 6400/9523/6399 6399/9524/6399 137/441/6399
f 137/441/6400 6399/9524/6400 6398/9525/6400 136/443/6400
f 136/443/6401 6398/9525/6401 6397/9526/6401 135/445/6401
f 135/445/6402 6397/9526/6402 6396/9527/6402 134/447/6402
f 134/447/6403 6396/9527/6403 6395/9528/6403 133/449/6403
f 133/449/6404 6395/9528/6404 6394/9529/6404 132/451/6404
f 132/451/6405 6394/9529/6405 6393/9530/6405 131/453/6405
f 131/453/6406 6393/9530/6406 6392/9531/6406 130/455/6406
f 130/455/6407 6392/9531/6407 6391/9532/6407 129/457/6407
f 129/457/6408 6391/9532/6408 6390/9533/6408 128/459/6408
f 128/459/6409 6390/9533/6409 6389/9534/6409 127/461/6409
f 127/461/6410 6389/9534/6410 6388/9535/6410 126/463/6410
f 126/463/6411 6388/9535/6411 6387/9536/6411 125/465/6411
f 125/465/6412 6387/9536/6412 6386/9537/6412 124/467/6412
f 124/467/6413 6386/9537/6413 6385/9538/6413 123/469/6413
f 123/469/6414 6385/9538/6414 6384/9539/6414 122/471/6414
f 122/471/6415 6384/9539/6415 6383/9540/6415 121/473/6415
f 121/473/6416 6383/9540/6416 6382/9541/6416 120/475/6416
f 120/475/6417 6382/9541/6417 6381/9542/6417 119/477/6417
f 119/477/6418 6381/9542/6418 6380/9543/6418 118/479/6418
f 118/479/6419 6380/9543/6419 6379/9544/6419 117/481/6419
f 117/481/6420 6379/9544/6420 6378/9545/6420 116/483/6420
f 116/483/6421 6378/9545/6421 6377/9546/6421 115/485/6421
f 115/485/6422 6377/9546/6422 6376/9547/6422 114/487/6422
f 114/487/6423 6376/9547/6423 6375/9548/6423 113/489/6423
f 113/489/6424 6375/9548/6424 6374/9549/6424 112/491/6424
f 112/491/6425 6374/9549/6425 6373/9550/6425 111/493/6425
f 111/493/6426 6373/9550/6426 6372/9551/6426 110/495/6426
f 110/495/6427 6372/9551/6427 6371/9552/6427 109/497/6427
f 109/497/6428 6371/9552/6428 6370/9553/6428 108/499/6428
f 108/499/6429 6370/9553/6429 6369/9554/6429 107/501/6429
f 107/501/6430 6369/9554/6430 6368/9555/6430 106/503/6430
f 106/503/6431 6368/9555/6431 6367/9556/6431 105/505/6431
f 105/505/6432 6367/9556/6432 6366/9557/6432 104/507/6432
f 104/507/6433 6366/9557/6433 6364/75/6433 102/74/6433
f 1/308/6434 203/307/6434 405/660/6434 607/962/6434 809/1263/6434 1011/1565/6434 1213/1866/6434 1415/2168/6434 1617/2470/6434 1819/2771/6434 2021/3073/6434 2223/3375/6434 2425/3676/6434 2627/3978/6434 2829/4280/6434 3031/4582/6434 3233/4884/6434 3435/5185/6434 3637/5486/6434 3839/5787/6434 4041/6089/6434 4243/6391/6434 4445/6692/6434 4647/6994/6434 4849/7297/6434 5051/7599/6434 5253/7900/6434 5455/8201/6434 5657/8503/6434 5859/8805/6434 6061/9106/6434 6263/9407/6434
o Cone
v 0.000000 0.330000 0.328916
v 0.064380 0.323659 0.328916
v 0.126286 0.304880 0.328916
v 0.183338 0.274385 0.328916
v 0.233345 0.233345 0.328916
v 0.274385 0.183338 0.328916
v 0.304880 0.126286 0.328916
v 0.323659 0.064380 0.328916
v 0.330000 -0.000000 0.328916
v 0.323659 -0.064380 0.328916
v 0.304880 -0.126286 0.328916
v 0.274385 -0.183338 0.328916
v 0.233345 -0.233345 0.328916
v 0.183338 -0.274385 0.328916
v 0.126286 -0.304880 0.328916
v 0.064380 -0.323659 0.328916
v 0.000000 -0.330000 0.328916
v -0.064380 -0.323659 0.328916
v -0.126286 -0.304880 0.328916
v -0.183338 -0.274385 0.328916
v -0.233345 -0.233345 0.328916
v -0.274385 -0.183338 0.328916
v -0.304880 -0.126286 0.328916
v -0.323659 -0.064380 0.328916
v -0.330000 -0.000000 0.328916
v -0.323659 0.064380 0.328916
v -0.304880 0.126286 0.328916
v -0.274385 0.183338 0.328916
v -0.233345 0.233345 0.328916
v -0.183338 0.274385 0.328916
v -0.126286 0.304880 0.328916
v -0.064380 0.323659 0.328916
v 0.000000 0.000000 1.208916
vn 0.0918 0.9324 0.3496
vn 0.2720 0.8965 0.3496
vn 0.4416 0.8263 0.3496
vn 0.5944 0.7242 0.3496
vn 0.7242 0.5944 0.3496
vn 0.8263 0.4416 0.3496
vn 0.8965 0.2720 0.3496
vn 0.9324 0.0918 0.3496
vn 0.9324 -0.0918 0.3496
vn 0.8965 -0.2720 0.3496
vn 0.8263 -0.4416 0.3496
vn 0.7242 -0.5944 0.3496
vn 0.5944 -0.7242 0.3496
vn 0.4416 -0.8263 0.3496
vn 0.2720 -0.8965 0.3496
vn 0.0918 -0.9324 0.3496
vn -0.0918 -0.9324 0.3496
vn -0.2720 -0.8965 0.3496
vn -0.4416 -0.8263 0.3496
vn -0.5944 -0.7242 0.3496
vn -0.7242 -0.5944 0.3496
vn -0.8263 -0.4416 0.3496
vn -0.8965 -0.2720 0.3496
vn -0.9324 -0.0918 0.3496
vn -0.9324 0.0918 0.3496
vn -0.8965 0.2720 0.3496
vn -0.8263 0.4416 0.3496
vn -0.7242 0.5944 0.3496
vn -0.5944 0.7242 0.3496
vn -0.4416 0.8263 0.3496
vn -0.0000 -0.0000 -1.0000
vn -0.2720 0.8965 0.3496
vn -0.0918 0.9324 0.3496
vt 0.250000 0.490000
vt 0.250000 0.250000
vt 0.296822 0.485388
vt 0.341844 0.471731
vt 0.383337 0.449553
vt 0.419706 0.419706
vt 0.449553 0.383337
vt 0.471731 0.341844
vt 0.485388 0.296822
vt 0.490000 0.250000
vt 0.485388 0.203178
vt 0.471731 0.158156
vt 0.449553 0.116663
vt 0.419706 0.080294
vt 0.383337 0.050447
vt 0.341844 0.028269
vt 0.296822 0.014612
vt 0.250000 0.010000
vt 0.203178 0.014612
vt 0.158156 0.028269
vt 0.116663 0.050447
vt 0.080294 0.080294
vt 0.050447 0.116663
vt 0.028269 0.158156
vt 0.014612 0.203178
vt 0.010000 0.250000
vt 0.014612 0.296822
vt 0.028269 0.341844
vt 0.050447 0.383337
vt 0.080294 0.419706
vt 0.116663 0.449553
vt 0.158156 0.471731
vt 0.750000 0.490000
vt 0.796822 0.485388
vt 0.841844 0.471731
vt 0.883337 0.449553
vt 0.919706 0.419706
vt 0.949553 0.383337
vt 0.971731 0.341844
vt 0.985388 0.296822
vt 0.990000 0.250000
vt 0.985388 0.203178
vt 0.971731 0.158156
vt 0.949553 0.116663
vt 0.919706 0.080294
vt 0.883337 0.050447
vt 0.841844 0.028269
vt 0.796822 0.014612
vt 0.750000 0.010000
vt 0.703178 0.014612
vt 0.658156 0.028269
vt 0.616663 0.050447
vt 0.580294 0.080294
vt 0.550447 0.116663
vt 0.528269 0.158156
vt 0.514612 0.203178
vt 0.510000 0.250000
vt 0.514612 0.296822
vt 0.528269 0.341844
vt 0.550447 0.383337
vt 0.580294 0.419706
vt 0.616663 0.449553
vt 0.658156 0.471731
vt 0.703178 0.485388
vt 0.203178 0.485388
s 0
f 6465/9760/6435 6497/9761/6435 6466/9762/6435
f 6466/9762/6436 6497/9761/6436 6467/9763/6436
f 6467/9763/6437 6497/9761/6437 6468/9764/6437
f 6468/9764/6438 6497/9761/6438 6469/9765/6438
f 6469/9765/6439 6497/9761/6439 6470/9766/6439
f 6470/9766/6440 6497/9761/6440 6471/9767/6440
f 6471/9767/6441 6497/9761/6441 6472/9768/6441
f 6472/9768/6442 6497/9761/6442 6473/9769/6442
f 6473/9769/6443 6497/9761/6443 6474/9770/6443
f 6474/9770/6444 6497/9761/6444 6475/9771/6444
f 6475/9771/6445 6497/9761/6445 6476/9772/6445
f 6476/9772/6446 6497/9761/6446 6477/9773/6446
f 6477/9773/6447 6497/9761/6447 6478/9774/6447
f 6478/9774/6448 6497/9761/6448 6479/9775/6448
f 6479/9775/6449 6497/9761/6449 6480/9776/6449
f 6480/9776/6450 6497/9761/6450 6481/9777/6450
f 6481/9777/6451 6497/9761/6451 6482/9778/6451
f 6482/9778/6452 6497/9761/6452 6483/9779/6452
f 6483/9779/6453 6497/9761/6453 6484/9780/6453
f 6484/9780/6454 6497/9761/6454 6485/9781/6454
f 6485/9781/6455 6497/9761/6455 6486/9782/6455
f 6486/9782/6456 6497/9761/6456 6487/9783/6456
f 6487/9783/6457 6497/9761/6457 6488/9784/6457
f 6488/9784/6458 6497/9761/6458 6489/9785/6458
f 6489/9785/6459 6497/9761/6459 6490/9786/6459
f 6490/9786/6460 6497/9761/6460 6491/9787/6460
f 6491/9787/6461 6497/9761/6461 6492/9788/6461
f 6492/9788/6462 6497/9761/6462 6493/9789/6462
f 6493/9789/6463 6497/9761/6463 6494/9790/6463
f 6494/9790/6464 6497/9761/6464 6495/9791/6464
f 6465/9792/6465 6466/9793/6465 6467/9794/6465 6468/9795/6465 6469/9796/6465 6470/9797/6465 6471/9798/6465 6472/9799/6465 6473/9800/6465 6474/9801/6465 6475/9802/6465 6476/9803/6465 6477/9804/6465 6478/9805/6465 6479/9806/6465 6480/9807/6465 6481/9808/6465 6482/9809/6465 6483/9810/6465 6484/9811/6465 6485/9812/6465 6486/9813/6465 6487/9814/6465 6488/9815/6465 6489/9816/6465 6490/9817/6465 6491/9818/6465 6492/9819/6465 6493/9820/6465 6494/9821/6465 6495/9822/6465 6496/9823/6465
f 6495/9791/6466 6497/9761/6466 6496/9824/6466
f 6496/9824/6467 6497/9761/6467 6465/9760/6467
