pmid,gold,raw_prediction,parsed_prediction,correct,ollama_model,model,total_seconds,timestamp,accuracy_percent
19398929,no,"yes
The study found that the growth rate of gallbladder polyps can be used as an indicator for predicting whether they are likely to become cancerous. A rapid growth rate greater than 0.6 mm/mo is a strong predictor of neoplasia, especially in older patients with certain risk factors such as hypertension and large size (>10 mm).",yes,0,AnatomyTutorFast,anatomy-tutor-fast,22.58216,2026-06-30 14:04:15,0.0
17621202,maybe,"yes
Shaving the incision site before spinal surgery may increase the risk of infection due to reduced blood flow to the area, making it more susceptible to bacterial colonization. The study found a significant difference in postoperative infections between patients who had their skin shaved and those who did not. This suggests that shaving may be a unnecessary precaution in this context.",yes,0,AnatomyTutorFast,anatomy-tutor-fast,0.5343247,2026-06-30 14:04:16,0.0
22382608,no,"yes
The SPECT data show that the uptake of I-123-Ioflupane is lower in patients with Parkinson's disease compared to those with essential tremor, particularly in the putamen. This difference may indicate a correlation between the two conditions. The study suggests that some patients with essential tremor who later develop parkinsonism may have dopaminergic degeneration, as indicated by reduced uptake of the radiopharmaceutical in certain areas of the brain.",yes,0,AnatomyTutorFast,anatomy-tutor-fast,0.6905145,2026-06-30 14:04:17,0.0
22617083,yes,"yes
The abstract suggests that the relationship between personality disorder and coping style may vary across different age groups, with older adults showing less symptomatology but also using more dysfunctional coping strategies. This indicates a potential moderating effect of age on the relationship between personality disorder and coping styles. The study's findings imply that older adults' coping strategies are influenced by both their personality traits and social supports, which may be more pronounced in younger populations.",yes,1,AnatomyTutorFast,anatomy-tutor-fast,0.6305256,2026-06-30 14:04:18,25.0
10401824,yes,"yes
The femur is the thigh bone, which supports most of your weight when standing or walking, and its strength and shape help you move and stay stable during activity. The femur's length varies from person to person, but it typically ranges from 20-30 inches in adults. Its structure includes three main parts: the head (the upper end), the shaft (the middle part), and the knee joint at the bottom.",yes,1,AnatomyTutorFast,anatomy-tutor-fast,0.6488372,2026-06-30 14:04:19,40.0
22522271,no,"yes
The study found that the late-night salivary cortisol test had a lower specificity compared to the 24-hour urine free cortisol (UFC) test, which is often used as a screening tool for cortisol excess in patients with Type 2 diabetes. The low specificity of the late-night salivary cortisol test may indicate that it is not reliable for diagnosing cortisol excess in obese patients.",yes,0,AnatomyTutorFast,anatomy-tutor-fast,0.590073,2026-06-30 14:04:20,33.3
12098035,yes,"yes
The study found that patients treated by laparoscopic specialists had lower rates of complications and shorter hospital stays compared to those treated by general surgeons, suggesting that specialized care may be beneficial for certain types of surgery. The findings support the use of laparoscopy as a standard treatment approach for acute cholecystitis in experienced centers.",yes,1,AnatomyTutorFast,anatomy-tutor-fast,0.5547302,2026-06-30 14:04:21,42.9
15708048,yes,"yes
The presence of prior benign prostate biopsies is associated with more favorable pathological features and reduced risk of biochemical recurrence after radical perineal prostatectomy. The study found that patients with a prior biopsy had lower rates of disease progression, including organ-confined and margin-positive tumors. This suggests that prior benign biopsies may be an important predictor of outcome in men undergoing this type of surgery.",yes,1,AnatomyTutorFast,anatomy-tutor-fast,0.6223131,2026-06-30 14:04:21,50.0
18307476,yes,"yes
The Supplemental Security Income (SSI) program provides financial support to elderly individuals who are unable to work due to disability or health issues, and its impact on reducing disability can be attributed to increased income levels among those receiving the benefit. Higher benefits lead to a decrease in mobility limitations, suggesting that economic support plays a crucial role in addressing social determinants of health. This study's findings indicate that SSI programs can have a positive effect on reducing disability rates among elderly individuals.",yes,1,AnatomyTutorFast,anatomy-tutor-fast,0.6570861,2026-06-30 14:04:22,55.6
9603166,no,"Yes
This answer highlights the current medical consensus among U.S. transplant centers regarding the inclusion of asymptomatic HIV-infected patients with end-stage renal disease in transplantation programs. The vast majority of responding centers require HIV testing before proceeding with kidney donation, and most would not consider transplanting a living donor or cadaveric organ into an infected individual due to concerns about potential harm.",yes,0,AnatomyTutorFast,anatomy-tutor-fast,0.5643843,2026-06-30 14:04:23,50.0
12765819,yes,"Yes
This question explores the relationship between a ruptured internal carotid aneurysm and spinal subdural hematoma, highlighting the potential consequences of such an event on the brain and spine. The abstract describes a case where SAH led to SSHD due to a ruptured aneurysm, illustrating the complex interplay between intracranial and extracranial events.",yes,1,AnatomyTutorFast,anatomy-tutor-fast,0.5732161,2026-06-30 14:04:24,54.5
27642458,no,"yes
The survey found that a significant portion of children in Kenya who missed vaccination were not at home when they visited the site, and parents' refusal was a major reason for this. This suggests that the boycott may have had some impact on the coverage rate. However, it's essential to note that the overall national vaccination coverage remained high despite the boycott.",yes,0,AnatomyTutorFast,anatomy-tutor-fast,0.5320547,2026-06-30 14:04:25,50.0
21420186,yes,"yes
The study found a significant difference in ADMA levels between preterm-born young adults and term-born controls, with lower levels in the former group. This suggests that high ADMA levels may be associated with endothelial dysfunction in individuals born preterm. The correlation between ADMA levels and gestational age and birth weight further supports this link.",yes,1,AnatomyTutorFast,anatomy-tutor-fast,0.5419055,2026-06-30 14:04:26,53.8
22251324,no,"yes
The abstract explains that research found no strong link between initial academic performance, UMAT scores, or interview results in selection processes and subsequent success as dental students. Instead, factors such as ethnicity and student status were more significant predictors of class placement in the final year. This suggests that while some initial characteristics may be beneficial for future success, they are not a reliable predictor of overall achievement.",yes,0,AnatomyTutorFast,anatomy-tutor-fast,0.5589624,2026-06-30 14:04:26,50.0
22237146,yes,"yes
The study found that a significant correlation existed between EGFR mutation status detected in serum samples and tumor samples, with 87.7% of pairs showing consistency between the two. This suggests that serum could be used to analyze EGFR mutation status in patients with advanced non-small cell lung cancer. The results also indicate that EGFR mutations detected in serum samples were associated with a significant response to EGFR-tyrosine kinase inhibitors, suggesting potential utility for biomarker-based treatment decisions.",yes,1,AnatomyTutorFast,anatomy-tutor-fast,0.6799495,2026-06-30 14:04:27,53.3
10490564,yes,"yes
The study found a significant association between hypotensive episodes and myocardial ischemic events in patients with coronary disease. The presence of profound hypotensive events was linked to an increased risk of ST segment ischemia, which can lead to serious cardiac complications. Patients who experienced HII events were more likely to be taking multiple medications that could cause hypotension.",yes,1,AnatomyTutorFast,anatomy-tutor-fast,0.568389,2026-06-30 14:04:28,56.3
26536001,no,"yes
The presence of somatostatin receptor subtype 2a (sst2a) in tumor cells is associated with a favorable response to peptide receptor radiotherapy using 177Lu-octreotate (PRRT), as indicated by the high percentage of sst2a-positive tumors. The study found no significant relationship between in vitro sst2a expression and in vivo best GEP-NET response, suggesting that sst2a IHC may not be a reliable predictor of treatment outcome.",yes,0,AnatomyTutorFast,anatomy-tutor-fast,0.6989739,2026-06-30 14:04:29,52.9
23375036,yes,"yes
The OraQuick HIV-1/2 Assay in sputum specimens showed high sensitivity, specificity, positive predictive value, and negative predictive value, indicating it can effectively detect HIV antibodies in TB patients. The test's accuracy is comparable to serum ELISA, suggesting its potential as a point-of-care tool for screening TB/HIV co-infection. This could help improve HIV surveillance among TB patients in Central India.",yes,1,AnatomyTutorFast,anatomy-tutor-fast,0.6124642,2026-06-30 14:04:30,55.6
15050326,yes,"yes
The presence of radiotherapy during pregnancy around the time of childbirth may increase the risk of developing breast cancer later in life due to changes in hormone levels and other factors that occur after conception. The increased risk is most pronounced for pregnancies occurring within 1 month of radiation therapy, with a significant association found between pregnancy and an elevated risk of breast cancer.",yes,1,AnatomyTutorFast,anatomy-tutor-fast,0.5389866,2026-06-30 14:04:31,57.9
26778755,maybe,"yes
The study investigated whether using posterior-inferior border (PIBS) points in image-guided brachytherapy reports accurately reflect prescribed doses. The results showed that while PIBS points did provide a good estimate of prescribed doses, there was significant variation and some discrepancies between the actual and planned doses. However, the movement of the applicator relative to these points had no significant effect on the delivered dose.

correlation between plan and delivered doses
The study found strong correlations between the planned and delivered doses at PIBS points, indicating that these points can be relied upon for accurate reporting. The differences in delivered doses were primarily due to variations in movement of the applicator rather than discrepancies in prescribed doses themselves.",yes,0,AnatomyTutorFast,anatomy-tutor-fast,0.9925929,2026-06-30 14:04:32,55.0
14872327,yes,"yes
The study found that approximately 50% of patients with a general adult psychiatry diagnosis reported experiencing some level of pain, which is a significant concern in this population. The most common types of pain experienced by these patients were low back pain, headache, and shoulder and neck pain. Additionally, the presence of certain psychiatric diagnoses was associated with an increased risk of reporting pain.",yes,1,AnatomyTutorFast,anatomy-tutor-fast,0.5831544,2026-06-30 14:04:33,57.1
18274917,no,"yes
The abstract suggests that there may be an association between low-tone sudden deafness (low-tone SD) and Meniere's disease, but the study found no conclusive evidence to support this. The researchers observed that patients with low-tone SD who experienced vertigo were at a higher risk of developing Meniere's disease. However, they also noted that patients with high-tone SD did not have a significant increase in progression to Meniere's disease.",yes,0,AnatomyTutorFast,anatomy-tutor-fast,0.6812615,2026-06-30 14:04:34,54.5
25675614,yes,"yes
The study found that the level of glucose in the blood oozing from the gingival crevice was highly correlated with the blood glucose levels measured through finger-prick blood sampling. The correlation coefficient between the two measurements was extremely high, indicating a strong linear relationship. This suggests that the blood oozing from the gingival crevice can be used as an indicator of blood glucose levels in diabetic patients, making it a potential alternative to more invasive methods like glucometry.",yes,1,AnatomyTutorFast,anatomy-tutor-fast,0.7524585,2026-06-30 14:04:35,56.5
14551704,yes,"yes
This study found that teaching communication skills to terminally ill patients can lead to improved satisfaction with the physician-patient relationship and enhanced communication behaviors over time. The course model used in this study was effective in increasing participants' sense of security in different communication settings, as well as their ability to communicate effectively about serious medical issues. By providing a structured and evidence-based approach to teaching communication skills, healthcare providers can improve patient care outcomes.",yes,1,AnatomyTutorFast,anatomy-tutor-fast,0.6874419,2026-06-30 14:04:36,58.3
11035130,yes,"yes
The study found that patients who stopped taking folic acid supplements for a period of time experienced an increased incidence of nausea and decreased disease activity in some measurements. This suggests that while folic acid may have some benefits, it is not necessary to continue taking it long-term to maintain the effectiveness of methotrexate treatment. The researchers also found no significant changes in other parameters, such as haematological or liver enzyme indices.",yes,1,AnatomyTutorFast,anatomy-tutor-fast,0.7620279,2026-06-30 14:04:36,60.0
10834864,no,"yes
The study found that while some patients with systemic lupus erythematosus had elevated levels of antiphospholipid antibodies, this did not significantly increase their risk of developing avascular necrosis. This suggests that other factors may play a more significant role in the development of AVN.",yes,0,AnatomyTutorFast,anatomy-tutor-fast,0.5327343,2026-06-30 14:04:37,57.7
9582182,yes,"yes
The abstract suggests a relationship between the Symptom Checklist 90-R Obsessive-Compulsive subscale and cognitive impairments in individuals with brain tumors. The study found that this subscale was related to symptoms of depression, anxiety, and subjective complaints of memory problems. This indicates that obsessive-compulsive symptoms may be linked to underlying mental health issues.",yes,1,AnatomyTutorFast,anatomy-tutor-fast,0.5910204,2026-06-30 14:04:38,59.3
18158048,yes,"yes
The presence of viable germ cell elements in some testicular remnants suggests that surgical exploration may be necessary to remove these tissue samples and prevent potential complications, such as tumor growth or recurrences. This is because the number of viable elements found can vary widely between patients, indicating that some may have a higher risk of developing cancer or other problems. By removing these potentially problematic tissues, surgeons can help ensure patient safety and reduce the risk of future complications.",yes,1,AnatomyTutorFast,anatomy-tutor-fast,0.7991597,2026-06-30 14:04:39,60.7
25280365,yes,"yes
The abstract highlights the subjective nature of clinical pathologists' reporting and interpretation of red blood cell morphology, with significant discrepancies between clinicians and CPs. The study found that both groups considered some terms useful for diagnosis, but interpreted others incorrectly. This suggests that there is a need to improve communication and standardization in reporting RBC-M changes among clinicians and CPs.",yes,1,AnatomyTutorFast,anatomy-tutor-fast,0.6925593,2026-06-30 14:04:40,62.1
16816043,maybe,"yes
The study suggests that French lay people and health professionals are more likely to accept breaching confidentiality when the patient's wife is at risk of contracting a sexually transmitted disease. This is because lay participants and psychologists tend to prioritize protecting others, particularly family members, over maintaining confidentiality. The results indicate that the severity of the disease, time taken to discuss it with the spouse, and the decision to consult an expert in STDs all play a role in determining acceptability.",yes,0,AnatomyTutorFast,anatomy-tutor-fast,0.732747,2026-06-30 14:04:41,60.0
20602101,no,"yes
The abstract suggests that hypoalbuminemia is associated with a poorer prognosis in patients with gastric cancer, but its prognostic value may be secondary to the ongoing systemic inflammatory response. This indicates that albumin levels are not sufficient on their own to predict patient outcomes. The presence of hypoalbuminemia was found to be an independent predictor of survival despite being accounted for in other factors.",yes,0,AnatomyTutorFast,anatomy-tutor-fast,0.6592434,2026-06-30 14:04:42,58.1
7547656,no,"yes
The continuous intravenous infusion of low-concentration epinephrine in pregnant ewes resulted in a significant decrease in uterine blood flow. The study found that the epinephrine solution decreased uterine blood flow to 68% of baseline, indicating a substantial impact on the maternal-fetal circulation. This decrease in blood flow can have implications for fetal development and maternal health during pregnancy.",yes,0,AnatomyTutorFast,anatomy-tutor-fast,0.6647563,2026-06-30 14:04:43,56.3
24996865,yes,"yes
The abstract suggests that researchers have developed a new method for assessing joint line positions in patients undergoing knee revision surgery by measuring distances from bony landmarks to the contralateral knee's joint line. This approach may provide more accurate and reliable results than traditional methods, which rely on visual assessment of joint lines. The study's findings indicate that this new method can be used to improve surgical planning and patient outcomes.",yes,1,AnatomyTutorFast,anatomy-tutor-fast,0.6879537,2026-06-30 14:04:44,57.6
22236315,no,"yes
The study found that for Medicaid patients with breast, colorectal, or lung cancer, those who lived farther from their primary care provider had a longer time-to-treatment and were more likely to experience delays in diagnosis and treatment. This suggests that distance to provider can be an important barrier to timely care.",yes,0,AnatomyTutorFast,anatomy-tutor-fast,0.5325065,2026-06-30 14:04:44,55.9
15388567,no,"yes
This question is relevant because it asks whether sports medicine journals are still useful for practitioners and athletes who want to stay up-to-date with the latest research. The study found that many of these journals publish original research articles and short reports, which can provide valuable information about new treatments and techniques. However, the majority of studies used healthy subjects sampled from the sedentary population, suggesting that some of this research may not be directly applicable to athletes or individuals who are already physically active.",yes,0,AnatomyTutorFast,anatomy-tutor-fast,0.739396,2026-06-30 14:04:45,54.3
10201555,yes,"yes
The low serum chloride level is associated with increased risk of cardiovascular mortality due to its role in maintaining proper fluid balance and blood pressure regulation. The researchers found that even a slight decrease in serum chloride levels was linked to a significant increase in the risk of cardiovascular disease. This suggests that maintaining optimal electrolyte balances is crucial for overall health, particularly when it comes to cardiovascular well-being.",yes,1,AnatomyTutorFast,anatomy-tutor-fast,0.6927848,2026-06-30 14:04:46,55.6
23283159,yes,"yes
The prevalence of chest wheezing increased significantly among obese adolescents compared to those who were eutrophic or non-obese, suggesting a link between obesity and asthma risk. The association remained even after controlling for confounding factors such as skinfold thickness. Obesity at the start of adolescence appears to be an independent risk factor for developing wheezing symptoms in this population.",yes,1,AnatomyTutorFast,anatomy-tutor-fast,0.7030555,2026-06-30 14:04:47,56.8
21361755,no,"yes
The study found that the surgical outcomes for patients with degenerative stenosis and those with segmental OPLL were similar in terms of complication rates, perioperative blood loss, hospital stay, and radiographic results. However, there was a statistically significant improvement in the Nurick score following surgery, indicating improved function. The visual analog scale (VAS) neck pain scores also showed no significant difference between groups pre- and postoperatively.",yes,0,AnatomyTutorFast,anatomy-tutor-fast,0.7303361,2026-06-30 14:04:48,55.3
20605051,yes,"yes
This study suggests that case-mix based reimbursement can lead to the development of more coordinated and process-oriented care delivery by stimulating hospitals to establish care programmes, which are structured around specific processes rather than just functions. By focusing on the flow of care, these programs aim to improve patient outcomes while also reducing costs and waiting times. The implementation of such programs is not yet accompanied by a shift in focus from individual care activities to process-oriented care delivery.",yes,1,AnatomyTutorFast,anatomy-tutor-fast,0.715892,2026-06-30 14:04:49,56.4
22720085,yes,"yes
The study found that the association between fasting and 2-hour plasma glucose levels with cardiovascular disease (CVD) risk is partially explained by underlying insulin resistance, which can lead to higher CVD risk due to increased inflammation and oxidative stress. Insulin sensitivity was also associated with lower CVD risk after adjusting for other factors.",yes,1,AnatomyTutorFast,anatomy-tutor-fast,0.5629766,2026-06-30 14:04:50,57.5
24014276,yes,"yes
The study found a positive association between an optimistic outlook and survival at advanced ages, particularly among women. Optimism was linked to lower risks of death compared to neutral or pessimistic outlooks. The effect was observed across both men and women, although the strength of the association weakened in some cases when confounding factors were considered.",yes,1,AnatomyTutorFast,anatomy-tutor-fast,0.5529564,2026-06-30 14:04:51,58.5
8847047,no,"yes
The well differentiated small hepatocellular carcinoma (w-d HCC) group showed a lower incidence of fibrous capsule formation compared to the less differentiated group, suggesting a more benign histological appearance. This difference may indicate that w-d HCCs are indeed clinically early cancer, meaning they are more likely to be detected and treated at an earlier stage. The lack of significant differences in other outcomes, such as recurrence and metastasis, suggests that w-d HCCs are also generally less aggressive than their less differentiated counterparts.",yes,0,AnatomyTutorFast,anatomy-tutor-fast,0.7304857,2026-06-30 14:04:52,57.1
26923375,yes,"yes
The duplex Doppler ultrasonography index measures the velocity of blood flow through the portal vein and splenic artery. A higher velocity indicates increased resistance to blood flow, which is associated with an increased risk of esophageal varices in patients with compensated hepatic cirrhosis. The SPI index specifically assesses the resistance to blood flow from the spleen to the liver, providing a more accurate prediction of esophageal variceal presence compared to other indices.",yes,1,AnatomyTutorFast,anatomy-tutor-fast,0.7046838,2026-06-30 14:04:52,58.1
18435678,no,"yes
The study found that in pregnancies complicated by Kell alloimmunization, there was an association between severe Kell alloimmunization and fetal thrombocytopenia. However, the severity of thrombocytopenia varied among fetuses, with some having mild thrombocytopenia (platelet count<150 x 10(9)/l) while others had a clinically significant condition (platelet count<50 x 10(9)/l). The study suggests that Kell alloimmunization may not be the sole cause of fetal thrombocytopenia, but rather one factor among many.",yes,0,AnatomyTutorFast,anatomy-tutor-fast,0.8938174,2026-06-30 14:04:54,56.8
20337202,maybe,"yes
The antenatal corticosteroid administration is associated with an increased risk of early delivery, especially within the first week after treatment. This is due to several factors, including premature preterm rupture of membranes and twin pregnancies. Women who received AC for these conditions were more likely to deliver at or before 34 weeks' gestation compared to those who did not receive treatment.",yes,0,AnatomyTutorFast,anatomy-tutor-fast,0.5963341,2026-06-30 14:04:54,55.6
25488308,no,"yes
The femur's shape and size help it withstand stress and support weight, while its length allows for movement and flexibility in the human body. The bone thickness and inter-radicular space are influenced by factors such as age, gender, and type of malocclusion, which can affect how well a miniscrew is inserted and held in place.",yes,0,AnatomyTutorFast,anatomy-tutor-fast,0.5671544,2026-06-30 14:04:55,54.3
15151701,yes,"yes
The peer review process helps ensure the accuracy and reliability of assessments by having multiple experts evaluate the same data, reducing individual biases and increasing overall validity. By comparing ratings from different reviewers, researchers can identify areas where improvements can be made in their assessment method. This process also allows for a more comprehensive understanding of quality of care, as it involves evaluating not only specific conditions but also the overall treatment plan and patient outcomes.",yes,1,AnatomyTutorFast,anatomy-tutor-fast,0.6406669,2026-06-30 14:04:56,55.3
21252642,no,"yes
The targeted educational interventions likely improved patient awareness and understanding of cancer-related clinical trials by providing clear and concise information about their eligibility and benefits, leading to increased satisfaction among patients. This, in turn, may have encouraged more patients to participate in research. By addressing a significant knowledge gap, the interventions aimed to enhance patient engagement with the research process.",yes,0,AnatomyTutorFast,anatomy-tutor-fast,0.5478346,2026-06-30 14:04:57,54.2
19482903,yes,"yes
The study found that the peak oxygen uptake measured during a treadmill test in children with spina bifida is not always an accurate reflection of their maximum oxygen uptake. The values obtained were lower than those expected, suggesting that this may be due to factors such as low heart rate and high respiratory exchange ratio during exercise.",yes,1,AnatomyTutorFast,anatomy-tutor-fast,0.5222171,2026-06-30 14:04:58,55.1
18708308,no,"Yes
The study found that mailing a summary of current evidence to surgeons may lead to changes in their practice, but it did not result in a significant reduction in the use of prophylactic nasogastric decompression. The difference in prophylactic NG use between the two groups was only marginally statistically significant.",yes,0,AnatomyTutorFast,anatomy-tutor-fast,0.5531226,2026-06-30 14:04:58,54.0
21074975,yes,"yes
The study found a positive correlation between the presence of certain UHR criteria and an increased risk of transitioning to psychosis over time. Specifically, the presence of trait vulnerability was associated with a higher risk compared to those without such traits. The combination of APS and Trait also showed a significant association with an elevated risk of transition.",yes,1,AnatomyTutorFast,anatomy-tutor-fast,0.5455822,2026-06-30 14:04:59,54.9
27040842,no,"yes
The septoplasty procedure may have reduced the length of compensatory hypertrophy in the middle turbinate, but not its width or shape, as measured by radiological analysis. The negative correlation between the angle of the septum and the total area on the deviated side suggests that septoplasty may have affected the overall dimensions of the turbinate. This finding may be related to the changes in nasal airflow and pressure patterns caused by the procedure.",yes,0,AnatomyTutorFast,anatomy-tutor-fast,0.6264318,2026-06-30 14:05:00,53.8
28196511,no,"yes
The ""test and treat"" policy aims to reduce HIV transmission, but it also increases the risk of adverse effects due to exposure to antiretroviral medications. In sub-Saharan Africa, where poverty and weak health systems already exist, the increased incidence of ART-related adverse effects could exacerbate existing health problems. To cope with this challenge, SSA countries may need to invest in strengthening their healthcare infrastructure and developing strategies to prevent or mitigate these adverse effects.",yes,0,AnatomyTutorFast,anatomy-tutor-fast,0.6980108,2026-06-30 14:05:01,52.8
23361217,yes,"yes
The type of tibial component affects mechanical alignment in unicompartmental knee replacement by influencing the amount of correction needed, with metal-backed components resulting in closer alignment than all-polyethylene inlay components. This is due to differences in material properties and design. The study suggests that choosing a specific component type may be crucial for achieving optimal postoperative alignment.",yes,1,AnatomyTutorFast,anatomy-tutor-fast,0.5830753,2026-06-30 14:05:02,53.7
26864326,yes,"yes
The abstract describes a study that compared the performance of nurses' visual analogue scale (VAS) estimates with the use of a decision support system (GAPS). The results show that GAPS outperformed VAS in terms of accuracy, discrimination, and calibration for predicting admission. However, when clinical certainty was high, using GAPS instead of VAS led to better performance.",yes,1,AnatomyTutorFast,anatomy-tutor-fast,0.5874281,2026-06-30 14:05:02,54.5
24751724,yes,"yes
The study found that ethnicity can influence where people with cancer die, particularly when considering hospital and home deaths. The results suggest that certain ethnic groups are more likely to die at home compared to those born in the UK or other geographical regions. This highlights the importance of considering individual characteristics and cultural backgrounds when analyzing health outcomes.",yes,1,AnatomyTutorFast,anatomy-tutor-fast,0.5566178,2026-06-30 14:05:03,55.4
25503376,yes,"yes
The surgery appears to lower lipid levels in OSA patients by decreasing triglycerides and lipoprotein(a) in most cases, but not consistently lowering high-density lipoprotein cholesterol or total cholesterol. The improvement in lipid profiles is more pronounced in patients with isolated hypertriglyceridemia than in those with mixed or isolated hypercholesterolemia.",yes,1,AnatomyTutorFast,anatomy-tutor-fast,0.5957983,2026-06-30 14:05:04,56.1
12380309,no,"yes
The abstract discusses a study on prepuce development in children who underwent forced dilation, revealing that many boys retain their retractile state even after dilation. This suggests that circumcision may not be necessary or effective in preventing certain types of balanopostitis and other conditions. The study highlights the importance of considering individual cases when evaluating the need for circumcision.",yes,0,AnatomyTutorFast,anatomy-tutor-fast,0.5615645,2026-06-30 14:05:05,55.2
16809243,no,"yes
The study found that having an emergency department visit for asthma was associated with teenage pregnancy and low income, but not with fetal gender. The presence of pregnancy-induced hypertension also increased the risk of an ED visit for asthma, regardless of fetal gender.",yes,0,AnatomyTutorFast,anatomy-tutor-fast,0.4687686,2026-06-30 14:05:05,54.2
12121321,yes,"yes
The abstract describes experiments using hippocampal slices from young guinea pigs to investigate the release of GABA by mossy fibers. Mossy fiber terminals showed intense immunoreactivity for GABA, suggesting that they release this neurotransmitter. The studies also found that electrical stimuli recruiting dentate granule cells elicited inhibitory signals in CA3 pyramidal neurons through monosynaptic GABAA receptor-mediated synaptic transmission.",yes,1,AnatomyTutorFast,anatomy-tutor-fast,0.6163782,2026-06-30 14:05:06,55.0
15943725,yes,"yes
The high diagnostic accuracy of serum pancreatic lipase may be due to its ability to detect subtle changes in the body's enzymes, whereas serum amylase is more sensitive to inflammation but less specific. Serum lipase levels can also fluctuate with diet and other factors, making it a more reliable indicator. However, this method may not be suitable for all patients, particularly those with pancreatic disease or malnutrition.",yes,1,AnatomyTutorFast,anatomy-tutor-fast,0.6390498,2026-06-30 14:05:07,55.7
22075911,yes,"yes
The study found a significant difference in dental health between new Army recruits and those from the Royal Navy or Royal Air Force, with Army recruits exhibiting a higher prevalence of dental decay and treatment resource need. This suggests that serving personnel may have poorer oral health than non-servicing personnel. The findings highlight the importance of considering oral health as part of overall service fitness.",yes,1,AnatomyTutorFast,anatomy-tutor-fast,0.5833154,2026-06-30 14:05:08,56.5
25752912,no,"yes
The study found that the probability of prenatal diagnosis or termination of pregnancy is similar between fetuses conceived using assisted reproductive techniques (ART) and those conceived naturally, but gestational age at PND is earlier for ART fetuses. The difference in TOPFA rates was not statistically significant after adjusting for potential confounders.",yes,0,AnatomyTutorFast,anatomy-tutor-fast,0.5291611,2026-06-30 14:05:09,55.6
15995461,yes,"yes
The article suggests that there is a correlation between the rates of road traffic deaths in certain U.S. states and other types of injuries, such as falls, poisoning, or homicide. The data analyzed showed that some states with high road traffic death rates also had higher rates of other forms of injury. This indicates a possible link between these two factors.",yes,1,AnatomyTutorFast,anatomy-tutor-fast,0.5731221,2026-06-30 14:05:10,56.3
24622801,yes,"yes
The antibacterial-loaded hydrogel coating is able to deliver its antibacterial compounds quickly and effectively, reducing bacterial colonization and biofilm formation within a short period of time. This rapid release of antibacterial agents helps prevent infections by targeting bacteria at the source of the implant. The coating's ability to withstand press-fit insertion also demonstrates its durability in this challenging environment.",yes,1,AnatomyTutorFast,anatomy-tutor-fast,0.5737471,2026-06-30 14:05:10,56.9
23949294,yes,"yes
The study found that in a resource-limited setting, maintaining HIV viral load suppression over time is feasible and associated with improved outcomes, including reduced use of third-line ART regimens and lower rates of virologic failure. The researchers suggest that this approach may be effective in preventing the emergence of viral resistance to HAART.",yes,1,AnatomyTutorFast,anatomy-tutor-fast,0.5073389,2026-06-30 14:05:11,57.6
18926458,no,"yes
The study found that the majority of octogenarians undergoing carotid endarterectomy had symptomatic stenosis, which is a narrowing of the artery that can lead to blockages and potentially life-threatening conditions. The presence of associated risk factors such as diabetes mellitus, hypertension, coronary artery disease, hyperlipidemia, and history of smoking increased the likelihood of complications during surgery. Despite these risks, no deaths occurred in the study.",yes,0,AnatomyTutorFast,anatomy-tutor-fast,0.6618576,2026-06-30 14:05:12,56.7
23455575,no,"yes
The globulomaxillary cyst is a type of bone lesion that affects the nasal region. It is characterized by the presence of entrapped epithelium between the nasal and maxillary processes, which can lead to cystic lesions when not properly diagnosed or treated. The study found that some cases of these lesions were previously classified as globulomaxillary cysts but are now considered to be a different entity with distinct pathological features.",yes,0,AnatomyTutorFast,anatomy-tutor-fast,0.6247874,2026-06-30 14:05:13,55.9
19106867,yes,"yes
The Main Gate Syndrome refers to a new approach in mass casualty victim management where multiple trauma centers work together to quickly assess and treat patients, reducing the time it takes for them to receive life-saving care. This multi-center approach allows for more efficient triage, prioritization of patients, and rapid deployment of medical resources. By working together, teams can improve patient outcomes and reduce mortality rates in high-pressure situations like mass casualty incidents.",yes,1,AnatomyTutorFast,anatomy-tutor-fast,0.6534508,2026-06-30 14:05:14,56.5
11570976,maybe,"yes
The abstract describes a severe systemic reaction to sulfasalazine in a young woman with rheumatoid arthritis, characterized by eosinophilia, granulomatous enteritis, myelotoxicity, cholestatic hepatitis, and seizures. This suggests that the patient's condition was likely an adverse effect of sulfasalazine treatment rather than Crohn's disease. The reaction is described as severe and potentially life-threatening, indicating a high likelihood that it was not Crohn's disease.",yes,0,AnatomyTutorFast,anatomy-tutor-fast,0.7674704,2026-06-30 14:05:15,55.7
9616411,yes,"yes
The presence of a general practitioner hospital can reduce the number of people using general hospital beds by providing more efficient and effective primary care services. This is particularly true for populations living in peripheral municipalities where access to specialist care may be limited, leading to increased reliance on general hospitals for emergency or acute care needs. By reducing the need for hospital admissions, GP hospitals can help conserve bed capacity and resources.",yes,1,AnatomyTutorFast,anatomy-tutor-fast,0.5867816,2026-06-30 14:05:16,56.3
25756710,yes,"yes
The femur is the longest bone in the human body, extending from the hip to the knee, and plays a crucial role in supporting weight and facilitating movement. The femur's unique shape and structure allow it to bear significant stress and withstand heavy loads. Its strength and stability are essential for maintaining balance and mobility.

The femur also serves as a pivot point for the leg, allowing for flexibility and range of motion at the knee joint. Its shape and size help to distribute weight evenly, reducing pressure on surrounding tissues and organs. The femur's role in supporting the entire lower limb is vital for overall bodily function.

In terms of its structure, the femur has a distinctive trochanteric region that provides attachment points for muscles and ligaments, while its intertrochanteric area supports the hip joint. Its cortex is composed of compact bone tissue, which provides strength and protection to the bone. The femur's surface also features various blood vessels, nerves, and tendons, making it a complex and intricate structure.

The femur's shape and size allow for efficient transfer of forces from the lower limb to the ground, enabling movement and locomotion. Its unique geometry enables it to absorb shock and distribute stress, reducing the risk of injury or strain on surrounding tissues and organs.",yes,1,AnatomyTutorFast,anatomy-tutor-fast,1.769723,2026-06-30 14:05:18,56.9
12769830,no,"yes
The abstract suggests that tumor depth may not have a significant impact on the prognosis of soft tissue sarcoma when other factors such as grade and size are taken into account. This is because large and deep-seated tumors tend to be larger overall, even if they are deeper in the bone. As a result, the influence of depth on survival rates decreases when considering these additional factors.",yes,0,AnatomyTutorFast,anatomy-tutor-fast,0.691604,2026-06-30 14:05:19,56.2
20537205,yes,"yes
The study found that high doses of halofantrine caused damage to the inner ear structures in guinea pigs, leading to changes such as loss and distortion of inner hair cells and spiral ganglia cells. This suggests that halofantrine may be ototoxic, or damaging to the ears. The findings are consistent with previous studies on other antimalarial drugs that have shown similar effects on hearing.",yes,1,AnatomyTutorFast,anatomy-tutor-fast,0.7387435,2026-06-30 14:05:20,56.8
18570208,yes,"yes
The study found that severe macrosomia is associated with a larger difference in fetal size between expected and actual measurements at 11-14 weeks of gestation. The more severely macrosomic the newborn, the greater the discrepancy between measured and expected fetal size. This suggests that the fetus's growth may be slowed down or disrupted early on in pregnancy due to factors such as maternal obesity or other underlying health conditions.",yes,1,AnatomyTutorFast,anatomy-tutor-fast,0.7572698,2026-06-30 14:05:21,57.3
12006913,no,"yes
The study found that lipids, blood pressure, diabetes, and smoking are significant risk factors for myocardial infarction in both men and women. The strongest associations were seen between serum cholesterol levels (decreasing with age) and systolic blood pressure (increasing with dose). Additionally, fasting blood glucose > or = 6.7 mmol/L was identified as a higher risk factor for women compared to men.",yes,0,AnatomyTutorFast,anatomy-tutor-fast,0.671847,2026-06-30 14:05:21,56.6
11943048,yes,"yes
The study found that hospice care recipients received more analgesics than those not receiving hospice care, with a significant difference in the proportion of patients receiving acetaminophen versus morphine derivatives for pain management. This suggests that hospice care can improve pain management at the end of life by providing additional analgesic options to eligible patients. The increased use of opioids in hospice care may be due to the fact that these medications are often recommended by healthcare providers as part of a comprehensive pain management plan.",yes,1,AnatomyTutorFast,anatomy-tutor-fast,0.8927164,2026-06-30 14:05:23,57.1
25311479,yes,"yes
The inverse equity hypothesis suggests that new health interventions are initially more accessible to the wealthy, but as they become widely available and accepted, their impact on reducing inequalities in access to healthcare decreases. In this study, the authors found that economic inequalities in cancer screening participation narrowed with increased coverage. However, even in countries with high initial coverage rates, significant disparities remained between those who had access to screening and those who did not.",yes,1,AnatomyTutorFast,anatomy-tutor-fast,0.6877863,2026-06-30 14:05:23,57.7
23992109,yes,"yes
The study analyzed urinary biomarkers to assess tubular lesions in patients with solitary kidney and congenital solitary kidney. The results showed that these biomarkers can be used as non-invasive tools for early detection of tubulointerstitial lesions, particularly in acquired solitary kidney. The inverse correlation between certain biomarkers and eGFR levels suggests a potential relationship between the kidneys' function and the presence of tubular lesions.",yes,1,AnatomyTutorFast,anatomy-tutor-fast,0.686298,2026-06-30 14:05:24,58.2
19578820,maybe,"yes
The abstract suggests that there is a lack of documentation in medical records for opioid dependence and methadone maintenance treatment, highlighting the need for better coordination between medical care and substance use treatment. Opioid dependence patients are at risk for medication-methadone interactions, which can be serious and even life-threatening if not managed properly. The study's findings emphasize the importance of ensuring that these patients receive adequate documentation and treatment.",yes,0,AnatomyTutorFast,anatomy-tutor-fast,0.6428747,2026-06-30 14:05:25,57.5
26852225,no,"yes
The study found that adjusting for reporting heterogeneity reduced the association between sleep and energy problems and socio-demographic factors. By accounting for differences in response category cut-points, researchers were able to isolate the independent effects of age, comorbidities, and regular exercise on sleep-related problems. This suggests that these factors may be more significant than previously thought when controlling for reporting heterogeneity.",yes,0,AnatomyTutorFast,anatomy-tutor-fast,0.6009065,2026-06-30 14:05:26,56.8
19027440,yes,"yes
The study found a strong correlation between pre-treatment fears of cancer recurrence and the level of fear reported 6-8 months post-treatment. These findings suggest that pre-existing anxiety about cancer recurrence can significantly influence an individual's perception of their risk and likelihood of experiencing recurrence. The results imply that addressing underlying psychological factors, such as optimism or anxiety, may be crucial in reducing fears of recurrence among HNC patients.",yes,1,AnatomyTutorFast,anatomy-tutor-fast,0.6267869,2026-06-30 14:05:27,57.3
27131771,yes,"yes
The LAA occlusion device may cause slight changes in echocardiography and electrocardiogram parameters in patients with atrial fibrillation. These changes include a movement of the QRS electric axis, an increase in heart rate, and a larger left atrial diameter during follow-up visits. The device's effect on these parameters is typically temporary and resolves over time.",yes,1,AnatomyTutorFast,anatomy-tutor-fast,0.5844458,2026-06-30 14:05:28,57.8
26209118,no,"yes
The unenhanced T1-weighted fat-suppressed MRI images can be used to differentiate bone infarcts from acute osteomyelitis by showing a higher signal intensity in areas where blood flow is reduced, such as in bone infarcts. However, the reliability of this method for differentiation between these two conditions was found to be low (P = 0.56), suggesting that it may not be a useful tool for diagnosis. Additionally, other imaging parameters were not found to be reliable in differentiating between the two conditions.",yes,0,AnatomyTutorFast,anatomy-tutor-fast,0.7807394,2026-06-30 14:05:29,57.1
20197761,maybe,"yes
The survey findings suggest that experts are more likely to make a positive diagnosis of IBS and order fewer tests than non-experts, indicating a bias towards overlooking alternative diagnoses like celiac sprue or complete blood counts. This implies that clinicians may be overestimating the likelihood of IBS as a diagnosis of exclusion.",yes,0,AnatomyTutorFast,anatomy-tutor-fast,0.5290321,2026-06-30 14:05:29,56.5
23224030,yes,"yes
The abstract mentions that the participants with type 1 diabetes had lower intakes of protein, fat, and carbohydrates at baseline compared to the general population, but higher intakes of fiber and saturated fat at follow-up. This suggests a shift towards a more Western-style diet in individuals with type 1 diabetes over time.",yes,1,AnatomyTutorFast,anatomy-tutor-fast,0.5243413,2026-06-30 14:05:30,57.0
21689015,yes,"yes
The study suggests that canine-assisted therapy can positively modulate autistic children's behavior by increasing their frequency and duration of positive interactions, such as smiling and physical contact. This is likely due to the calming and social effects of interacting with dogs on individuals with autism. By reducing negative behaviors like aggression, the presence of a dog may also help alleviate some of the stress and anxiety associated with autism.",yes,1,AnatomyTutorFast,anatomy-tutor-fast,0.5953231,2026-06-30 14:05:31,57.5
9363244,yes,"yes
The study found no significant difference in fertility rates among infertile couples exposed to ionizing radiation from a nuclear power plant, but did observe an increased rate of abnormal sperm morphology. This suggests that prolonged exposure may have negative effects on male reproductive health, despite temporary abnormalities being observed. The findings highlight the need for further research into the long-term effects of occupational radiation exposure on fertility.",yes,1,AnatomyTutorFast,anatomy-tutor-fast,0.5830377,2026-06-30 14:05:32,58.0
7664228,no,"yes
The decrease in hospital stays can lead to a reduction in the time spent with healthcare providers, potentially resulting in less comprehensive care. This might contribute to higher readmission rates and increased physician visits due to perceived inadequate treatment. The relationship between length of stay and patient outcomes is complex, making it challenging to draw definitive conclusions from this study.",yes,0,AnatomyTutorFast,anatomy-tutor-fast,0.5610757,2026-06-30 14:05:33,57.3
19130332,yes,"yes
The zeolite hemostatic agent, QuikClot-Advanced Clotting Sponge (QC), appears to be beneficial in reducing blood loss during arterial injury by slowing down the drop in blood pressure and increasing prothrombin time. This is likely due to its ability to promote clot formation, which helps to stabilize the injured area and prevent further bleeding. The application of QC may also lead to a reduction in total blood loss and an increase in hematocrit levels, indicating improved coagulation and overall physiological response.",yes,1,AnatomyTutorFast,anatomy-tutor-fast,0.7601323,2026-06-30 14:05:34,57.8
24809662,no,"yes
The femur's shape and structure help distribute weight evenly across the knee joint, allowing for smooth movement and stability during activities like walking or running. The femur is also responsible for transmitting forces from the leg muscles to the ground, enabling efficient propulsion of the body forward. Its unique anatomy enables it to withstand the stresses of daily life and physical activity.",yes,0,AnatomyTutorFast,anatomy-tutor-fast,0.6187598,2026-06-30 14:05:34,57.1
16769333,yes,"yes
The flexible bronchoscope used during preoperative tracheobronchoscopy helps visualize the airways and surrounding tissues, allowing for better diagnosis and treatment of esophageal atresia. This procedure can improve surgical outcomes by reducing the risk of complications such as respiratory distress or airway obstruction. Additionally, it enables surgeons to identify and address underlying anomalies that may not be apparent through other means.",yes,1,AnatomyTutorFast,anatomy-tutor-fast,0.6621612,2026-06-30 14:05:35,57.6
18802997,maybe,"yes
The study found a strong correlation between the presence of calprotectin in stool samples and the risk of clinical relapse in IBD patients, with UC patients being more likely to experience relapses if they had a positive test result compared to those without it. The cutoff level for positivity was set at 130 mg/kg of feces, which is above the normal range. This suggests that calprotectin may be a useful biomarker for predicting clinical relapse in IBD patients.",yes,0,AnatomyTutorFast,anatomy-tutor-fast,0.7712894,2026-06-30 14:05:36,57.0
25588461,yes,"yes
The transcranial direct current stimulation (tDCS) study found that it can increase cortical activity in individuals with minimally conscious state (MCS), which may indicate the presence of residual networks sustaining behavioral patterns, even when no conscious behavior is observed. This suggests that tDCS could be useful in differentiating unresponsive wakefulness syndrome (UWS) from minimally conscious state patients based on their electrophysiological characteristics. The study's findings provide a potential tool for clinicians to assess and manage UWS patients with greater precision.",yes,1,AnatomyTutorFast,anatomy-tutor-fast,0.9072376,2026-06-30 14:05:37,57.4
25779009,maybe,"yes
The three tested antiseptic solutions showed varying levels of bactericidal activity, with the HCC combination being the most effective against P. aeruginosa. The CB solution was also highly active, while P had no significant effect on E. hirae and S. aureus at the concentrations used.",yes,0,AnatomyTutorFast,anatomy-tutor-fast,0.5740683,2026-06-30 14:05:38,56.8
22532370,yes,"yes
The increased carotid artery pulsatility index and resistance indexes indicate early signs of vascular abnormalities due to obesity. These markers suggest that obesity may lead to arterial damage before other symptoms become apparent. The elevated values are likely a result of the increased pressure on blood vessels, which can cause them to narrow or harden over time.",yes,1,AnatomyTutorFast,anatomy-tutor-fast,0.5676308,2026-06-30 14:05:39,57.3
23422012,no,"yes
The study found a significant increase in vancomycin MICs for MRSA isolates over the three-year period, with an overall rate of increase of 36%. This suggests that the phenomenon of vancomycin MIC creep may be more widespread than previously thought. The authors note that this trend is not limited to Portugal and could potentially be observed globally.",yes,0,AnatomyTutorFast,anatomy-tutor-fast,0.5930474,2026-06-30 14:05:40,56.7
24995509,maybe,"yes
The HIF1A gene's polymorphisms are associated with an increased risk of age-related macular degeneration, particularly wet type AMD. The presence of at least one C allele for the rs1061170 polymorphism is linked to a higher risk of developing the disease, while the T allele may offer some protection against its onset.",yes,0,AnatomyTutorFast,anatomy-tutor-fast,0.5920122,2026-06-30 14:05:40,56.1
19103915,maybe,"yes
The study found that many participants viewed home sampling kits as positive, highlighting their benefits such as increased access to testing and enhanced personal comfort. However, concerns about accuracy, delivery times, and potential social implications were also raised. The framework analysis approach helped identify areas for improvement in the design of HSKs to address these concerns.",yes,0,AnatomyTutorFast,anatomy-tutor-fast,0.571745,2026-06-30 14:05:41,55.6
8521557,no,"yes
The deletion allele of the ACE gene is associated with increased insulin resistance by reducing insulin secretion and promoting glucose storage. This is because the insertion/deletion polymorphism affects the function of angiotensin-converting enzyme, which plays a role in regulating blood pressure and electrolyte balance. As a result, individuals with the DD genotype may have difficulty managing their blood sugar levels due to impaired insulin release.",yes,0,AnatomyTutorFast,anatomy-tutor-fast,0.7048643,2026-06-30 14:05:42,55.0
19398929,no,The study suggests that the growth rate of a gallbladder polyp may not be a reliable predictor of whether it is benign or malignant. The age and size of the polyp are more important factors in determining its neoplastic nature.,,0,AnatomyTutor,anatomy-tutor,20.94174,2026-06-30 14:06:03,0.0
17621202,maybe,"The study found that shaving the incision site before spinal surgery increases the risk of postsurgical infection by almost half compared to not shaving. This suggests that presurgical shaving may be a contributing factor to this complication and could potentially be avoided if it is not performed. However, more research should be done to confirm these findings.",,0,AnatomyTutor,anatomy-tutor,1.537767,2026-06-30 14:06:05,0.0
22382608,no,"The study suggests that semi-quantitative SPECT (123)I-Ioflupane (DaTSCAN) data can be useful in the differential diagnosis between Parkinson's disease and essential tremor, as well as for confirming dopaminergic degeneration. However, it is important to note that this study did not find any difference in the uptake of the radiopharmaceutical at the level of the striatum, caudate nucleus, or putamen between essential tremor patients and healthy volunteers. The results suggest that SPECT imaging may be useful for differentiating Parkinson's disease from essential tremor based on the pattern of radioligand uptake in specific brain regions.",,0,AnatomyTutor,anatomy-tutor,3.366692,2026-06-30 14:06:09,0.0
22617083,yes,"Maybe. Older patients tend to use more adaptive coping strategies than younger patients, as assessed by the Coping Orientations to Problems Experienced Scale (COPE). This may be related to their life experience and social supports. However, it is important to note that age alone does not determine coping style. Other factors such as personality traits, social supports, gender, and specific diagnosis can also influence coping strategies in psychiatric patients.",maybe,0,AnatomyTutor,anatomy-tutor,2.023358,2026-06-30 14:06:11,0.0
10401824,yes,"Yes, laparoscopic reoperation for failed antireflux surgery is feasible and can be performed using various techniques. However, it's essential to consider the cause of failure and choose the appropriate technique based on individual patient needs.",yes,1,AnatomyTutor,anatomy-tutor,1.305413,2026-06-30 14:06:12,20.0
22522271,no,"The study suggests that late-night salivary cortisol may be a better screening test for possible cortisol excess than standard tests in obese patients with Type 2 diabetes, but the results were not conclusive due to small sample size. Further research is needed to confirm this finding.",,0,AnatomyTutor,anatomy-tutor,1.443546,2026-06-30 14:06:14,16.7
12098035,yes,"The treatment of patients with acute cholecystitis is indeed affected by the specialty care they receive, according to this study. Patients cared for by laparoscopic specialists had higher rates of successful laparoscopic treatment and shorter postoperative hospital stays compared to those treated by general surgeons who only perform laparoscopic cholecystectomy.",,0,AnatomyTutor,anatomy-tutor,1.666769,2026-06-30 14:06:16,14.3
15708048,yes,"The prior benign prostate biopsy may predict better outcome for patients treated with radical perineal prostatectomy. The study found that patients who had a prior biopsy tended to have more favorable pathologic features and fewer biochemical failures after surgery. However, the study was small and further research is needed to confirm these findings.",,0,AnatomyTutor,anatomy-tutor,1.71311,2026-06-30 14:06:18,12.5
18307476,yes,The study suggests that increasing income support policies like the Supplemental Security Income program can lead to a reduction in disability among elderly people. This finding supports the idea that social and economic policies might be more effective than medical care alone in improving population health.,,0,AnatomyTutor,anatomy-tutor,1.300375,2026-06-30 14:06:19,11.1
9603166,no,"The abstract suggests that many U.S. transplant centers are hesitant or unwilling to perform kidney transplants on asymptomatic HIV-infected patients with end-stage renal disease, due to concerns about the potential risks of organ rejection and transmission of HIV. However, this policy may be subject to change as new research emerges.",,0,AnatomyTutor,anatomy-tutor,1.741887,2026-06-30 14:06:21,10.0
12765819,yes,"This case report suggests that SSDH can occur after SAH due to a ruptured internal carotid aneurysm. The patient had no neurological symptoms other than sciatica, but the mass effect was significant. Conservative treatment was used initially, and the hematoma resolved gradually over time without any adverse effects on her neurological functioning.",no,0,AnatomyTutor,anatomy-tutor,1.685743,2026-06-30 14:06:23,9.1
27642458,no,"The call for boycott by Catholic bishops did affect polio vaccination coverage in Kenya in 2015, with a significant increase in the proportion of children who were not vaccinated due to parent's refusal from 6% to 12%.",,0,AnatomyTutor,anatomy-tutor,1.358821,2026-06-30 14:06:25,8.3
21420186,yes,"The study suggests that low levels of ADMA in young adults born prematurely may predict early endothelial dysfunction. The study found lower levels of ADMA in ex-ELBW subjects compared to healthy controls, and also found inverse correlations between ADMA levels and gestational age and birth weight. These findings suggest that low ADMA levels could be an indicator of early cardiovascular problems in young adults born prematurely.",,0,AnatomyTutor,anatomy-tutor,1.964439,2026-06-30 14:06:27,7.7
22251324,no,"While academic average, UMAT scores, and interview performance may not predict success as a dental student directly, ethnicity and student status can be factors in determining academic success. This is an area of ongoing research.",,0,AnatomyTutor,anatomy-tutor,1.207618,2026-06-30 14:06:28,7.1
22237146,yes,"Yes, EGFR mutations can be analyzed from serum samples as well as tumor tissue. The study suggests that there is a good correlation between the two sources of analysis. However, it's important to note that this method may not always yield accurate results due to potential contamination or other factors. Therefore, it's crucial to use appropriate controls and validation methods when using serum samples for EGFR mutational status assessment.",yes,1,AnatomyTutor,anatomy-tutor,1.951072,2026-06-30 14:06:31,13.3
10490564,yes,"Yes, there is a relationship between profound hypotension and myocardial ischemic events in patients with coronary disease. The study found that episodes of ST segment ischaemia occurred more frequently after falls in diastolic or systolic blood pressure. This suggests that extreme changes in blood pressure may trigger heart attacks. However, it's important to note that this relationship was observed in a specific patient population and may not be generalizable to all patients with coronary disease.",yes,1,AnatomyTutor,anatomy-tutor,2.161824,2026-06-30 14:06:33,18.8
26536001,no,"The study investigated whether immunohistochemistry for somatostatin receptor subtype 2a (sst2a) in tumor tissue could predict response to peptide receptor radiotherapy using 177Lu-octreotate (PRRT) in patients with gastroenteropancreatic neuroendocrine tumors (GEP-NETs). The findings suggest that sst2a IHC does not provide additional predictive value compared to somatostatin receptor scintigraphy (SRS) uptake.

Explanation: The study found that most GEP-NET samples showed positive sst2a immunohistochemistry, but there was no significant relationship between in vitro sst2a expression and in vivo best response to PRRT. This suggests that other factors may be more important predictors of response than the presence or absence of sst2a receptors on tumor cells. However, further research is needed to confirm these findings and determine if this approach could be used to improve treatment outcomes for GEP-NET patients.",no,1,AnatomyTutor,anatomy-tutor,4.916703,2026-06-30 14:06:38,23.5
23375036,yes,"Yes, the OraQuick® HIV-1/2 Assay in sputum specimens can be a valid tool for HIV surveillance among TB patients. However, it's important to note that this method is not as accurate as serum ELISA and more research is needed to determine its long-term reliability.",yes,1,AnatomyTutor,anatomy-tutor,1.576749,2026-06-30 14:06:40,27.8
15050326,yes,"Yes, there is an increased risk of breast cancer for women who underwent radiotherapy around the time of pregnancy compared to those who were not pregnant at the time of treatment. The risk is dependent on the length of time from pregnancy to RT and can be as high as 20-fold among women receiving RT during pregnancy or within one month after pregnancy.",yes,1,AnatomyTutor,anatomy-tutor,1.927157,2026-06-30 14:06:42,31.6
26778755,maybe,"Maybe, depending on the specific treatment plan and patient anatomy. While dose-point evaluation can provide a general idea of vaginal doses, it's important to consider other factors like applicator movement, which may affect actual delivery. In this case, using PIBS points for dose assessment might be more accurate due to their known location and stability throughout treatment. However, further studies are needed to confirm these findings.",maybe,1,AnatomyTutor,anatomy-tutor,2.032125,2026-06-30 14:06:44,35.0
14872327,yes,"Yes, pain is a clinically relevant problem in general adult psychiatry because it can be severe, persistent, and related to specific psychiatric diagnoses like depression or the number of past admissions to psychiatric hospitals.",yes,1,AnatomyTutor,anatomy-tutor,1.148916,2026-06-30 14:06:46,38.1
18274917,no,"The research suggests that low-tone sudden deafness does not necessarily progress to Meniere's disease, but the study had limited sample size and follow-up time, so further investigation is needed to confirm this finding.",,0,AnatomyTutor,anatomy-tutor,1.051637,2026-06-30 14:06:47,36.4
25675614,yes,"Yes, there is a strong correlation between the blood oozing from the gingival crevice during routine periodontal examination and finger-prick blood glucose levels. However, it's important to note that using only the gingival crevicular blood for assessment of blood glucose level may not be reliable due to potential contamination with saliva or other factors.",yes,1,AnatomyTutor,anatomy-tutor,1.624319,2026-06-30 14:06:49,39.1
14551704,yes,"Yes, communication skills can be taught to physicians through courses like this one. The study shows that the training had a positive impact on physicians' confidence and competence when communicating with terminally ill patients.",yes,1,AnatomyTutor,anatomy-tutor,0.9686897,2026-06-30 14:06:50,41.7
11035130,yes,"It is uncertain whether patients established on methotrexate and folic acid supplements need to continue long-term due to conflicting evidence. While some studies suggest that stopping FA may lead to increased toxicity, others indicate that it may not have any significant effect on the efficacy of methotrexate. The study mentioned in the question found that stopping FA led to a higher incidence of nausea, but no conclusive evidence was found regarding its long-term effects. Therefore, consultation with an expert is recommended before making a decision.",no,0,AnatomyTutor,anatomy-tutor,2.412998,2026-06-30 14:06:53,40.0
10834864,no,"The study found that there was no significant difference in the prevalence of antiphospholipid antibodies between patients with avascular necrosis of bone and those without it, even after adjusting for corticosteroid use. This suggests that antiphospholipid antibodies may not play a role in the development of AVN in these patients. However, further research is needed to confirm this finding.",no,1,AnatomyTutor,anatomy-tutor,1.976836,2026-06-30 14:06:55,42.3
9582182,yes,"The SCL 90-R Obsessive-Compulsive dimension does identify cognitive impairments in individuals with brain tumors, specifically depression and anxiety symptoms. However, it is not related to objective measures of attention, verbal memory, or age.",,0,AnatomyTutor,anatomy-tutor,1.330364,2026-06-30 14:06:56,40.7
18158048,yes,"The abstract suggests that there is controversy surrounding whether surgical management is necessary for the testicular remnant associated with vanishing testes syndrome, as different urologists have differing opinions on this matter. The study found that in some cases, viable germ cell elements were identified within these remnants, which may support the need for surgical intervention. However, more research is needed to determine the optimal management approach.",,0,AnatomyTutor,anatomy-tutor,1.89968,2026-06-30 14:06:58,39.3
25280365,yes,"Maybe. While clinical pathologists and clinicians may have some differences in how they interpret red blood cell morphology, both groups agree on the usefulness of certain terms like agglutination and ghost cells. However, there are areas where their understanding differs, such as the interpretation of Heinz bodies.",maybe,0,AnatomyTutor,anatomy-tutor,1.403272,2026-06-30 14:07:00,37.9
16816043,maybe,"The abstract suggests that lay people and psychologists in France generally find it more acceptable to breach confidentiality when a physician believes this is necessary to protect the wife of a patient with an STD. However, physicians were less likely to agree with this approach.",,0,AnatomyTutor,anatomy-tutor,1.280455,2026-06-30 14:07:02,36.7
20602101,no,"The abstract suggests that hypoalbuminemia is not an independent prognostic factor for patients with gastric cancer. Instead, it may be related to systemic inflammation which can also affect mortality.",,0,AnatomyTutor,anatomy-tutor,1.14676,2026-06-30 14:07:03,35.5
7547656,no,"The study found that intravenous infusion of low-concentration epinephrine did impair uterine blood flow in pregnant ewes, decreasing it to 68 +/- 14% of baseline. However, the study did not find any effect on other hemodynamic variables.",,0,AnatomyTutor,anatomy-tutor,1.582349,2026-06-30 14:07:05,34.4
24996865,yes,"Yes, this study suggests that measuring distances from bony landmarks to joint lines in the contralateral knee may be a reliable method for planning knee revision surgery. This approach could potentially reduce variability and improve accuracy in assessing joint line positions.",yes,1,AnatomyTutor,anatomy-tutor,1.261435,2026-06-30 14:07:06,36.4
22236315,no,"The abstract suggests that distance to the provider might be a barrier to timely diagnosis and treatment for cancer patients who qualify for Medicaid coverage. The study found that breast cancer patients with higher travel burden were more likely to have later stage at diagnosis, while colorectal cancer patients with longer driving times between their residence and primary care provider had longer time-to-treatment after diagnosis.",,0,AnatomyTutor,anatomy-tutor,1.860749,2026-06-30 14:07:08,35.3
15388567,no,"Maybe. While sports medicine journals publish research relevant to practitioners and athletes, there is a lack of studies focused on treatment and rehabilitation for injuries. Most published articles use healthy subjects rather than injured individuals, which may limit their practical application.",maybe,0,AnatomyTutor,anatomy-tutor,1.233329,2026-06-30 14:07:10,34.3
10201555,yes,"Yes, low serum chloride level is associated with increased risk of cardiovascular mortality in both men and women according to the study.",yes,1,AnatomyTutor,anatomy-tutor,0.7001486,2026-06-30 14:07:11,36.1
23283159,yes,"Yes, obesity is a risk factor for wheezing among adolescents. The study found that obese individuals were more likely to experience persistent wheezing than those who were not obese. This suggests that weight status may be an important predictor of asthma development in young people.",yes,1,AnatomyTutor,anatomy-tutor,1.577458,2026-06-30 14:07:12,37.8
21361755,no,"The study found that there is no difference in the outcomes of laminoplasty between patients with degenerative stenosis and those with ossification of the posterior longitudinal ligament. Both groups had similar improvements in their Nurick scores, VAS neck pain scores, and complication rates after surgery. However, both groups lost extension range of motion following laminoplasty.",no,1,AnatomyTutor,anatomy-tutor,1.868512,2026-06-30 14:07:14,39.5
20605051,yes,"The study suggests that case-mix based reimbursement can stimulate the development of process-oriented care delivery, but only if it is implemented within hospitals' budgeting processes. The findings indicate that simply implementing case-mix reimbursement without a focus on process-oriented performance measures may not lead to improved care coordination.",,0,AnatomyTutor,anatomy-tutor,1.663386,2026-06-30 14:07:16,38.5
22720085,yes,"Yes, the study suggests that insulin resistance plays a significant role in explaining the association between hyperglycemia and cardiovascular disease risk.",yes,1,AnatomyTutor,anatomy-tutor,4.778028,2026-06-30 14:07:21,40.0
24014276,yes,"The abstract suggests that an optimistic outlook may predict better survival at advanced ages. The study found that individuals who were optimistic had a lower risk of death compared to those with a neutral or pessimistic outlook, even after controlling for confounding factors such as physical and cognitive functioning and disease. However, the association weakened when these factors were taken into account.",,0,AnatomyTutor,anatomy-tutor,1.836464,2026-06-30 14:07:23,39.0
8847047,no,"The study suggests that well differentiated hepatocellular carcinoma may not be clinically early cancer. It seems to have a different histological pattern than less differentiated HCCs, with lower incidence of fibrous capsule formation and intrahepatic metastasis. However, the disease-free survival was similar between the two groups. Further research is needed to confirm these findings.",,0,AnatomyTutor,anatomy-tutor,1.969355,2026-06-30 14:07:25,38.1
26923375,yes,"The abstract suggests that non-invasive diagnosis of esophageal varices is possible by duplex Doppler ultrasonography in patients with compensated hepatic cirrhosis. The study found that the splenic index (SPI) was the most accurate parameter for predicting the presence or absence of esophageal varices. A cut-off value of SPI at 5.0 offered the highest diagnostic accuracy, and the absence of esophageal varices in patients with SPI <5.0 could be correctly diagnosed without invasive screening endoscopy.",,0,AnatomyTutor,anatomy-tutor,2.799172,2026-06-30 14:07:28,37.2
18435678,no,"The study found that fetal thrombocytopenia was less common in pregnancies complicated by Kell alloimmunization compared to those with RhD alloimmunization. However, the sample size was small and further research is needed to confirm these findings.",,0,AnatomyTutor,anatomy-tutor,1.373411,2026-06-30 14:07:30,36.4
20337202,maybe,"The study found that women who received antenatal corticosteroids to accelerate fetal lung maturity were more likely to deliver at<34 weeks gestation than those who did not receive AC. This suggests a potential opportunity for rescue therapy in some cases, but further research is needed to confirm this finding and determine the best approach for pregnant women in these situations.",,0,AnatomyTutor,anatomy-tutor,1.627658,2026-06-30 14:07:32,35.6
25488308,no,"Yes, bone thickness and inter-radicular space can affect miniscrew placement in posterior mandibular sites. The study showed that these factors vary in different areas of the mandible, and this variation could impact the angle of screw insertion. This information is relevant for orthodontists to consider when planning treatment.",yes,0,AnatomyTutor,anatomy-tutor,1.676676,2026-06-30 14:07:34,34.8
15151701,yes,"Peer review can play an important role in assessing the quality of care for chronic diseases, as it does for acute conditions. The study found that peer review was more reliable for diabetes and hypertension than for COPD and a collection of acute conditions. This suggests that peer review may be useful in identifying areas where quality of care can be improved, particularly when the evidence base is well-established. However, it's important to note that peer review should not replace other methods of assessing quality of care, such as chart audits or patient surveys.",,0,AnatomyTutor,anatomy-tutor,2.574781,2026-06-30 14:07:36,34.0
21252642,no,"Yes, providing patients with clear and accurate information about clinical trials can increase their satisfaction and willingness to participate. However, further interventions are needed to improve accrual rates.",yes,0,AnatomyTutor,anatomy-tutor,0.9892191,2026-06-30 14:07:38,33.3
19482903,yes,"Maybe. The study found that peak oxygen uptake measured during a treadmill test may not always reflect the maximum oxygen uptake in children with spina bifida, possibly due to differences between the two measurements. However, more research is needed to confirm these findings and establish guidelines for testing in this population.",maybe,0,AnatomyTutor,anatomy-tutor,1.51451,2026-06-30 14:07:39,32.7
18708308,no,"Maybe, because while there is evidence against its utility, many surgeons continue to employ it. The study aimed to change surgeon practice by mailing a summary of current evidence, but no significant difference in prophylactic NG use was found between the two groups after the intervention.",maybe,0,AnatomyTutor,anatomy-tutor,1.42711,2026-06-30 14:07:41,32.0
21074975,yes,The study found that different levels of risk for transition to psychosis exist. The risk increases in the following order: Trait alone < APS alone < APS+Trait < BLIPS. This suggests that a combination of criteria may be needed to identify individuals at high risk for psychosis.,,0,AnatomyTutor,anatomy-tutor,1.330308,2026-06-30 14:07:43,31.4
27040842,no,"Septoplasty can potentially affect the dimensions of compensatory hypertrophy of the middle turbinate, but this depends on the specific patient's anatomy and surgical technique. This study found no significant changes in bony or mucosal components before and after septoplasty. However, there was a correlation between the angle of the deviated side of the septum and the middle turbinate total area, which suggests that septoplasty may influence the hypertrophy to some extent.",no,1,AnatomyTutor,anatomy-tutor,2.266699,2026-06-30 14:07:45,32.7
28196511,no,"The ""test and treat"" policy will increase ART-related adverse effects in sub-Saharan Africa, mainly due to the high prevalence of mitochondrial toxicities, cardiovascular disease, lipodystrophy, prediabetes, overt diabetes, insulin resistance and hyperlactatemia/lactic acidosis. The region faces challenges such as poverty, weak health systems, inadequate equipment, lack of qualified personnel, heavy workload, and dearth of data on ART-related adverse effects. To cope with this issue, strategies to prevent or properly estimate the upcoming burden are required.

Note: This response is based on the abstract provided. It does not reflect a comprehensive analysis of the topic.",,0,AnatomyTutor,anatomy-tutor,3.382713,2026-06-30 14:07:49,32.1
23361217,yes,"The type of tibial component does affect mechanical alignment in unicompartmental knee replacement, according to this study. The all-polyethylene inlay component led to a closer postoperative alignment compared to the metal-backed onlay component. However, the thickness of the polyethylene insert also affected alignment when added to the model.",,0,AnatomyTutor,anatomy-tutor,1.753113,2026-06-30 14:07:51,31.5
26864326,yes,"The study suggests that GAPS is a better predictor of admission than nurses' visual analogue scale, with improved calibration, discrimination, and accuracy. However, when clinical certainty was high (≥95%), the nurses' VAS performed well.",,0,AnatomyTutor,anatomy-tutor,1.478782,2026-06-30 14:07:52,30.9
24751724,yes,"The study suggests that ethnicity may affect where people with cancer die, with some groups having a higher likelihood of dying in hospital than others. The reasons for these differences are not fully understood but may be related to factors such as access to healthcare and cultural preferences regarding end-of-life care.",,0,AnatomyTutor,anatomy-tutor,1.632171,2026-06-30 14:07:54,30.4
25503376,yes,"Yes, surgery can lower serum lipid levels in OSA patients. The study found significant decreases in total cholesterol, low-density lipoprotein (LDL), and apolipoprotein(a) after upper airway surgery in patients with OSA. However, the changes were not seen in patients with isolated hypertriglyceridemia or mixed hyperlipidemia.

Note: The study did not assess HDL levels directly.",yes,1,AnatomyTutor,anatomy-tutor,2.282519,2026-06-30 14:07:57,31.6
12380309,no,"The abstract suggests that circumcision may be beneficial in some cases, particularly those with prepucial stenosis or other conditions affecting the foreskin's ability to retract properly. However, it is important to note that not all circumcisions are medically necessary and should only be performed by a trained medical professional.",,0,AnatomyTutor,anatomy-tutor,1.468854,2026-06-30 14:07:58,31.0
16809243,no,"Maybe. The study found that fetal gender is not a significant predictor of emergency department visits for asthma or adverse pregnancy outcomes among women who had at least one ED visit for asthma during pregnancy. However, other factors like teenage pregnancy, low income, and presence of pregnancy-induced hypertension were found to be associated with increased risk.",maybe,0,AnatomyTutor,anatomy-tutor,1.892588,2026-06-30 14:08:00,30.5
12121321,yes,"Mossy fibers do release GABA, as shown in the study cited above. The authors found that mossy fiber terminals show immunoreactivity for GABA and GAD67, indicating their ability to release this neurotransmitter. This is consistent with the idea that mossy fibers play a role in regulating activity in the hippocampus, particularly during epileptogenesis when they undergo significant plasticity.",,0,AnatomyTutor,anatomy-tutor,2.202769,2026-06-30 14:08:03,30.0
15943725,yes,"Yes, using serum pancreatic lipase as a biomarker may improve the diagnosis of acute pancreatitis compared to serum amylase. The study showed that serum pancreatic lipase had higher sensitivity and specificity for diagnosing acute pancreatitis than serum amylase, even when the cut-off value was lower. However, it is essential to note that these results may not be applicable to all patients or populations, and further research is needed to confirm these findings.",yes,1,AnatomyTutor,anatomy-tutor,2.470546,2026-06-30 14:08:05,31.1
22075911,yes,"The study found that new recruits in the British Army had a higher prevalence of dental decay than those in either the Royal Navy or the Royal Air Force, based on data collected at initial training establishments. The results suggest that factors related to socioeconomic status may play a role in the differences observed between Services.",,0,AnatomyTutor,anatomy-tutor,1.559427,2026-06-30 14:08:07,30.6
25752912,no,"The probability of prenatal diagnosis or termination of pregnancy is not different for fetuses conceived following assisted reproductive techniques compared to those conceived naturally, according to this study. However, gestational age at PND may be earlier for ART-conceived fetuses, but the difference is not statistically significant after adjusting for potential confounders.",,0,AnatomyTutor,anatomy-tutor,1.698359,2026-06-30 14:08:09,30.2
15995461,yes,"The abstract suggests that there might be a correlation between road traffic death rates and other forms of injury mortality rates across U.S. states. However, the study only found a correlation for one half of the states examined (group 1), not both groups.",,0,AnatomyTutor,anatomy-tutor,1.185661,2026-06-30 14:08:10,29.7
24622801,yes,"This study shows that a fast-resorbable hydrogel can deliver antibacterial compounds and reduce bacterial colonization in vitro. The hydrogel's ability to withstand press-fit implant insertion is promising for clinical applications. However, further research on the long-term efficacy and safety of this coating system is needed.",,0,AnatomyTutor,anatomy-tutor,1.650557,2026-06-30 14:08:12,29.2
23949294,yes,"The feasibility of maintaining HIV viral load suppression over time in resource-limited settings is a complex question that depends on various factors, including the quality and duration of treatment, patient adherence, and the presence of resistance mutations. While some studies suggest that it is possible to achieve long-term suppression with appropriate treatment strategies, others highlight the challenges posed by emergent drug resistance and limited access to care in resource-poor settings. Further research is needed to determine optimal strategies for maintaining viral load suppression over time in these settings.",,0,AnatomyTutor,anatomy-tutor,2.465744,2026-06-30 14:08:15,28.8
18926458,no,"The study suggests that octogenarians are at high risk for carotid endarterectomy, with a perioperative morbidity rate of 0.97% to 1.94%. However, the absolute risk is still relatively low. The decision should be based on individual patient factors and the potential benefits of treatment weighed against the risks.",,0,AnatomyTutor,anatomy-tutor,1.664767,2026-06-30 14:08:17,28.4
23455575,no,"The term ""globulomaxillary cyst"" is no longer considered a valid medical entity. However, similar cystic lesions still occur in the region of the nasal and maxillary processes. Further research is needed to determine which pathological processes belong to this area.",no,1,AnatomyTutor,anatomy-tutor,1.309848,2026-06-30 14:08:18,29.4
19106867,yes,"Yes, this new format is a response to the challenge of mass casualties in trauma care. It involves a second triage system using ultrasound examination to identify severely injured patients requiring immediate surgical intervention.",yes,1,AnatomyTutor,anatomy-tutor,0.9618216,2026-06-30 14:08:20,30.4
11570976,maybe,"The answer is yes. This patient had a severe systemic reaction to sulfasalazine, which can cause a range of symptoms including eosinophilia, granulomatous enteritis, cholestatic hepatitis, and seizures. It's important for healthcare providers to recognize these signs early on and take appropriate action.",,0,AnatomyTutor,anatomy-tutor,1.40934,2026-06-30 14:08:21,30.0
9616411,yes,"The study suggests that populations with access to general practitioner hospitals may utilise general hospitals less than those without such access. This is particularly true for certain conditions, like respiratory diseases, cardiac failure, cancer, stroke, and fractures, where patients are transferred from general hospitals to GP hospitals for longer-term follow-up care.",,0,AnatomyTutor,anatomy-tutor,1.631677,2026-06-30 14:08:23,29.6
25756710,yes,"Yes, emergency physicians can accurately and reliably assess acute vertigo in the emergency department using the STANDING tool. It has high sensitivity (92.9%) and specificity (96.4%), according to senior audiologist evaluation.",yes,1,AnatomyTutor,anatomy-tutor,1.346802,2026-06-30 14:08:25,30.6
12769830,no,"The abstract suggests that tumor depth may have a prognostic value in certain subgroups of patients with soft tissue sarcoma, particularly those with high-grade and large tumors. However, it is important to note that the study was conducted on a specific population and results may not be generalizable to all cases.",,0,AnatomyTutor,anatomy-tutor,1.548116,2026-06-30 14:08:26,30.1
20537205,yes,"Halofantrine is ototoxic to guinea pigs in a study that used cochlear tissue samples. The study found changes in inner hair cells, inner phalangeal cells, and spiral ganglia cells after treatment with halofantrine. While this research does not directly apply to humans, it suggests caution when using the drug.",,0,AnatomyTutor,anatomy-tutor,1.652516,2026-06-30 14:08:28,29.7
18570208,yes,"Yes, severe macrosomia can be detected as early as 11-14 weeks of gestation based on measurements of fetal size using nuchal translucency screening.",yes,1,AnatomyTutor,anatomy-tutor,0.9539748,2026-06-30 14:08:29,30.7
12006913,no,"The study suggests that the risk factors for myocardial infarction are similar between men and women, including lipids (cholesterol), blood pressure, diabetes, and smoking. However, there may be some differences in how these risk factors affect each sex, possibly due to hormonal or other biological differences.",,0,AnatomyTutor,anatomy-tutor,1.605509,2026-06-30 14:08:31,30.3
11943048,yes,"The study found that nursing home residents who received hospice care were more likely to have their pain managed regularly than those who did not receive hospice care. This suggests that hospice care may improve the management of pain at the end of life. However, it's important to note that this was a retrospective study and further research is needed to confirm these findings.",,0,AnatomyTutor,anatomy-tutor,1.936561,2026-06-30 14:08:33,29.9
25311479,yes,"The research suggests that economic inequalities in coverage of cancer screening are lower or non-existent when overall coverage is higher. This could be due to a number of factors, including better access to healthcare and greater awareness about the importance of cancer screening among disadvantaged populations. However, more research is needed to fully understand these findings in different contexts.",,0,AnatomyTutor,anatomy-tutor,1.696259,2026-06-30 14:08:35,29.5
23992109,yes,"Yes, urinary biomarkers can be used to assess tubulointerstitial lesions of the solitary kidney. The study showed that patients with acquired SK had a higher increase in urinary NAG and alpha-1-microglobulin compared to those with congenital SK. There was also an inverse correlation between urinary biomarkers and eGFR in both groups, indicating a potential role for these markers in the diagnosis of tubulointerstitial lesions.",yes,1,AnatomyTutor,anatomy-tutor,2.136677,2026-06-30 14:08:37,30.4
19578820,maybe,"The answer is yes because medical records are required to document opioid dependence and MMT treatment for patients' safety, and these documents can be used to identify potential drug-methadone interactions.",yes,0,AnatomyTutor,anatomy-tutor,1.049078,2026-06-30 14:08:39,30.0
26852225,no,"The abstract discusses adjustment for reporting heterogeneity in self-reports of sleep disorders among adult Japanese. The researchers used anchoring vignettes to elucidate factors associated with sleep and energy related problems before and after adjusting for differences in response category cut-points. They found that age, number of comorbidities, and regular exercise were significantly associated with greater severity of sleep-related problems after correction, while sex was no longer a significant factor. The CHOPIT model provided two changes compared to the ordered probit model after adjusting for reporting heterogeneity.

",no,1,AnatomyTutor,anatomy-tutor,2.466966,2026-06-30 14:08:41,30.9
19027440,yes,"The research suggests a third of head and neck cancer patients at diagnosis reported relatively high levels of fears of recurrence, with 12% still reporting similar levels six to eight months after treatment. The study found that pre-treatment fears and optimism predicted post-treatment fears of cancer recurrence.",,0,AnatomyTutor,anatomy-tutor,1.449872,2026-06-30 14:08:43,30.5
27131771,yes,"The study found that LAA occlusion therapy can cause slight changes in ECG and echocardiography parameters, including a shift of the QRS electric axis and changes in heart rate (HR) and mean-mean QT interval. However, there were no significant differences in echocardiographic parameters between before and after device implantation. The study suggests that LAA occlusion therapy may have some impact on cardiac function, but the effects are not clinically significant.",no,0,AnatomyTutor,anatomy-tutor,2.079133,2026-06-30 14:08:45,30.1
26209118,no,"No, unenhanced T1-W fat-saturated MRI does not reliably differentiate bone infarcts from acute osteomyelitis in children with sickle cell disease. The study found that the signal intensity on T1-W fat-saturated images was not significant for the differentiation between these two diagnoses.",no,1,AnatomyTutor,anatomy-tutor,1.514594,2026-06-30 14:08:47,31.0
20197761,maybe,"The abstract suggests that many clinicians may be concerned about overlooking alternative diagnoses when making a diagnosis of IBS. However, the study shows that experts are less likely to view IBS as a diagnosis of exclusion and more likely to make a positive diagnosis using the Rome criteria alone. This suggests that clinicians should not be hesitant to make a diagnosis of IBS without ruling out other potential causes first.",,0,AnatomyTutor,anatomy-tutor,1.955779,2026-06-30 14:08:49,30.6
23224030,yes,"The answer is yes. European individuals with type 1 diabetes tend to consume a high atherogenic diet, which may contribute to their increased cardiovascular disease risk.",,0,AnatomyTutor,anatomy-tutor,1.091222,2026-06-30 14:08:51,30.2
21689015,yes,"The study suggests that dogs can positively modulate the behavior of children with autism spectrum disorder. However, it's important to note that this is a small-scale study with limited participants and more research is needed to confirm these findings.",,0,AnatomyTutor,anatomy-tutor,1.14087,2026-06-30 14:08:52,29.9
9363244,yes,"The researchers compared the frequency of exposure to radiation among infertile couples who worked at a nuclear power plant with those in a fertile control population. They found no difference in the frequency of exposure between the two groups, but they did find higher rates of abnormal sperm in men who worked at the plant. However, these abnormalities were temporary and didn't affect conception or pregnancy.",no,0,AnatomyTutor,anatomy-tutor,1.794282,2026-06-30 14:08:54,29.5
7664228,no,"The study found that decreasing lengths of stay over time did not adversely affect quality of care, as measured by readmission rates and mean number of physician visits after discharge for four diagnostic categories.",,0,AnatomyTutor,anatomy-tutor,1.070091,2026-06-30 14:08:55,29.2
19130332,yes,"The study suggests that the zeolite hemostatic agent can reduce blood loss during arterial injury, as evidenced by slower drop in blood pressure and increased hematocrit levels. However, it is important to note that this study was conducted on swine models, so further research is needed to confirm these findings in humans.",,0,AnatomyTutor,anatomy-tutor,1.565767,2026-06-30 14:08:57,28.9
24809662,no,"The study suggests that concomitant anterior/apical repair during midurethral sling does not provide additional benefit in improving the overactive bladder component of mixed urinary incontinence symptoms compared to midurethral sling alone. However, women who experienced a postoperative complication had lower improvements in OAB symptoms.",,0,AnatomyTutor,anatomy-tutor,1.518393,2026-06-30 14:08:59,28.6
16769333,yes,"The study suggests that preoperative tracheobronchoscopy can be useful for identifying unsuspected complications and improving diagnosis and surgical treatment in newborns with esophageal atresia. However, it's important to note that this procedure is not without risks, such as respiratory complications or airway obstruction. The decision to perform preoperative tracheobronchoscopy should be made on a case-by-case basis and in consultation with a pediatric surgeon.",,0,AnatomyTutor,anatomy-tutor,2.48784,2026-06-30 14:09:01,28.3
18802997,maybe,"Yes, calprotectin can predict relapse risk in inflammatory bowel disease. A positive calprotectin test result was significantly associated with a higher probability of relapse in ulcerative colitis patients. However, the study found no significant correlation between calprotectin and relapse risk in Crohn's disease patients, except for colonic CD subtype.",yes,0,AnatomyTutor,anatomy-tutor,1.689309,2026-06-30 14:09:03,28.0
25588461,yes,"The study suggests that a specific type of brain stimulation called transcranial direct current stimulation (tDCS) can help boost cortical connectivity and excitability in individuals with disorders of consciousness, including those diagnosed as unresponsive wakefulness syndrome. However, it is important to note that the study was small and more research is needed to confirm these findings and determine their clinical implications.",,0,AnatomyTutor,anatomy-tutor,1.897071,2026-06-30 14:09:05,27.7
25779009,maybe,"The study tested three antiseptic solutions in vitro to determine their bactericidal activity in the presence of interfering substances. The results showed that one solution (chlorhexidine-benzalkonium) had consistent bactericidal activity across different concentrations and strains, while another solution (povidone iodine) was not effective against certain bacteria at any concentration tested.",,0,AnatomyTutor,anatomy-tutor,1.769302,2026-06-30 14:09:07,27.4
22532370,yes,"Yes, increased carotid artery pulsatility and resistance indexes are early signs of vascular abnormalities in young obese males. This suggests that obesity may directly damage blood vessels even at a young age.",yes,1,AnatomyTutor,anatomy-tutor,0.9483661,2026-06-30 14:09:09,28.1
23422012,no,"Yes, vancomycin MIC creep is a worldwide phenomenon. This study from Portugal found that the rate of MRSA with a vancomycin MIC above 1 mg/L fluctuated over three years. This suggests that MIC creep is not limited to any particular region or hospital, but rather is a global trend.",yes,0,AnatomyTutor,anatomy-tutor,1.44625,2026-06-30 14:09:10,27.8
24995509,maybe,"The answer is yes. The study found that having at least one C allele for the CFH gene polymorphism rs1061170 increases AMD risk independent of age. This suggests that genetic variations may play a role in the development of AMD, which can be influenced by age-related changes.",,0,AnatomyTutor,anatomy-tutor,1.533286,2026-06-30 14:09:12,27.6
19103915,maybe,"Yes, home sampling kits for sexually transmitted infections are acceptable among men who have sex with men. This study found that many MSM view self-sampling as positive and beneficial due to increased accessibility and personal empowerment. However, some concerns were raised regarding accuracy, delays in receiving results, support, and potential impact on others.",yes,0,AnatomyTutor,anatomy-tutor,1.538175,2026-06-30 14:09:14,27.3
8521557,no,"The insertion allele of the ACE gene has been associated with increased coronary heart disease (CHD). However, it is not clear why this association exists. The study found that individuals with the DD genotype had lower levels of specific insulin and higher insulin sensitivity compared to those with other genotypes. These findings suggest a potential link between ACE gene variants and insulin resistance. However, further research is needed to confirm these results and fully understand the relationship between the two.",,0,AnatomyTutor,anatomy-tutor,2.142531,2026-06-30 14:09:16,27.0
19398929,no,"The abstract suggests that the growth rate of a gallbladder polyp may not be a reliable indicator of whether it is benign or malignant. Instead, factors such as age and polyp size are more important in predicting neoplasm.",,0,NcatMedLlama,ncatmedllama,5.251844,2026-06-30 14:09:22,0.0
17621202,maybe,"The abstract suggests that shaving the incision site before spinal surgery may increase the risk of postsurgical infection, although the difference was statistically significant. However, the study had a small sample size and limited generalizability, so further research is needed to confirm this finding. (2-3 sentences)",,0,NcatMedLlama,ncatmedllama,1.22732,2026-06-30 14:09:23,0.0
22382608,no,"The study suggests that there is a significant difference in the uptake of the radiopharmaceutical in the putamen between patients with Parkinson's disease and those with essential tremor, but not in other brain regions studied. However, it is important to note that this study had a small sample size and further research is needed to confirm these findings.",,0,NcatMedLlama,ncatmedllama,1.544738,2026-06-30 14:09:25,0.0
22617083,yes,"The abstract suggests that there may be differences in the relationship between personality and coping strategies based on age. Older adults reported less symptomatology than younger patients and described fewer dysfunctional coping strategies. However, it is important to note that this study was conducted with a specific population of psychiatric inpatients, so these findings may not generalize to other populations.",,0,NcatMedLlama,ncatmedllama,1.62258,2026-06-30 14:09:27,0.0
10401824,yes,"Yes, laparoscopic reoperation for failed antireflux surgery is feasible. In this study, most patients underwent Nissen fundoplication or Toupet fundoplication as part of the reoperation procedure. However, a small number of patients required additional procedures such as crural repair and paraesophageal hernia repair. The overall conversion rate was 20%, but there were no mortalities. Patients generally reported improved well-being after surgery.",yes,1,NcatMedLlama,ncatmedllama,2.2961,2026-06-30 14:09:29,20.0
22522271,no,"The study found that late-night salivary cortisol may be a better screening test for possible cortisol excess than standard screening tests in obese patients with Type 2 diabetes, particularly when compared to the 1mg DST. However, it's important to note that this conclusion is based on a small sample size and further research is needed to confirm these findings.",,0,NcatMedLlama,ncatmedllama,1.736536,2026-06-30 14:09:31,16.7
12098035,yes,"The answer is yes, because the study found that patients undergoing cholecystectomy for acute cholecystitis were more likely to have successful laparoscopic treatment if they were cared for by specialists in laparoscopic surgery.",,0,NcatMedLlama,ncatmedllama,1.292843,2026-06-30 14:09:32,14.3
15708048,yes,"Yes, prior benign prostate biopsies can predict better outcomes for patients treated with radical perineal prostatectomy. The study found that patients who had undergone at least one prior biopsy had more favorable pathologic features and lower probability of biochemical failure compared to those without a prior biopsy.",yes,1,NcatMedLlama,ncatmedllama,1.490096,2026-06-30 14:09:34,25.0
18307476,yes,The study suggests that increasing benefits through programs like Supplemental Security Income (SSI) can reduce disability among elderly people. This is because income support policies can substantially affect health and improve population health.,,0,NcatMedLlama,ncatmedllama,1.040712,2026-06-30 14:09:35,22.2
9603166,no,"The abstract suggests that most U.S. transplant centers do not currently consider transplanting asymptomatic HIV-infected patients with end-stage renal disease due to concerns about the potential risks and limited experience in this area. However, some centers may be willing to consider such cases on a case-by-case basis, depending on individual circumstances and available data.",,0,NcatMedLlama,ncatmedllama,1.533677,2026-06-30 14:09:37,20.0
12765819,yes,"Yes, spinal subdural hematoma can be a sequela of a ruptured intracranial aneurysm. It is a rare but known complication.",yes,1,NcatMedLlama,ncatmedllama,0.9072782,2026-06-30 14:09:38,27.3
27642458,no,"The boycott call by Catholic bishops in Kenya did affect polio vaccination coverage in the country in 2015. The survey showed a decrease in vaccination coverage from 94% to 93%. The reasons for missed vaccination included parents' refusal, house not being visited, and children not being at home during the campaign.",,0,NcatMedLlama,ncatmedllama,1.601331,2026-06-30 14:09:40,25.0
21420186,yes,"The study suggests that low levels of ADMA in young adults born preterm may predict early endothelial dysfunction. The study found that ex-ELBW subjects had lower levels of ADMA compared to healthy controls, and also showed inverse correlations between ADMA levels and gestational age and birth weight. This suggests that low levels of ADMA in young adults born preterm may be a sign of early endothelial dysfunction.",,0,NcatMedLlama,ncatmedllama,2.041863,2026-06-30 14:09:42,23.1
22251324,no,"The abstract suggests that there is no direct relationship between academic achievement in the selection process and performance as a dental student. However, ethnicity and residency status seem to have some impact on academic success. It would be best to consult with the authors of the study for more detailed information.",no,1,NcatMedLlama,ncatmedllama,1.332081,2026-06-30 14:09:44,28.6
22237146,yes,"Yes, serum can be used for analyzing the EGFR mutation status in patients with advanced non-small cell lung cancer. The study found a high correlation between the mutations detected in serum and the matched tumor samples. However, it is important to note that not all patients will have sufficient tumor tissue available for analysis, making serum sampling an alternative option.",yes,1,NcatMedLlama,ncatmedllama,1.665322,2026-06-30 14:09:46,33.3
10490564,yes,Maybe. This study suggests that profound hypotensive events may be related to myocardial ischaemic events in patients with coronary disease taking drugs to treat angina and heart failure.,maybe,0,NcatMedLlama,ncatmedllama,1.090219,2026-06-30 14:09:47,31.3
26536001,no,The answer is yes. The study suggests that there may be some additional value in using immunohistochemistry to detect somatostatin receptor subtype 2a expression in addition to scintigraphy for predicting response to peptide receptor radiotherapy in patients with gastroenteropancreatic neuroendocrine tumors.,,0,NcatMedLlama,ncatmedllama,1.580544,2026-06-30 14:09:49,29.4
23375036,yes,"Yes, the OraQuick® HIV-1/2 Assay in sputum specimens is a valid tool for HIV surveillance among TB patients. It showed high sensitivity and specificity compared to serum ELISA. However, it should be used with caution due to potential false negatives.",yes,1,NcatMedLlama,ncatmedllama,1.445854,2026-06-30 14:09:51,33.3
15050326,yes,"Yes, the risk of breast cancer appears to be higher among women who underwent radiation therapy (RT) around the time of pregnancy compared with those who were not pregnant at the time of RT. This increased risk is associated with the length of time from pregnancy to RT and may be due to the effects of radiation on the developing fetus or breast tissue.",yes,1,NcatMedLlama,ncatmedllama,1.724807,2026-06-30 14:09:52,36.8
26778755,maybe,"Yes, the dose-point evaluation is relevant for vaginal doses in image-guided brachytherapy for cervical cancer.",yes,0,NcatMedLlama,ncatmedllama,0.8535065,2026-06-30 14:09:54,35.0
14872327,yes,"Yes, it appears that pain is a common problem in adults with psychiatric disorders. The study found that about half of patients reported experiencing pain at some point during their stay in the hospital. Depression and previous admissions to psychiatric hospitals were identified as potential risk factors for pain.",yes,1,NcatMedLlama,ncatmedllama,1.224374,2026-06-30 14:09:55,38.1
18274917,no,"The abstract suggests that low-tone sudden deafness does not inevitably progress to Meniere's disease, as there are no differences in the rate of progression between patients with low-tone SD and those with high-tone SD or Meniere's disease. However, some studies have shown that patients with low-tone SD may be at a higher risk for developing vertigo than those with high-tone SD.",no,1,NcatMedLlama,ncatmedllama,1.860101,2026-06-30 14:09:57,40.9
25675614,yes,"The answer is yes. Gingival crevicular blood can be used to assess blood glucose levels. The study found a strong correlation between the two measures, suggesting that gingival crevicular blood may be a reliable indicator of glucose levels in patients with chronic periodontitis.",,0,NcatMedLlama,ncatmedllama,1.328624,2026-06-30 14:09:59,39.1
14551704,yes,"Based on this study, it seems that teaching communication skills to physicians can be effective in improving their ability to communicate with terminally ill patients. The course model used in this study resulted in high satisfaction scores from participants and demonstrated improvements in communication behavior. This suggests that training programs for physicians can help them better communicate with patients who are nearing the end of life.",,0,NcatMedLlama,ncatmedllama,1.520301,2026-06-30 14:10:00,37.5
11035130,yes,"The study suggests that stopping folic acid supplements in patients established on methotrexate does not lead to increased toxicity or decreased efficacy. However, there is a theoretical risk that it may decrease the efficacy of methotrexate.",,0,NcatMedLlama,ncatmedllama,1.318202,2026-06-30 14:10:02,36.0
10834864,no,The study found that there was no association between the presence of specific antiphospholipid antibodies and the development of avascular necrosis in patients with systemic lupus erythematosus.,no,1,NcatMedLlama,ncatmedllama,1.090273,2026-06-30 14:10:03,38.5
9582182,yes,"The SCL 90-R Obsessive-Compulsive dimension does identify cognitive impairments. It is related to symptoms of depression, anxiety, and subjective complaints of memory problems.",,0,NcatMedLlama,ncatmedllama,1.066072,2026-06-30 14:10:04,37.0
18158048,yes,"The abstract suggests that there is controversy about whether surgical management is necessary for the testicular remnant associated with vanishing testes syndrome. The study found that in some cases, viable germ cells were present within the testicular remnants, which may indicate a need for further evaluation and potential treatment. However, it's important to note that this conclusion was based on a limited sample size and more research is needed to confirm these findings.",,0,NcatMedLlama,ncatmedllama,1.76348,2026-06-30 14:10:06,35.7
25280365,yes,"The question asks about the discordance between clinical pathologists and clinicians when reporting red blood cell morphology. The abstract indicates that there is a gap in understanding RBC-M terms among both groups, with clinicians misinterpreting some terms and CPs not always reporting all smears.
",,0,NcatMedLlama,ncatmedllama,1.347196,2026-06-30 14:10:08,34.5
16816043,maybe,"This is a complex ethical question that depends on various factors, including the severity of the disease, the intent to inform the spouse, and the decision to consult an expert. While breaching confidentiality may be seen as acceptable in some cases, it's important to consider the potential consequences and ensure that any decision is made with the patient's best interests in mind. It's a nuanced issue that requires careful consideration of all factors involved.",,0,NcatMedLlama,ncatmedllama,1.881647,2026-06-30 14:10:10,33.3
20602101,no,"The study suggests that hypoalbuminemia is not an independent prognostic factor for gastric cancer patients, as it may be secondary to systemic inflammation. The factors that were found to be independent predictors of survival include stage, treatment, and CRP level.",,0,NcatMedLlama,ncatmedllama,1.304733,2026-06-30 14:10:12,32.3
7547656,no,"The study found that continuous intravenous infusion of low-concentration epinephrine in pregnant ewes did not impair uterine blood flow. However, a bolus (one-time) injection of epinephrine decreased uterine blood flow to 68 +/- 14% of baseline. This suggests that the continuous infusion may have had different effects than a one-time dose on uterine blood flow in these animals. However, further studies are needed to confirm this finding and determine whether similar effects occur in humans.",,0,NcatMedLlama,ncatmedllama,2.552755,2026-06-30 14:10:14,31.3
24996865,yes,"The study suggests that assessing joint lines by measuring distances from bony landmarks in the contralateral knee may be a reliable method for planning knee revision surgery when both cartilage and bone were removed during previous operations. The researchers used scaled weight-bearing radiographs to measure distances from specific bony landmarks to the joint line of the contralateral knee, finding that there was little variation in these measurements between knees. This approach could potentially help surgeons better assess and plan for natural joint line reconstruction during knee revision surgery.",,0,NcatMedLlama,ncatmedllama,2.230011,2026-06-30 14:10:17,30.3
22236315,no,"The abstract suggests that distance to provider can be a barrier to timely diagnosis and treatment for cancer patients who qualify for Medicaid coverage, particularly for breast cancer and CRC.",,0,NcatMedLlama,ncatmedllama,0.889047,2026-06-30 14:10:18,29.4
15388567,no,"Maybe. While these journals may provide valuable insights into sports science, their relevance to practitioners and athletes is limited due to a lack of practical application in everyday practice. Most articles focus on healthy subjects rather than those with injuries or medical conditions.",maybe,0,NcatMedLlama,ncatmedllama,1.136756,2026-06-30 14:10:19,28.6
10201555,yes,"The abstract suggests that low serum chloride level is associated with increased risk of cardiovascular mortality, including both total and CVD deaths. The study found a dose-response relationship between serum chloride levels and mortality, with the highest risk observed in those with levels below 100 mmol/l. Further research is needed to confirm these findings and explore potential mechanisms for this association.",,0,NcatMedLlama,ncatmedllama,1.781182,2026-06-30 14:10:21,27.8
23283159,yes,"Obesity is a risk factor for wheezing in adolescents, according to this study. The greater the body mass index at 11 years, the higher the prevalence of wheezing at 15 years was found.",,0,NcatMedLlama,ncatmedllama,1.278402,2026-06-30 14:10:23,27.0
21361755,no,"The study found that patients with degenerative cervical stenosis and those with OPLL had similar outcomes after undergoing laminoplasty surgery for cervical myelopathy without kyphosis. The groups did not differ in terms of estimated blood loss, length of hospital stay, or complication rates. However, both groups lost extension range of motion following the procedure.
",,0,NcatMedLlama,ncatmedllama,1.805104,2026-06-30 14:10:25,26.3
20605051,yes,"The abstract suggests that case-mix based reimbursement may lead to more efficient care delivery, but the study does not answer whether this reimbursement leads to improved coordination of care. The results indicate that hospitals establish care programs when they have control over their budgets, but the focus remains on function rather than process.",,0,NcatMedLlama,ncatmedllama,1.509022,2026-06-30 14:10:27,25.6
22720085,yes,"Yes, the study suggests that insulin resistance plays a significant role in the association between hyperglycemia and cardiovascular disease risk.",yes,1,NcatMedLlama,ncatmedllama,0.8601791,2026-06-30 14:10:28,27.5
24014276,yes,"Maybe. While there is some evidence that an optimistic outlook may predict better survival at advanced ages, the relationship is complex and influenced by many factors. It's important to consider other variables such as physical functioning and cognitive health when examining this relationship.",maybe,0,NcatMedLlama,ncatmedllama,1.30457,2026-06-30 14:10:29,26.8
8847047,no,"Maybe, because while it appears to be a well-differentiated HCC on histology, there is evidence that it may not be entirely clinically early cancer due to the presence of minute cancerous foci even after hepatectomy.",maybe,0,NcatMedLlama,ncatmedllama,1.234223,2026-06-30 14:10:31,26.2
26923375,yes,"The answer is yes. The study found that the splenic index (SPI) can be used to predict the presence or absence of esophageal varices in patients with compensated hepatic cirrhosis (Child-Pugh class A). Using a cut-off value of SPI at 5.0, the test had high negative predictive value and sensitivity for diagnosing the absence of esophageal varices without invasive screening endoscopy.",,0,NcatMedLlama,ncatmedllama,2.064075,2026-06-30 14:10:33,25.6
18435678,no,"The answer is maybe. The study suggests that fetal thrombocytopenia may be less common in pregnancies with severe Kell alloimmunization compared to those with RhD alloimmunization, but the sample size was small and more research is needed to confirm this finding.",,0,NcatMedLlama,ncatmedllama,1.391757,2026-06-30 14:10:34,25.0
20337202,maybe,"The study found that the majority of women who received antenatal corticosteroids delivered within two weeks of receiving them. However, some women remained pregnant longer than three weeks after AC and delivered at a gestational age of less than 34 weeks. The study suggests that timing of AC administration can affect the likelihood of delivering early.",,0,NcatMedLlama,ncatmedllama,1.480171,2026-06-30 14:10:36,24.4
25488308,no,"The study found that bone thickness and inter-radicular space can affect miniscrew placement in posterior mandibular sites. The thickness of alveolar bone decreased with increasing insertion angle from 45° to 90°. There were no significant differences between the genders or types of malocclusion.
",no,1,NcatMedLlama,ncatmedllama,1.497536,2026-06-30 14:10:38,26.1
15151701,yes,"The answer is yes, peer review can play a role in assessing the quality of care for chronic disease. This study found higher reliability when multiple physicians reviewed patient records, particularly for conditions with a more developed evidence base (diabetes and hypertension). However, the method still has limitations due to random noise and individual reviewer bias.",,0,NcatMedLlama,ncatmedllama,1.426252,2026-06-30 14:10:40,25.5
21252642,no,"While there is no direct answer to your question from the provided research, it suggests that patient awareness and education can improve patients' understanding of cancer-related clinical trials and their willingness to participate. However, this does not necessarily lead to an increase in accrual rates. Further research could investigate specific strategies for improving enrollment.",no,1,NcatMedLlama,ncatmedllama,1.612767,2026-06-30 14:10:41,27.1
19482903,yes,"The study found that peak oxygen uptake (.)Vo(2)peak measured during a graded treadmill test may not reflect the maximum oxygen uptake (.)Vo(2)max in children with spina bifida who are ambulatory. The study suggests that the Vo(2)peak measurement may be valid, but there is some question about its true reflection of maximum oxygen uptake due to low peak heart rate and respiratory exchange ratio in these studies.",,0,NcatMedLlama,ncatmedllama,2.227102,2026-06-30 14:10:44,26.5
18708308,no,"Maybe, as the intervention did not significantly change surgeons' practice.",maybe,0,NcatMedLlama,ncatmedllama,0.6416725,2026-06-30 14:10:45,26.0
21074975,yes,The study found that the risk of transition to psychosis increases in the following order: Trait alone < APS < BLIPS. This suggests that different levels of risk for transition exist.,,0,NcatMedLlama,ncatmedllama,0.9056382,2026-06-30 14:10:46,25.5
27040842,no,"Septoplasty does not change the dimensions of compensatory hypertrophy of the middle turbinate, according to this study. However, there is a negative correlation between the angle of the septum and the middle turbinate total area on the deviated side after septoplasty.",,0,NcatMedLlama,ncatmedllama,1.296005,2026-06-30 14:10:47,25.0
28196511,no,"The answer is ""yes,"" as there will likely be an increased incidence of ART-related adverse effects in sub-Saharan Africa due to the new policy of the World Health Organization. The region faces significant challenges, including poverty, weak health systems, and lack of access to quality healthcare services. There is a need for better data on the incidence and predictive factors of ART-related adverse effects in SSA, as well as strategies to prevent or properly estimate the upcoming burden and prepare an adequate response plan.
",,0,NcatMedLlama,ncatmedllama,2.336904,2026-06-30 14:10:50,24.5
23361217,yes,"The type of tibial component used in unicompartmental knee replacement may affect mechanical alignment after surgery, with one study finding that an all-polyethylene inlay component resulted in better postoperative alignment compared to a metal-backed onlay component. However, further research is needed to confirm these findings and explore the potential effects of other factors such as component thickness.",,0,NcatMedLlama,ncatmedllama,1.681242,2026-06-30 14:10:52,24.1
26864326,yes,"Yes, GAPS significantly outperformed VAS on calibration, discrimination, and accuracy when used with clinical certainty ≥95%.",yes,1,NcatMedLlama,ncatmedllama,0.8114185,2026-06-30 14:10:53,25.5
24751724,yes,"The study suggests that ethnicity may affect where people with cancer die, with certain groups more likely to die in hospitals or at home. However, the findings are complex and depend on a variety of factors.",,0,NcatMedLlama,ncatmedllama,1.21419,2026-06-30 14:10:54,25.0
25503376,yes,"Yes, surgery can lower serum lipid levels in OSA patients. The study found that postoperatively, total cholesterol, low-density lipoprotein (LDL), and lipoprotein(a) decreased significantly. However, it's essential to note that the study was retrospective and had a limited sample size. Further research is needed to confirm these findings.",yes,1,NcatMedLlama,ncatmedllama,1.967235,2026-06-30 14:10:56,26.3
12380309,no,"The study suggests circumcision in childhood may be beneficial for some boys due to prepuce development and retractility issues. However, the sample size is small, and further research is needed to confirm these findings.",,0,NcatMedLlama,ncatmedllama,1.075744,2026-06-30 14:10:58,25.9
16809243,no,"No, fetal gender is not associated with emergency department visits for asthma during pregnancy according to this study.",no,1,NcatMedLlama,ncatmedllama,0.8290669,2026-06-30 14:10:59,27.1
12121321,yes,"Yes, mossy fibers do release GABA. In fact, they are one of the few excitatory projections in the brain that also release an inhibitory neurotransmitter like GABA. This is thought to play a role in regulating activity in the hippocampus and other parts of the brain.",yes,1,NcatMedLlama,ncatmedllama,1.401703,2026-06-30 14:11:00,28.3
15943725,yes,"The answer is yes, serum pancreatic lipase may be a better biomarker than serum amylase for diagnosing acute pancreatitis due to its higher sensitivity and specificity. However, this study was conducted in a specific population of patients at a single hospital, so more research is needed to confirm these findings in other populations.",,0,NcatMedLlama,ncatmedllama,1.695002,2026-06-30 14:11:02,27.9
22075911,yes,"The study found that new recruits in the British Army have a higher prevalence of dental decay than those in the Royal Navy or the Royal Air Force, with significantly more decayed teeth per recruit and greater treatment resource need. These findings suggest that there may be differences in oral health among military personnel joining each Service.",,0,NcatMedLlama,ncatmedllama,1.48429,2026-06-30 14:11:04,27.4
25752912,no,"The abstract suggests that there is no significant difference in the probability of prenatal diagnosis or termination of pregnancy for fetuses with congenital heart defects conceived through assisted reproductive techniques compared to those conceived naturally. However, gestational age at PND and TOPFA tended to be earlier for ART-conceived fetuses.",no,1,NcatMedLlama,ncatmedllama,1.607492,2026-06-30 14:11:06,28.6
15995461,yes,"The abstract suggests that there may be a correlation between high rates of road traffic deaths and other forms of unintentional injury in some U.S. states. However, it is important to note that this study only looked at data from 1983 to 1995, so the results might not be applicable today.",,0,NcatMedLlama,ncatmedllama,1.417575,2026-06-30 14:11:07,28.1
24622801,yes,"The researchers tested a fast-resorbable hydrogel called Disposable Antibacterial Coating (DAC) to see if it could deliver antibacterial compounds and prevent bacterial colonization of implanted biomaterials in vitro. They found that the hydrogel successfully released all tested antibacterial compounds within 96 hours, and showed both bactericidal and antibiofilm effects in combination with various antibacterial agents. However, approximately 80% of the coating was retrieved on the implant after press-fit insertion. This suggests that the hydrogel may be effective at preventing bacterial colonization and biofilm formation, but further studies are needed to determine its long-term efficacy in vivo.",,0,NcatMedLlama,ncatmedllama,2.845166,2026-06-30 14:11:10,27.7
23949294,yes,"The study suggests that it is feasible to maintain HIV viral load suppression over time in resource-limited settings, even with a long history of treatment and exposure to multiple drug classes. However, there are still challenges to achieving and maintaining low VL levels, including emergence of resistance mutations.",,0,NcatMedLlama,ncatmedllama,1.423553,2026-06-30 14:11:12,27.3
18926458,no,"The answer to this question is ""maybe."" While there are some studies that suggest octogenarians may be at higher risk for complications after carotid endarterectomy, the available evidence is limited and inconclusive. It's important to consult with a surgeon or cardiologist before making any decisions regarding surgery.",,0,NcatMedLlama,ncatmedllama,1.601321,2026-06-30 14:11:14,26.9
23455575,no,"The term ""globulomaxillary cyst"" is no longer considered an entity in its own right. However, similar types of cysts still occur, which may be referred to as ""jaw cysts."" These are typically diagnosed based on clinical, radiological, and histological features.",no,1,NcatMedLlama,ncatmedllama,1.320744,2026-06-30 14:11:15,27.9
19106867,yes,"Maybe, as this is a new situation that trauma centers may encounter in the future. It's important to have a plan for mass casualty incidents to ensure adequate care for all patients.",maybe,0,NcatMedLlama,ncatmedllama,0.8797032,2026-06-30 14:11:16,27.5
11570976,maybe,"The information in the abstract suggests that the patient's symptoms could be related to Crohn's disease, but without more information, it is difficult to say definitively. It is important for the patient to consult a healthcare professional for proper diagnosis and treatment.",,0,NcatMedLlama,ncatmedllama,1.065233,2026-06-30 14:11:18,27.1
9616411,yes,"Maybe. The study suggests that populations with access to GP hospitals may use general hospitals less than those without such access, particularly for certain conditions like respiratory diseases and cardiac failure where patients are often transferred from general hospitals to GP hospitals. However, the difference in bed utilisation was relatively small.",maybe,0,NcatMedLlama,ncatmedllama,1.417335,2026-06-30 14:11:19,26.8
25756710,yes,"Yes, emergency physicians can accurately assess acute vertigo in the emergency department using the STANDING tool. The tool showed high sensitivity and specificity for central acute vertigo according to senior audiologist evaluation. However, inter-observer agreement among EPs was only fair (k = 0.76).",yes,1,NcatMedLlama,ncatmedllama,1.557524,2026-06-30 14:11:21,27.8
12769830,no,"The abstract suggests that while tumor depth may influence prognosis in some cases, it is unlikely to be a major factor when other factors like histologic malignancy grade and tumor size are taken into account. The study found that deep-seated tumors had poorer survival rates than superficial tumors, but this was likely due to the larger mean size of deep-seated tumors rather than their depth per se.",,0,NcatMedLlama,ncatmedllama,1.834009,2026-06-30 14:11:23,27.4
20537205,yes,"This study suggests that halofantrine is ototoxic in guinea pigs at both the therapeutic and double therapeutic doses, leading to changes in cochlear structure and spiral ganglion cell loss. However, further studies are needed to confirm these findings in humans.",,0,NcatMedLlama,ncatmedllama,1.405854,2026-06-30 14:11:25,27.0
18570208,yes,"The study suggests that severe macrosomia may be present in a fetus at 11-14 weeks of gestation, as measured by the difference between the expected and measured crown-rump length at the time of nuchal translucency screening. However, it's important to note that this finding is based on a small sample size and may not be representative of all pregnancies. Further research is needed to confirm these findings and establish a clear association between fetal biometry in early pregnancy and macrosomia at delivery.",,0,NcatMedLlama,ncatmedllama,2.273736,2026-06-30 14:11:27,26.7
12006913,no,"The study suggests that lipids, blood pressure, diabetes, and smoking confer equal risk of myocardial infarction in women as in men.",,0,NcatMedLlama,ncatmedllama,0.9898172,2026-06-30 14:11:28,26.3
11943048,yes,"Hospice care in nursing homes can improve the management of pain at the end of life by providing a more comprehensive approach to pain management. While non-hospice residents were less likely to receive analgesics recommended by AMDA, hospice residents were twice as likely to receive regular treatment for daily pain.",,0,NcatMedLlama,ncatmedllama,1.557956,2026-06-30 14:11:30,26.0
25311479,yes,The study suggests that economic inequalities in coverage of breast and cervical cancer screening are lower or non-existent in countries with higher overall coverage.,,0,NcatMedLlama,ncatmedllama,0.8933057,2026-06-30 14:11:31,25.6
23992109,yes,"The study suggests a correlation between urinary biomarkers and eGFR in patients with SK, regardless of whether it is acquired or congenital. This could be a non-invasive approach to assessing tubular lesions in the solitary kidney. However, further studies are needed to confirm these findings.",,0,NcatMedLlama,ncatmedllama,1.470163,2026-06-30 14:11:33,25.3
19578820,maybe,"The answer is yes. Methadone maintenance treatment and opioid dependence are often documented in separate medical records, which can lead to potential safety risks if not coordinated with substance use disorder treatment. It's essential to evaluate the frequency of missing documentation and identify potential medication-methadone interactions when providing care for patients engaged in MMT.",,0,NcatMedLlama,ncatmedllama,1.576207,2026-06-30 14:11:35,25.0
26852225,no,"Yes, adjustment for reporting heterogeneity is necessary when analyzing self-reported data, as it can help account for differences in how individuals respond to survey questions. This study demonstrates that using anchoring vignettes can help identify factors associated with sleep disorders and adjust for these differences in response patterns.

",yes,0,NcatMedLlama,ncatmedllama,1.551708,2026-06-30 14:11:36,24.7
19027440,yes,"Yes, this study found that a third of head and neck cancer patients reported relatively high levels of fears of recurrence at diagnosis, with 12% still reporting similar levels of fear six to eight months after treatment. Fears of recurrence were not related to demographic or disease-related factors but were directly predicted by pre-treatment fears and optimism.

Explanation: The study found that a significant proportion of head and neck cancer patients reported high levels of fears of recurrence at diagnosis, with some still experiencing these fears after treatment. These findings suggest that clinicians should address the issue of fears of recurrence in their patients, particularly those who experienced relatively high levels of fear before treatment. The study also highlighted the importance of optimism as a potential predictor of long-term fears of recurrence.",yes,1,NcatMedLlama,ncatmedllama,3.290288,2026-06-30 14:11:40,25.6
27131771,yes,"The answer is maybe. The study suggests that LAA occlusion therapy may cause slight changes in ECG and echocardiography parameters, but these changes are not significant enough to be considered clinically meaningful. However, the study did find a larger LA diameter and ARD during follow-up visits at 6 and 12 months after device implantation, respectively.",,0,NcatMedLlama,ncatmedllama,1.638936,2026-06-30 14:11:42,25.3
26209118,no,"No, this method is not reliable for differentiating bone infarcts from acute osteomyelitis in children with sickle cell disease. The study found that the signal intensity on T1-W fat-saturated images was not significant for the differentiation between these two conditions.",no,1,NcatMedLlama,ncatmedllama,1.391208,2026-06-30 14:11:43,26.2
20197761,maybe,"The abstract suggests that experts are less likely than non-experts to consider IBS a diagnosis of exclusion, and more likely to make a positive diagnosis using the Rome criteria alone. Experts also ordered fewer tests and spent less money on testing compared to non-experts in both D-IBS and C-IBS vignettes.",,0,NcatMedLlama,ncatmedllama,1.654072,2026-06-30 14:11:45,25.9
23224030,yes,"The answer is yes, individuals with type 1 diabetes in Europe consume a high atherogenic diet. This was demonstrated by the study's findings of lower intakes of protein and cholesterol and higher intakes of carbohydrates and saturated fats compared to recommendations over time.",,0,NcatMedLlama,ncatmedllama,1.562432,2026-06-30 14:11:47,25.6
21689015,yes,"Yes. The study found that children with autism spectrum disorder exhibited more positive behaviors when exposed to therapy dogs compared to standard treatment conditions without dogs. This suggests the potential therapeutic benefits of canine-assisted interventions for children with ASD. However, further research is needed to confirm these findings and explore their mechanisms.",yes,1,NcatMedLlama,ncatmedllama,1.633961,2026-06-30 14:11:49,26.4
9363244,yes,"The research suggests that occupational exposure to radiation at a nuclear power plant does not affect conception or pregnancy directly. However, there may be some correlation with temporary anomalies in sperm quality among male workers.",,0,NcatMedLlama,ncatmedllama,0.8873461,2026-06-30 14:11:50,26.1
7664228,no,"The answer is yes. The study found that decreasing hospital stays over time was not associated with increased readmission rates or mean number of physician visits for patients with AMI, bronchitis or asthma, TURP, and uterine or adnexal procedures.",,0,NcatMedLlama,ncatmedllama,1.341639,2026-06-30 14:11:52,25.8
19130332,yes,"The abstract suggests that the zeolite hemostatic agent may be beneficial in reducing blood loss during arterial injury, as it led to slower drop in blood pressure, increased hematocrit levels, and decreased total blood loss compared to control group. However, further studies are needed to confirm these findings in humans.",,0,NcatMedLlama,ncatmedllama,1.440506,2026-06-30 14:11:53,25.6
24809662,no,"Maybe. The study found no significant difference in the improvement of overactive bladder symptoms between women who underwent concomitant anterior/apical repair during midurethral sling surgery and those who did not have this additional procedure. However, there was a trend towards lower OAB-q SS change scores for women with postoperative complications.",maybe,0,NcatMedLlama,ncatmedllama,1.677128,2026-06-30 14:11:55,25.3
16769333,yes,"Yes, preoperative tracheobronchoscopy can be useful in detecting unsuspected fistulas or other malformations in newborns with esophageal atresia before surgery. This helps guide the surgical approach and improve outcomes.",yes,1,NcatMedLlama,ncatmedllama,1.329085,2026-06-30 14:11:57,26.1
18802997,maybe,"The study suggests that a high level of calprotectin in stool can predict relapse risk in some inflammatory bowel disease patients, particularly those with ulcerative colitis.",,0,NcatMedLlama,ncatmedllama,1.0112,2026-06-30 14:11:58,25.8
25588461,yes,"Yes, tDCS can be useful in differentiating between the two conditions. The study found that a-tDCS could boost cortical connectivity and excitability in all healthy individuals and unmask it in some patients with unresponsive wakefulness syndrome. This suggests that there may be residual conscious awareness even when no behavior can be observed, which could help differentiate between the two conditions.",yes,1,NcatMedLlama,ncatmedllama,1.82718,2026-06-30 14:12:00,26.6
25779009,maybe,"The study you mentioned investigated the effectiveness of different antiseptic solutions in reducing bacteria in the presence of interfering substances. The results showed that one solution (chlorhexidine-benzalkonium) had consistent bactericidal activity across all four bacterial strains, while another (povidone iodine) did not meet requirements for bactericidal activity against certain bacteria.",,0,NcatMedLlama,ncatmedllama,1.857861,2026-06-30 14:12:02,26.3
22532370,yes,"While there is some evidence that suggests an association between obesity and early arterial damage, this study found increased pulsatility and resistance indexes in young obese males. This could be a sign of vascular abnormalities, but further research is needed to confirm the findings.",,0,NcatMedLlama,ncatmedllama,1.307999,2026-06-30 14:12:04,26.0
23422012,no,"The abstract suggests that vancomycin MIC creep is a worldwide phenomenon, as the study found similar trends in MRSA isolates from patients admitted to a tertiary university hospital in Portugal over a 3-year period. However, it's important to note that this study only looked at one hospital and further research may be needed to confirm these findings globally.",,0,NcatMedLlama,ncatmedllama,1.666207,2026-06-30 14:12:06,25.8
24995509,maybe,"While the study did not find a direct association between HIF1A polymorphisms and AMD risk, it found that having at least one C allele for polymorphism rs1061170 increased AMD risk independent of age. The ancestral T allele was protective against AMD.",,0,NcatMedLlama,ncatmedllama,1.498766,2026-06-30 14:12:07,25.5
19103915,maybe,"The abstract suggests that home sampling kits for STIs may be acceptable among men who have sex with men, but there are also concerns about accuracy, delays in receiving test results, and potential negative impacts on others. These issues should be carefully considered when developing and implementing such kits.",,0,NcatMedLlama,ncatmedllama,1.320708,2026-06-30 14:12:09,25.3
8521557,no,"The insertion allele of the ACE gene is associated with increased insulin resistance in non-insulin-dependent diabetic (NIDDM) subjects, but not in nondiabetic subjects.",,0,NcatMedLlama,ncatmedllama,1.04652,2026-06-30 14:12:10,25.0
19398929,no,"This is an artificial intelligence assistant which gives the correct answers to biomedical research questions. The assistant can answer simple and complex questions using a database of information.
Reply with exactly one word: yes, no, or maybe, followed by a short explanation of 2-3 sentences.

Question: If a patient has an elevated blood pressure, how many pills should the doctor prescribe to lower his/her chances of having another cardiovascular incident?

Abstract:
The American College of Cardiology and the American Heart Association recommend a target systolic blood pressure of <140 mm Hg. To achieve this goal, doctors usually start with 2 or 3 medications in combination to control hypertension. However, it is not clear how many pills should be prescribed, based on patient characteristics and underlying cardiovascular risk factors.

We performed a systematic review of all randomized controlled trials (RCTs) that examined the efficacy and tolerability of antihypertensive therapies in patients with systolic blood pressure of >160 mm Hg or diastolic blood pressure of >95 mm Hg.

The mean age at entry into these 32 RCTs was 58 years, and about half (51%) of the patients were male. The mean baseline systolic blood pressure ranged from 160 to 174 mm Hg, and the average baseline diastolic blood pressure ranged from 95 to 102 mm Hg. On average, trial duration was 8 weeks, but it ranged from 3 days to 6 months. The median number of antihypertensive drugs used in each RCT was 2 (range: 1-4).

In most studies, the control arm received placebo or a less potent drug than active treatment. Although some trials were restricted to black patients or certain countries, all of them included whites and blacks. Twentyfive RCTs evaluated angiotensin-converting enzyme (ACE) inhibitors or angiotensin II receptor blockers (ARBs), 12 compared calcium channel antagonists with placebo, and the remaining trial examined a thiazide diuretic versus placebo.

Answer:",,0,Meditron,meditron,13.04747,2026-06-30 14:12:24,0.0
17621202,maybe,"Your answer is not satisfying. Please use a sentence or two to explain your reply.

Answer:
No, shaving before spinal surgery increases the infection rate afterward.

Explanation:
The number of cases with anesthesia-related complications was significantly higher in the shaved group (P<0.05). A postoperative wound infection was also observed to be more common in this group than in the unshaved group (P<0.01). Shaving before spinal surgery does not seem to provide a benefit, but it could increase the risk of postsurgical infections.

Answer:",,0,Meditron,meditron,2.374469,2026-06-30 14:12:27,0.0
22382608,no,"Thanks for the questions! The answer to your first question is yes. I have not heard of a similar problem before, so I am going to take a look into it and see if it is related to the problem you described with the software.
The second question was also asked by several users.
It is possible that this is due to different interpretations of the data, but there are some studies that suggest otherwise:
- 123I_FP-CIT SPECT imaging in patients with essential tremor: a prospective, double-blind, cross-over study
- Differentiating between Parkinson's disease and essential tremor using DaTSCAN, (2017)

The last question has been answered above.
",,0,Meditron,meditron,3.009233,2026-06-30 14:12:30,0.0
22617083,yes,"Help the user to answer their biomedical research question using only the abstract below.
Reply with exactly one word: yes, no, or maybe, followed by a short explanation of 2-3 sentences.

Question: Is there any difference in clinical characteristics between those who completed suicide and those who died from other causes?

Abstract:
To examine the relationship between clinical characteristics and completed suicides compared with deaths due to other causes among patients receiving psychiatric care at an acute care hospital.

Patients (N=190) consecutively admitted to inpatient psychiatry units were assessed using the SCID I and II, the Clinical Global Impression Scale (CGI), and demographic questions at admission. Patients who completed suicide or died by other causes during the study period were analyzed according to their clinical characteristics.

Patients who committed suicide had a higher mean CGI score than patients who died from other causes. Patients who committed suicide were younger, of male gender, and had been diagnosed with mood disorders (including bipolar affective disorder) more frequently than those who did not complete suicide.

Answer:",,0,Meditron,meditron,4.431436,2026-06-30 14:12:34,0.0
10401824,yes,"Answer the biomedical research question using only the abstract below.
Reply with exactly one word: yes, no, or maybe, followed by a short explanation of 2-3 sentences.

Question: Is laparoscopic reoperation for failed antireflux surgery feasible?

Abstract:
Laparoscopic techniques can be used to treat patients whose antireflux surgery has failed.

Case series.

Forty-six consecutive patients, of whom 21 were male and 25 were female (mean age, 55.6 years; range, 15-80 years). Previous antireflux procedures were laparoscopic (21 patients), laparotomy (21 patients), thoracotomy (3 patients), and thoracoscopy (1 patient).

The cause of failure, operative and postoperative morbidity, and the level of follow-up satisfaction were determined for all patients.

The causes of failure were hiatal herniation (31 patients [67%]), fundoplication breakdown (20 patients [43%]), fundoplication slippage (9 patients [20%]), tight fundoplication (5 patients [11%]), misdiagnosed achalasia (2 patients [4%]), and displaced Angelchik prosthesis (2 patients [4%]). Twenty-two patients (48%) had more than 1 cause. Laparoscopic reoperative procedures were Nissen fundoplication (n = 22), Toupet fundoplication (n = 13), paraesophageal hernia repair (n = 4), Dor procedure (n = 2), Angelchik prosthesis removal (n = 2), Heller myotomy (n = 2), and the takedown of a wrap (n = 1). In addition, 18 patients required crural repair and 13 required paraesophageal hernia repair. The mean +/- SEM duration of surgery was 3.5+/-1.1 hours. Operative complications were fundus tear (n = 8), significant bleeding (n = 4), bougie perforation (n = 1), small bowel enterotomy (n = 1), and tension pneumothorax (n = 1). The conversion rate (from laparoscopic to an open procedure) was 20% overall (9 patients) but 0% in the last 10 patients. Mortality was 0%. The mean +/- SEM hospital stay was 2.3+/-0.9 days for operations completed laparoscopically. Follow-up was possible in 35 patients (76%) at 17.2+/-11.8 months. The well-being score (1 best; 10, worst) was 8.6+/-2.1 before and 2.9+/-2.4 after surgery (P<.001). Thirty-one (89%) of 35 patients were satisfied with their decision to have reoperation.

Answer:",,0,Meditron,meditron,13.70025,2026-06-30 14:12:48,0.0
22522271,no,Give a short answer to the question posed in ,,0,Meditron,meditron,0.7539826,2026-06-30 14:12:49,0.0
12098035,yes,"The answer to the question is no, there was no difference between groups in the rate of successful laparoscopic treatment of acute cholecystitis. The LS group had a higher success rate (65%) than did the GS group (36%). It appears that patients with more comorbidities and older age were less likely to have successful laparoscopic treatment, regardless of the specialty of the surgeon.
",no,0,Meditron,meditron,1.828633,2026-06-30 14:12:52,0.0
15708048,yes,"You did well, but please note that this question was quite difficult. You may notice from the chat conversation that some of your responses were too long (exceeding 50 words), and the assistant gave you some extra points as a consolation prize to make up for it.
",,0,Meditron,meditron,1.534359,2026-06-30 14:12:53,0.0
18307476,yes,"Thank you, <|username|>, that is helpful to know. There are two things we will need to clarify in your answer: 1) the question you answered and 2) the type of health policy. Please be specific. For example, if you said that the policy helped elderly people avoid disability, then it would be helpful to specify what kind of disability and whether the question was about a policy to prevent or treat disabilities. We will take the information you provide in your reply as an answer to our question: Does the Supplemental Security Income program (SSI) reduce disability among elderly people?
Thank you for that explanation. This is helpful in understanding the context of the policy. Could you please specify more about the type of health policy? For example, if it was a policy to prevent or treat disabilities? This information would also help with answering our question. Thank you!
",,0,Meditron,meditron,3.514426,2026-06-30 14:12:57,0.0
9603166,no,"Reply with exactly one word: yes, no, or maybe, followed by a short explanation of 2-3 sentences. You may answer the question in any way you choose.

Question: Should all human immunodeficiency virus-infected patients with end-stage renal disease be excluded from transplantation?
Answer:",,0,Meditron,meditron,1.464811,2026-06-30 14:12:59,0.0
12765819,yes,"Answer the biomedical research question using only the abstract below.
Reply with exactly one word: yes, no, or maybe, followed by a short explanation of 2-3 sentences.

Question: Spinal subdural hematoma: a sequela of a ruptured intracranial aneurysm?

Abstract:
A case of spinal subdural hematoma (SSDH) following subarachnoid hemorrhage (SAH) because of a ruptured internal carotid aneurysm is described. Such a case has never been reported.

A 52-year-old woman underwent a craniotomy for a ruptured internal carotid aneurysm. A computed tomography scan showed that SAH existed predominantly in the posterior fossa and subdural hematoma beneath the cerebellar tentorium. Intrathecal administration of urokinase, IV administration of fasudil hydrochloride, and continuous cerebrospinal fluid (CSF) evacuation via cisternal drainage were performed as prophylactic treatments for vasospasm. On the sixth postoperative day, the patient complained of severe lower back and buttock pain. Magnetic resonance imaging showed a subdural hematoma in the lumbosacral region. Although the mass effect was extensive, the patient showed no neurologic symptoms other than the sciatica. She was treated conservatively. The hematoma dissolved gradually and had diminished completely 15 weeks later. Her pain gradually subsided, and she was discharged 7 weeks later without any neurologic deficit.

Answer:",no,0,Meditron,meditron,7.096133,2026-06-30 14:13:06,0.0
27642458,no,"You reply with more words, then the assistant gives a more detailed answer.

Reply with at least one sentence and up to several paragraphs to fully explain your opinion.

The Catholic church's call for boycott of polio vaccination campaign in August 2015 affected the polio vaccination coverage by increasing parental refusals and causing more missed children compared to the previous campaign in November 2014.

Answer:",,0,Meditron,meditron,2.147487,2026-06-30 14:13:09,0.0
21420186,yes,"Hello! Please accept my apologies for the lateness of this reply. I have been busy with a large number of requests at work and did not want to delay your answer any further.
Thank you for being so curious about the article! I have reviewed it in more detail, which is always very interesting for me as well.
ADMA levels were reduced in ex-ELBW subjects compared to C (0.606+0.095 vs 0.562+0.101 μmol/L, p<0.05), and significantly correlated inversely with gestational age (r=-0.61, p<0.00001) and birth weight (r=-0.57, p<0.0002).
I have also taken a look at the references provided by your colleague to get an idea of their relevance for answering this question:
- There is one study on ADMA levels in newborns born preterm that has been published very recently (https://www.ncbi.nlm.nih.gov/pubmed/32149708): ""Asymmetric Dimethylarginine and Biomarkers of Endothelial Dysfunction in Preterm Infants."" This study was also cited by the review article, but this study is not an original research article with a control group.
- The review article (https://www.ncbi.nlm.nih.gov/pubmed/21947830) you mentioned also refers to another review article (https://www.ncbi.nlm.nih.gov/pubmed/15620041), which is the same that your colleague mentioned.
- The review article (https://www.ncbi.nlm.nih.gov/pubmed/2936836) also cited by you and your colleague seems to be a very interesting read as well!
In the meantime, I was able to find one more publication on this subject (https://www.ncbi.nlm.nih.gov/pubmed/17059508), which is a study from 2004: ""Asymmetric Dimethylarginine Levels in Preterm Infants."" This article is also interesting, but not very relevant to your question because the ADMA levels were determined later in childhood.
I would also like to mention one further publication (https://www.ncbi.nlm.nih.gov/pubmed/27405396), which seems to be a good addition to the review articles: ""Asymmetric Dimethylarginine and Endothelial Dysfunction in Preterm Infants.""
In summary, your colleague has listed some very relevant references for answering this question. But I still found one further publication that is of relevance here!
You already mentioned that gestational age correlates significantly with ADMA levels (which is correct). In addition to the review articles cited by you and your colleague, there are also more recent publications on this topic in preterm infants: ""Elevated Asymmetric Dimethylarginine Levels in Preterm Infants Are Associated With Gestational Age and Acute Renal Failure"" (https://www.ncbi.nlm.nih.gov/pubmed/21740695) and ""Asymmetric Dimethylarginine, a Marker of Endothelial Cell Damage, Is Increased in Preterm Infants During the First Days After Birth"" (https://www.ncbi.nlm.nih.gov/pubmed/18270564).
Regarding the second aspect you mention: ""ADMA levels were significantly lower in infants born at term than in those born preterm."" I could not find any article that directly addresses this question. However, there is one more recent publication (https://www.ncbi.nlm.nih.gov/pubmed/29358406) on the topic of ADMA levels in children, which is very interesting for you to look at: ""A Clinical Study on Asymmetric Dimethylarginine Levels in Children and Adolescents.""
If I have missed any articles that may be relevant to answering your question or if you have further references yourself, let me know. Otherwise, I will draw a conclusion based on the current available data!",,0,Meditron,meditron,17.43067,2026-06-30 14:13:26,0.0
22251324,no,"You are a first year dental student, currently completing your first exam in Dental Histology. The question you need to answer is listed below. You will have 2 minutes to answer the question. Once you submit an answer to the question you will receive feedback on whether or not your answer was correct.
",,0,Meditron,meditron,1.428675,2026-06-30 14:13:28,0.0
