pmid,gold,raw_prediction,parsed_prediction,correct,ollama_model,model,total_seconds,timestamp,accuracy_percent
12377809,yes,"yes
The study found that dyschesia can lead to abnormal muscle contractions in the anal sphincter and musculus puborectalis during voluntary movements, which may contribute to symptoms of dyschesia.",yes,1,AnatomyTutorFast,anatomy-tutor-fast,2.82886,2026-06-26 17:29:34,100.0
26163474,yes,"yes
The study found an association between the presence of sublingual varices and hypertension, suggesting that there may be a link between these two conditions. 
The researchers also measured blood pressure in patients with severe sublingual varices to understand its impact on blood pressure levels.
The results indicate that having sublingual varices can increase the risk of developing high blood pressure, particularly systolic blood pressure.",yes,1,AnatomyTutorFast,anatomy-tutor-fast,3.668463,2026-06-26 17:29:38,100.0
19100463,yes,"yes
The affinity column-mediated immunoassay method was found to have a high correlation with the microparticle enzyme immunoassay method, but also showed some variability and differences that may not be significant for therapeutic drug monitoring purposes. The Bland-Altman plot did not show any specific trends in the concentration differences between the two methods.",yes,1,AnatomyTutorFast,anatomy-tutor-fast,3.077896,2026-06-26 17:29:41,100.0
18537964,yes,"yes
The abstract discusses a study examining how physicians from different medical specialties record patient medication histories in their case notes. 
In this study, researchers found that physician specialty can influence both the depth and frequency of documentation of medication information.
Physicians' specialties were categorized as Cardiology, Chest, Dermatology, Endocrine, Gastroenterology, Haematology, Neurology, Psychiatry, and Renal, with each specialty having its own unique characteristics. 
The study suggests that physicians from certain specialties may have a higher likelihood of recording more detailed information about medication histories in their case notes.",yes,1,AnatomyTutorFast,anatomy-tutor-fast,4.989412,2026-06-26 17:29:47,100.0
12913878,yes,"yes
Maybe
maybe",yes,1,AnatomyTutorFast,anatomy-tutor-fast,0.5024625,2026-06-26 17:29:47,100.0
12765819,yes,"yes
The femur is a long bone in the lower extremities that plays a crucial role in supporting the body's weight and facilitating movement. Its unique shape allows for flexibility and stability during various activities.",yes,1,AnatomyTutorFast,anatomy-tutor-fast,1.90465,2026-06-26 17:29:49,100.0
25475395,yes,"yes
The study found a correlation between testosterone levels and sexual desire in healthy women, particularly when considering the total score of the Female Sexual Function Index. The higher levels of TT and androstenedione were associated with increased sexual desire. However, the relationship was weaker when analyzing ADT-G levels.",yes,1,AnatomyTutorFast,anatomy-tutor-fast,2.676512,2026-06-26 17:29:52,100.0
19130332,yes,"yes
maybe",yes,1,AnatomyTutorFast,anatomy-tutor-fast,1.390224,2026-06-26 17:29:54,100.0
9427037,yes,"yes
Maybe",yes,1,AnatomyTutorFast,anatomy-tutor-fast,0.39141,2026-06-26 17:29:54,100.0
24481006,yes,"yes
no
maybe",yes,1,AnatomyTutorFast,anatomy-tutor-fast,0.4689179,2026-06-26 17:29:55,100.0
8165771,yes,"yes
maybe
no",yes,1,AnatomyTutorFast,anatomy-tutor-fast,0.47293,2026-06-26 17:29:56,100.0
22680064,yes,yes,yes,1,AnatomyTutorFast,anatomy-tutor-fast,0.3072587,2026-06-26 17:29:56,100.0
22540518,yes,"yes
The micro-computed tomography (micro-CT) is able to accurately determine the microstructure of the maxillary alveolar bone by correlating its bone volumetric density with histomorphometric measurements, such as trabecular thickness and separation. This suggests that micro-CT can be a reliable tool for assessing bone structure in this context.",yes,1,AnatomyTutorFast,anatomy-tutor-fast,3.146289,2026-06-26 17:30:00,100.0
20629769,yes,"yes
The study found a significant difference in patient satisfaction between intervention hospitals offering primary angioplasty-based care and control hospitals offering thrombolysis-based care, particularly in terms of convenience and overall satisfaction.",yes,1,AnatomyTutorFast,anatomy-tutor-fast,1.890595,2026-06-26 17:30:02,100.0
21726930,yes,"yes
The femur is primarily composed of compact bone tissue, which provides structural support to the body. It is also covered in a thin layer of cartilage to absorb shock and facilitate movement. The shape and size of the femur can be affected by factors such as genetics, nutrition, and overall health.",yes,1,AnatomyTutorFast,anatomy-tutor-fast,2.769713,2026-06-26 17:30:05,100.0
21481154,yes,"yes
The adoption of multidisciplinary management led to an improvement in survival rates among gynaecological cancer patients, with significant increases observed between 1996-99 and 2000-03.",yes,1,AnatomyTutorFast,anatomy-tutor-fast,2.964513,2026-06-26 17:30:08,100.0
22902073,yes,"yes
The femur is a long bone in the human body that connects the hip to the knee and supports most of your weight when you stand or walk.
Its shape and structure are crucial for balance and movement, and its growth throughout childhood affects overall development.
In adults, the femur plays a key role in maintaining posture and facilitating various bodily functions.",yes,1,AnatomyTutorFast,anatomy-tutor-fast,3.921656,2026-06-26 17:30:12,100.0
26370095,yes,"yes
The femur has two heads that meet at the hip joint, and its shape allows for flexibility in movement. Its strength and structure support various body functions, including walking and maintaining posture.
In terms of cost-effectiveness, the analysis suggests that up to £400 worth of financial incentives may be a worthwhile investment in smoking cessation during pregnancy, as it reduces the number of quit attempts and associated health risks.
The incremental cost per quitter at 34-38 weeks pregnant was estimated to be £1127 ($1716), which is similar to the standard look-up value derived from ICER tables.",yes,1,AnatomyTutorFast,anatomy-tutor-fast,6.555948,2026-06-26 17:30:19,100.0
18041059,yes,"yes
The abstract suggests that adjuvant aromatase inhibitors may increase the risk of cardiovascular events in postmenopausal women with early breast cancer, but this increased risk is not significant enough to outweigh their benefits.",yes,1,AnatomyTutorFast,anatomy-tutor-fast,3.454377,2026-06-26 17:30:22,100.0
15041506,yes,"yes
maybe",yes,1,AnatomyTutorFast,anatomy-tutor-fast,1.042708,2026-06-26 17:30:24,100.0
11146778,yes,"yes
The APACHE II score is a complex tool that measures physiological impairment, but its reliability as a marker of mortality risk varies depending on the time frame considered. 
The high correlation between predicted and observed mortality rates at admission to the ICU suggests that the APACHE II score may be useful for initial risk stratification.
However, the significant difference in predicted versus observed mortality rates after 10 days highlights potential limitations of the scoring system when used over extended periods.",yes,1,AnatomyTutorFast,anatomy-tutor-fast,5.06338,2026-06-26 17:30:29,100.0
27281318,yes,"yes
The femur's shape and size allow for flexibility, enabling it to accommodate various knee angles during surgical procedures like anterior cruciate ligament reconstruction. The study found that flexible instruments can create adequate femoral tunnel lengths at specific angles of knee flexion, but the optimal length may vary depending on the angle of knee flexion.",yes,1,AnatomyTutorFast,anatomy-tutor-fast,4.585719,2026-06-26 17:30:34,100.0
21645374,yes,"yes
Mitochondria play a role in the developmentally regulated programmed cell death process by regulating their dynamic structure and function. During PCD, mitochondria undergo changes such as increased motility, alterations in membrane potential, and fragmentation of nuclear DNA, which are indicative of mitochondrial dynamics. The study suggests that these changes may be necessary for the execution of PCD, highlighting the importance of mitochondrial function during this process.",yes,1,AnatomyTutorFast,anatomy-tutor-fast,5.008418,2026-06-26 17:30:39,100.0
9465206,yes,yes,yes,1,AnatomyTutorFast,anatomy-tutor-fast,2.146713,2026-06-26 17:30:41,100.0
25887165,yes,"yes
The femur is a long bone in the human body that connects the hip to the knee and supports weight-bearing activities, providing strength and shape.
Microfat grafting involves injecting fat into the skin, which can cause numbness or paresthesia (abnormal sensations) at the site of injection due to inflammation.
The sensation returning to the nasal tip after microfat grafting is a gradual process that takes several weeks, with significant improvements observed from week 2 to week 12.",yes,1,AnatomyTutorFast,anatomy-tutor-fast,5.298274,2026-06-26 17:30:47,100.0
15995461,yes,yes,yes,1,AnatomyTutorFast,anatomy-tutor-fast,0.9316986,2026-06-26 17:30:48,100.0
21850494,yes,"yes
can
possibly",yes,1,AnatomyTutorFast,anatomy-tutor-fast,1.791404,2026-06-26 17:30:50,100.0
19106867,yes,maybe,maybe,0,AnatomyTutorFast,anatomy-tutor-fast,0.9142491,2026-06-26 17:30:51,96.4
21342862,yes,"yes
The abstract discusses a study that evaluated the construct validity of the Turkish version of the EQ-5D in patients with acute coronary syndrome, finding strong correlations between the EQ-5D index score and various MacNew subscales, including heart-related quality of life scales. The results suggest that the EQ-5D is a valid instrument for measuring quality of life in this patient population.",yes,1,AnatomyTutorFast,anatomy-tutor-fast,4.293918,2026-06-26 17:30:56,96.6
24352924,yes,"yes
The abstract suggests that ultrasonography can be an accurate method for evaluating Schanz pin placement, but only when used as a direct measurement after dissection and with proper training.",yes,1,AnatomyTutorFast,anatomy-tutor-fast,2.770014,2026-06-26 17:30:59,96.7
16147837,yes,"yes
The abstract suggests that grandmultiparity is associated with an increased risk of various adverse perinatal outcomes, such as abruptio placentae, preterm delivery, fetal macrosomia, neonatal death, postpartum hemorrhage, and blood transfusion. 
This indicates a significant association between being a grandmultiparous woman and the likelihood of experiencing certain complications during pregnancy or shortly after birth.
It highlights the importance of considering grandmultiparity as an independent risk factor for adverse perinatal outcomes in clinical practice.",yes,1,AnatomyTutorFast,anatomy-tutor-fast,5.745413,2026-06-26 17:31:05,96.8
26879871,yes,"yes
The novel approach used in this study helps to identify neighborhood effects on depression diagnosis and prescribing, which can be influenced by ethnic differences. The results suggest that some ethnic groups may have a higher risk of being newly diagnosed with depression or prescribed antidepressants due to their living environment.",yes,1,AnatomyTutorFast,anatomy-tutor-fast,3.742265,2026-06-26 17:31:09,96.9
15918864,yes,"yes
The femur is a strong and long bone that connects the hip to the knee, providing support and stability for the body's weight. Its shape helps distribute force evenly throughout the leg, allowing for smooth movement and balance. In contrast, the femur plays a crucial role in facilitating movement from standing to walking and running, making it an essential part of daily life.",yes,1,AnatomyTutorFast,anatomy-tutor-fast,4.500616,2026-06-26 17:31:13,97.0
22075911,yes,"yes
The study found a significant difference in dental health between new recruits to the British Army and those joining the Royal Navy or Royal Air Force, with higher rates of dental decay and treatment resource need among Army recruits.",yes,1,AnatomyTutorFast,anatomy-tutor-fast,3.01163,2026-06-26 17:31:16,97.1
11035130,yes,"yes
The study found that stopping folic acid supplementation in patients with rheumatoid arthritis who are established on methotrexate therapy can lead to increased toxicity and decreased efficacy.",yes,1,AnatomyTutorFast,anatomy-tutor-fast,2.946406,2026-06-26 17:31:20,97.1
21228436,yes,maybe,maybe,0,AnatomyTutorFast,anatomy-tutor-fast,1.143509,2026-06-26 17:31:21,94.4
11833948,yes,"yes
The study found that older adults who were transferred to a rehabilitation ward had a higher risk of returning to a less dependent residence, which is associated with a longer hospital stay and increased risk of complications after a fracture of the proximal femur.",yes,1,AnatomyTutorFast,anatomy-tutor-fast,3.000758,2026-06-26 17:31:24,94.6
17682349,yes,"yes
The abstract suggests that there are gender differences in both the median delay time for African American women seeking medical help and the reasons why they delayed, such as receiving advice or being alone when symptoms began.",yes,1,AnatomyTutorFast,anatomy-tutor-fast,2.901261,2026-06-26 17:31:27,94.7
17355582,yes,"yes
The abstract suggests that better quality of care, as measured by changes in health-related quality of life, is associated with improved physical function and overall well-being for patients with chronic disease. 
Better process of care (e.g., adherence to treatment plans) may lead to more effective management of symptoms and reduced burden of illness.
Patients who receive high-quality care tend to experience smaller declines in their SF-12 scores over time, indicating better health-related quality of life outcomes.",yes,1,AnatomyTutorFast,anatomy-tutor-fast,5.050527,2026-06-26 17:31:33,94.9
15597845,yes,"yes
The combination of 2-methoxyestradiol with certain chemotherapy drugs can enhance their effectiveness in treating human ovarian cancer.",yes,1,AnatomyTutorFast,anatomy-tutor-fast,2.351207,2026-06-26 17:31:35,95.0
10158597,yes,"yes
The introduction of a dedicated discharge coordinator led to an improvement in the quality of hospital discharge planning, resulting in reduced readmission rates and better patient outcomes.",yes,1,AnatomyTutorFast,anatomy-tutor-fast,2.754831,2026-06-26 17:31:38,95.1
27549226,yes,"yes
The graduates reported developing leadership capacity and influencing workplace innovations such as setting up a research center and teaching training. These changes were seen as having a positive impact on their workplaces and the broader health system in low- and middle-income countries.",yes,1,AnatomyTutorFast,anatomy-tutor-fast,3.817414,2026-06-26 17:31:42,95.2
26348845,yes,"yes
The rapid prescreening method detected glandular cell abnormalities in a significant portion of Pap smears, but the sensitivity was lower than expected. This suggests that RPS may not be effective for detecting all types of glandular cell abnormalities.
Rapid prescreening (RPS) is one of the quality assurance (QA) methods used in gynecologic cytology to detect abnormal cells early on. The method has been shown to increase the detection rate of certain types of lesions, but its effectiveness may vary depending on the specific type and severity of the abnormalities.
The study found that RPS detected glandular cell abnormalities in a significant portion of Pap smears, but the sensitivity was lower than expected. This suggests that RPS may not be effective for detecting all types of glandular cell abnormalities, particularly those with high-grade features or endometrial adenocarcinoma.",yes,1,AnatomyTutorFast,anatomy-tutor-fast,8.560998,2026-06-26 17:31:51,95.3
25588461,yes,"yes
The study suggests that transcranial direct current stimulation (tDCS) may be useful in differentiating between unresponsive wakefulness syndrome (UWS) and minimally conscious state (MCS) patients by revealing residual cortical connectivity.",yes,1,AnatomyTutorFast,anatomy-tutor-fast,3.257108,2026-06-26 17:31:54,95.5
23359100,yes,"yes
Maybe
maybe",yes,1,AnatomyTutorFast,anatomy-tutor-fast,1.46234,2026-06-26 17:31:56,95.6
26548832,yes,"yes

The findings suggest that patient-reported outcomes captured via phone interviews are equivalent to those obtained through self-survey methods in terms of reliability and validity. This is likely due to the fact that both methods rely on patients' honest self-reporting of their experiences, rather than relying on objective measures or data collection from others.

The high correlation between baseline PRO data captured by FTE-dependent versus non-FTE dependent methodologies may be attributed to the fact that phone interviews allow for more in-depth and detailed questioning, which can capture subtle differences in patient-reported outcomes. In contrast, self-survey methods may not provide as much detail or nuance in patients' responses.

The lack of difference in PROs between FTE-dependent and non-FTE dependent methodologies suggests that these two approaches are equally effective in capturing the same information about patient-reported outcomes.",yes,1,AnatomyTutorFast,anatomy-tutor-fast,8.726269,2026-06-26 17:32:05,95.7
25756710,yes,"yes
The femur is the long bone in your thigh that connects your hip to your knee, providing support and stability for movement. Its shape and structure help distribute your weight evenly when you stand or walk. In human anatomy, the femur plays a crucial role in maintaining posture and facilitating locomotion.",yes,1,AnatomyTutorFast,anatomy-tutor-fast,4.177938,2026-06-26 17:32:09,95.7
20297950,yes,"yes

The femur bone plays a crucial role in the hip joint and its shape helps support the body's weight. In people with sleep apnea syndrome, the femur may be misaligned or weakened due to repeated strain on the joint. This can lead to increased pressure on surrounding tissues and organs, contributing to the development of sleep apnea symptoms.",yes,1,AnatomyTutorFast,anatomy-tutor-fast,4.957551,2026-06-26 17:32:15,95.8
24622801,yes,"yes
Maybe
no",yes,1,AnatomyTutorFast,anatomy-tutor-fast,1.535228,2026-06-26 17:32:16,95.9
9722752,yes,"yes
The femur is a long bone that connects the hip to the knee, and its shape and strength help support most of our body weight when standing or walking.",yes,1,AnatomyTutorFast,anatomy-tutor-fast,2.640939,2026-06-26 17:32:19,96.0
20577124,yes,"yes
The abstract suggests that there is a relationship between high levels of leptin and increased activity of phagocytic NADPH oxidase in obese individuals, which may contribute to the development of cardiovascular disease. The study found that leptin increases NADPH oxidase activity and contributes to vascular remodeling in obesity.",yes,1,AnatomyTutorFast,anatomy-tutor-fast,4.074265,2026-06-26 17:32:23,96.1
19027440,yes,"yes
The abstract discusses a study examining predictors of fear of recurrence in head and neck cancer survivors using the Leventhal's Common Sense Model framework.",yes,1,AnatomyTutorFast,anatomy-tutor-fast,2.504013,2026-06-26 17:32:26,96.2
18239988,yes,"yes
The abstract suggests that routine laboratory markers may not be sufficient for differentiating NASH from ASH, highlighting the need for further investigation to identify specific biomarkers.",yes,1,AnatomyTutorFast,anatomy-tutor-fast,2.858056,2026-06-26 17:32:29,96.2
27858166,yes,"yes
The anatomy of the aortic arch can influence the severity of traumatic aortic injury by affecting the size and shape of the artery, which in turn affects its resistance to blood flow and ability to withstand trauma.",yes,1,AnatomyTutorFast,anatomy-tutor-fast,2.996794,2026-06-26 17:32:32,96.3
27050489,yes,"yes
The study found that obesity is associated with an increased prevalence of idiopathic misty mesentery, which may be due to various factors such as inflammation or metabolic changes. The association between obesity and misty mesentery was observed in a significant proportion of patients, highlighting the importance of considering this condition in obese individuals.",yes,1,AnatomyTutorFast,anatomy-tutor-fast,3.919663,2026-06-26 17:32:36,96.4
16266387,yes,"yes
The abstract suggests that consuming fast food may be associated with an increased risk of asthma and allergy in children, particularly when compared to those who never ate hamburgers or had less than once a week consumption. 
The study found associations between hamburger consumption and wheeze, as well as exercise-induced bronchial hyperresponsiveness (BHR), which is a common symptom of asthma. 
BMI was not significantly related to the risk factors for asthma.",yes,1,AnatomyTutorFast,anatomy-tutor-fast,5.323549,2026-06-26 17:32:42,96.4
27287237,yes,"yes
The abstract suggests that experts generally agree on assessing antimicrobial prescribing quality, but there are variations depending on factors such as clinical specialty, hospital, and years of experience.",yes,1,AnatomyTutorFast,anatomy-tutor-fast,2.690133,2026-06-26 17:32:45,96.5
11079675,yes,"yes
The abstract suggests that the researchers found no significant changes in right ventricular volume and function after pulmonary valve replacement for tetralogy of Fallot, indicating that operating too late may not be necessary.",yes,1,AnatomyTutorFast,anatomy-tutor-fast,3.139006,2026-06-26 17:32:48,96.6
10331115,yes,yes,yes,1,AnatomyTutorFast,anatomy-tutor-fast,1.141869,2026-06-26 17:32:50,96.6
18594195,yes,"yes
No
maybe",yes,1,AnatomyTutorFast,anatomy-tutor-fast,1.460165,2026-06-26 17:32:51,96.7
22497340,yes,yes,yes,1,AnatomyTutorFast,anatomy-tutor-fast,0.9237003,2026-06-26 17:32:52,96.7
16769333,yes,"yes
The flexible bronchoscope used during preoperative tracheobronchoscopy helped to visualize and diagnose esophageal atresia more effectively than traditional rigid bronchoscopy, which may have led to missed or misdiagnosed cases. 
By allowing for better visualization of the airway and surrounding tissues, TBS enabled surgeons to make more accurate diagnoses and develop effective surgical plans.
The study suggests that preoperative tracheobronchoscopy can be a valuable tool in improving diagnosis and treatment outcomes for newborns with esophageal atresia.",yes,1,AnatomyTutorFast,anatomy-tutor-fast,5.922584,2026-06-26 17:32:59,96.8
20571467,yes,"yes
The abstract suggests that the kidneys from elderly donors can be successfully transplanted into young recipients without significant differences in outcomes at various time points.
Kidneys from older donors tend to have lower levels of certain enzymes in their urine than younger donors, but this does not appear to affect the success of transplantation.
There were no known systemic infections or other complications that would prevent kidney transplantation in these cases.",yes,1,AnatomyTutorFast,anatomy-tutor-fast,4.887083,2026-06-26 17:33:04,96.8
12094116,yes,"yes
maybe
no",yes,1,AnatomyTutorFast,anatomy-tutor-fast,1.311431,2026-06-26 17:33:05,96.9
17276182,yes,"yes
The KCNQ1 gene mutation R14C is associated with an increased risk of developing atrial fibrillation due to its link with genetic factors.",yes,1,AnatomyTutorFast,anatomy-tutor-fast,2.547234,2026-06-26 17:33:08,96.9
26419377,yes,"yes
The femur is a long bone that extends from the hip joint to the knee joint in the lower extremities of the human body.
Its shape and structure provide stability during movement, while its length supports weight-bearing activities like walking and running.
In anatomy, the femur is also known as the thigh bone due to its prominent role in supporting the leg.",yes,1,AnatomyTutorFast,anatomy-tutor-fast,4.176606,2026-06-26 17:33:12,97.0
23810330,yes,"yes
The abstract suggests that the inclusion of intraoperative neuromonitoring may lead to better functional outcomes in patients undergoing open TME for rectal cancer, with improved urogenital and anorectal function. 
Intraoperative neuromonitoring helps control nerve-sparing techniques during surgery, which can reduce damage to surrounding nerves.
The study found that the use of IONM was associated with a lower rate of urinary dysfunction and impaired anorectal function after surgery.",yes,1,AnatomyTutorFast,anatomy-tutor-fast,5.299065,2026-06-26 17:33:18,97.0
15151701,yes,"yes
The abstract describes a study examining the reliability and effectiveness of peer review in assessing the quality of care for chronic diseases, specifically diabetes and hypertension.",yes,1,AnatomyTutorFast,anatomy-tutor-fast,2.703424,2026-06-26 17:33:21,97.1
23736032,yes,"yes
The abstract suggests that the majority of multidisciplinary team (MDT) decisions regarding breast cancer treatment were concordant, with 91.5% being in agreement with subsequent patient management. However, there was a small percentage of discordant decisions where the MDT's recommendation was deemed unjustifiable due to lack of additional information or error by the team.",yes,1,AnatomyTutorFast,anatomy-tutor-fast,4.211804,2026-06-26 17:33:25,97.1
28143468,yes,maybe,maybe,0,AnatomyTutorFast,anatomy-tutor-fast,1.124291,2026-06-26 17:33:26,95.7
23495128,yes,"yes
The study explored patients' views on using color to describe osteoarthritis pain, finding that while it was generally acceptable, not all participants found it effective.",yes,1,AnatomyTutorFast,anatomy-tutor-fast,2.556146,2026-06-26 17:33:29,95.8
12121321,yes,"yes
The abstract describes a study where researchers used hippocampal slices from young guinea pigs to investigate the release of GABA by mossy fibers. They found that electrical stimuli that recruit dentate granule cells elicit inhibitory signals in CA3 pyramidal neurons, which are consistent with the idea that mossy fibers release GABA.",yes,1,AnatomyTutorFast,anatomy-tutor-fast,4.067937,2026-06-26 17:33:33,95.8
18570208,yes,"yes
The study found a significant difference in fetal biometry between severely macrosomic neonates and controls, with more severe macrosomia associated with larger discrepancies between expected and measured fetal size at the time of NT screening.",yes,1,AnatomyTutorFast,anatomy-tutor-fast,3.044775,2026-06-26 17:33:37,95.9
28707539,yes,yes,yes,1,AnatomyTutorFast,anatomy-tutor-fast,1.123888,2026-06-26 17:33:38,95.9
22117569,yes,"yes
Maybe",yes,1,AnatomyTutorFast,anatomy-tutor-fast,1.131157,2026-06-26 17:33:39,96.0
18783922,yes,yes,yes,1,AnatomyTutorFast,anatomy-tutor-fast,1.935206,2026-06-26 17:33:42,96.1
15528969,yes,"yes
maybe
no",yes,1,AnatomyTutorFast,anatomy-tutor-fast,1.491574,2026-06-26 17:33:43,96.1
19482903,yes,"yes
The study found that the peak oxygen uptake measured during a treadmill test was not always equal to the maximum oxygen uptake (Vo2max), which is a measure of muscle function. The researchers suggest that this may be due to differences in how children with spina bifida use their muscles and lungs when they are exercising at different intensities.",yes,1,AnatomyTutorFast,anatomy-tutor-fast,4.272003,2026-06-26 17:33:48,96.2
11977907,yes,"yes
The study found that patients with subclavian artery stenosis who had a completely reversed vertebral artery waveform were more likely to have severe subclavian steal syndrome, as measured by the significant difference in blood pressure between arms. This suggests that measuring the difference in systolic blood pressure may be useful in predicting the severity of steal in these patients.",yes,1,AnatomyTutorFast,anatomy-tutor-fast,4.397859,2026-06-26 17:33:52,96.2
17306983,yes,"yes
The study found that size-reducing ascending aortoplasty was performed successfully, and the procedure resulted in significant improvements to the patient's condition. The external reinforcement technique helped stabilize the aortic wall during surgery.",yes,1,AnatomyTutorFast,anatomy-tutor-fast,3.307997,2026-06-26 17:33:56,96.3
24318956,yes,"yes
The abstract presents an association between digoxin use and reduced risk of prostate cancer, specifically among individuals who have undergone PSA testing. 
Digoxin's mechanism of action is thought to contribute to its anti-tumor effects in prostate cancer cells.
Research suggests that the relationship between digoxin use and PCa risk may be influenced by factors such as age and family history of the disease.",yes,1,AnatomyTutorFast,anatomy-tutor-fast,4.677888,2026-06-26 17:34:01,96.3
22266735,yes,"Yes
The study found that adopting the IADPSG criteria for gestational diabetes mellitus would be cost-effective when postdelivery care is provided to mitigate risks associated with the condition. However, it became no longer cost-effective without such care. 
This suggests that providing additional prenatal monitoring and counseling could outweigh the costs of screening for GDM.
The results indicate that the IADPSG criteria are only cost-effective when postdelivery care is implemented, implying a need for follow-up support after delivery.",yes,1,AnatomyTutorFast,anatomy-tutor-fast,5.477033,2026-06-26 17:34:06,96.3
22453060,yes,"yes
The Laryngeal Mask Supreme is a supraglottic airway device that helps keep the airway open during CPR by compressing the chest and improving ventilation. The diagram manual provided in the study allowed laypersons to understand how to properly insert the device, which was essential for successful use.",yes,1,AnatomyTutorFast,anatomy-tutor-fast,4.175556,2026-06-26 17:34:11,96.4
10401824,yes,"yes
The femur is a long, strong bone in the lower leg that connects the thigh bone to the knee joint. Its shape and size allow it to support weight-bearing activities like walking and running. In some cases, the femur may need to be replaced or repaired due to injury or disease.",yes,1,AnatomyTutorFast,anatomy-tutor-fast,4.557372,2026-06-26 17:34:15,96.4
15208005,yes,"yes
The femur is a long bone that extends from the hip to the knee joint in the human body. Its shape and structure provide support for various movements and allow it to withstand weight-bearing activities. The femur's unique design enables it to absorb shock and distribute forces, making it an essential component of the skeletal system.",yes,1,AnatomyTutorFast,anatomy-tutor-fast,3.927086,2026-06-26 17:34:20,96.5
16713745,yes,"yes
The abstract discusses a study that aimed to evaluate cytokine concentrations in pancreatic juice to discriminate between patients with pancreatic disease and those without. The results showed that interleukin-8 levels can predict the presence of pancreatic diseases, but other cytokines were not significantly different in chronic pancreatitis compared to pancreatic cancer.",yes,1,AnatomyTutorFast,anatomy-tutor-fast,4.020374,2026-06-26 17:34:24,96.5
21864397,yes,"yes
The abstract describes a study that investigated factors determining the survival of nasopharyngeal carcinoma (NPC) patients who have lung metastasis alone. The results show that combined modality treatment can benefit these patients, particularly those with a longer disease-free interval.",yes,1,AnatomyTutorFast,anatomy-tutor-fast,3.612665,2026-06-26 17:34:28,96.6
25810292,yes,"yes
The study analyzed data from 426 consecutive minimally invasive video-assisted mitral valve repair cases and found that the technique using artificial chords was reproducible and effective in reducing complications.",yes,1,AnatomyTutorFast,anatomy-tutor-fast,3.027055,2026-06-26 17:34:31,96.6
11943048,yes,"yes

The abstract describes a study that compared the analgesic management of daily pain in nursing home residents who received hospice care with those who did not. The results showed that patients receiving hospice care were more likely to receive regular treatment for pain, and had lower rates of using analgesics not recommended by guidelines.",yes,1,AnatomyTutorFast,anatomy-tutor-fast,4.714427,2026-06-26 17:34:36,96.6
23347337,yes,"yes
The study found that the dose intensities of chemotherapy were similar between urban and rural patients, with only minor differences in side effects such as febrile neutropenia and vomiting.",yes,1,AnatomyTutorFast,anatomy-tutor-fast,3.020069,2026-06-26 17:34:39,96.7
23992109,yes,"yes
The abstract discusses a study that analyzed urinary biomarkers to assess tubulointerstitial lesions of the solitary kidney, comparing results between patients with acquired and congenital solitary kidneys. The study found significant correlations between urinary biomarkers and eGFR levels.",yes,1,AnatomyTutorFast,anatomy-tutor-fast,3.962586,2026-06-26 17:34:43,96.7
10922093,yes,"yes
The main difference between open access and subspecialty clinics is that open access patients received less information about their procedure, whereas patients from a subspecialty clinic received more detailed explanations.",yes,1,AnatomyTutorFast,anatomy-tutor-fast,2.828344,2026-06-26 17:34:46,96.7
26601554,yes,"yes
The study found that viral infections were associated with an increased risk of developing benign paroxysmal positional vertigo (BPPV).",yes,1,AnatomyTutorFast,anatomy-tutor-fast,2.236057,2026-06-26 17:34:49,96.8
15489384,yes,"yes
The study found a positive relationship between reducing spasticity and improving arm function after stroke treatment.",yes,1,AnatomyTutorFast,anatomy-tutor-fast,2.332831,2026-06-26 17:34:51,96.8
27818079,yes,"yes
Maybe",yes,1,AnatomyTutorFast,anatomy-tutor-fast,1.404129,2026-06-26 17:34:53,96.8
24340838,yes,yes,yes,1,AnatomyTutorFast,anatomy-tutor-fast,1.513691,2026-06-26 17:34:54,96.9
16971978,yes,"yes
The prevalence of complex coronary lesions was higher in diabetic patients compared to nondiabetics due to increased rates of hypertension, hyperlipidemia, and smoking.
Complex coronary lesions, such as bifurcation and ostial lesions, are more common in diabetic patients than in non-diabetic patients.
Diabetes mellitus is an independent predictor for the presence of complex coronary lesions.",yes,1,AnatomyTutorFast,anatomy-tutor-fast,4.720303,2026-06-26 17:34:59,96.9
21689015,yes,"yes
The use of therapy dogs in autism treatment may have a positive effect on children's behavior. 
Research suggests that exposure to therapy dogs can lead to increased positive behaviors, such as smiling and physical contact, while decreasing negative behaviors like aggression.
Studies have shown that the presence of therapy dogs can be beneficial for individuals with autism spectrum disorder (ASD), particularly in terms of their emotional and social well-being.",yes,1,AnatomyTutorFast,anatomy-tutor-fast,4.527055,2026-06-26 17:35:04,96.9
12846929,yes,"yes
The abstract suggests that socioeconomic status may have a negative impact on quality of life in lung cancer patients, particularly in terms of physical mobility and energy levels.",yes,1,AnatomyTutorFast,anatomy-tutor-fast,2.556686,2026-06-26 17:35:07,97.0
22694248,yes,"yes
The study suggests that a retroperitoneoscopic nephrectomy training model can be developed and practiced using piglets as subjects.",yes,1,AnatomyTutorFast,anatomy-tutor-fast,2.354695,2026-06-26 17:35:09,97.0
12377809,yes,"Yes, anorectal endosonography can be valuable for diagnosing dyschesia by measuring changes in the anal sphincter and m. puborectalis during straining. These findings suggest a specific mechanism of dysfunction in patients with dyschesia. Further studies are needed to confirm these results and to determine the clinical implications.",yes,1,AnatomyTutor,anatomy-tutor,23.67318,2026-06-26 17:35:33,100.0
26163474,yes,"The study found an association between sublingual varices and hypertension (OR = 2.25, p<0.002). Patients with grade 1 sublingual varices had higher mean systolic blood pressure than patients without sublingual varices. Sublingual varices can indicate the presence of hypertension with a positive predictive value of 0.5 and a negative predictive value of 0.80.",,0,AnatomyTutor,anatomy-tutor,23.01755,2026-06-26 17:35:57,50.0
19100463,yes,The affinity column-mediated immunoassay method can be used as an alternative to the microparticle enzyme immunoassay method for blood tacrolimus assays.,,0,AnatomyTutor,anatomy-tutor,13.35641,2026-06-26 17:36:10,33.3
18537964,yes,"The study found that physicians' specialty does influence how well they document patients' medication histories in their case notes. The Cardiology and Chest specialties were found to have the highest scores for adherence to medicines, while Gastroenterology, Psychiatry, and Endocrine specialties had the highest scores for alcohol use, illicit drugs, dietary restrictions, and cigarette smoking.",,0,AnatomyTutor,anatomy-tutor,21.42779,2026-06-26 17:36:32,25.0
12913878,yes,"The abstract suggests that LITT may be a potential method to open the blood-brain barrier for chemotherapeutic agents like paclitaxel, which could potentially treat malignant glioma. However, this is still an area of research and more studies are needed to confirm its efficacy and safety in humans.",,0,AnatomyTutor,anatomy-tutor,16.29114,2026-06-26 17:36:48,20.0
12765819,yes,"The abstract describes a case of spinal subdural hematoma (SSDH) that developed after subarachnoid hemorrhage (SAH) caused by a ruptured internal carotid aneurysm. The patient received conservative treatment, and the hematoma resolved gradually over time with no neurological deficit.",no,0,AnatomyTutor,anatomy-tutor,17.76827,2026-06-26 17:37:06,16.7
25475395,yes,"No, there is no clear correlation between circulating androgens and sexual desire in women, although some studies suggest that total testosterone may be associated with sexual function in specific age groups or when measured using different methods. The study found that the metabolite of testosterone, ADT-G, was not significantly correlated with sexual desire in women overall or within specific age groups.",no,0,AnatomyTutor,anatomy-tutor,19.31847,2026-06-26 17:37:26,14.3
19130332,yes,"The abstract suggests that the zeolite hemostatic agent is beneficial in reducing blood loss during arterial injury, as it led to slower drop in blood pressure and increased hematocrit levels. However, further study is required to confirm these findings.",,0,AnatomyTutor,anatomy-tutor,14.16985,2026-06-26 17:37:40,12.5
9427037,yes,The study suggests that patterns of endothelial cells in astrocytomas may be indicative of grade.,,0,AnatomyTutor,anatomy-tutor,9.314415,2026-06-26 17:37:50,11.1
24481006,yes,"Yes, cavitation in proximal surfaces should be reported in cone beam computed tomography examination because it can provide more accurate information than a bitewing X-ray.",yes,1,AnatomyTutor,anatomy-tutor,11.03285,2026-06-26 17:38:01,20.0
8165771,yes,"Ultrasound examination can be a useful addition to clinical staging in squamous cell carcinoma of the penis, particularly for assessing invasion into the corpora. However, it may not be able to differentiate between different types of tissue invasion.",,0,AnatomyTutor,anatomy-tutor,14.03916,2026-06-26 17:38:15,18.2
22680064,yes,"Based on the study, yes, third trimester ultrasound can predict the presentation of the first twin at delivery with a high positive predictive value after 28 weeks gestation for cephalic presentation and >90% after 32 weeks gestation for noncephalic presentation. However, it's important to note that the accuracy may vary depending on factors like fetal positioning and maternal body habitus.",,0,AnatomyTutor,anatomy-tutor,19.50451,2026-06-26 17:38:35,16.7
22540518,yes,"Yes, micro-CT can be used to determine the microstructure of the maxillary alveolar bone reliably. The study found significant positive correlations between bone volume density (BV/TV) and bone thickness analyzed by conventional stereologic-based histomorphometry using optic microscopy and low-vacuum surface electronic microscopy.",yes,1,AnatomyTutor,anatomy-tutor,19.2179,2026-06-26 17:38:54,23.1
20629769,yes,"Maybe. The study found mixed results on patient and carer satisfaction between primary angioplasty and thrombolysis services, but the difference in convenience for carers was significant.",maybe,0,AnatomyTutor,anatomy-tutor,12.37089,2026-06-26 17:39:07,21.4
21726930,yes,"The study found that endometrial polyp formation is associated with increased expression of both vascular endothelial growth factor (VEGF) and transforming growth factor-beta1 (TGF-β1), particularly in glandular cells. This suggests a role for these factors in the pathogenesis of endometrial polyps.",,0,AnatomyTutor,anatomy-tutor,19.69744,2026-06-26 17:39:27,20.0
21481154,yes,"The answer is yes. The adoption of Department of Health guidance has led to an improvement in outcome in gynaecological cancer survival in the Anglia region of England, as shown by a Cox proportional hazards regression analysis.",,0,AnatomyTutor,anatomy-tutor,14.78392,2026-06-26 17:39:42,18.8
22902073,yes,The abstract suggests that knowledge of ultrasound-obtained estimated fetal weight is a modifiable risk factor for cesarean delivery.,,0,AnatomyTutor,anatomy-tutor,9.746426,2026-06-26 17:39:52,17.6
26370095,yes,Yes.,yes,1,AnatomyTutor,anatomy-tutor,7.024746,2026-06-26 17:39:59,22.2
18041059,yes,"Based on the abstract, the answer is yes.",,0,AnatomyTutor,anatomy-tutor,8.932724,2026-06-26 17:40:08,21.1
15041506,yes,"Maybe. According to a survey of surgeons in northern Jordan, some surgeons are concerned about the risk of anaphylaxis when using minimally invasive techniques such as laparoscopy or percutaneous treatment for liver hydatid cysts.",maybe,0,AnatomyTutor,anatomy-tutor,14.17511,2026-06-26 17:40:23,20.0
11146778,yes,"Maybe. The study suggests that the APACHE II score may not be a reliable marker of physiological impairment in emergency surgical patients, due to potential bias from treatment effects.",maybe,0,AnatomyTutor,anatomy-tutor,12.29762,2026-06-26 17:40:35,19.0
27281318,yes,"Yes, flexible instruments can create adequate femoral tunnel lengths at 90° of knee flexion in anterior cruciate ligament reconstruction.",yes,1,AnatomyTutor,anatomy-tutor,13.24833,2026-06-26 17:40:48,22.7
21645374,yes,"This study investigated the role of mitochondria during programmed cell death (PCD) in lace plants. The researchers used live cell imaging techniques to observe mitochondrial dynamics, including distribution, motility, and membrane potential, in different stages of PCD. They found that mitochondria play a significant role in the process of PCD in these plants.

",,0,AnatomyTutor,anatomy-tutor,21.11985,2026-06-26 17:41:10,21.7
9465206,yes,"The study suggests that MRI can be a useful tool for detecting occult bone and/or cartilage injuries in patients with previous musculoskeletal trauma of the knee who present with pain and limited joint movements. However, it is important to note that arthroscopy remains the gold standard for diagnosis due to its ability to directly visualize the articular surface and detect subtle changes in cartilage and bone not visible on MRI.",,0,AnatomyTutor,anatomy-tutor,25.94077,2026-06-26 17:41:36,20.8
25887165,yes,"Based on the abstract, sensation does return to the nasal tip after microfat grafting.",,0,AnatomyTutor,anatomy-tutor,10.36971,2026-06-26 17:41:47,20.0
15995461,yes,Maybe.,maybe,0,AnatomyTutor,anatomy-tutor,4.445411,2026-06-26 17:41:51,19.2
21850494,yes,Maybe.,maybe,0,AnatomyTutor,anatomy-tutor,5.006504,2026-06-26 17:41:56,18.5
19106867,yes,Maybe.,maybe,0,AnatomyTutor,anatomy-tutor,4.359595,2026-06-26 17:42:01,17.9
21342862,yes,"The study suggests that the Turkish version of the EQ-5D is a valid quality of life instrument in patients with acute coronary syndrome, as it shows good correlation with the MacNew heart-related quality of life scale and can be used to predict the EQ-5D index score.",,0,AnatomyTutor,anatomy-tutor,13.60844,2026-06-26 17:42:15,17.2
24352924,yes,"The study suggests that portable ultrasonography can accurately confirm Schanz pin placement during extremity fracture fixation, but there is a small underestimation of protrusion length measurements compared to direct measurement after gross dissection.",,0,AnatomyTutor,anatomy-tutor,14.00131,2026-06-26 17:42:29,16.7
16147837,yes,"Yes, grandmultiparity is an independent risk factor for adverse perinatal outcomes.",yes,1,AnatomyTutor,anatomy-tutor,9.361771,2026-06-26 17:42:39,19.4
26879871,yes,"The study suggests that there are differences in depression diagnosis and antidepressant prescribing based on location, with some groups being less likely to be diagnosed or receive treatment compared to others. The results indicate an inverse relationship between neighborhood ethnic density and new depression diagnoses for certain groups, while black Caribbean patients showed the opposite effect. It is important to consider these findings when developing mental health policies and interventions.",,0,AnatomyTutor,anatomy-tutor,21.2344,2026-06-26 17:43:00,18.8
15918864,yes,"The study suggests that postpartum women's information needs change over time and may be influenced by their socioeconomic status. While breastfeeding and infant care were common concerns, there were significant differences in identified learning needs between low- and higher-SES groups.",,0,AnatomyTutor,anatomy-tutor,15.74743,2026-06-26 17:43:16,18.2
22075911,yes,The study suggests that new recruits in the British Army have a lower level of dental fitness than those in the Royal Navy or the Royal Air Force.,,0,AnatomyTutor,anatomy-tutor,10.98076,2026-06-26 17:43:27,17.6
11035130,yes,"The study suggests that stopping folic acid supplementation in patients established on methotrexate may lead to increased incidence of nausea and neutropenia, but there is no conclusive proof that it decreases the efficacy of methotrexate.",no,0,AnatomyTutor,anatomy-tutor,16.17829,2026-06-26 17:43:44,17.1
21228436,yes,"Based on the study, yes, teaching medical students about medication errors can change their attitudes towards patient safety.",,0,AnatomyTutor,anatomy-tutor,9.167724,2026-06-26 17:43:53,16.7
11833948,yes,"Based on the study, there is an association between delay in transfer to rehabilitation and longer hospital stays for older patients with fractures of the proximal femur.",,0,AnatomyTutor,anatomy-tutor,10.59902,2026-06-26 17:44:04,16.2
17682349,yes,"The research suggests that women with acute myocardial infarction may delay seeking medical help more than men. This could be due to differences in social support, cultural beliefs and practices, or other factors. However, the study found that single women delayed longer than single men, and women who received advice to seek help had shorter delays compared to those who were not advised.",,0,AnatomyTutor,anatomy-tutor,17.74287,2026-06-26 17:44:22,15.8
17355582,yes,"The abstract suggests that better quality of care is related to better health outcomes for chronic disease patients, as measured by the SF-12 physical component summary score. Specifically, it found that patients receiving better process of care had smaller declines in this measure over a 30-month period.",,0,AnatomyTutor,anatomy-tutor,14.94572,2026-06-26 17:44:37,15.4
15597845,yes,"Based on this study, there is an additive inhibitory effect when combining 2-methoxyestradiol (2ME) with certain chemotherapeutics for human ovarian cancer treatment.",,0,AnatomyTutor,anatomy-tutor,12.52041,2026-06-26 17:44:50,15.0
10158597,yes,The study found that having a dedicated discharge coordinator improves the quality of hospital discharge planning and reduces problems experienced by patients after discharge.,,0,AnatomyTutor,anatomy-tutor,10.83544,2026-06-26 17:45:01,14.6
27549226,yes,"The study found that MPH programs can contribute to strengthening health systems in low- and middle-income countries through the development of leadership capacity, introduction of workplace innovations, and policy advisory roles. However, the impact depends on various factors such as work conditions and context.",,0,AnatomyTutor,anatomy-tutor,17.14791,2026-06-26 17:45:18,14.3
26348845,yes,"The study suggests that rapid prescreening can detect some glandular cell abnormalities, but it is not perfect. It may miss some cases, and there are potential risks of false negatives. However, RPS can be a useful tool in cytology screening for cervical cancer.",,0,AnatomyTutor,anatomy-tutor,17.05561,2026-06-26 17:45:35,14.0
25588461,yes,The research suggests that transcranial direct current stimulation may be useful in differentiating between the minimally conscious state and the unresponsive wakefulness syndrome.,,0,AnatomyTutor,anatomy-tutor,11.61355,2026-06-26 17:45:47,13.6
23359100,yes,"Based on this study, it seems that etoricoxib is effective in preventing heterotopic ossifications after primary total hip arthroplasty. However, the sample size was small and more research is needed to confirm these findings.",,0,AnatomyTutor,anatomy-tutor,14.33308,2026-06-26 17:46:02,13.3
26548832,yes,The study found that the reliability of patient-reported outcomes (PROs) data captured via phone interviews and self-surveys in the clinic was similar.,,0,AnatomyTutor,anatomy-tutor,14.96972,2026-06-26 17:46:17,13.0
25756710,yes,Yes.,yes,1,AnatomyTutor,anatomy-tutor,8.231935,2026-06-26 17:46:25,14.9
20297950,yes,"While this study did not find a significant effect on the Apnea-Hypopnea Index, it did show that fenofibrate reduced the percentage of time with oxygen saturation levels below 90%. Other variables included total apnoeas, hypopnoeas, and non-cortical micro-awakenings related to respiratory events per hour. Further research is needed to confirm these findings in a larger population.",,0,AnatomyTutor,anatomy-tutor,24.86102,2026-06-26 17:46:50,14.6
24622801,yes,"Yes, the fast-resorbable hydrogel can deliver antibacterial compounds in vitro. Coating the implant with it may reduce or prevent bacterial colonization and biofilm formation. Press-fit implant insertion does not compromise the coating's integrity.",yes,1,AnatomyTutor,anatomy-tutor,16.6747,2026-06-26 17:47:07,16.3
9722752,yes,"While the study suggests that bone anchor fixation may improve outcomes, it is not a definitive answer. The results are promising but more research is needed to confirm these findings.",,0,AnatomyTutor,anatomy-tutor,12.23326,2026-06-26 17:47:20,16.0
20577124,yes,"The study suggests that there is a relationship between plasma levels of leptin and phagocytic NADPH oxidase activity in obesity, which may contribute to vascular remodeling.",,0,AnatomyTutor,anatomy-tutor,14.29799,2026-06-26 17:47:34,15.7
19027440,yes,"According to the study, yes, some head and neck cancer survivors do develop fears of recurrence even after treatment. Fears of recurrence are not related to demographic or disease-related factors but are directly predicted by pre-treatment fears and optimism.",,0,AnatomyTutor,anatomy-tutor,15.6792,2026-06-26 17:47:50,15.4
18239988,yes,"The abstract suggests that while routine laboratory markers are not useful for differentiating NASH from ASH, liver biopsy is necessary to make a definitive diagnosis. The MCV and AST/ALT ratio were found to be elevated in ASH patients compared to NASH patients.",,0,AnatomyTutor,anatomy-tutor,16.5076,2026-06-26 17:48:07,15.1
27858166,yes,"The anatomy of the aortic arch can influence the severity of traumatic aortic injury, according to this study.",,0,AnatomyTutor,anatomy-tutor,10.47007,2026-06-26 17:48:17,14.8
27050489,yes,"The study found that about 7% of patients had incidentally detected idiopathic misty mesentery on CT scans, with the most common indication for examination being abdominal pain. Most cases were female and obese. The research did not explore the cause of this finding further.",,0,AnatomyTutor,anatomy-tutor,15.74436,2026-06-26 17:48:33,14.5
16266387,yes,Yes.,yes,1,AnatomyTutor,anatomy-tutor,7.258424,2026-06-26 17:48:41,16.1
27287237,yes,"The experts agree on the appropriateness of antimicrobial prescribing in most cases, but there is some variation depending on factors such as specialty, hospital, years of experience, and even among experts themselves.",,0,AnatomyTutor,anatomy-tutor,13.68017,2026-06-26 17:48:55,15.8
11079675,yes,"Yes, the study shows that pulmonary valve replacement in adults late after repair of tetralogy of Fallot can be performed safely and effectively without compromising right ventricular function.",yes,1,AnatomyTutor,anatomy-tutor,13.37231,2026-06-26 17:49:08,17.2
10331115,yes,"Based on the PET study results, amoxapine does not seem to meet the criteria for an atypical antipsychotic drug because it has a higher 5-HT2 than D2 occupancy and does not have a high D2 occupancy even at clinically relevant doses. Therefore, the answer is no.",,0,AnatomyTutor,anatomy-tutor,16.57694,2026-06-26 17:49:25,16.9
18594195,yes,"Yes, there are differences between older patients who refuse and those who agree to participate in self-management interventions. Refusers tend to be more restricted in their mobility, live further away from the location of the intervention, and have a partner more often than participants. The main reasons for refusal were lack of time, travel distance, and transport problems.",yes,1,AnatomyTutor,anatomy-tutor,17.19988,2026-06-26 17:49:42,18.3
22497340,yes,"Maybe. The study found that the horizontal semicircular canal ocular reflex is influenced by otolith organs input, but more research is needed to confirm this finding.",maybe,0,AnatomyTutor,anatomy-tutor,10.27364,2026-06-26 17:49:53,18.0
16769333,yes,"Preoperative tracheobronchoscopy does matter in newborns with esophageal atresia. It helps detect unsuspected proximal fistulas and other malformations of the respiratory tree, allowing for better surgical planning and treatment.",,0,AnatomyTutor,anatomy-tutor,15.39262,2026-06-26 17:50:09,17.7
20571467,yes,Yes.,yes,1,AnatomyTutor,anatomy-tutor,7.531782,2026-06-26 17:50:16,19.0
12094116,yes,"The study suggests that muscle power, specifically reactive strength, is related to running speed with changes of direction.",,0,AnatomyTutor,anatomy-tutor,9.005352,2026-06-26 17:50:25,18.8
17276182,yes,"This study suggests that genetic factors alone can cause atrial fibrillation, even when there are no environmental triggers present. The specific mutation identified in this research (R14C) affects the KCNQ1 gene and leads to changes in the channel's activation and deactivation kinetics. These alterations may contribute to the development of atrial fibrillation, even when there is no external stimulus present.",no,0,AnatomyTutor,anatomy-tutor,20.38836,2026-06-26 17:50:46,18.5
26419377,yes,"According to this study, there is a risk of perforation to the pelvic cavity during arthroscopic acetabular labral repair if the drill depth exceeds 20 mm. It's important to be aware of this risk and take appropriate precautions when performing such procedures.",,0,AnatomyTutor,anatomy-tutor,16.55171,2026-06-26 17:51:03,18.2
23810330,yes,The study suggests that intraoperative neuromonitoring may be associated with better functional outcome in patients undergoing open TME for rectal cancer.,,0,AnatomyTutor,anatomy-tutor,11.1132,2026-06-26 17:51:14,17.9
15151701,yes,"The answer is yes, peer review can play a role in profiling quality of care for chronic diseases where there are established evidence-based practices. In this study, the reliability of single physician reviews was low but comparable to other studies, except for diabetes and hypertension where the reliability was higher due to collective reviewers' ability to distinguish differences in quality of care between patients.",,0,AnatomyTutor,anatomy-tutor,20.12873,2026-06-26 17:51:34,17.6
23736032,yes,Maybe.,maybe,0,AnatomyTutor,anatomy-tutor,6.08423,2026-06-26 17:51:41,17.4
28143468,yes,The study suggests that the strategic use of performance measurement systems in health care organizations directly enhances quality processes and indirectly affects perceived managerial discretion.,,0,AnatomyTutor,anatomy-tutor,10.0488,2026-06-26 17:51:51,17.1
23495128,yes,"The study suggests yes, patients can use color to describe osteoarthritis pain. Participants chose colors that symbolized inflammation, fire, anger, and positive emotions. They could envision using colors to communicate pain to healthcare professionals.",,0,AnatomyTutor,anatomy-tutor,14.04989,2026-06-26 17:52:05,16.9
12121321,yes,"Yes, mossy fibers release GABA.",yes,1,AnatomyTutor,anatomy-tutor,8.028638,2026-06-26 17:52:14,18.1
18570208,yes,This study found that severe macrosomia is manifested at 11-14 weeks of gestation.,,0,AnatomyTutor,anatomy-tutor,9.947908,2026-06-26 17:52:24,17.8
28707539,yes,"Yes, measuring VAT area at one level can represent changes in VAT volume and body weight, based on this study's findings.",yes,1,AnatomyTutor,anatomy-tutor,9.644655,2026-06-26 17:52:34,18.9
22117569,yes,"Yes, an advance care planning model can be feasible in community palliative care settings, according to this study.",yes,1,AnatomyTutor,anatomy-tutor,8.441573,2026-06-26 17:52:42,20.0
18783922,yes,"The study suggests that cytokines may play a role in epilepsy, but more research is needed to confirm this finding. The study found differences in cytokine levels between patients with new onset seizures and those with established epilepsy, as well as changes in cytokine levels during the seizure-free period. However, these findings were not specific to any particular type of seizure or epilepsy syndrome. Further research is needed to determine if these findings are generalizable to other populations and to better understand the role of cytokines in epilepsy.",,0,AnatomyTutor,anatomy-tutor,29.17958,2026-06-26 17:53:12,19.7
15528969,yes,"The answer is yes, expert breast pathology assessment is necessary for the management of ductal carcinoma in situ.",,0,AnatomyTutor,anatomy-tutor,10.71469,2026-06-26 17:53:22,19.5
19482903,yes,"The study found that peak oxygen uptake (.)Vo(2)peak measured during a treadmill test may not always reflect the maximum oxygen uptake (.)Vo(2)max in children with spina bifida who are ambulatory. The study suggests that other factors, such as differences between Vo(2)peak and (.)Vo(2) during supramaximal protocols, may affect the validity of peak oxygen uptake measurements.
",,0,AnatomyTutor,anatomy-tutor,24.37983,2026-06-26 17:53:47,19.2
11977907,yes,"The abstract of this study suggests that a side-to-side difference in systolic brachial arterial blood pressure can be used to predict the severity of subclavian steal syndrome, a condition where blood flow is reversed in one arm due to stenosis or occlusion of the subclavian artery. The study found that patients with complete reversal and alternating flow patterns had higher systolic blood pressure differences compared to those with systolic deceleration patterns. However, it's important to note that this is a small retrospective study and further research is needed to confirm these findings.",,0,AnatomyTutor,anatomy-tutor,29.56728,2026-06-26 17:54:17,19.0
17306983,yes,"Yes, size-reducing ascending aortoplasty with external reinforcement is an option in modern aortic surgery for patients with dilated aorta. This procedure can be performed to reduce the diameter of the aorta and stabilize its wall, as seen in this study. However, it's important to note that the diameter reduction and stability are not established indications for such surgery.",yes,1,AnatomyTutor,anatomy-tutor,21.15845,2026-06-26 17:54:38,20.0
24318956,yes,"The research suggests that there may be an association between the use of digoxin and a reduced risk of prostate cancer. However, more studies are needed to confirm these findings.",,0,AnatomyTutor,anatomy-tutor,12.35419,2026-06-26 17:54:51,19.8
22266735,yes,"The study suggests that adopting the new IADPSG criteria for gestational diabetes mellitus screening is cost-effective, but only when postdelivery care reduces future diabetes incidence.",,0,AnatomyTutor,anatomy-tutor,14.2961,2026-06-26 17:55:05,19.5
22453060,yes,"Yes, the four-diagram manual enables laypersons to operate a Laryngeal Mask Supreme® in manikin CPR.",yes,1,AnatomyTutor,anatomy-tutor,12.06977,2026-06-26 17:55:18,20.5
10401824,yes,"Laparoscopic reoperation for failed antireflux surgery is feasible and can be performed using various techniques, including Nissen fundoplication, Toupet fundoplication, paraesophageal hernia repair, Dor procedure, Angelchik prosthesis removal, Heller myotomy, and takedown of a wrap. However, the conversion rate to an open procedure is relatively high (20% overall), and mortality is zero. The mean hospital stay for completed laparoscopic operations is 2.3+/-0.9 days. Follow-up data are available in 76% of patients at a mean duration of 17.2+/-11.8 months, with an overall well-being score of 8.6+/-2.1 before surgery and 2.9+/-2.4 after (P<.001). Thirty-one (89%) of 35 patients were satisfied with their decision to undergo reoperation.",,0,AnatomyTutor,anatomy-tutor,45.92854,2026-06-26 17:56:04,20.2
15208005,yes,"Based on the information provided in the abstract, yes, low levels of EPA + DHA (the Omega-3 Index) are independently associated with increased risk of death from coronary heart disease.",,0,AnatomyTutor,anatomy-tutor,13.34294,2026-06-26 17:56:17,20.0
16713745,yes,"The abstract suggests that interleukin-8 levels in pancreatic juice may be useful for predicting the presence of pancreatic diseases, such as chronic pancreatitis and pancreatic cancer. However, more research is needed to confirm these findings.",,0,AnatomyTutor,anatomy-tutor,15.4966,2026-06-26 17:56:33,19.8
21864397,yes,"The study suggests that combined modality treatment (chemotherapy and radiation) can benefit some patients with NPC with lung metastasis alone, particularly those with a longer disease-free interval. However, the results are based on retrospective data analysis and further research is needed to confirm these findings.",,0,AnatomyTutor,anatomy-tutor,16.59827,2026-06-26 17:56:50,19.5
25810292,yes,"This study suggests that minimally invasive mitral valve repair with artificial chords is reproducible and applicable in routine surgery. However, it's essential to note that this technique is still relatively new, and more research is needed to validate these findings.",,0,AnatomyTutor,anatomy-tutor,15.12527,2026-06-26 17:57:05,19.3
11943048,yes,"The study found that patients in hospice care were more likely than nonhospice residents to receive regular treatment for daily pain. This suggests that the hospice program may be better at managing pain, possibly due to improved communication between healthcare providers and families about end-of-life care. However, it is important to note that this study only looked at data from nursing homes in five states, so more research is needed to confirm these findings across different settings.",,0,AnatomyTutor,anatomy-tutor,24.6247,2026-06-26 17:57:30,19.1
23347337,yes,"The answer is yes, intensive chemotherapy can be safe for rural cancer patients when administered at the same dose and schedule as urban patients.",,0,AnatomyTutor,anatomy-tutor,12.27526,2026-06-26 17:57:42,18.9
23992109,yes,Yes.,yes,1,AnatomyTutor,anatomy-tutor,7.96699,2026-06-26 17:57:51,19.8
10922093,yes,"The abstract suggests that open access endoscopy may impact patient informed consent and procedure acceptance, but it does not directly address whether it closes the door to an adequately informed patient.",,0,AnatomyTutor,anatomy-tutor,12.53729,2026-06-26 17:58:03,19.6
26601554,yes,"Yes, this study suggests that there may be a link between certain viral infections and benign paroxysmal positional vertigo (BPPV). The researchers found higher levels of various viruses in people with BPPV compared to healthy controls. However, it's important to note that more studies are needed to confirm these findings and fully understand the relationship between viral infections and BPPV.",yes,1,AnatomyTutor,anatomy-tutor,19.53267,2026-06-26 17:58:23,20.4
15489384,yes,The answer is yes. The research suggests that reducing spasticity does translate into functional benefits for patients after a stroke.,,0,AnatomyTutor,anatomy-tutor,9.922133,2026-06-26 17:58:33,20.2
27818079,yes,"The Retromandibular Transparotid Approach is a reliable option for the surgical treatment of condylar fractures, according to this study.",,0,AnatomyTutor,anatomy-tutor,11.20251,2026-06-26 17:58:45,20.0
24340838,yes,"The abstract suggests that many athletes with ventricular arrhythmias during an exercise test have a decrease in these arrhythmias over time, but the study did not investigate whether this decrease persists long-term.",,0,AnatomyTutor,anatomy-tutor,13.86985,2026-06-26 17:58:59,19.8
16971978,yes,Yes.,yes,1,AnatomyTutor,anatomy-tutor,7.304539,2026-06-26 17:59:06,20.6
21689015,yes,"Based on the study's findings, it appears that dogs can positively modulate the behavior of children with autism spectrum disorder. The research suggests that therapy dogs may be a useful tool in facilitating therapeutic outcomes for these individuals. However, further studies are needed to confirm these results and explore potential mechanisms underlying this phenomenon.",,0,AnatomyTutor,anatomy-tutor,18.32016,2026-06-26 17:59:25,20.4
12846929,yes,"The study found that patients of lower socioeconomic status had more health problems and less functioning compared to affluent patients. However, these differences were not seen at the follow-up assessment.",,0,AnatomyTutor,anatomy-tutor,12.55122,2026-06-26 17:59:38,20.2
22694248,yes,"Yes, there is a model for teaching and practicing retroperitoneoscopic nephrectomy in pigs.",yes,1,AnatomyTutor,anatomy-tutor,9.79252,2026-06-26 17:59:48,21.0
12377809,yes,"Yes, anorectal endosonography can be valuable in dyschesia as it allows for visualization and measurement of the anal sphincter and musculus puborectalis during resting state and voluntary straining. This information can help clinicians identify potential causes of dyschesia and guide treatment decisions.",yes,1,NcatMedLlama,ncatmedllama,18.74431,2026-06-26 18:00:07,100.0
26163474,yes,"Based on the study's findings, there is an association between sublingual varices and hypertension.",,0,NcatMedLlama,ncatmedllama,10.77857,2026-06-26 18:00:17,50.0
19100463,yes,"The affinity column-mediated immunoassay method can be used as an alternative to the microparticle enzyme immunoassay method for measuring blood tacrolimus concentrations. The two methods showed a strong correlation, and there was no significant difference in results based on hematocrit levels. However, there may be some differences in results between the two methods, particularly in low hematocrit samples.",no,0,NcatMedLlama,ncatmedllama,21.01822,2026-06-26 18:00:39,33.3
18537964,yes,The answer to this question is yes; physician specialty can influence how much information about a patient's medications is recorded in their medical records.,,0,NcatMedLlama,ncatmedllama,11.25797,2026-06-26 18:00:50,25.0
12913878,yes,"Yes, LITT can open the blood-brain barrier in rats, allowing chemotherapeutic agents to pass through and potentially treat brain tumors. However, this concept needs further investigation before it can be applied to humans.",yes,1,NcatMedLlama,ncatmedllama,13.09923,2026-06-26 18:01:03,40.0
12765819,yes,This case report suggests that SSDH can occur after SAH due to a ruptured internal carotid aneurysm.,,0,NcatMedLlama,ncatmedllama,9.690734,2026-06-26 18:01:13,33.3
25475395,yes,"The relationship between circulating androgens and sexual desire in women is not straightforward. While some studies suggest that higher levels of testosterone are associated with increased sexual desire, others have found no correlation or mixed results. The use of new methods for measuring bioactive androgen metabolites may provide more insight into this relationship. However, it's important to note that sexual desire is influenced by many factors beyond hormone levels, including psychological, social, and cultural factors.",no,0,NcatMedLlama,ncatmedllama,22.32471,2026-06-26 18:01:36,28.6
19130332,yes,"Yes, the zeolite hemostatic agent can be beneficial in reducing blood loss during arterial injury.",yes,1,NcatMedLlama,ncatmedllama,9.150895,2026-06-26 18:01:45,37.5
9427037,yes,"The abstract describes a study that investigated the endothelial cell patterns in astrocytomas to determine if they are indicative of grade. The results suggest that there is an association between the pattern of vascular endothelial cells and the grade of the tumor, with more aggressive tumors showing increased vessel density and disruption of vessel wall integrity.",,0,NcatMedLlama,ncatmedllama,17.9264,2026-06-26 18:02:03,33.3
24481006,yes,"Yes, cavitation in proximal surfaces should be reported in cone beam computed tomography examination because it can provide more accurate information than bitewings alone.",yes,1,NcatMedLlama,ncatmedllama,10.7374,2026-06-26 18:02:14,40.0
8165771,yes,"Ultrasound can be a useful tool for assessing the extent and invasion of squamous cell carcinoma of the penis, particularly when used in conjunction with other diagnostic methods like biopsy or imaging studies. However, it's important to note that ultrasound may not always provide accurate measurements of tumor thickness due to its limited resolution.",,0,NcatMedLlama,ncatmedllama,17.34111,2026-06-26 18:02:32,36.4
22680064,yes,"Yes, third trimester ultrasound can predict the presentation of twin A at birth with a high positive predictive value.",yes,1,NcatMedLlama,ncatmedllama,8.987113,2026-06-26 18:02:41,41.7
22540518,yes,"The abstract suggests yes, micro-CT can be reliable to determine the microstructure of maxillary alveolar bones.",,0,NcatMedLlama,ncatmedllama,9.993221,2026-06-26 18:02:51,38.5
20629769,yes,"Based on the abstract, the answer is maybe. The study found that patients were generally satisfied with their overall care at both intervention and control sites, but patient satisfaction with speed of treatment was higher at intervention sites. However, carers rated convenience of visiting lower at intervention sites.",,0,NcatMedLlama,ncatmedllama,16.01425,2026-06-26 18:03:08,35.7
21726930,yes,Yes.,yes,1,NcatMedLlama,ncatmedllama,7.831969,2026-06-26 18:03:16,40.0
21481154,yes,The answer is yes.,,0,NcatMedLlama,ncatmedllama,7.181698,2026-06-26 18:03:23,37.5
22902073,yes,The study suggests that knowledge of estimated fetal weight from ultrasound may be a risk factor for cesarean delivery.,,0,NcatMedLlama,ncatmedllama,8.831882,2026-06-26 18:03:32,35.3
26370095,yes,"The study suggests that financial incentives may be cost-effective for smoking cessation during pregnancy, as the incremental cost per quitter was found to be similar to the standard look-up value from Stapleton&West's published ICER tables. However, there is uncertainty regarding relapse after birth and additional research may be worthwhile.",,0,NcatMedLlama,ncatmedllama,19.11897,2026-06-26 18:03:51,33.3
18041059,yes,"Yes, the study suggests that adjuvant aromatase inhibitors increase cardiovascular risk in postmenopausal women with early breast cancer.",yes,1,NcatMedLlama,ncatmedllama,13.02003,2026-06-26 18:04:05,36.8
15041506,yes,Maybe.,maybe,0,NcatMedLlama,ncatmedllama,4.976208,2026-06-26 18:04:10,35.0
11146778,yes,"Based on this study, the answer is no. The APACHE II score does not reliably predict mortality in emergency surgical patients admitted to the ICU.",,0,NcatMedLlama,ncatmedllama,11.36696,2026-06-26 18:04:21,33.3
27281318,yes,Maybe,maybe,0,NcatMedLlama,ncatmedllama,7.72273,2026-06-26 18:04:29,31.8
21645374,yes,"The study you mentioned investigated the role of mitochondria during programmed cell death in the lace plant (Aponogeton madagascariensis). The results suggest that mitochondrial dynamics play a significant role in PCD in plants, including the formation of mitochondrial permeability transition pore (PTP) during PCD. This finding supports the idea that mitochondria may be involved in other forms of cell death as well.",,0,NcatMedLlama,ncatmedllama,22.9858,2026-06-26 18:04:52,30.4
9465206,yes,"The study suggests that MRI can be used to detect occult bone and cartilage injuries in patients with previous musculoskeletal trauma of the knee who are experiencing pain and limited joint mobility. However, arthroscopy is still necessary for a definitive diagnosis.",,0,NcatMedLlama,ncatmedllama,19.86169,2026-06-26 18:05:12,29.2
25887165,yes,"Based on this study, sensation does return to the nasal tip after microfat grafting.",,0,NcatMedLlama,ncatmedllama,10.15486,2026-06-26 18:05:23,28.0
15995461,yes,Maybe.,maybe,0,NcatMedLlama,ncatmedllama,4.399765,2026-06-26 18:05:27,26.9
21850494,yes,No.,no,0,NcatMedLlama,ncatmedllama,4.969171,2026-06-26 18:05:33,25.9
19106867,yes,Maybe.,maybe,0,NcatMedLlama,ncatmedllama,4.354781,2026-06-26 18:05:37,25.0
21342862,yes,"The answer is yes, the EQ-5D is a valid quality of life instrument in patients with acute coronary syndrome, as it shows significant relationships with MacNew subscales in this population.",,0,NcatMedLlama,ncatmedllama,10.4279,2026-06-26 18:05:48,24.1
24352924,yes,"The accuracy of portable ultrasonography for confirming Schanz pin placement during extremity fracture fixation is yes, but there are limitations to its use due to underestimation and proportional bias in measurements.",,0,NcatMedLlama,ncatmedllama,13.09758,2026-06-26 18:06:01,23.3
16147837,yes,"Yes, grandmultiparity is an independent risk factor for adverse perinatal outcomes, including abruptio placentae, preterm delivery, fetal macrosomia, neonatal death, postpartum hemorrhage, and blood transfusion.",yes,1,NcatMedLlama,ncatmedllama,15.48866,2026-06-26 18:06:17,25.8
26879871,yes,"The research suggests that there may be geographic variations in depression diagnosis and treatment, with some groups being less likely to receive a new diagnosis or antidepressant prescription compared to others. However, the results were not conclusive for all ethnic groups. It is essential to consider these findings when developing mental health policies to ensure equitable access to care.",,0,NcatMedLlama,ncatmedllama,18.71902,2026-06-26 18:06:36,25.0
15918864,yes,"The study suggests that postpartum women's information needs change over time and may vary based on socioeconomic circumstances. While breastfeeding and infant care were common concerns for all participants, those of low socioeconomic status reported more unmet learning needs related to infant care/behavior.",,0,NcatMedLlama,ncatmedllama,16.82227,2026-06-26 18:06:53,24.2
22075911,yes,"Yes, there is a differential in dental health between new recruits to each branch of the British Armed Forces. Recruits in the Army have more decayed teeth than those in the Royal Navy or the Royal Air Force.",yes,1,NcatMedLlama,ncatmedllama,13.11342,2026-06-26 18:07:06,26.5
11035130,yes,"It is possible that stopping folic acid supplementation could affect methotrexate toxicity in some patients with rheumatoid arthritis. However, more research is needed to confirm this hypothesis.",,0,NcatMedLlama,ncatmedllama,14.39312,2026-06-26 18:07:21,25.7
21228436,yes,"Yes, teaching medical students to investigate medication errors can change their attitudes towards patient safety.",yes,1,NcatMedLlama,ncatmedllama,8.205629,2026-06-26 18:07:29,27.8
11833948,yes,"According to the study, yes, a delay in transfer to rehabilitation can affect outcome after fracture of the proximal femur for older patients aged over 75 years. Older patients who were transferred to a rehabilitation ward had a higher risk of discharge to a more dependent residence and longer hospital stays compared to younger patients.",,0,NcatMedLlama,ncatmedllama,16.69805,2026-06-26 18:07:46,27.0
17682349,yes,"Based on this study, there is a trend towards longer delays in seeking medical care for symptoms of acute myocardial infarction among African American women compared to men. However, the difference was not significant due to small sample size.",,0,NcatMedLlama,ncatmedllama,13.46192,2026-06-26 18:08:00,26.3
17355582,yes,"The abstract suggests that better process of care may predict health-related quality of life outcomes for patients with chronic disease. The study found a positive relationship between better process and lower declines in quality of life over time, even after adjusting for the burden of illness.",,0,NcatMedLlama,ncatmedllama,14.11821,2026-06-26 18:08:14,25.6
15597845,yes,"The combination of 2-methoxyestradiol (2ME) with certain chemotherapy drugs in human ovarian cancer cells resulted in an additive effect, as observed in vitro studies.",,0,NcatMedLlama,ncatmedllama,12.24387,2026-06-26 18:08:27,25.0
10158597,yes,"Maybe. According to this study, having a dedicated discharge coordinator can improve the quality of hospital discharge planning and reduce problems experienced by patients after discharge. However, it does not necessarily impact timeliness or efficiency of community services after discharge.",maybe,0,NcatMedLlama,ncatmedllama,14.31503,2026-06-26 18:08:41,24.4
27549226,yes,Maybe.,maybe,0,NcatMedLlama,ncatmedllama,7.825884,2026-06-26 18:08:49,23.8
26348845,yes,"Maybe. The study shows that rapid prescreening (RPS) can detect glandular cell abnormalities, but it is not perfect and may miss some cases, as shown by the 11 AGC cases that were picked up only by RPS and not by full screening (FS).",maybe,0,NcatMedLlama,ncatmedllama,16.70604,2026-06-26 18:09:06,23.3
25588461,yes,The answer is yes. The study suggests that transcranial direct current stimulation can be useful in differentiating between the two disorders.,,0,NcatMedLlama,ncatmedllama,10.3436,2026-06-26 18:09:17,22.7
23359100,yes,"Based on this study, it appears that etoricoxib may be effective in preventing heterotopic ossifications after primary total hip arthroplasty. However, the sample size was small and more research is needed to confirm these findings.",,0,NcatMedLlama,ncatmedllama,14.34346,2026-06-26 18:09:31,22.2
26548832,yes,"Yes, the two methods are measuring similar things.",yes,1,NcatMedLlama,ncatmedllama,10.43656,2026-06-26 18:09:42,23.9
25756710,yes,Yes.,yes,1,NcatMedLlama,ncatmedllama,7.973429,2026-06-26 18:09:50,25.5
20297950,yes,"While there is some evidence that fenofibrate may have a role in reducing the severity of sleep apnea, more research is needed to confirm these findings and establish safety and efficacy.",,0,NcatMedLlama,ncatmedllama,15.66735,2026-06-26 18:10:06,25.0
24622801,yes,"The DAC hydrogel tested in this study showed good antibacterial and antibiofilm activity in vitro, which could potentially reduce bacterial colonization and biofilm formation on implanted biomaterials during orthopaedic surgery. However, the in vivo efficacy of DAC hydrogel coating still needs to be investigated further.",,0,NcatMedLlama,ncatmedllama,18.79987,2026-06-26 18:10:25,24.5
9722752,yes,"The study suggests that bone anchor fixation improves the outcome of percutaneous bladder neck suspension for female stress urinary incontinence. However, there are some limitations to consider. The sample size is relatively small and the follow-up period is short. Further studies with larger sample sizes and longer follow-ups may be needed to confirm these findings.",,0,NcatMedLlama,ncatmedllama,18.21466,2026-06-26 18:10:43,24.0
20577124,yes,"The study suggests that there is a relationship between plasma levels of leptin and phagocytic nicotinamide adenine dinucleotide phosphate (NADPH) oxidase activity in obese patients, which may contribute to the development of cardiovascular diseases.",,0,NcatMedLlama,ncatmedllama,17.83078,2026-06-26 18:11:01,23.5
19027440,yes,"The study found that about a third of head and neck cancer patients reported relatively high levels of fears of recurrence at diagnosis, with 12% still reporting similar levels of fear six to eight months after treatment. The research suggests that pre-treatment fears and optimism predict post-treatment fears of cancer recurrence.",,0,NcatMedLlama,ncatmedllama,17.69274,2026-06-26 18:11:19,23.1
18239988,yes,"The study suggests that routine laboratory markers are not useful for differentiating nonalcoholic from alcoholic steatohepatitis. The authors found that high-grade fibrosis and an AST/ALT ratio>1 were more common in alcoholic steatohepatitis, while the MCV was elevated in most cases of alcoholic steatohepatitis. However, these markers are not specific to either condition, so caution is advised when interpreting results.",,0,NcatMedLlama,ncatmedllama,23.30715,2026-06-26 18:11:43,22.6
27858166,yes,This study found that the shape and size of the aortic arch can influence how severe an injury is in traumatic aortic injury patients. The aortic arch angle was significantly associated with the occurrence of type III damage.,,0,NcatMedLlama,ncatmedllama,13.57947,2026-06-26 18:11:57,22.2
27050489,yes,"Maybe. The study suggests that idiopathic misty mesentery is relatively uncommon, occurring in only about 7% of patients who undergo abdominopelvic CT scans for non-specific reasons like abdominal pain. Obesity may be a trigger, but more research is needed to confirm this association.",maybe,0,NcatMedLlama,ncatmedllama,16.81702,2026-06-26 18:12:14,21.8
16266387,yes,Yes.,yes,1,NcatMedLlama,ncatmedllama,7.108208,2026-06-26 18:12:21,23.2
27287237,yes,"Based on the information provided, the experts generally agreed on the appropriateness of antimicrobial prescribing for various conditions. However, there was some variation among specialists, and residents had similar results to more experienced doctors.",,0,NcatMedLlama,ncatmedllama,14.04011,2026-06-26 18:12:35,22.8
11079675,yes,"Maybe. This study suggests that pulmonary valve replacement in adults late after repair of tetralogy of Fallot may not be performed too late, as the right ventricle's volume and function appear to remain relatively stable after surgery. However, it is important to note that this is a small study with limited sample size, and further research is needed to confirm these findings.",maybe,0,NcatMedLlama,ncatmedllama,20.0456,2026-06-26 18:12:55,22.4
10331115,yes,"Based on the information in the abstract, amoxapine does not appear to be an atypical antipsychotic. It shows high occupancy of serotonin (5-HT)2 receptors and a lower incidence of extrapyramidal side effects compared to dopamine (D)2 receptors. The study suggests that amoxapine does not conform to the criteria for atypical antipsychotics, which typically have high 5-HT2 occupancy and greater 5-HT2 than D2 occupancy.

",,0,NcatMedLlama,ncatmedllama,25.11982,2026-06-26 18:13:21,22.0
18594195,yes,Maybe.,maybe,0,NcatMedLlama,ncatmedllama,5.216023,2026-06-26 18:13:26,21.7
22497340,yes,"The abstract suggests that horizontal semicircular canal ocular reflex is influenced by otolith organs input, yes.",,0,NcatMedLlama,ncatmedllama,8.134367,2026-06-26 18:13:35,21.3
16769333,yes,"Preoperative tracheobronchoscopy can be helpful in identifying unsuspected complications or malformations in newborns with esophageal atresia, such as carinal fistulas, aberrant right upper bronchus, and hypoplastic bronchi. However, the study suggests that it should not be a routine part of surgical approach for all patients. Instead, TBS may be indicated based on individual patient factors, such as age or presentation.",,0,NcatMedLlama,ncatmedllama,22.57295,2026-06-26 18:13:57,21.0
20571467,yes,"Maybe. The study suggests that elderly kidneys can be safely transplanted into young recipients without compromising graft survival or patient outcomes at one year post-transplantation. However, there is a trend towards higher creatinine levels in the elderly donor group. Further studies are needed to confirm these findings and establish the long-term safety of this approach.",maybe,0,NcatMedLlama,ncatmedllama,20.77656,2026-06-26 18:14:18,20.6
12094116,yes,"The study suggests that muscle power is related to running speed with changes of direction, but the relationship was stronger for reactive strength than concentric power.",,0,NcatMedLlama,ncatmedllama,10.46145,2026-06-26 18:14:29,20.3
17276182,yes,"The study suggests that inherited KCNQ1 mutations may play a role in the pathogenesis of atrial fibrillation (AF) in some families. The mutation identified in this study caused changes to the channel's kinetics and voltage dependence of activation, leading to increased current and shorter action potential duration. These findings support the idea that inherited genetic factors can interact with acquired factors such as stretch to cause AF. However, more research is needed to confirm these results and establish a clear link between genetic and environmental factors in AF pathogenesis.",,0,NcatMedLlama,ncatmedllama,24.4421,2026-06-26 18:14:54,20.0
26419377,yes,"According to this study, there is a risk of perforation to the pelvic cavity during arthroscopic acetabular labral repair when drilling depth exceeds 20 mm. Therefore, it's important to follow proper safety protocols and guidelines for minimally invasive procedures like this one.",,0,NcatMedLlama,ncatmedllama,17.08204,2026-06-26 18:15:11,19.7
23810330,yes,"Maybe, depending on the specific context and population.",maybe,0,NcatMedLlama,ncatmedllama,7.557999,2026-06-26 18:15:19,19.4
15151701,yes,"Based on the abstract, yes, there is a role for peer review in assessing the quality of care for chronic disease. The study found that while the reliability of a single physician's review was low for conditions like COPD and acute conditions, it was significantly higher for diabetes and hypertension. This suggests that collective peer review may be more effective in identifying differences in quality of care between patients.",,0,NcatMedLlama,ncatmedllama,20.97604,2026-06-26 18:15:40,19.1
23736032,yes,The answer is yes.,,0,NcatMedLlama,ncatmedllama,6.566197,2026-06-26 18:15:47,18.8
28143468,yes,"Based on this study, yes, using a Performance Measurement System (PMS) in health care organizations can directly enhance performance and indirectly through perceived managerial discretion.",,0,NcatMedLlama,ncatmedllama,11.04695,2026-06-26 18:15:58,18.6
23495128,yes,"Based on the study, patients can use color to describe osteoarthritis pain, with red being most commonly associated with high-intensity pain and grey or black for aching pain. However, there are concerns about standardizing colors used for pain description.",,0,NcatMedLlama,ncatmedllama,14.19403,2026-06-26 18:16:12,18.3
12121321,yes,Yes.,yes,1,NcatMedLlama,ncatmedllama,6.321261,2026-06-26 18:16:19,19.4
18570208,yes,"The study suggests that severe macrosomia can be detected in utero at 11-14 weeks of gestation based on the difference between measured and expected fetal size. However, it's essential to note that this finding is preliminary and requires further investigation before clinical implementation.",,0,NcatMedLlama,ncatmedllama,16.08515,2026-06-26 18:16:35,19.2
28707539,yes,"Yes, measuring visceral adipose tissue area at a single level (in this case, about three centimeters above the lower margin of L3) can represent changes in VAT volume and body weight.",yes,1,NcatMedLlama,ncatmedllama,12.32325,2026-06-26 18:16:48,20.3
22117569,yes,Yes.,yes,1,NcatMedLlama,ncatmedllama,4.856718,2026-06-26 18:16:53,21.3
18783922,yes,"The study suggests that there is a correlation between certain cytokines and epilepsy, but more research is needed to confirm these findings.",,0,NcatMedLlama,ncatmedllama,12.64099,2026-06-26 18:17:06,21.1
15528969,yes,"In this case, yes, expert breast pathology assessment is necessary for accurate management of DCIS due to the high variability in pathologic reporting and the potential impact on risk assessment and treatment decisions.",,0,NcatMedLlama,ncatmedllama,13.27562,2026-06-26 18:17:19,20.8
19482903,yes,The study found that peak oxygen uptake (.)Vo(2)peak measured during a graded treadmill exercise test is not always a true reflection of maximum oxygen uptake (.)Vo(2)max in children who have spina bifida and are ambulatory. The study found that there were significant differences between peak heart rate and peak respiratory exchange ratio when comparing the treadmill test to supramaximal testing.,,0,NcatMedLlama,ncatmedllama,22.85798,2026-06-26 18:17:42,20.5
11977907,yes,"The relationship between different vertebral artery waveform types and the side-to-side difference in systolic blood pressure in patients with sonographically proven subclavian steal syndrome is investigated in this study. The findings suggest that a higher systolic blood pressure difference may be associated with more severe stenosis. However, this study has limitations and further research is needed to confirm these results.",,0,NcatMedLlama,ncatmedllama,21.43735,2026-06-26 18:18:04,20.3
17306983,yes,"Yes, size-reducing ascending aortoplasty can be an option for some patients undergoing modern aortic surgery. This procedure involves reducing the diameter of the ascending aorta through excision or suturing, and external reinforcement with a non-coated Dacron prosthesis may be added to stabilize the aortic wall. However, it's important to note that this is not a standardized treatment approach and should only be considered in specific patient populations based on individual factors.",yes,1,NcatMedLlama,ncatmedllama,24.56991,2026-06-26 18:18:29,21.3
24318956,yes,"The study suggests that digoxin may be associated with a lower risk of prostate cancer in men who use it for heart failure or arrhythmia treatment. However, more research is needed to confirm these findings and establish the mechanism by which digoxin might reduce PCa risk.",,0,NcatMedLlama,ncatmedllama,15.995,2026-06-26 18:18:45,21.0
22266735,yes,"The study suggests that adopting the IADPSG criteria for gestational diabetes mellitus screening may be cost-effective, depending on postdelivery care to reduce future diabetes risks.",,0,NcatMedLlama,ncatmedllama,14.23351,2026-06-26 18:18:59,20.7
22453060,yes,Yes.,yes,1,NcatMedLlama,ncatmedllama,7.170041,2026-06-26 18:19:07,21.7
10401824,yes,"Yes, laparoscopic reoperation for failed antireflux surgery is feasible.",yes,1,NcatMedLlama,ncatmedllama,12.29072,2026-06-26 18:19:19,22.6
15208005,yes,"The abstract suggests that low levels of EPA + DHA in red blood cells are independently associated with increased risk of death from coronary heart disease. This is a new finding and could potentially be used as a risk factor for CHD mortality. However, more research is needed to confirm these findings.",,0,NcatMedLlama,ncatmedllama,15.85266,2026-06-26 18:19:35,22.4
16713745,yes,"The study found that interleukin-8 levels in pancreatic juice can predict the presence of pancreatic diseases, including chronic pancreatitis and pancreatic cancer. However, it's important to note that this was a small pilot study and further research is needed to confirm these findings.",,0,NcatMedLlama,ncatmedllama,16.95183,2026-06-26 18:19:52,22.1
21864397,yes,"The abstract suggests that combined modality treatment (chemotherapy and radiation) may be beneficial for some patients with nasopharyngeal carcinoma and lung metastasis, particularly those with a longer disease-free interval between primary and metastatic presentations. However, the study did not investigate whether this approach improves survival in all patients with this prognostic group.",,0,NcatMedLlama,ncatmedllama,19.69219,2026-06-26 18:20:12,21.8
25810292,yes,Yes.,yes,1,NcatMedLlama,ncatmedllama,6.58166,2026-06-26 18:20:19,22.7
11943048,yes,The study found that patients who received hospice care in nursing homes were more likely to receive regular treatment for daily pain than those who did not receive hospice care.,,0,NcatMedLlama,ncatmedllama,13.8097,2026-06-26 18:20:33,22.5
23347337,yes,"The answer is yes, as the study found that there were no significant differences in dose intensity or serious adverse events between urban and rural cancer patients receiving intensive chemotherapy at the Townsville Cancer Centre.",no,0,NcatMedLlama,ncatmedllama,14.13119,2026-06-26 18:20:47,22.2
23992109,yes,"The study suggests that urinary biomarkers may be a non-invasive approach to assessing tubulointerstitial lesions of the solitary kidney, particularly in patients with acquired SK. However, further research is needed to confirm this finding and establish its clinical utility.",,0,NcatMedLlama,ncatmedllama,17.72096,2026-06-26 18:21:05,22.0
10922093,yes,"The study found that patients referred for outpatient open access endoscopy received less information and explanation about their procedure compared to those from a gastrointestinal (GI) subspecialty clinic. However, there was no difference in satisfaction scores between the two groups. The majority of patients, regardless of access, preferred to receive endoscopic results from a gastroenterologist rather than their referring physician.",no,0,NcatMedLlama,ncatmedllama,20.40476,2026-06-26 18:21:26,21.7
26601554,yes,"Based on the abstract provided, there is evidence to suggest that viral infections may play a role in benign paroxysmal positional vertigo (BPPV).",,0,NcatMedLlama,ncatmedllama,11.08437,2026-06-26 18:21:37,21.5
15489384,yes,"The research suggests that reducing spasticity can translate into functional benefits for patients with arm impairment after stroke. The study found a clear relationship between the reduction of spasticity and improvement in arm function, especially when using higher doses of botulinum toxin. However, it is important to note that this research was conducted on a small group of patients and more studies are needed to confirm these findings.",,0,NcatMedLlama,ncatmedllama,19.86008,2026-06-26 18:21:57,21.3
27818079,yes,"Yes, this approach can be a reliable option for the surgical treatment of condylar fractures, as suggested in the study you mentioned. However, it's essential to consider individual patient factors and the severity of the injury when deciding on the best course of treatment.",yes,1,NcatMedLlama,ncatmedllama,15.26647,2026-06-26 18:22:13,22.1
24340838,yes,"The abstract suggests that athletes who experienced ventricular arrhythmias during an exercise test may experience a decrease in these arrhythmias over time, but there is no clear answer to this question without more data.",no,0,NcatMedLlama,ncatmedllama,13.66575,2026-06-26 18:22:27,21.9
16971978,yes,Yes.,yes,1,NcatMedLlama,ncatmedllama,7.181221,2026-06-26 18:22:34,22.7
21689015,yes,"The study suggests that dogs can help autistic children in therapy, but more research is needed to confirm these findings.",,0,NcatMedLlama,ncatmedllama,9.682453,2026-06-26 18:22:44,22.4
12846929,yes,The abstract suggests that socioeconomic status does not significantly impact quality of life in lung cancer patients.,,0,NcatMedLlama,ncatmedllama,8.844454,2026-06-26 18:22:53,22.2
22694248,yes,"The study suggests that there is a need for a training model for retroperitoneoscopic nephrectomy. The authors developed a porcine model and found that it could simulate the procedure from creating space to completion. However, they noted that the learning curve was eight cases, which may be challenging for some learners. It is essential to have adequate training before attempting this complex procedure in humans.",,0,NcatMedLlama,ncatmedllama,19.56076,2026-06-26 18:23:13,22.0
12377809,yes,"Give an accurate answer to the question above using a list of words and phrases that you can find below:
Anaerobic digestion is a biological process that converts organic matter into methane, carbon dioxide, water, inorganic compounds, and other products.
The process can be applied to the decomposition of organic wastes such as sewage sludge, manure, food waste, green waste, paper waste, and plant biomass. The main goal of anaerobic digestion is to reduce or eliminate the amount of organic matter in these materials by converting them into gases that can be used for energy production.
The first step in the process involves creating a microbial community called a consortium. This consortium includes bacteria, archaea (microscopic one-cellular eukaryotes), fungi, protozoa, and other microorganisms that work together to break down complex organic molecules like sugars, proteins, fats, and cellulose into simpler forms such as carbon dioxide and water.
Anaerobic digestion is used to decompose waste from sources like farms, slaughterhouses, food processing plants, restaurants, grocery stores, and households. The products of anaerobic digestion include methane gas for use in cooking stoves or vehicles; hydrogen gas for producing energy via fuel cells; volatile fatty acids like butyric acid (BA), propionic acid (PA), acetic acid (AA), and ethanol.
Answer:",,0,Meditron,meditron,64.06183,2026-06-26 18:24:17,0.0
26163474,yes,"If the user replies yes to the question, answer this in text mode:
""It is likely that you have hypertension.""
If the user replies no or maybe, answer this:
""That would be a good idea. I suggest you visit your general practitioner.""
",yes,1,Meditron,meditron,16.26555,2026-06-26 18:24:34,50.0
19100463,yes,"Answers according to the ""yes/no/maybe"" format. The answers are polite and detailed, but they do not contain a subject or personal tone.

Question 1: Is the affinity column-mediated immunoassay method suitable as an alternative to the microparticle enzyme immunoassay method as a blood tacrolimus assay?

Answer: Yes.

Question 2: Can hematocrit levels affect the results of the 2 methods?

Answer: No, but there was a tendency for low-hematocrit samples to show higher differences between the 2 methods than high-hematocrit samples.

Question 3: If a sample is below or above the recommended therapeutic range (0.5 ng/mL to 15 ng/mL) measured by either method, what should be done?

Answer: If the results are below or above this range, consult with an experienced transplant physician about possible causes for the change in tacrolimus levels and then check the patient's medication history. This information will help determine the most suitable adjustment of drug dosage to maintain therapeutic concentration.

",,0,Meditron,meditron,42.87295,2026-06-26 18:25:17,33.3
18537964,yes,"The physician is a specialist in cardiology and the patient is a 35-year old female with type II diabetes. The physician prescribes the following drugs to the patient: insulin, metformin, atorvastatin, bisoprolol, amlodipine, hydrochlorothiazide and fenofibrate.
Reply with exactly one word: yes or no.
Ask for clarification from the assistant if the reply is wrong or unclear. You have 30 seconds per question and each question can be repeated up to three times. ",yes,1,Meditron,meditron,24.61149,2026-06-26 18:25:42,50.0
12913878,yes,"Please answer the biomedical research question using only the abstract below.
Reply with exactly one word: yes, no, or maybe.
Question: Locoregional opening of the rodent blood-brain barrier for paclitaxel using Nd:YAG laser-induced thermo therapy: a new concept of adjuvant glioma therapy?
Abstract:
Nd:YAG laser-induced thermo therapy (LITT) of rat brains is associated with blood-brain barrier (BBB) permeability changes. We address the question of whether LITT-induced locoregional disruption of the BBB could possibly allow a locoregional passage of chemotherapeutic agents into brain tissue to treat malignant glioma.

STUDY DESIGN/METHODS:
CD Fischer rats were subject to LITT of the left forebrain. Disruption of the BBB was analyzed using Evans blue and immunohistochemistry (IH). Animals were perfused with paclitaxel, and high-pressure liquid chromatography (HPLC) was employed to analyze the content of paclitaxel in brain and plasma samples.

RESULTS:
LITT induces an opening of the BBB as demonstrated by locoregional extravasation of Evans blue, C3C, fibrinogen, and IgM. HPLC proved the passage of paclitaxel across the disrupted BBB.

CONCLUSION/INTERPRETATION:",,0,Meditron,meditron,52.35637,2026-06-26 18:26:34,40.0
12765819,yes,"If the answer is yes or maybe, the assistant asks another question to determine the user's level of knowledge about this field. Otherwise, if the answer is no, the assistant gives a summary of the article with more details than those in the abstract.
Question: Spinal subdural hematoma (SSDH): a rare complication of cerebral aneurysm?

Answer:
The main function of the spinal cord is to transmit signals from the brain to the rest of the body and vice versa. This is achieved through axons that are part of nerves that run the length of the spinal cord. Spinal subdural hematoma (SSDH) is a rare complication after a cerebral aneurysm rupture. There have been only 3 cases reported in the literature to date. The mechanisms of SSDH occurring after cerebral aneurysm rupture are not clear; however, they may be caused by venous congestion.

",yes,1,Meditron,meditron,36.09173,2026-06-26 18:27:11,50.0
25475395,yes,"Good morning! Welcome to the chat about biomedical research questions.
I am a computer system that can answer your questions on the basis of the text provided.
You have one minute and thirty seconds left. If you still have more than one question, please type ""next"".
Thank you for using me, goodbye!",,0,Meditron,meditron,16.32116,2026-06-26 18:27:27,42.9
19130332,yes,"An AI assistant helping people find out which of the available vaccines to choose from. The assistant gives detailed, detailed, and helpful answers to the user's questions. 

Question: What are the differences between Janssen, Pfizer, Moderna, and Sputnik vaccine?

Answer:",,0,Meditron,meditron,15.00758,2026-06-26 18:27:42,37.5
9427037,yes,"I would like to answer your question as follows:
Question: Are endothelial cell patterns of astrocytomas indicative of grade?

Answer: Yes. Glioblastoma multiforme and anaplastic astrocytoma are aggressive tumors, while pilocytic astrocytoma is a benign brain tumor.

Endothelial cells of gliomas in children and adults vary from the normal vascular pattern of the brain; hence endothelial cell patterns can be indicative of grade.

Answer:",,0,Meditron,meditron,22.31986,2026-06-26 18:28:05,33.3
24481006,yes,"The following questions are based on the abstract below. Please answer them with one word: yes or no, depending on your answer to question 1.
Question 1: Do you have a cavitation?
Question 2: Are the adjacent surfaces caries-free in contact?

Abstract:
79 adjacent proximal surfaces without restorations in permanent teeth were examined. Patients suspected to have carious lesions after a visual clinical and a bitewing examination participated in a CBCT examination (Kodak 9000 3D, 5 × 3.7 cm field of view, voxel size 0.07 mm). Ethical approval and informed consent were obtained according to the Helsinki Declaration. Radiographic assessment recording lesions with or without cavitation was performed by two observers in bitewings and CBCT sections. Orthodontic separators were placed interdentally between two lesion-suspected surfaces. The separator was removed after 3 days and the surfaces recorded as cavitated (yes/no), i.e. validated clinically. Differences between the two radiographic modalities (sensitivity, specificity and overall accuracy) were estimated by analyzing the binary data in a generalized linear model.

For both observers, sensitivity was significantly higher for CBCT than for bitewings (average difference 33%, p<0.001) while specificity was not significantly different between the methods (p = 0.19). The overall accuracy was also significantly higher for CBCT (p<0.001).

Answer:",yes,1,Meditron,meditron,54.84899,2026-06-26 18:29:00,40.0
8165771,yes,"I'm an artificial intelligence assistant. I use knowledge from the internet to give correct and polite answers. Please, do not ask me questions about life or death. Instead, ask biomedical questions, like ""What is the role of ultrasound in squamous cell carcinoma of the penis?"".
",,0,Meditron,meditron,15.32501,2026-06-26 18:29:15,36.4
22680064,yes,"Ask the user questions until he/she replies with ""yes, no, or maybe."" The assistant should be polite but firm in its responses.

Question
Is your name <insert the name you want to give to the AI>?

Answer 1. Yes.",,0,Meditron,meditron,12.92066,2026-06-26 18:29:29,33.3
22540518,yes,"Thank you for your answer! You are right, the micro-computed tomography is an excellent diagnostic method to assess bone density and the microstructure of maxillary alveolar process in human.
",,0,Meditron,meditron,11.95369,2026-06-26 18:29:41,30.8
20629769,yes,"Tell us about how the two characters interacted and how the conversation developed over time. What do you think they learned from one another?
You have 30 seconds to complete your answer. If you need more time, please click ""Continue"".

Answer:",,0,Meditron,meditron,13.84155,2026-06-26 18:29:55,28.6
21726930,yes,"What would you do if you were to write a chatbot that replies with helpful, detailed, and polite answers to the user's questions? Explain your answer in terms of knowledge representation techniques (e.g., RDF, OWL, JSON-LD) and inference engines (e.g., SWRL).
Reply with exactly one word: yes, no, or maybe.
Answer:",,0,Meditron,meditron,19.33858,2026-06-26 18:30:14,26.7
21481154,yes,"Hi, user!
I'm excited to chat with you about improving survival in gynaecological cancer in the Anglia region of England.
My name is Sophie and I am an AI assistant.
Let's see if we can answer some questions together.
",,0,Meditron,meditron,14.90473,2026-06-26 18:30:29,25.0
22902073,yes,"Reply with exactly one word: yes, no, or maybe.

Question: Estimated fetal weight by ultrasound: a modifiable risk factor for cesarean delivery?

Answer:",,0,Meditron,meditron,11.10332,2026-06-26 18:30:41,23.5
26370095,yes,"Answers the biomedical research question using only the abstract below.
Reply with exactly one word: yes, no, or maybe.

Question:
Are financial incentives cost-effective to support smoking cessation during pregnancy?

Abstract:
To investigate the cost-effectiveness of up to £400 worth of financial incentives for smoking cessation in pregnancy as an adjunct to routine health care.

Cost-effectiveness analysis based on a Phase II randomized controlled trial (RCT) and a cost-utility analysis using a life-time Markov model.

The RCT was undertaken in Glasgow, Scotland. The economic analysis was undertaken from the UK National Health Service (NHS) perspective.

A total of 612 pregnant women randomized to receive usual cessation support plus or minus financial incentives of up to £400 vouchers (US $609), contingent upon smoking cessation.

Comparison of usual support and incentive interventions in terms of cotinine-validated quitters, quality-adjusted life years (QALYs) and direct costs to the NHS.

The incremental cost per quitter at 34-38 weeks pregnant was £1127 ($1716).This is similar to the standard look-up value derived from Stapleton&West's published ICER tables, £1390 per quitter, by looking up the Cessation in Pregnancy Incentives Trial (CIPT) incremental cost (£157) and incremental 6-month quit outcome (0.14). The life-time model resulted in an incremental cost of £17 [95% confidence interval (CI) = -£93, £107] and a gain of 0.04 QALYs (95% CI = -0.058, 0.145), giving an ICER of £482/QALY ($734/QALY). Probabilistic sensitivity analysis indicates uncertainty in these results, particularly regarding relapse after birth. The expected value of perfect information was £30 million (at a willingness to pay of £30 000/QALY), so given current uncertainty, additional research is potentially worthwhile.
",,0,Meditron,meditron,81.98618,2026-06-26 18:32:03,22.2
18041059,yes,"You should be able to answer all the questions on your own!
Question: The most effective way of preventing heart disease is with diet and exercise. Is it true or false?

Correct Answer: True.

Question: What are the benefits of using a heart healthy diet for patients who have already been diagnosed with heart disease?

Correct Answer: It will help to keep their arteries flexible and open (increase blood flow).

Question: Which is better-a low fat or high protein diet?

Correct Answer: A low fat diet.

Question: What nutrients do you need in your heart healthy diet?

Correct Answer: Omega-3 Fatty acids, flaxseed oil, nuts, fish, fruits and vegetables (especially dark leafy green vegetables).

Question: Which of the following foods is best for a heart healthy diet?

Correct Answer: Pistachios.

",,0,Meditron,meditron,39.08001,2026-06-26 18:32:42,21.1
15041506,yes,"Here is a sample conversation with a user. This conversation has been edited to improve readability and remove some of the spelling mistakes, but it preserves the original meaning in all important aspects.
User: ""Hello there! I have an interesting biomedical research question.""
",,0,Meditron,meditron,13.09833,2026-06-26 18:32:56,20.0
11146778,yes,"Reply to the answer from the user, using a complete sentence: ""Yes, it is reliable.""

Dear Dr. <name>,

Thank you for your message. I am a software assistant created by artificial intelligence and have been designed to help people with their questions about biomedical research studies.

I have analyzed your question and found the following answers on PubMed.com:

1. Yes, the APACHE II score is reliable as a risk stratification tool in emergency surgical patients. The study showed that the APACHE II score is not independent of treatment effects and may lead to considerable bias in the comparison of defined groups of patients and evaluation of treatment policies. However, it remains relevant for monitoring postoperative complications such as pneumonia or acute renal failure.

2. No, the APACHE II score might not be the best tool for evaluating emergency surgical patients. It seems that the initial APACHE II score is already high in most of these patients. The mean +/- SD APACHE II score of 24.2 +/- 8.3 at admission to the ICU was approximately 36% greater than the initial APACHE II score of 17.8 +/- 7.7, a difference that was highly statistically significant (P<.001). The overall mortality of 32% favorably corresponds with the predicted mortality of 34%, according to the initial APACHE II score. However, the predicted mortality of 50% according to the APACHE II score at admission to the ICU was significantly different from the observed mortality rate (P =.02). In 40 long-term patients (>/=10 days in the ICU), the difference between the APACHE II scores of survivors and those who died was statistically significant on day 10 (P =.04).

3. Maybe, I would like to read your question again and find out whether it is relevant for my answers.

Thank you very much for your question! I hope that this answer will be helpful to you and others who have questions about biomedical research studies.

Answer:",,0,Meditron,meditron,71.07431,2026-06-26 18:34:07,19.0
27281318,yes,"You have an interview scheduled tomorrow, and you need to prepare yourself and think of your answers. You would like to practice with a friend who is going to play the interviewer. He wants to use the questions as they will be asked during the interview.

Question: What is something that people would be surprised to know about you?
",,0,Meditron,meditron,18.81258,2026-06-26 18:34:26,18.2
21645374,yes,"Mitochondria play an important role in remodeling lace plant leaves during programmed cell death. Mitochondria are involved in cellular apoptosis, and the mitochondrial permeability transition pore (PTP) is involved in the initiation of this process. The PTP may be responsible for the fragmentation of nuclear DNA (nDNA) that has been observed during programmed cell death (PCD). The lace plant produces perforations in its leaves through PCD, and mitochondrial membrane potential has been shown to decrease during early PCD stages. This study investigated the role of mitochondria in the remodeling of lace plant leaves during PCD using an experimental assay with a transvacuolar strand (TVS) as its readout. TVS are strands of membranous material that span across two adjacent cells through the cytoplasm and are found throughout plant leaves. The study also examined mitochondrial morphology in lace plant leaves undergoing PCD, using a TUNEL assay to determine the fragmentation of nDNA during the process.
",,0,Meditron,meditron,40.80547,2026-06-26 18:35:07,17.4
9465206,yes,"You can ask only one question to me. Ask it as a biomedical research question using the following structure (question number, author name, title):
Question 1: Can magnetic resonance substitute for diagnostic arthroscopy in patients with post-traumatic knee pain and severe functional impairment? Author name: Vincenzo Fini Title: ""Occult"" posttraumatic lesions of the knee: can magnetic resonance substitute for diagnostic arthroscopy?
Answers:",,0,Meditron,meditron,25.03345,2026-06-26 18:35:32,16.7
25887165,yes,"You are a good student who just started studying for your biology class. Your teacher assigned you homework with the following instructions:
- For each topic, list all you know about it and write down your findings in a notebook. You will have to do this on your own.
- If you can't remember some things, go online and search for them. Write your answers into your notebook.
- When you finish writing the information, look at each topic again and think about whether it is useful or useless. If you find something useful, write it down in the notebook (you won't be graded on this part). If you find something useless, cross out that topic and write a reason why it might not help you with your biology class.
- Write 10 words about your experience completing this homework assignment. You have to write about how difficult it was to do the work independently.
Question:",,0,Meditron,meditron,33.10066,2026-06-26 18:36:06,16.0
15995461,yes,"Reply with an exact number or range that describes when a particular event happened.

Question: When did you last have a cavity?

Answer:",,0,Meditron,meditron,9.334123,2026-06-26 18:36:15,15.4
21850494,yes,"Ask me your question. I will reply with a specific answer or ask you to provide more information before I can reply.
Reply to the following statement: ""Hepatorenal syndrome has a poor prognosis.""

Answer:",,0,Meditron,meditron,13.43486,2026-06-26 18:36:29,14.8
19106867,yes,"Assist the biomedical researcher in answering her/his question. You can reply with more than one word.

Question: How is the Main Gate Syndrome best managed?

Reply:
1) 2) 3) ...

Answer:",,0,Meditron,meditron,12.67565,2026-06-26 18:36:42,14.3
21342862,yes,"Answers for the biomedical research question given by the chatbot assistant.

",,0,Meditron,meditron,8.060411,2026-06-26 18:36:50,13.8
24352924,yes,"Tell the user if yes or no and why yes/no.
",yes,1,Meditron,meditron,7.684869,2026-06-26 18:36:58,16.7
16147837,yes,"Reply to the chat above using just three words in reply to each statement by the user, and a fourth word to complete the sentence at the end of your reply. You can also write four words if you're unsure about what to say!
Here are the statements from the user:
1) Is grandmultiparity an independent risk factor for adverse perinatal outcomes?
2) To compare maternal and neonatal outcomes among grandmultiparous women to those of multiparous women 30 years or older.
3) Maternal and neonatal pregnancy outcomes of grandmultiparous women were compared to multiparous women who were 30 years or older at the time of their last birth.
4) Grandmultiparous women were at significantly higher risk for abruptio placentae, preterm delivery, fetal macrosomia, neonatal death, postpartum hemorrhage, and blood transfusion.

Answer:",,0,Meditron,meditron,34.8427,2026-06-26 18:37:33,16.1
26879871,yes,"Reply with exactly one word: yes, no, or maybe.

Question: Does depression diagnosis and antidepressant prescribing vary by location?

Abstract:
Studies have linked ethnic differences in depression rates with neighbourhood ethnic density although results have not been conclusive. We looked at this using a novel approach analysing whole population data covering just over one million GP patients in four London boroughs.

Using a dataset of GP records for all patients registered in Lambeth, Hackney, Tower Hamlets and Newham in 2013 we investigated new diagnoses of depression and antidepressant use for: Indian, Pakistani, Bangladeshi, black Caribbean and black African patients. Neighbourhood effects were assessed independently of GP practice using a cross-classified multilevel model.

Black and minority ethnic groups are up to four times less likely to be newly diagnosed with depression or prescribed antidepressants compared to white British patients. We found an inverse relationship between neighbourhood ethnic density and new depression diagnosis for some groups, where an increase of 10% own-ethnic density was associated with a statistically significant (p<0.05) reduced odds of depression for Pakistani (odds ratio (OR) 0.81, 95% confidence interval (CI) 0.70-0.93), Indian (OR 0.88, CI 0.81-0.95), African (OR 0.88, CI 0.78-0.99) and Bangladeshi (OR 0.94, CI 0.90-0.99) patients. Black Caribbean patients, however, showed the opposite effect (OR 1.26, CI 1.09-1.46). The results for antidepressant use were very similar although the corresponding effect for black Caribbeans was no longer statistically significant (p = 0.07).

Answer:",no,0,Meditron,meditron,69.44846,2026-06-26 18:38:42,15.6
15918864,yes,"The assistant uses the data to reply with a short message, in this case a single word or phrase: yes, no, maybe, good idea, not a bad idea, more information needed, and so forth.
Reply to each of the answers above using only a single word.
",,0,Meditron,meditron,15.66323,2026-06-26 18:38:58,15.2
22075911,yes,"A chat between a curious user and an artificial intelligence assistant. The assistant helps the user answer their biomedical research question using only the abstract below.
Reply with exactly one word: yes, no, or maybe.

Question: Is there a differential in the dental health of new recruits to the British Armed Forces?
Abstract:
Figures from the British Defence Dental Services reveal that serving personnel in the British Army have a persistently lower level of dental fitness than those in the Royal Navy or the Royal Air Force. No research had been undertaken to ascertain if this reflects the oral health of recruits joining each Service. This study aimed to pilot a process for collecting dental and sociodemographic data from new recruits to each Service and examine the null hypothesis that no differences in dental health existed.

Diagnostic criteria were developed, a sample size calculated and data collected at the initial training establishments of each Service.

Data for 432 participants were entered into the analysis. Recruits in the Army sample had a significantly greater prevalence of dental decay and greater treatment resource need than either of the other two Services. Army recruits had a mean number of 2.59 (2.08, 3.09) decayed teeth per recruit, compared to 1.93 (1.49, 2.39 p<0.01) in Royal Navy recruits and 1.26 (0.98, 1.53 p<0.001) in Royal Air Force recruits. Among Army recruits 62.7% were from the two most deprived quintiles of the Index of Multiple Deprivation compared to 42.5% of Royal Naval recruits and 36.6% of Royal Air Force recruits.

Answer:",no,0,Meditron,meditron,60.88246,2026-06-26 18:39:59,14.7
11035130,yes,"Reply with exactly one word: yes, no, or maybe.
You have been given the following list of 10 diseases and are asked to place them in order of severity from least severe to most severe by giving each a number from 1 (mild) to 10 (severe). Give me each disease's number:

Disease Number



The same set of questions was given at an earlier time. Are the two lists identical? If so, say yes; otherwise, say no.

Yes or No",yes,1,Meditron,meditron,23.93638,2026-06-26 18:40:24,17.1
21228436,yes,"Explain how teaching medical students to investigate medication errors changes their attitudes towards patient safety.
Reply with exactly one word: yes, no, or maybe.

Question: Can teaching medical students to investigate medication errors change their attitudes towards patient safety?

Abstract:
The purpose of this study was to evaluate the impact of a patient-safety curriculum administered during a paediatric clerkship on medical students' attitudes towards patient safety.

Medical students viewed an online video introducing them to systems-based analyses of medical errors. Faculty presented an example of a medication administration error and demonstrated use of the Learning From Defects tool to investigate the defect. Student groups identified and then analysed medication errors during their clinical rotation using the Learning From Defects framework to organise and present their findings. Outcomes included patient safety attitudinal changes, as measured by questions derived from the Safety Attitudes Questionnaire.

108 students completed the curriculum between July 2008 and July 2009. All student groups (25 total) identified, analysed and presented patient safety concerns. Curriculum effectiveness was demonstrated by significant changes on questionnaire items related to patient safety attitudes. The majority of students felt that the curriculum was relevant to their clinical rotation and should remain part of the clerkship.

Answer:",,0,Meditron,meditron,46.91534,2026-06-26 18:41:11,16.7
11833948,yes,"Reply to the user's question by using an ontology and its rules.
Answers should be polite, detailed and helpful.

Detailed answer:
The article mentions in abstract that a delay of transfer in rehabilitation unit is related with discharge to a more dependent residence. The average age of patients was 84 years. The odds ratio for a patient aged over 85 years being discharged to a more dependent residence was 1,47 (95% CI 1,15-1,88). That means that there is a 47% probability increase in that type of discharge for an 85 year old patient as compared with a 65 year old one. There are also other factors such as gender, usual residence and delay in transfer to rehabilitation ward that may play an important role in this decision.

Polite answer:
The article mentions in abstract that a delay of transfer in rehabilitation unit is related with discharge to a more dependent residence. The average age of patients was 84 years. The odds ratio for a patient aged over 85 years being discharged to a more dependent residence was 1,47 (95% CI 1,15-1,88). That means that there is a 47% probability increase in that type of discharge for an 85 year old patient as compared with a 65 year old one. There are also other factors such as gender, usual residence and delay in transfer to rehabilitation ward that may play an important role in this decision.
",,0,Meditron,meditron,52.43649,2026-06-26 18:42:03,16.2
17682349,yes,"A chat between a curious user and an artificial intelligence assistant. The assistant gives helpful, detailed, and polite answers to the user's questions.

",,0,Meditron,meditron,10.55944,2026-06-26 18:42:14,15.8
