pmid,gold,raw_prediction,parsed_prediction,correct,ollama_model,model,total_seconds,timestamp,accuracy_percent
12377809,yes,"yes
The analysis found that anorectal endosonography can measure changes in the anal sphincter and musculus puborectalis during voluntary movements, which may be indicative of dysfunction in patients with dyschesia. The study suggests a significant difference in these measurements between patients and controls, indicating potential alterations in muscle function. These findings support the use of anorectal endosonography as a valuable tool for assessing dyschesia.",yes,1,AnatomyTutorFast,anatomy-tutor-fast,5.105176,6/26/2026 21:43,100
26163474,yes,"yes
The presence of sublingual varices is associated with an increased risk of developing hypertension due to their connection to the blood vessels in the neck, which can lead to high blood pressure. The study found that patients with grade 1 sublingual varices had significantly higher systolic and diastolic blood pressures compared to those without varices. Additionally, the presence of varices was correlated with a higher risk of developing hypertension, suggesting a potential link between the two conditions.",yes,1,AnatomyTutorFast,anatomy-tutor-fast,6.96248,6/26/2026 21:43,100
19100463,yes,"yes
The affinity column-mediated immunoassay method is more accurate than the microparticle enzyme immunoassay method for measuring tacrolimus concentrations, as it provides a more precise and consistent result. The difference between the two methods was found to be larger in low hematocrit samples, suggesting that the ACMIA method may be less affected by variations in red blood cell concentration. Additionally, the Bland-Altman plot showed no significant trends or correlations between the two methods, indicating that they are suitable alternatives for measuring tacrolimus concentrations.",yes,1,AnatomyTutorFast,anatomy-tutor-fast,7.383613,6/26/2026 21:43,100
18537964,yes,"yes
The abstract suggests that a physician's specialty can influence the depth and accuracy of medication histories recorded in patient medical records, with certain specialties having higher frequencies of documenting specific aspects of patient care. This highlights the importance of considering a physician's specialty when interpreting patient data.",yes,1,AnatomyTutorFast,anatomy-tutor-fast,4.12197,6/26/2026 21:43,100
12913878,yes,"yes
The Nd:YAG laser-induced thermo therapy disrupts the blood-brain barrier in rats, allowing chemotherapeutic agents like paclitaxel to pass through and reach brain tissue. This disruption is associated with changes in the permeability of the BBB, which can be detected using Evans blue and immunohistochemistry techniques. The study suggests that LITT-induced BBB disruption could be a viable approach for treating malignant glioma.",yes,1,AnatomyTutorFast,anatomy-tutor-fast,5.53051,6/26/2026 21:44,100
12765819,yes,"yes
The femur is a long bone in the human body that connects the hip to the knee, providing support and stability when standing or walking. Its unique shape allows it to absorb shock and distribute weight evenly, making it an essential part of the skeletal system. The femur also plays a crucial role in movement, particularly during activities like running and jumping.",yes,1,AnatomyTutorFast,anatomy-tutor-fast,4.900111,6/26/2026 21:44,100
25475395,yes,"yes
The study found that higher levels of total testosterone (TT) and androstenedione are associated with increased sexual desire in healthy women. The correlation is strongest when considering the total score of the Female Sexual Function Index, which measures overall sexual desire. However, the relationship between ADT-G and sexual desire was not significant, suggesting it may be less reliable as a marker for sexual desire compared to TT and androstenedione.",yes,1,AnatomyTutorFast,anatomy-tutor-fast,5.885125,6/26/2026 21:44,100
19130332,yes,"yes
The zeolite hemostatic agent, QuikClot - Advanced Clotting Sponge (QC-ACS), helps to reduce blood loss by promoting clot formation and stabilizing the injured artery. This leads to a decrease in blood pressure drop, increased lactate levels, and improved physiological parameters such as prothrombin time and hematocrit levels. The application of QC also generates heat production, which may be beneficial for wound healing.",yes,1,AnatomyTutorFast,anatomy-tutor-fast,5.86926,6/26/2026 21:44,100
9427037,yes,"yes
The vascular pattern of astrocytomas can indicate their grade. In general, higher-grade tumors tend to have more abnormal vessels, such as those with glomeruloid clusters or prominent intimal hyperplasia. The presence of vWF-positive single cells/microvessels within the tumor substance also suggests an increased vessel density and a more aggressive tumor behavior.",yes,1,AnatomyTutorFast,anatomy-tutor-fast,5.07556,6/26/2026 21:44,100
24481006,yes,"yes
The use of cone beam computed tomography (CBCT) to assess cavitation in proximal surfaces can provide more accurate and detailed images than bitewings, allowing for a better understanding of the extent of caries lesions. This is because CBCT can capture smaller cavities and provide more precise measurements. The results suggest that CBCT may be a useful tool in evaluating the presence of cavitation in proximal teeth without restorations.",yes,1,AnatomyTutorFast,anatomy-tutor-fast,5.804207,6/26/2026 21:44,100
8165771,yes,"yes
Ultrasound examination can provide useful information about the extent and invasion of squamous cell carcinoma of the penis, helping to refine clinical staging. The use of ultrasound allows for more accurate assessment of the depth of invasion into the corpora cavernosa compared to histopathological examination alone. This can lead to improved patient outcomes by allowing for more precise surgical planning.",yes,1,AnatomyTutorFast,anatomy-tutor-fast,4.725816,6/26/2026 21:44,100
22680064,yes,"yes
The study found that ultrasound can predict the likelihood of a cephalic (head-down) presentation in one twin, with high accuracy around 28-32 weeks of gestation. This suggests that early ultrasounds may be useful in predicting the first twin's presentation at delivery. The findings also indicate that the predictive value improves as the pregnancy progresses.",yes,1,AnatomyTutorFast,anatomy-tutor-fast,4.703819,6/26/2026 21:44,100
22540518,yes,"yes
The micro-CT scans provided detailed images of the maxillary alveolar bone, allowing for accurate analysis of its structure and density. The high correlation between BV/TV values obtained from micro-CT and conventional histomorphometry methods suggests that micro-CT is a reliable tool for assessing bone structure. This method can help researchers and clinicians better understand the relationship between bone density and microstructural characteristics.",yes,1,AnatomyTutorFast,anatomy-tutor-fast,5.61929,6/26/2026 21:44,100
20629769,yes,"yes
The study found that patients who underwent primary angioplasty were generally satisfied with their care, particularly when it came to speed of treatment and convenience of visiting. However, some aspects of care, such as discharge and aftercare, were rated lower in the intervention group. These findings suggest that while primary angioplasty may be a viable alternative to thrombolysis for certain patients, it is not without its drawbacks.",yes,1,AnatomyTutorFast,anatomy-tutor-fast,5.523376,6/26/2026 21:44,100
21726930,yes,"yes
The increased expression of VEGF is associated with thickened vessel walls in endometrial polyps, which are a characteristic feature of these lesions. This increase in VEGF levels may contribute to the development of endometrial polyps by promoting angiogenesis and potentially leading to fibrosis. The presence of TGF-β1 in stromal cells also supports this idea, as it is involved in the regulation of tissue repair and remodeling processes that can be altered in endometrial polyps.",yes,1,AnatomyTutorFast,anatomy-tutor-fast,7.076905,6/26/2026 21:45,100
21481154,yes,"yes
The adoption of the DH guidance led to improved survival rates among patients with gynaecological cancer, as indicated by the significant reduction in mortality rates between 1996 and 1999. This improvement was observed across all sites within the Anglia Cancer Network. The shift towards more specialized care also contributed to the decline in mortality rates.",yes,1,AnatomyTutorFast,anatomy-tutor-fast,4.816592,6/26/2026 21:45,100
22902073,yes,"Yes
The study found a significant association between ultrasound-obtained estimated fetal weight and the likelihood of cesarean delivery. Women with higher estimated fetal weights were more likely to have a cesarean delivery than those with lower weights. The increased risk was most pronounced for fetuses weighing over 3500 grams.",yes,1,AnatomyTutorFast,anatomy-tutor-fast,4.277595,6/26/2026 21:45,100
26370095,yes,"yes
The financial incentives provided by the study resulted in a higher cost per quitter compared to standard cessation support. The incremental cost per quitter was approximately £1127 ($1716) for pregnant women who received the incentive interventions. This is significantly higher than the standard incremental cost of £1390 per quitter, indicating that while the financial incentives may be cost-effective, they are not sufficient on their own to achieve significant improvements in smoking cessation rates.",yes,1,AnatomyTutorFast,anatomy-tutor-fast,6.247173,6/26/2026 21:45,100
18041059,yes,"yes
The abstract suggests that adjuvant aromatase inhibitors may increase the risk of cardiovascular events in postmenopausal women with early breast cancer, but the absolute difference is relatively small compared to other potential risks. The increased risk is most pronounced when considering third-generation AIs and for specific types of cardiovascular events.",yes,1,AnatomyTutorFast,anatomy-tutor-fast,4.930956,6/26/2026 21:45,100
15041506,yes,"yes
The abstract highlights a limitation in existing research on treating liver hydatid cysts through minimally invasive surgical methods. The study found that only 10% of surgeons preferred laparoscopic surgery, while 78% cited fear of anaphylactic shock as the main reason for not adopting this technique. This suggests that fear may be a significant barrier to widespread adoption of percutaneous and laparoscopic techniques in treating liver hydatid cysts.",yes,1,AnatomyTutorFast,anatomy-tutor-fast,5.577625,6/26/2026 21:45,100
11146778,yes,"yes
The APACHE II score is a complex metric that takes into account various physiological factors, but its reliability as a marker of physiological impairment in emergency surgical patients is questionable due to the potential for bias introduced by treatment and postoperative monitoring. The study found significant differences between predicted and observed mortality rates based on different APACHE II scores at admission to the ICU, suggesting that the score may not accurately reflect an individual's physiological state. Furthermore, the study noted a statistically significant difference in long-term survival between survivors and patients who died after 10 days in the ICU.",yes,1,AnatomyTutorFast,anatomy-tutor-fast,7.435931,6/26/2026 21:45,100
27281318,yes,"yes
The femur, or thigh bone, has two main parts that are important for knee stability and movement. The long part of the femur is called the femoral neck, while the shorter part is called the femoral shaft. In anterior cruciate ligament (ACL) reconstruction, a key goal is to create adequate femoral tunnel lengths, which allow for proper fixation of the graft material.

The flexible reamer system used in this study was designed to help achieve these longer tunnel lengths by allowing for more precise control over the drill bit's movement and minimizing damage to surrounding structures. By drilling at different angles (70°, 90°, and 120°) and varying flexion levels, researchers aimed to understand how these factors impact femoral tunnel length.

The study found a trend towards longer femoral tunnel lengths with increasing knee flexion angle, suggesting that the technique may be effective for creating adequate tunnel lengths in ACL reconstruction. However, there were no significant differences between groups with respect to distance to important lateral structures or common peroneal nerve location.",yes,1,AnatomyTutorFast,anatomy-tutor-fast,12.73048,6/26/2026 21:45,100
21645374,yes,"yes
The mitochondria play a role in the developmentally regulated programmed cell death (PCD) process by regulating mitochondrial dynamics, including distribution, motility, and membrane potential. This regulation is crucial for the progression of PCD from early stages to late stages, as it affects the movement of cells towards perforation. The presence of these characteristics in mitochondria helps ensure that cells undergoing PCD are properly targeted and eliminated.",yes,1,AnatomyTutorFast,anatomy-tutor-fast,5.999432,6/26/2026 21:45,100
9465206,yes,"yes
The femur is a long bone that extends from the hip to the knee, and its shape and structure play a crucial role in supporting weight-bearing activities. The femur's unique shape allows it to withstand stress and movement, but also makes it vulnerable to injury when subjected to trauma or excessive force. This vulnerability can lead to hidden injuries, such as ""occult"" posttraumatic lesions, which are not visible on plain radiographs due to their location or type.",yes,1,AnatomyTutorFast,anatomy-tutor-fast,6.999263,6/26/2026 21:46,100
25887165,yes,"yes
The study found that sensation returned to normal levels in the nasal tip over time, indicating a gradual recovery process. This suggests that the numbness caused by microfat grafting may be reversible with appropriate follow-up care. The gradual improvement in sensation is likely due to the natural healing process and adaptation of the affected area.",yes,1,AnatomyTutorFast,anatomy-tutor-fast,4.60347,6/26/2026 21:46,100
15995461,yes,"yes
The article suggests that a correlation exists between road traffic deaths (group 1 states) and other types of injuries (such as falls or poisoning), which may be due to similar underlying factors such as poor infrastructure, lack of pedestrian safety measures, or inadequate emergency services. This relationship is supported by the fact that group 1 states had higher injury mortality rates than group 2 states, suggesting a possible causal link between road traffic deaths and other types of injuries. The article implies that addressing road traffic deaths may help reduce overall injury rates in these areas.",yes,1,AnatomyTutorFast,anatomy-tutor-fast,6.44861,6/26/2026 21:46,100
21850494,yes,"yes
The study found that certain variables, such as increased serum creatinine and urinary sodium levels at the start of treatment, predicted mortality in patients with hepatorenal syndrome. These factors are likely related to the underlying liver disease or kidney dysfunction. The results suggest that these prognostic factors may be useful in identifying patients who are at higher risk for poor outcomes.",yes,1,AnatomyTutorFast,anatomy-tutor-fast,5.346763,6/26/2026 21:46,100
19106867,yes,"yes
The Main Gate Syndrome refers to a new approach in mass casualty victim management where multiple trauma centers work together as a ""gate"" system to quickly assess and treat patients, prioritizing those with the most urgent injuries. This collaborative approach allows for more efficient triage and emergency surgical procedures. By working together, medical teams can rapidly identify and prioritize patients based on their level of injury severity.",yes,1,AnatomyTutorFast,anatomy-tutor-fast,4.79252,6/26/2026 21:46,100
21342862,yes,"yes
The abstract suggests that the Turkish version of the EQ-5D has good construct validity in patients with acute coronary syndrome, as it correlated well with other quality of life measures such as the MacNew heart-related quality of life scale and the EQ-5D VAS score. The findings also indicate that the EQ-5D is effective in measuring the impact of acute coronary syndrome on a patient's quality of life.",yes,1,AnatomyTutorFast,anatomy-tutor-fast,5.482316,6/26/2026 21:46,100
24352924,yes,"yes
The ultrasonography method accurately measures Schanz pin protrusion lengths, but it is less accurate for larger pin protrusions and may underestimate small pin protrusions. This discrepancy can lead to underestimation of pin length in certain cases. Despite this limitation, the ultrasound method provides a reliable and cost-effective alternative for evaluating Schanz pin placement during extremity fracture fixation.",yes,1,AnatomyTutorFast,anatomy-tutor-fast,5.069891,6/26/2026 21:46,100
16147837,yes,"yes
The grandmultiparous women in the study population had a higher risk of experiencing abruptio placentae, preterm delivery, fetal macrosomia, neonatal death, postpartum hemorrhage, and blood transfusion due to their advanced reproductive age. This is likely due to the increased likelihood of complications during pregnancy and childbirth associated with older maternal age. Grandmultiparity may also be a contributing factor to these adverse outcomes.",yes,1,AnatomyTutorFast,anatomy-tutor-fast,5.942271,6/26/2026 21:46,100
26879871,yes,"yes
The study found a strong geographical variation in depression diagnosis and antidepressant prescribing among different ethnic groups, with some groups being more likely to be newly diagnosed or prescribed medication due to their location. This suggests that the relationship between neighbourhood ethnic density and mental health outcomes may be influenced by local factors such as access to healthcare services, social support networks, and cultural norms. The findings highlight the need for culturally sensitive and tailored approaches to addressing depression in diverse communities.",yes,1,AnatomyTutorFast,anatomy-tutor-fast,6.113163,6/26/2026 21:46,100
15918864,yes,"yes

This suggests that even when controlling for other factors such as breastfeeding and infant illness, low socioeconomic status can still be a significant barrier to accessing necessary information and services during the early postpartum period. The fact that women of lower socioeconomic status were more likely to report unmet learning needs related to 9 out of 10 topics implies that these concerns may not be addressed adequately in their communities or healthcare systems. This highlights the need for targeted interventions that address specific knowledge gaps and support access to resources for low-income individuals.",yes,1,AnatomyTutorFast,anatomy-tutor-fast,6.791866,6/26/2026 21:46,100
22075911,yes,"yes
The study found a significant difference in dental health between new recruits serving in the British Army and those from the Royal Navy or Royal Air Force, with Army recruits experiencing higher levels of dental decay and treatment needs compared to their counterparts in these other two services. The data also showed that Army recruits were more likely to be from the most deprived areas, indicating a possible link between socioeconomic status and oral health outcomes.",yes,1,AnatomyTutorFast,anatomy-tutor-fast,5.441283,6/26/2026 21:47,100
11035130,yes,"yes
The study found that stopping folic acid supplements in patients with rheumatoid arthritis who are taking methotrexate can lead to increased nausea and potentially decreased efficacy of the medication. The researchers also observed a slight increase in disease activity among those who stopped their folic acid supplements, although this was not significant.",yes,1,AnatomyTutorFast,anatomy-tutor-fast,4.754159,6/26/2026 21:47,100
21228436,yes,"yes
The study found a positive impact on medical students' attitudes towards patient safety, as measured by a questionnaire, after participating in a patient-safety curriculum. This suggests that teaching medical students about medication errors can lead to changes in their attitudes and behaviors related to patient safety. By introducing systems-based analyses of medical errors, the curriculum helped students develop a more nuanced understanding of patient safety issues.",yes,1,AnatomyTutorFast,anatomy-tutor-fast,5.030082,6/26/2026 21:47,100
11833948,yes,"yes
The study found that older adults who were transferred to a rehabilitation ward had a higher risk of returning to their usual residence, which may indicate poorer outcomes due to increased dependence and reduced mobility. The longer hospital length of stay was also associated with delayed discharge to a more dependent residence, suggesting that the delay in transfer affected patient recovery and independence. This suggests that timely transfer to a rehabilitation unit is crucial for optimal patient outcomes after a proximal femur fracture.",yes,1,AnatomyTutorFast,anatomy-tutor-fast,5.743681,6/26/2026 21:47,100
17682349,yes,"yes
The study found that African American women tended to delay seeking medical help for AMI symptoms longer than their male counterparts, particularly when they were alone at home or received advice to call 911. This suggests a possible disparity in access to timely care and awareness of the importance of seeking help promptly. The findings may indicate that cultural or social factors contribute to these differences in delay times.",yes,1,AnatomyTutorFast,anatomy-tutor-fast,5.163222,6/26/2026 21:47,100
17355582,yes,"yes
The study found that better health-related quality of life outcomes are associated with improved process of care for patients with chronic disease, particularly when it comes to managing their condition and reducing symptoms. The researchers suggest that focusing on improving the process of care can lead to significant improvements in patient well-being. By identifying areas where patients' needs are being met or not, healthcare providers can make targeted interventions to enhance quality of life.",yes,1,AnatomyTutorFast,anatomy-tutor-fast,5.502538,6/26/2026 21:47,100
15597845,yes,"yes
The combination of 2-methoxyestradiol (2ME) with some chemotherapy drugs, such as epirubicine and carboplatin, appears to have a synergistic effect on reducing cancer cell growth. This suggests that using 2ME in conjunction with these chemotherapeutic agents may be an effective way to treat human ovarian cancer more efficiently. The addition of 2ME enhances the anti-cancer effects of these drugs, making them potentially more effective against cancer cells.",yes,1,AnatomyTutorFast,anatomy-tutor-fast,6.273036,6/26/2026 21:47,100
10158597,yes,"yes
The introduction of a dedicated discharge coordinator led to an improvement in the quality of hospital discharge planning by reducing readmission rates and improving patient satisfaction. The coordinator's role focused on coordinating care transitions, which resulted in more efficient use of resources and better management of patients' needs after discharge. By streamlining the discharge process, the coordinator helped reduce problems experienced by patients after discharge.",yes,1,AnatomyTutorFast,anatomy-tutor-fast,5.325922,6/26/2026 21:47,100
27549226,yes,"yes
The MPH program graduates reported significant changes in workplace management and leadership roles, which improved the overall quality of care provided. These changes were attributed to the development of leadership capacity among graduates, who were able to influence policy and practice at a national level. The graduates' ability to introduce innovative solutions and promote community engagement also contributed to their impact on health systems.",yes,1,AnatomyTutorFast,anatomy-tutor-fast,5.541099,6/26/2026 21:47,100
26348845,yes,"yes
The rapid prescreening method detected glandular cell abnormalities in a significant proportion of Pap smears, including high-grade squamous intraepithelial lesions and carcinoma. This suggests that RPS may be useful for detecting glandular cell abnormalities, but it is essential to consider the limitations of this method, such as false-negative cases due to early detection of AGC.",yes,1,AnatomyTutorFast,anatomy-tutor-fast,5.312279,6/26/2026 21:47,100
25588461,yes,"yes
The study found that transcranial direct current stimulation (tDCS) can increase cortical activity and connectivity in individuals with severe disorders of consciousness, including those who are minimally conscious state patients. This suggests that tDCS may be useful in differentiating unresponsive wakefulness syndrome from minimally conscious state patients based on electrophysiological changes. The results indicate that tDCS can potentially ""unmask"" residual conscious awareness or behavioral patterns in these patients.",yes,1,AnatomyTutorFast,anatomy-tutor-fast,6.077771,6/26/2026 21:47,100
23359100,yes,"yes
Etoricoxib's effectiveness in preventing heterotopic ossification is supported by its ability to reduce gastrointestinal side effects compared to traditional NSAIDs, which may contribute to a lower incidence of this complication. The study found that etoricoxib significantly reduced the rate of heterotopic ossification, with 62% of patients taking it experiencing no ossification or mild grade 1 ossification. This suggests that etoricoxib may be an effective alternative for preventing heterotopic ossification after primary total hip arthroplasty.",yes,1,AnatomyTutorFast,anatomy-tutor-fast,6.943091,6/26/2026 21:48,100
26548832,yes,"yes
The phone interview method may have slightly lower reliability compared to the self-survey method due to potential biases in recall and response accuracy during a phone call. However, the difference was not statistically significant, suggesting that both methods yield similar results for assessing patient-reported outcomes. The study's findings support the use of either method, highlighting the importance of considering individual patient factors when selecting an assessment approach.",yes,1,AnatomyTutorFast,anatomy-tutor-fast,6.265285,6/26/2026 21:48,100
25756710,yes,"yes
The STANDING test is a clinical diagnostic tool that assesses the central cause of vertigo in patients presenting with isolated vertigo. By evaluating spontaneous nystagmus, direction, head impulse, and gait, EPs can accurately identify whether patients have central acute vertigo or another underlying condition. The study found high sensitivity (92.9%) and specificity (96.4%) for central acute vertigo among the tested patients.",yes,1,AnatomyTutorFast,anatomy-tutor-fast,6.298179,6/26/2026 21:48,100
20297950,yes,"yes
The use of fenofibrate may help reduce the percentage of time spent with SpO2 less than 90%, indicating a potential benefit in patients with sleep apnea syndrome. Fenofibrate's effect on obstructive apneas was significant, while its impact on non-cortical micro-awakenings per hour was also notable.",yes,1,AnatomyTutorFast,anatomy-tutor-fast,5.615896,6/26/2026 21:48,100
24622801,yes,"yes
The antibacterial-loaded hydrogel is able to deliver its antibacterial compounds quickly, within a few hours, which suggests that it can effectively reduce bacterial colonization and biofilm formation in vitro. The fact that complete release of all tested antibacterial compounds was observed in less than 96 hours indicates that the coating is highly effective at delivering its active ingredients. The combination of the hydrogel with various antibacterials also showed promising results, suggesting that the coating may be able to provide broad-spectrum antimicrobial activity against a range of bacteria.",yes,1,AnatomyTutorFast,anatomy-tutor-fast,6.760717,6/26/2026 21:48,100
9722752,yes,"yes
The bone anchor system is a modification of percutaneous needle suspension that uses a bone anchor to secure the suture at the pubocervical fascia, providing additional stability for the bladder neck. This improvement in fixation can lead to better outcomes for female stress urinary incontinence patients, as measured by clinical follow-up and urodynamic assessments. The use of a bone anchor system may reduce the risk of complications such as detrusor instability and bacterial infection.",yes,1,AnatomyTutorFast,anatomy-tutor-fast,6.086707,6/26/2026 21:48,100
20577124,yes,"yes
The study found that obese individuals had higher levels of leptin in their plasma compared to normal-weight controls, suggesting a potential link between leptin and increased phagocytic NADPH oxidase activity. The relationship between leptin and NADPH oxidase activity was also observed in vitro, where the presence of leptin activated the enzyme. This suggests that leptin may play a role in promoting oxidative stress and vascular remodeling in obesity.",yes,1,AnatomyTutorFast,anatomy-tutor-fast,6.05452,6/26/2026 21:48,100
19027440,yes,"yes
The study found a strong link between pre-existing fears of cancer recurrence and the development of these fears in HNC survivors. The researchers used Leventhal's Common Sense Model to understand how psychological factors, such as anxiety and optimism, contribute to fear of recurrence. This suggests that addressing underlying emotional concerns before treatment can be an effective way to reduce long-term fears of recurrence.",yes,1,AnatomyTutorFast,anatomy-tutor-fast,5.136104,6/26/2026 21:48,100
18239988,yes,"yes
The abstract suggests that certain laboratory markers, such as the AST/ALT ratio and sex, are useful for distinguishing between nonalcoholic steatohepatitis (NASH) and alcoholic steatohepatitis (ASH). The presence of a higher AST/ALT ratio in ASH patients is more strongly associated with high-grade fibrosis. Additionally, the MCV (mean corpuscular volume) being elevated in 53% of ASH patients compared to normal levels in NASH patients may indicate an underlying metabolic disorder.",yes,1,AnatomyTutorFast,anatomy-tutor-fast,6.842283,6/26/2026 21:48,100
27858166,yes,"yes
The study found significant differences in the anatomy of the aortic arch between cases with different levels of injury severity, suggesting that the arch angle may play a role in determining the outcome of traumatic aortic injuries. The higher aortic arch angles were associated with more severe injuries, indicating a possible relationship between arch geometry and trauma severity. This suggests that anatomical factors, such as the shape of the aortic arch, may influence the likelihood and extent of injury.",yes,1,AnatomyTutorFast,anatomy-tutor-fast,5.987411,6/26/2026 21:49,100
27050489,yes,"yes
The misty mesentery appearance on multidetector computed tomography is often associated with obesity, which may be the underlying cause in some cases. This condition can lead to inflammation and irritation of the mesenteric fat layer, resulting in a cloudy or misty appearance on imaging studies. The presence of obesity as a potential trigger for this condition highlights the importance of considering body mass index (BMI) when evaluating patients with abdominal pain or other symptoms suggestive of misty mesentery.",yes,1,AnatomyTutorFast,anatomy-tutor-fast,6.281009,6/26/2026 21:49,100
16266387,yes,"yes
The study found that consuming fast food is associated with an increased risk of wheezing and asthma symptoms in children, particularly those who consume hamburgers more than once a week. The relationship between hamburger consumption and asthma symptoms appears to be stronger when compared to other types of fast food. This suggests that lifestyle changes related to diet may play a role in the development or exacerbation of asthma.",yes,1,AnatomyTutorFast,anatomy-tutor-fast,5.675779,6/26/2026 21:49,100
27287237,yes,"yes
The abstract discusses a study that investigated whether infectious disease doctors' assessments agree with a reference standard or with their colleagues, highlighting the importance of expert agreements for antimicrobial prescribing quality control. The researchers found that specialists generally agreed with the reference standard and each other in assessing antimicrobial appropriateness, suggesting high validity and reliability. This suggests that experts can effectively evaluate antimicrobial prescribing and that peer review is crucial for maintaining high standards in this area.",yes,1,AnatomyTutorFast,anatomy-tutor-fast,5.852791,6/26/2026 21:49,100
11079675,yes,"yes
The study found that the right ventricular volume and function remained unchanged after pulmonary valve replacement in adults late after repair of tetralogy of Fallot, suggesting that surgical timing may not be as critical as previously thought. The results indicate a relatively stable RV function post-repair, with only a small percentage of patients showing significant improvement in RV ejection fraction. This finding challenges the traditional view that early PVR is necessary to prevent long-term complications.",yes,1,AnatomyTutorFast,anatomy-tutor-fast,6.126944,6/26/2026 21:49,100
10331115,yes,"yes
The abstract describes an experiment to measure the serotonin (5-HT)2 and dopamine (D)2 receptor occupancy of amoxapine in healthy volunteers. The results showed that amoxapine occupied both receptors near saturation at doses above 100 mg/day, but never exceeded D2 occupancy. This suggests that amoxapine's pharmacological profile is consistent with being an atypical antipsychotic.",yes,1,AnatomyTutorFast,anatomy-tutor-fast,5.339344,6/26/2026 21:49,100
18594195,yes,"yes
The study compared older patients who agreed to participate in a self-management intervention with those who refused, looking at their demographic characteristics and reasons for refusal. It found that refusers had similar levels of physical functioning and emotional support as participants, but were more restricted in their mobility and lived further away from the intervention location. The main reason given by refusers was lack of time or travel distance.",yes,1,AnatomyTutorFast,anatomy-tutor-fast,5.255611,6/26/2026 21:49,100
22497340,yes,"yes
The horizontal semicircular canal ocular reflex is influenced by otolith organs input because the stimulation of the ice-water ear causes a change in the direction of gravity, which affects the axis of eye rotation. This, in turn, alters the normal symmetry of nystagmus patterns observed in the supine and prone positions.",yes,1,AnatomyTutorFast,anatomy-tutor-fast,4.242513,6/26/2026 21:49,100
16769333,yes,"yes
The flexible bronchoscope used during preoperative tracheobronchoscopy helps to visualize the airway and surrounding tissues, allowing for better diagnosis and treatment of complications such as carinal fistulas. By occluding these fistulas, TBS can improve ventilation and reduce the risk of respiratory complications. The procedure also enables healthcare providers to detect anomalies in the respiratory tree that may not be easily visible during surgery.",yes,1,AnatomyTutorFast,anatomy-tutor-fast,5.731903,6/26/2026 21:49,100
20571467,yes,"yes
The study found no significant differences in patient or graft outcomes between recipients of kidneys from elderly donors and those from younger donors. The survival rates at different time points were also similar for both groups.",yes,1,AnatomyTutorFast,anatomy-tutor-fast,3.711527,6/26/2026 21:49,100
12094116,yes,"yes
The study suggests that muscle power is not directly related to sprinting speed with changes of direction, but rather reactive strength and bilateral leg extensor muscle concentric power output play a more significant role. This implies that other factors such as neuromuscular coordination and movement patterns also contribute to overall running performance. The findings indicate that specific muscles may be more important for maintaining speed in certain directions than others.",yes,1,AnatomyTutorFast,anatomy-tutor-fast,5.234118,6/26/2026 21:49,100
17276182,yes,"yes
The KCNQ1 gene mutation R14C is linked to familial atrial fibrillation by affecting cardiac I(Ks) channel function. Mutant channels exhibit increased current and altered voltage dependence in response to cell stretching, which may contribute to the development of AF. This suggests a potential genetic link between stretch sensitivity and the pathogenesis of AF.",yes,1,AnatomyTutorFast,anatomy-tutor-fast,4.873547,6/26/2026 21:50,100
26419377,yes,"yes
The study found that during acetabular labral repair, certain anatomical structures in the pelvis are at risk of injury due to drilling and anchor insertion, particularly when the bone depth is too shallow or the drill angle is not controlled properly. The researchers identified specific zones on the acetabulum where injuries occurred, with a higher risk of perforation occurring when drilling depths were too close to 20mm.",yes,1,AnatomyTutorFast,anatomy-tutor-fast,5.517776,6/26/2026 21:50,100
23810330,yes,"yes
The use of intraoperative neuromonitoring (IONM) may help improve urogenital function by reducing the risk of urinary dysfunction, as observed in this study where 1/15 patients in the IONM group experienced new urinary dysfunction post-surgery. The control group showed a significant difference in residual urine volume and catheterization rate between groups. Additionally, the trend towards lower rates of sexual dysfunction after surgery suggests that IONM may also help with anorectal function, although this finding is not as clear-cut.",yes,1,AnatomyTutorFast,anatomy-tutor-fast,6.974621,6/26/2026 21:50,100
15151701,yes,"yes
The abstract describes a study examining the reliability and validity of an implicit chart review instrument for assessing quality of care in chronic diseases, with varying levels of evidence base. The results show that peer review can be effective, particularly when paired with other assessment methods, but may vary depending on the condition being evaluated.",yes,1,AnatomyTutorFast,anatomy-tutor-fast,4.662533,6/26/2026 21:50,100
23736032,yes,"yes
The study found that a significant majority of multidisciplinary team (MDT) decisions were concordant, with 91.5% being in line with the team's recommendations. However, there was some variation, with 4.5% and 4% of decisions being discordant. The remaining 2% had no MDT decision.",yes,1,AnatomyTutorFast,anatomy-tutor-fast,4.995271,6/26/2026 21:50,100
28143468,yes,"yes
The use of Performance Measurement Systems (PMS) can lead to significant improvements in healthcare process performance due to its direct positive impact on these areas. The presence of managerial discretion also appears to be positively affected by the strategic use of PMS, suggesting a mediating role for this factor.",yes,1,AnatomyTutorFast,anatomy-tutor-fast,4.071316,6/26/2026 21:50,100
23495128,yes,"yes
The study found that patients with knee osteoarthritis have varying preferences for colors to describe pain intensity, with red being a common choice for high-intensity pain due to its association with inflammation. The use of different colors was also linked to the type of pain experienced, such as aching or sharp pain.",yes,1,AnatomyTutorFast,anatomy-tutor-fast,4.51133,6/26/2026 21:50,100
12121321,yes,"yes
The abstract describes experiments using hippocampal slices from young guinea pigs to investigate the release of GABA by mossy fibers. These studies show that electrical stimuli can activate inhibitory GABAA receptors in CA3 pyramidal neurons, suggesting that mossy fibers may indeed release GABA. This is a crucial finding for understanding the neural basis of seizure generation and modulation.",yes,1,AnatomyTutorFast,anatomy-tutor-fast,5.178952,6/26/2026 21:50,100
18570208,yes,"yes
The study found a statistically significant difference in birth weight between term severely macrosomic neonates and controls, with the latter having smaller differences in fetal size compared to the former. This suggests that severe macrosomia may be associated with larger discrepancies in fetal growth at an early stage of pregnancy. The findings also indicate that the extent of macrosomia is correlated with the discrepancy between expected and measured fetal size.",yes,1,AnatomyTutorFast,anatomy-tutor-fast,5.436791,6/26/2026 21:50,100
28707539,yes,"yes
The study found that measuring visceral adipose tissue (VAT) area at a specific level on an abdominal CT scan can accurately reflect changes in VAT volume and body weight over time. This suggests that VAT area measurements may be useful for monitoring visceral fat accumulation. The correlation between VAT area and body weight changes was strongest when the measurement was taken 3 cm above the lower margin of L3, indicating that this location is a reliable indicator of VAT volume.",yes,1,AnatomyTutorFast,anatomy-tutor-fast,5.718958,6/26/2026 21:50,100
22117569,yes,"yes
The study found that implementing an advance care planning model in community palliative care services was feasible due to organizational commitment and preparedness for reform. The model's adaptability and flexibility allowed it to be successfully embedded into existing practices, including quality audit processes. This suggests that the model can be a useful tool for improving end-of-life care in community settings.",yes,1,AnatomyTutorFast,anatomy-tutor-fast,4.729079,6/26/2026 21:50,100
18783922,yes,"yes
The cytokines analyzed in this study, such as TNF-alpha, IFN-gamma, IL-1beta, IL-2, IL-4, and IL-6, are involved in the immune response and inflammation. These levels can be elevated during seizures, particularly in patients with more severe or prolonged seizures. The observed correlations between cytokine levels and seizure characteristics suggest that certain cytokines may play a role in epilepsy pathophysiology.

The presence of detectable cytokines in CSF samples indicates their potential involvement in the disease process. The decrease in cytokine levels over time during the seizure-free period suggests that these molecules are being cleared from the body.

This study's findings contribute to our understanding of the complex interactions between cytokines, seizures, and epilepsy.",yes,1,AnatomyTutorFast,anatomy-tutor-fast,9.799706,6/26/2026 21:51,100
15528969,yes,"yes
The study found that expert breast pathology assessment can improve pathologic reporting accuracy and impact management decisions, particularly for identifying high-risk patients. This suggests that having an expert assess DCIS specimens may be beneficial in making more informed decisions about patient care. By evaluating the relationship between expert assessment and treatment recommendations, the study highlights the importance of pathologists with specialized expertise in breast disease.",yes,1,AnatomyTutorFast,anatomy-tutor-fast,5.152506,6/26/2026 21:51,100
19482903,yes,"yes
The study found that the peak oxygen uptake measured on a treadmill test was not always reflective of the maximum oxygen uptake in children with spina bifida, suggesting that other factors may be influencing their exercise performance. The results indicate that the relationship between peak oxygen uptake and maximum oxygen uptake is complex, and more research is needed to fully understand this phenomenon. This study provides evidence for the need for further investigation into how children with spina bifida perform during exercise testing.",yes,1,AnatomyTutorFast,anatomy-tutor-fast,6.252473,6/26/2026 21:51,100
11977907,yes,"yes
The study found that patients with bilateral subclavian artery stenosis had a significant side-to-side difference in systolic blood pressure, which correlated with the severity of the stenosis. The more severe the stenosis, the greater the difference in blood pressure between the two arms. This suggests that the blood pressure difference can be used as an indicator of the severity of subclavian steal syndrome.",yes,1,AnatomyTutorFast,anatomy-tutor-fast,5.717508,6/26/2026 21:51,100
17306983,yes,"yes
The study found that size-reducing ascending aortoplasty with external reinforcement is an effective treatment option for patients with enlarged or dilated ascending aorta, and it can lead to significant improvements in aortic diameter and valve function. The procedure was associated with low hospital mortality and morbidity, suggesting its safety and efficacy.",yes,1,AnatomyTutorFast,anatomy-tutor-fast,4.897218,6/26/2026 21:51,100
24318956,yes,"yes
The abstract suggests that there is an association between the use of digoxin and an increased risk of prostate cancer, particularly among older adults with a history of cancer or those who have had multiple PSA tests in the past five years. Digoxin's anti-tumor activity may contribute to this association. The study found a significant reduction in PCa risk when digoxin was used, suggesting that it may be considered as a potential therapeutic option for prostate cancer treatment.",yes,1,AnatomyTutorFast,anatomy-tutor-fast,6.272441,6/26/2026 21:51,100
22266735,yes,"yes
The IADPSG criteria for diagnosing gestational diabetes mellitus (GDM) are more expensive than the current standard of care because they require additional prenatal monitoring and intensive postdelivery counseling, which can lead to increased healthcare costs. In contrast, the current screening practice is often sufficient for identifying GDM, as it typically includes a 1-h 50-g glucose challenge test between 24 and 28 weeks followed by a 3-h 100-g glucose tolerance test when indicated. The IADPSG criteria are more expensive because they require women to undergo additional testing and follow-up care after the initial screening.",yes,1,AnatomyTutorFast,anatomy-tutor-fast,7.874969,6/26/2026 21:51,100
22453060,yes,"yes
The Laryngeal Mask Supreme is a supraglottic airway device that allows for ventilation of the lungs, but it requires proper insertion and use to ensure effective oxygenation and breathing. The ""no-flow-time"" refers to the time it takes for blood flow through the lungs to decrease significantly during CPR, which can be improved with better ventilation. A 4-digram manual instruction may help laypersons learn how to insert the device correctly and provide adequate ventilation.",yes,1,AnatomyTutorFast,anatomy-tutor-fast,6.576848,6/26/2026 21:51,100
10401824,yes,"yes
The femur is a long, weight-bearing bone in the lower extremities that plays a crucial role in supporting body structure and facilitating movement. Its unique shape allows it to bear significant stress and load, making it an essential component of the human skeleton. The femur's strength and flexibility enable individuals to engage in various physical activities, such as walking, running, and climbing stairs.",yes,1,AnatomyTutorFast,anatomy-tutor-fast,6.090291,6/26/2026 21:51,100
15208005,yes,"yes
The Omega-3 Index is a new marker that reflects long-term intake of eicosapentaenoic and docosahexaenoic acids (EPA + DHA) in red blood cells, which may help predict the risk of death from coronary heart disease. A higher Omega-3 Index is associated with lower risk of CHD mortality, while a lower index is linked to increased risk. This new risk factor can be used for secondary prevention trials to identify individuals at high risk.",yes,1,AnatomyTutorFast,anatomy-tutor-fast,6.402957,6/26/2026 21:52,100
16713745,yes,"yes
The abstract indicates that researchers collected pancreatic juice samples from patients with abdominal pain to assess its cytokine content, which may help predict the presence of pancreatic disease. They found that interleukin-8 levels were able to discriminate between normal pancreas and chronic pancreatitis, as well as between chronic pancreatitis and pancreatic cancer. The relationship between cytokine concentrations and disease presence was not significant for individual cytokines but was found in multiple cytokines simultaneously.",yes,1,AnatomyTutorFast,anatomy-tutor-fast,6.138888,6/26/2026 21:52,100
21864397,yes,"yes
The combination of chemotherapy and radiation therapy appears to improve overall survival (OS) for nasopharyngeal carcinoma (NPC) patients who have lung metastasis alone. The study found that the median OS was significantly longer in patients treated with combined modality treatment compared to those receiving chemotherapy alone, especially among those with a disease-free interval greater than 1 year. However, this benefit is only observed in patients with a longer disease-free interval.",yes,1,AnatomyTutorFast,anatomy-tutor-fast,6.056831,6/26/2026 21:52,100
25810292,yes,"yes
The use of artificial chords in minimally invasive mitral valve repair may be reproducible due to their simplicity and ease of application, as demonstrated by the study's high success rate. The figure-of-eight suture without pledgets also provided good stability for neochord implantation. However, the low reoperation rate suggests that this approach is effective and safe in routine surgery.",yes,1,AnatomyTutorFast,anatomy-tutor-fast,5.402586,6/26/2026 21:52,100
11943048,yes,"yes
The study found that patients receiving hospice care in nursing homes had a lower proportion of them not receiving recommended analgesics compared to those enrolled in nonhospice care. This suggests that the presence of hospice care may improve pain management at the end of life for nursing home residents. The use of acetaminophen and morphine derivatives was more common among patients receiving hospice care, indicating a potential benefit of this type of care.",yes,1,AnatomyTutorFast,anatomy-tutor-fast,6.717773,6/26/2026 21:52,100
23347337,yes,"yes
The study found that the dose intensities of chemotherapy were similar between urban and rural patients, with no significant difference in serious adverse events such as febrile neutropenia or vomiting. The rate of diarrhea was higher in rural patients but not significantly different from urban patients. Only two patients required hospital admission due to complications, indicating a low risk of severe toxic effects.",yes,1,AnatomyTutorFast,anatomy-tutor-fast,5.337327,6/26/2026 21:52,100
23992109,yes,"yes
The study analyzed urinary biomarkers to assess tubulointerstitial lesions of the solitary kidney, finding significant correlations between these markers and eGFR levels. The biomarkers showed inverse relationships with eGFR in both acquired and congenital solitary kidneys, suggesting that they may be useful for early detection and monitoring of tubular damage.",yes,1,AnatomyTutorFast,anatomy-tutor-fast,5.345166,6/26/2026 21:52,100
10922093,yes,"yes
The study found that open access endoscopy patients received less information about their procedure and were not as well-informed before undergoing the procedure. This lack of preparation may hinder patient understanding and satisfaction with their care, particularly for procedures like colonoscopy where clear communication is crucial. The findings suggest that open access endoscopy may indeed ""close the door"" to adequate informed consent in some cases.",yes,1,AnatomyTutorFast,anatomy-tutor-fast,5.394008,6/26/2026 21:52,100
26601554,yes,"yes
The study found that viral infections, particularly HSV1 and adenovirus, are associated with benign paroxysmal positional vertigo (BPPV) in some cases. The elevated serology values suggest a possible link between viral infections and BPPV, although the exact mechanisms remain unclear.",yes,1,AnatomyTutorFast,anatomy-tutor-fast,4.176103,6/26/2026 21:52,100
15489384,yes,"yes
The reduction of spasticity can be linked to improvements in arm function due to the correlation between increased muscle tone and decreased movement. This relationship is evident when comparing patients who experienced significant reductions in spasticity (maximum changes occurred concurrently) to those with minimal or no improvement. The findings suggest that reducing spasticity may have a functional benefit, but this effect may vary depending on treatment and individual response.",yes,1,AnatomyTutorFast,anatomy-tutor-fast,5.706881,6/26/2026 21:52,100
27818079,yes,"yes
The retromandibular transparotid approach is a minimally invasive surgical technique that involves accessing the posterior mandible from below, allowing for precise reduction of condylar fractures while minimizing tissue damage. This method enables surgeons to restore joint health and function with fewer complications compared to traditional approaches. The use of computed tomograms helps in accurately assessing preoperative and postoperative facial skeleton changes.",yes,1,AnatomyTutorFast,anatomy-tutor-fast,5.39582,6/26/2026 21:53,100
24340838,yes,"yes
The study found that athletes with ventricular arrhythmias tend to have lower peak heart rates over time, suggesting improved cardiovascular fitness and reduced risk of sudden cardiac death. The increased physical activity may also help regulate heart rhythm. Regular exercise can lead to adaptations in the heart muscle that reduce the likelihood of arrhythmias.",yes,1,AnatomyTutorFast,anatomy-tutor-fast,4.792199,6/26/2026 21:53,100
16971978,yes,"yes
The prevalence of complex coronary lesions such as bifurcation and ostial lesions was significantly higher in patients with diabetes mellitus compared to those without the condition. This is likely due to the increased risk of atherosclerosis associated with diabetes. The presence of diabetes also independently predicted an increased risk for these specific lesion types.",yes,1,AnatomyTutorFast,anatomy-tutor-fast,4.974656,6/26/2026 21:53,100
21689015,yes,"yes
The study found that exposure to a therapy dog increased positive behaviors in children with autism spectrum disorder compared to those without the intervention. This suggests that dogs may have a beneficial effect on reducing negative behaviors in individuals with ASD. The presence of the dog also led to more frequent and longer durations of positive behaviors, indicating a potential therapeutic benefit.",yes,1,AnatomyTutorFast,anatomy-tutor-fast,4.752374,6/26/2026 21:53,100
12846929,yes,"yes
The study found that socioeconomic status does not significantly affect quality of life in lung cancer patients at two points in time, despite differences in health problems and functioning among lower socioeconomic status individuals. This suggests that other factors may be more influential on the quality of life experienced by these patients. The results indicate a need to consider multiple factors when assessing the impact of socioeconomic status on patient outcomes.",yes,1,AnatomyTutorFast,anatomy-tutor-fast,5.171741,6/26/2026 21:53,100
22694248,yes,"yes
The study developed a training model for retroperitoneoscopic nephrectomy by performing 15 procedures on piglets. The results showed that the operative time varied significantly between groups A and B, with group A having longer times. The study also found that there was a statistical difference in peritoneal opening rates between groups A and B, suggesting that the training model could simulate the procedure effectively.",yes,1,AnatomyTutorFast,anatomy-tutor-fast,5.320769,6/26/2026 21:53,100
12377809,yes,"Yes, anorectal endosonography can be valuable in dyschesia because it allows for accurate measurement of anal sphincter and m. puborectalis dimensions at rest and during voluntary contractions. This information can help diagnose and manage dyschesia, potentially improving symptoms and quality of life.",yes,1,AnatomyTutor,anatomy-tutor,32.52723,6/26/2026 21:54,100
26163474,yes,"Yes, there is an association between sublingual varices and hypertension. This study found that patients with more severe sublingual varices had higher blood pressure readings than those without. Sublingual varices can be a useful indicator of hypertension in dental clinics where blood pressure measurements are often unavailable.",yes,1,AnatomyTutor,anatomy-tutor,19.11905,6/26/2026 21:54,100
19100463,yes,"The affinity column-mediated immunoassay method can be used as an alternative to the microparticle enzyme immunoassay method for blood tacrolimus assays, based on this study's findings. However, it is essential to note that both methods may give different results due to their distinct mechanisms of action. Therefore, clinicians should interpret these results with caution and consider the specific clinical context when making decisions regarding drug dosage adjustments.",,0,AnatomyTutor,anatomy-tutor,24.87401,6/26/2026 21:54,66.7
18537964,yes,"The specialty of a physician can impact how much information about their patients' medications is documented in their medical records, according to this study. Physicians in certain specialties like Cardiology and Endocrine were more likely to document more detailed information than others.",,0,AnatomyTutor,anatomy-tutor,16.27139,6/26/2026 21:55,50
12913878,yes,"The study suggests that LITT can open the blood-brain barrier in rats, allowing chemotherapeutic agents like paclitaxel to pass through and treat brain tumors. However, more research is needed to confirm this concept in humans.",,0,AnatomyTutor,anatomy-tutor,14.665,6/26/2026 21:55,40
12765819,yes,"This case report describes a patient who developed SSDH after SAH caused by a ruptured internal carotid aneurysm. The hematoma resolved with conservative treatment, but the possibility of its recurrence must be considered in future cases.",,0,AnatomyTutor,anatomy-tutor,14.78126,6/26/2026 21:55,33.3
25475395,yes,"The correlation between circulating androgens (total testosterone, calculated free testosterone, androstenedione) and sexual desire in women is inconclusive. Substitution with androgens at physiological levels improves sexual function in some women who experience decreased sexual desire due to surgical menopause, pituitary disease, or age-related decline in androgen production in the ovaries. Measuring bioactive testosterone is difficult, but new methods have been proposed, including measuring the primary androgen metabolite ADT-G.

In summary, while there may be a correlation between circulating androgens and sexual desire in women, it is not clear whether this relationship holds for all women or is affected by age or other factors. Further research is needed to better understand the relationship between androgens and sexual desire in women.",,0,AnatomyTutor,anatomy-tutor,39.95036,6/26/2026 21:56,28.6
19130332,yes,"The study suggests that the zeolite hemostatic agent is beneficial in reducing blood loss during arterial injury. The results show that the QC group had a slower drop in blood pressure, less total blood loss, and higher hematocrit levels compared to the control group. However, there were some mild edematous and vacuolar changes observed in nerve samples.",,0,AnatomyTutor,anatomy-tutor,19.9692,6/26/2026 21:56,25
9427037,yes,"The study found that the patterns of endothelial cells in astrocytomas can be used to predict their grade. Pilocytic astrocytomas showed lacy clusters of small-to-medium sized vessels, while diffuse low-grade astrocytoma, intermediate-grade astrocytoma, anaplastic astrocytoma, and gliobastoma multiforme showed increased vessel density with multiple small vessels. This information could be useful for clinicians when evaluating patients with these types of brain tumors.",,0,AnatomyTutor,anatomy-tutor,26.40219,6/26/2026 21:56,22.2
24481006,yes,"Yes, cavitation in proximal surfaces should be reported in cone beam computed tomography examination. CBCT can identify lesions that are not visible on bitewings due to the smaller field of view and higher resolution. This can help dentists diagnose and manage oral health issues more accurately.",yes,1,AnatomyTutor,anatomy-tutor,17.08552,6/26/2026 21:57,30
8165771,yes,"Ultrasound can be useful for assessing the extent and invasion into surrounding tissues, but it's not a definitive method. It can help identify areas where cancer may have spread to nearby tissues.",,0,AnatomyTutor,anatomy-tutor,12.73117,6/26/2026 21:57,27.3
22680064,yes,"The study found that the ultrasound can accurately predict the presentation of twin A at birth, with a positive predictive value of 95% after 28 weeks gestation and >90% after 32 weeks gestation for noncephalic presentation. This means that if the ultrasound shows that twin A is presenting in a certain way, it's likely to persist at delivery. However, it's important to note that some twins may change their position during pregnancy or labor.",,0,AnatomyTutor,anatomy-tutor,24.40351,6/26/2026 21:57,25
22540518,yes,"Yes, micro-CT can be used to determine the microstructure of maxillary alveolar bone reliably. The study found significant positive correlations between bone volume density (BV/TV) measured by micro-CT and conventional stereologic-based histomorphometry for assessing bone density and microstructure in this region. This suggests that micro-CT can be a useful tool for analyzing the microstructure of maxillary alveolar bone in clinical settings.",yes,1,AnatomyTutor,anatomy-tutor,24.61516,6/26/2026 21:58,30.8
20629769,yes,"Yes, primary angioplasty can be an acceptable alternative to thrombolysis, depending on individual circumstances and preferences. While the study found patients were generally satisfied with overall care at both intervention and control sites, some patients preferred primary angioplasty due to its perceived convenience for carers and potential faster treatment times. However, patient satisfaction with discharge and aftercare was lower in both groups compared to other aspects of care.",yes,1,AnatomyTutor,anatomy-tutor,22.52365,6/26/2026 21:58,35.7
21726930,yes,This study found that endometrial polyp formation is associated with increased expression of both VEGF and TGF-β1. This suggests a possible role for these growth factors in the pathogenesis of endometrial polyps.,,0,AnatomyTutor,anatomy-tutor,16.60986,6/26/2026 21:58,33.3
21481154,yes,"The abstract suggests that the adoption of Department of Health guidance on multidisciplinary management and centralisation of care has led to improved survival rates for gynaecological cancer patients in the Anglia region of England. The study found a significant improvement in survival rates from 1996-1999 to 2000-2003, with adjustment for treatments or method of case follow-up not attenuating these improvements.",,0,AnatomyTutor,anatomy-tutor,24.57344,6/26/2026 21:59,31.3
22902073,yes,"The study found that knowledge of ultrasound-obtained estimated fetal weight is a risk factor for cesarean delivery. This suggests that using US-EFW as a predictor could help identify women who may need to plan for a potentially more complicated delivery. However, it's important to note that this finding is based on a retrospective cohort study and further research is needed to confirm these findings.",,0,AnatomyTutor,anatomy-tutor,20.68248,6/26/2026 21:59,29.4
26370095,yes,"The answer is yes. Financial incentives are cost-effective for smoking cessation during pregnancy as an adjunct to routine healthcare. The incremental cost per quitter was £1127, which is similar to the standard look-up value derived from Stapleton&West's published ICER tables (£1390). However, there is uncertainty regarding relapse after birth, and additional research may be worthwhile given the expected value of perfect information.",,0,AnatomyTutor,anatomy-tutor,25.84171,6/26/2026 22:00,27.8
18041059,yes,"Yes, the adjuvant aromatase inhibitors increase cardiovascular risk in postmenopausal women with early breast cancer. According to the abstract, there was a statistically significant difference between tamoxifen and AI arms regarding the primary endpoint (CVAE). This resulted in an NNH value of 189 patients for all AIs and 85 patients when only third-generation AIs were considered.",yes,1,AnatomyTutor,anatomy-tutor,24.33394,6/26/2026 22:00,31.6
15041506,yes,"Yes, there is a concern about anaphylactic shock discouraging some surgeons from adopting percutaneous and laparoscopic techniques in the treatment of liver hydatid cysts. This is according to a survey of 30 surgeons in northern Jordan where only 10% preferred these minimally invasive methods first. Most of the non-users expressed fear of anaphylaxis and/or dissemination as their main reason for not adopting these techniques.",yes,1,AnatomyTutor,anatomy-tutor,24.29297,6/26/2026 22:00,35
11146778,yes,"The study suggests that the APACHE II score is not independent of treatment effects, leading to potential bias in comparisons of groups of patients. Postoperative monitoring with the APACHE II score may be clinically irrelevant.",,0,AnatomyTutor,anatomy-tutor,14.14883,6/26/2026 22:01,33.3
27281318,yes,"The study found that flexible instruments can create adequate femoral tunnel lengths at 90° of knee flexion in anterior cruciate ligament reconstruction. The mean intra-osseous length increased with increased knee flexion, but there were no significant differences among the groups regarding distance to lateral structures like the common peroneal nerve or femoral attachment of the LCL.",no,0,AnatomyTutor,anatomy-tutor,23.05561,6/26/2026 22:01,31.8
21645374,yes,"This study investigated the role of mitochondria during programmed cell death (PCD) in lace plant leaves. The researchers observed changes in mitochondrial dynamics, including distribution, motility, and membrane potential, as PCD progressed. They also found that the drug cyclosporine A, which blocks the opening of the permeability transition pore (PTP), reduced the number of perforations in the leaves. These findings suggest a link between mitochondrial dynamics and PCD in plants.",,0,AnatomyTutor,anatomy-tutor,27.5117,6/26/2026 22:02,30.4
9465206,yes,"The study suggests that MRI can be a reliable diagnostic tool for identifying occult bone and cartilage injuries in patients with previous musculoskeletal trauma to the knee. While arthroscopy is still considered the gold standard, MRI can help identify these injuries without the need for invasive surgical procedures. However, it's important to note that MRI may not always detect all occult injuries, and a combination of imaging modalities may be necessary to provide an accurate diagnosis.",,0,AnatomyTutor,anatomy-tutor,29.78146,6/26/2026 22:02,29.2
25887165,yes,"The study found that sensation does return to the nasal tip after microfat grafting, but it can take up to 12 weeks for full recovery. The degree of numbness and its duration varied among individuals.",,0,AnatomyTutor,anatomy-tutor,15.3183,6/26/2026 22:02,28
15995461,yes,"Based on the study abstract, yes, some U.S. states do have higher injury mortality rates than others. The six states with the highest road traffic deaths also had above-average rates of other forms of injury, and vice versa for the six states with the lowest road traffic deaths.

",,0,AnatomyTutor,anatomy-tutor,16.10919,6/26/2026 22:03,26.9
21850494,yes,"Maybe, as the study suggests that some prognostic factors are associated with improved survival in patients with HRS. The variables identified include end-stage liver disease etiology, serum creatinine level at the start of treatment, and urinary sodium excretion. Knowing these factors could help guide treatment decisions for patients with HRS. However, it is important to note that this study was limited to a specific population of patients with cirrhosis who were not eligible for liver transplantation. Further research may be necessary to confirm these findings in other populations.",maybe,0,AnatomyTutor,anatomy-tutor,29.19136,6/26/2026 22:03,25.9
19106867,yes,"Maybe. The concept of ""Main Gate Syndrome"" is a new challenge for trauma centers during mass casualty incidents, where many gravely injured patients arrive simultaneously. This requires adapting triage systems to manage the surge effectively while maintaining quality care.",maybe,0,AnatomyTutor,anatomy-tutor,14.5383,6/26/2026 22:03,25
21342862,yes,"The study suggests that the Turkish version of EQ-5D is a valid quality of life instrument in patients with acute coronary syndrome, as it showed significant positive correlations with MacNew subscales and was found to be an effective predictor of EQ-5D index score.",,0,AnatomyTutor,anatomy-tutor,14.35101,6/26/2026 22:04,24.1
24352924,yes,"The study found that portable ultrasonography is accurate in confirming Schanz pin placement during extremity fracture fixation, but there was a small underestimation of pin protrusion lengths compared to direct measurements after gross dissection. The interobserver repeatability of the ultrasound methodology was good.
",,0,AnatomyTutor,anatomy-tutor,17.98834,6/26/2026 22:04,23.3
16147837,yes,"Yes, grandmultiparity is an independent risk factor for adverse perinatal outcomes. Grandmultiparous women have higher risks of abruptio placentae, preterm delivery, fetal macrosomia, neonatal death, postpartum hemorrhage, and blood transfusion compared to multiparous women who are 30 years or older at the time of their last birth.",yes,1,AnatomyTutor,anatomy-tutor,22.00463,6/26/2026 22:04,25.8
26879871,yes,"The study suggests that depression diagnosis and antidepressant prescribing vary by location, with black and minority ethnic groups being less likely to be newly diagnosed or prescribed compared to white British patients. The results showed an inverse relationship between neighborhood ethnic density and new depression diagnosis for some groups, where an increase in own-ethnic density was associated with a reduced odds of depression for certain groups. However, the opposite effect was seen for black Caribbean patients. These findings highlight the importance of considering cultural factors when treating mental illness.",,0,AnatomyTutor,anatomy-tutor,28.01888,6/26/2026 22:05,25
15918864,yes,"The abstract suggests that postpartum women's information needs may vary based on their socioeconomic circumstances. While breastfeeding and infant care are common concerns for all, low-income women were more likely to identify learning needs related to infant care/behavior than higher-income women.",,0,AnatomyTutor,anatomy-tutor,17.94295,6/26/2026 22:05,24.2
22075911,yes,"The study found that new recruits in the British Army had a higher prevalence of dental decay than those in the Royal Navy or the Royal Air Force, with significantly more decayed teeth per recruit overall. The differences were found to be significant even after controlling for sociodemographic factors like deprivation index.",,0,AnatomyTutor,anatomy-tutor,17.757,6/26/2026 22:05,23.5
11035130,yes,"The study suggests that stopping folic acid supplementation in patients established on methotrexate may lead to increased nausea, but the overall efficacy and safety of the treatment regimen are not significantly affected. Therefore, it is recommended to continue FA supplementation for long-term stability when taking methotrexate.",,0,AnatomyTutor,anatomy-tutor,19.59364,6/26/2026 22:06,22.9
21228436,yes,"The study found that teaching medical students about medication errors can change their attitudes towards patient safety. After completing a patient-safety curriculum, students showed significant improvements in their attitudes toward patient safety compared to before the intervention. This suggests that education and training programs can be effective in shaping medical students' future practices and behaviors.",,0,AnatomyTutor,anatomy-tutor,18.41472,6/26/2026 22:06,22.2
11833948,yes,"Yes, there is evidence from this study that delaying transfer to rehabilitation wards for older patients with femur fractures can result in longer hospital stays and potentially poorer outcomes due to age-related factors.",yes,1,AnatomyTutor,anatomy-tutor,13.22709,6/26/2026 22:06,24.3
17682349,yes,"Yes, there are gender differences in the reasons why African Americans delay seeking medical care for symptoms of acute myocardial infarction. Women tend to delay longer than men, although the difference was not significant. Single women and those who were alone when they experienced symptoms delayed longer than others. Additionally, women who received advice to seek help or call 911 had shorter delays compared to those who did not receive such advice.",yes,1,AnatomyTutor,anatomy-tutor,21.0725,6/26/2026 22:07,26.3
17355582,yes,"The abstract suggests that better process of care predicts health-related quality of life outcomes for patients with chronic disease. In other words, if you receive good care, your quality of life is likely to be better over time. This study used data from managed care patients in three west coast states and found a positive relationship between the quality of care and health-related quality of life.",,0,AnatomyTutor,anatomy-tutor,18.93602,6/26/2026 22:07,25.6
15597845,yes,"The combination of 2-methoxyestradiol (2ME) with various chemotherapeutics in human ovarian cancer cell lines resulted in an additive inhibitory effect on cell proliferation, particularly at lower concentrations of the chemotherapeutic substances. This suggests that the two may be used together to enhance the efficacy of cancer treatment while minimizing side effects. However, more research is needed to confirm these findings in humans before clinical trials can be conducted.",,0,AnatomyTutor,anatomy-tutor,24.62007,6/26/2026 22:07,25
10158597,yes,"The discharge coordinator may improve the quality of hospital discharge by planning and coordinating discharges, reducing problems experienced by patients after discharge, and improving patient satisfaction. However, there is no evidence that this intervention results in more timely or efficient use of community services after discharge.",no,0,AnatomyTutor,anatomy-tutor,17.21071,6/26/2026 22:08,24.4
27549226,yes,"The impact of MPH programs on health system strengthening in low- and middle-income countries is complex and multifaceted. Graduates are reported to have made significant contributions to their workplaces, including leadership roles, innovation, teaching, advocacy, community engagement, policy development, and capacity building. However, the study also acknowledged limitations of self-selection bias and social acceptability bias that may have influenced findings.",,0,AnatomyTutor,anatomy-tutor,24.50185,6/26/2026 22:08,23.8
26348845,yes,"Rapid prescreening (RPS) may detect glandular cell abnormalities, but the sensitivity is lower than for squamous lesions. The study suggests that RPS can miss some high-grade squamous intraepithelial lesions and carcinomas; however, it did pick up some cases of atypical glandular cells that were not detected on full screening (FS).",,0,AnatomyTutor,anatomy-tutor,22.90828,6/26/2026 22:08,23.3
25588461,yes,"The study suggests that transcranial direct current stimulation may be useful in differentiating between minimally conscious state and unresponsive wakefulness syndrome patients. The research used a specific type of tDCS called anodal tDCS to boost cortical connectivity and excitability, which could help identify residual conscious awareness in some UWS patients. However, the study did not provide conclusive evidence for this hypothesis, and further research is needed to confirm these findings.",,0,AnatomyTutor,anatomy-tutor,24.43709,6/26/2026 22:09,22.7
23359100,yes,"Based on the study, the answer is maybe. The study suggests that etoricoxib may be effective in preventing heterotopic ossification after primary total hip arthroplasty, but more research is needed to confirm this finding.",,0,AnatomyTutor,anatomy-tutor,15.29836,6/26/2026 22:09,22.2
26548832,yes,"The study found that the reliability of patient-reported outcomes data captured via phone interviews and self-surveys in the clinic was similar. However, it is important to note that both methods have their advantages and disadvantages, and the choice of methodology should be based on the specific research question and study design.",,0,AnatomyTutor,anatomy-tutor,21.44498,6/26/2026 22:09,21.7
25756710,yes,"Yes, emergency physicians can accurately assess acute vertigo in the emergency department with a tool called STANDING. The tool is sensitive and specific for detecting central causes of vertigo.",yes,1,AnatomyTutor,anatomy-tutor,15.63633,6/26/2026 22:10,23.4
20297950,yes,"Fenofibrate has been shown to reduce the percentage of time spent with arterial oxygen saturation <90%. However, there was no significant change in apnea-hypopnea index (AHI) during this study. Further research is needed to determine if fenofibrate has a role in sleep apnoea syndrome.",no,0,AnatomyTutor,anatomy-tutor,22.62111,6/26/2026 22:10,22.9
24622801,yes,"The study suggests that a fast-resorbable, antibacterial-loaded hydrogel can reduce bacterial colonization and biofilm formation in vitro. However, it remains to be seen whether this coating can prevent implant-related infections during surgical procedures. Further research is needed to confirm these findings.",,0,AnatomyTutor,anatomy-tutor,18.99099,6/26/2026 22:10,22.4
9722752,yes,"The study suggests that bone anchor fixation can improve the outcome of percutaneous bladder neck suspension in female stress urinary incontinence. However, it is important to note that this method has a higher complication rate compared to traditional suturing methods.",,0,AnatomyTutor,anatomy-tutor,15.95405,6/26/2026 22:11,22
20577124,yes,"The study suggests that there is a positive correlation between plasma levels of leptin and phagocytic NADPH oxidase activity in obese patients, which may contribute to the development of cardiovascular diseases. This finding supports the idea that obesity-related inflammation plays a major role in vascular remodeling. However, further research is needed to confirm these findings and explore potential therapeutic strategies for preventing or treating these conditions.",,0,AnatomyTutor,anatomy-tutor,26.00024,6/26/2026 22:11,21.6
19027440,yes,"The study found that a third of patients at diagnosis reported relatively high levels of fears of recurrence, with 12% still reporting similar levels of fear six to eight months after treatment. The research suggests that fears of recurrence are not related to socio-demographic factors or disease, treatment, or symptom-related factors but directly predicted by pre-treatment fears and optimism.

",,0,AnatomyTutor,anatomy-tutor,21.93311,6/26/2026 22:11,21.2
18239988,yes,"The AST/ALT ratio is a useful marker for differentiating nonalcoholic from alcoholic steatohepatitis, with a higher ratio indicating alcoholic liver disease (ALD). The MCV is also elevated in ALD patients. However, these markers are not specific to NASH or ASH and other factors such as age, sex, and comorbidities can influence the results. Further research is needed for more accurate diagnosis.",,0,AnatomyTutor,anatomy-tutor,24.05508,6/26/2026 22:12,20.8
27858166,yes,"The anatomy of the aortic arch can influence the severity of traumatic aortic injury, according to this study. The angle and size of the aortic arch were found to be associated with increased risk of severe injury.",,0,AnatomyTutor,anatomy-tutor,14.99386,6/26/2026 22:12,20.4
27050489,yes,"The answer is yes, there are cases where incidental idiopathic misty mesentery can be detected on CT scans. However, it's essential to investigate further to determine the cause of this appearance. Obesity may play a role in some cases, but more research is needed to confirm this association.",,0,AnatomyTutor,anatomy-tutor,17.37256,6/26/2026 22:12,20
16266387,yes,"Yes, fast food consumption has been linked to an increased risk of asthma and allergies in children. The study found that eating hamburgers less than once a week or more than once a week was associated with a higher prevalence of wheeze and current wheeze. However, there was no association between fast food consumption and atopy. It's important to note that this study only looked at the relationship between fast food and asthma in children, and more research is needed to confirm these findings in adults.",yes,1,AnatomyTutor,anatomy-tutor,27.67742,6/26/2026 22:13,21.4
27287237,yes,"The experts agree on the quality of antimicrobial prescribing for most cases, but there is room for improvement. The study found a high agreement between specialists' assessments and a reference standard, but there was less agreement among different specialties or individuals. This highlights the importance of interdisciplinary collaboration in antimicrobial stewardship.",,0,AnatomyTutor,anatomy-tutor,19.9877,6/26/2026 22:13,21.1
11079675,yes,"The study suggests that adults who undergo pulmonary valve replacement after repair of tetralogy of Fallot may not be operating too late, as RV volume and function remain relatively stable following the operation.",,0,AnatomyTutor,anatomy-tutor,14.85937,6/26/2026 22:13,20.7
10331115,yes,"No, amoxapine does not seem to be an atypical antipsychotic based on the PET study results. While it has high 5-HT2 occupancy and a higher incidence of extrapyramidal side effects than dopamine (D)2 occupancy, its D2 occupancy never exceeded 80%. This suggests that amoxapine may have a different mechanism of action compared to other atypical antipsychotics.",no,0,AnatomyTutor,anatomy-tutor,22.90517,6/26/2026 22:14,20.3
18594195,yes,"The abstract suggests that older patients who refuse to participate in a self-management intervention in the Netherlands differ from those who agree to participate based on their physical functioning, mobility, living location, and access to transportation. The main reasons for refusal were lack of time, travel distance, and transport problems.
",,0,AnatomyTutor,anatomy-tutor,17.08747,6/26/2026 22:14,20
22497340,yes,"The research suggests that horizontal semicircular canal ocular reflex is influenced by otolith organs input, as changes in the direction of gravity affect the axis of eyeball rotation.",,0,AnatomyTutor,anatomy-tutor,11.48083,6/26/2026 22:14,19.7
16769333,yes,"Yes, preoperative tracheobronchoscopy can be helpful in newborns with esophageal atresia in detecting unsuspected proximal fistulas and other malformations of the respiratory tree that may impact surgical planning.",yes,1,AnatomyTutor,anatomy-tutor,16.1757,6/26/2026 22:15,21
20571467,yes,"Yes, it is appropriate to implant kidneys from elderly donors in young recipients based on the study's findings. While there were no significant differences between groups regarding graft survival, creatinine levels were higher in the group receiving older donor kidneys at 10 years.",yes,1,AnatomyTutor,anatomy-tutor,19.00923,6/26/2026 22:15,22.2
12094116,yes,"While there is no direct relationship between muscle power and running speed with changes of direction, reactive strength does show some correlation with sprinting speed while turning. This suggests that having good reactive strength can help athletes maintain their speed and control during quick directional changes.",no,0,AnatomyTutor,anatomy-tutor,15.61911,6/26/2026 22:15,21.9
17276182,yes,"The study found that inherited mutations in KCNQ1 can contribute to the development of atrial fibrillation by affecting cardiac ion channels' function under stretch conditions. This suggests a link between genetic and environmental factors in the pathogenesis of AF, supporting the concept of a multifactorial disease.",,0,AnatomyTutor,anatomy-tutor,17.03171,6/26/2026 22:15,21.5
26419377,yes,"The study found that there is a risk of injury to nearby structures during arthroscopic acetabular labral repair, particularly when drilling or inserting anchors. The depth of the bone at these points can vary depending on the location and angle of penetration. Surgeons should use caution and follow proper surgical techniques to minimize this risk.",,0,AnatomyTutor,anatomy-tutor,19.50541,6/26/2026 22:16,21.2
23810330,yes,"Yes, IONM is associated with better functional outcome in patients undergoing open TME for rectal cancer.",yes,1,AnatomyTutor,anatomy-tutor,10.19454,6/26/2026 22:16,22.4
15151701,yes,"Peer review is a method used to assess the quality of healthcare provided by one or more healthcare providers. It involves evaluating patient records and rating the quality of care based on agreed-upon standards. While peer review can be useful in some situations, its reliability varies depending on the condition being treated and the number of reviewers involved. For conditions with a well-established evidence base (e.g., diabetes and hypertension), peer review is more reliable than for conditions where there is less evidence (e.g., COPD or acute conditions).",,0,AnatomyTutor,anatomy-tutor,28.25622,6/26/2026 22:16,22.1
23736032,yes,"The answer is yes, because the abstract states that a multidisciplinary team approach is the gold standard for breast cancer management and that the study found 91.5% of decisions were concordant between the MDT and subsequent patient management.",,0,AnatomyTutor,anatomy-tutor,15.43264,6/26/2026 22:17,21.7
28143468,yes,"The answer to this biomedical research question is yes, as the study found that performance measurement systems are useful in health care organizations when used strategically. This means that managers who use these systems strategically see improvements in processes of care, and perceived managerial discretion is positively affected by their use. However, it's worth noting that a clear understanding of the link between PMS use and improved processes remains to be achieved.",,0,AnatomyTutor,anatomy-tutor,21.14211,6/26/2026 22:17,21.4
23495128,yes,"The study found that patients generally accepted the idea of using color to describe osteoarthritis pain but did not always find it easy or useful for all types of pain. They used different colors to describe different intensities, qualities, and changes in their pain. The results suggest that while some patients may find it helpful to communicate pain through color, standardization and clear communication are important considerations when using this approach.",,0,AnatomyTutor,anatomy-tutor,20.67738,6/26/2026 22:17,21.1
12121321,yes,"The abstract suggests that mossy fibers do release GABA, as the authors found evidence of GABAA receptor-mediated synaptic signals in CA3 pyramidal neurons after electrical stimulation of dentate granule cells. The study provides physiologic evidence for GABA release by mossy fibers and its modulation by epileptic activity.",,0,AnatomyTutor,anatomy-tutor,20.97977,6/26/2026 22:18,20.8
18570208,yes,"Yes, severe macrosomia can be identified as early as 11-14 weeks of gestation based on the difference between measured and expected fetal size at the time of nuchal translucency screening. This study found a significant correlation between the extent of macrosomia and this discrepancy, suggesting that it may be an early marker for severe macrosomia.",yes,1,AnatomyTutor,anatomy-tutor,21.26362,6/26/2026 22:18,21.9
28707539,yes,"Yes, measuring visceral adipose tissue area at a single level can represent VAT volume changes due to body weight fluctuations. Studies suggest the best location is around the third lumbar vertebra (L3). This area has shown strong correlations with VAT volume and body weight changes.

Please provide your request or question.",yes,1,AnatomyTutor,anatomy-tutor,18.19659,6/26/2026 22:18,23
22117569,yes,"Yes, this study shows that it is possible to adapt and implement an advance care planning model in community palliative care settings. The model was found to be feasible when adapted to fit each service's concept of community.",yes,1,AnatomyTutor,anatomy-tutor,12.90367,6/26/2026 22:19,24
18783922,yes,"The research suggests that cytokines may play a role in epilepsy, but further study is needed to confirm this finding.",,0,AnatomyTutor,anatomy-tutor,12.83232,6/26/2026 22:19,23.7
15528969,yes,"Expert breast pathology assessment is necessary for accurate assessment of DCIS, as there can be significant inter-observer variability in the initial pathologic diagnosis. This study found that secondary pathology assessments led to changes in local recurrence risk assessment and treatment recommendations in 43% of cases. Therefore, it's important to have a specialized breast pathologist review DCIS specimens to ensure accurate diagnosis and appropriate management.",,0,AnatomyTutor,anatomy-tutor,23.64798,6/26/2026 22:19,23.4
19482903,yes,The study found that peak oxygen uptake (.)Vo(2)peak measured during a graded treadmill exercise test may not always reflect the maximum oxygen uptake (.)Vo(2)max in children who have spina bifida and are ambulatory. The study suggests that additional testing with supramaximal protocols may be needed to accurately determine maximum oxygen uptake in these individuals.,,0,AnatomyTutor,anatomy-tutor,23.76787,6/26/2026 22:20,23.1
11977907,yes,"The study found that a higher systolic blood pressure difference between arms can predict the severity of subclavian steal syndrome. In particular, patients with completely reversed flow or alternating flow in their vertebral arteries had significantly higher blood pressure differences than those with systolic deceleration. This suggests that measuring the difference in systolic blood pressure between arms may be a useful tool for identifying patients at risk of subclavian steal syndrome. However, it is important to note that this study was limited to patients undergoing ultrasound examination for suspected stenosis and may not be generalizable to all patients with subclavian steal syndrome. Further research is needed to confirm these findings.",,0,AnatomyTutor,anatomy-tutor,35.71862,6/26/2026 22:20,22.8
17306983,yes,"Yes, size-reducing ascending aortoplasty with external reinforcement is an option for modern aortic surgery. This procedure can be performed to reduce the diameter of the aorta and stabilize the wall in patients with dilated aortas. However, it's important to note that this technique isn't suitable for all patients and requires careful consideration based on individual circumstances.",yes,1,AnatomyTutor,anatomy-tutor,22.09232,6/26/2026 22:21,23.8
24318956,yes,"In this study, researchers found that men who used digoxin had lower rates of prostate cancer compared to those who did not use it. This suggests a possible association between the two. However, more studies are needed to confirm these findings and establish cause-and-effect relationships.",,0,AnatomyTutor,anatomy-tutor,16.87194,6/26/2026 22:21,23.5
22266735,yes,"The answer is yes because adopting the IADPSG criteria for gestational diabetes screening would be cost-effective compared to current standard of care, as demonstrated by a modeling study. The ICER for the IADPSG strategy was $20,336 per QALY gained when postdelivery care reduced future diabetes incidence. However, if postdelivery care is not implemented, the IADPSG strategy becomes no longer cost-effective.",yes,1,AnatomyTutor,anatomy-tutor,25.3884,6/26/2026 22:21,24.4
22453060,yes,"The answer is yes, as the study found that laypersons can use a Laryngeal Mask Supreme® (LMAS) with brief instruction and success. The manual provided clear illustrations and instructions for correct use, which helped participants achieve successful ventilation of the manikin within two minutes.",,0,AnatomyTutor,anatomy-tutor,18.78634,6/26/2026 22:22,24.1
10401824,yes,"Yes, laparoscopic reoperation for failed antireflux surgery is feasible. The study found that most patients who underwent laparoscopic reoperation had successful outcomes and reported improved quality of life after the procedure. However, there was a 20% conversion rate from laparoscopic to open procedures due to various complications.",yes,1,AnatomyTutor,anatomy-tutor,23.45855,6/26/2026 22:22,25
15208005,yes,"Yes, based on the abstract, low levels of EPA and DHA in red blood cells (RBC) are associated with increased risk of death from coronary heart disease. The Omega-3 Index is a new risk factor for CHD mortality, and an index of>or = 8% was found to be protective against CHD mortality.",yes,1,AnatomyTutor,anatomy-tutor,19.36456,6/26/2026 22:22,25.9
16713745,yes,"The answer is yes, because the study found that interleukin-8 levels in pancreatic juice can distinguish between normal pancreas and chronic pancreatitis, pancreatic cancer, and the presence of pancreatic diseases.",,0,AnatomyTutor,anatomy-tutor,15.70109,6/26/2026 22:23,25.6
21864397,yes,"The abstract suggests that combined modality treatment (chemotherapy and radiation) may benefit patients with nasopharyngeal carcinoma and lung metastasis who have a longer disease-free interval (DFI) after primary treatment. However, the study found that age and treatment modality were independent prognostic factors of overall survival (OS), while only age retained significance in progression-free survival (PFS). The findings suggest that combined therapy may be beneficial for patients with a longer DFI but not those with a shorter DFI.",,0,AnatomyTutor,anatomy-tutor,27.70033,6/26/2026 22:23,25.3
25810292,yes,"Yes. Minimally invasive mitral valve repair using artificial chords can be reproducibly performed in routine surgery. This study showed that the use of artificial chords is effective and safe for this type of procedure, with good long-term results.",yes,1,AnatomyTutor,anatomy-tutor,16.38982,6/26/2026 22:23,26.1
11943048,yes,"Yes, the study found that hospice care in nursing homes improved management of pain at the end of life compared to nonhospice residents. Hospice residents were more likely than nonhospice residents to receive regular treatment for daily pain and to use analgesics recommended by AMDA.",yes,1,AnatomyTutor,anatomy-tutor,19.77934,6/26/2026 22:24,27
23347337,yes,"The study found that intensive chemotherapy is safe for rural cancer patients at the same doses as urban patients. The rates of serious side effects, such as fever and nausea, were similar between groups. This suggests that providing chemotherapy to rural patients does not compromise safety compared to urban patients. However, further monitoring is required to confirm these findings.",,0,AnatomyTutor,anatomy-tutor,20.84129,6/26/2026 22:24,26.7
23992109,yes,"The analysis of urinary biomarkers can be a non-invasive approach to assess tubular lesions of the solitary kidney, as shown in this study. The urinary NAG and alpha-1-microglobulin levels were significantly correlated with eGFR in both acquired and congenital SK patients.",,0,AnatomyTutor,anatomy-tutor,20.69518,6/26/2026 22:24,26.4
10922093,yes,"The abstract above suggests that open access endoscopy may affect the quality of patient informed consent and procedure acceptance, but not necessarily the overall satisfaction of patients with their care. It's important to note, however, that this study had a small sample size and further research is needed to confirm these findings.",,0,AnatomyTutor,anatomy-tutor,17.76369,6/26/2026 22:25,26.1
26601554,yes,"The abstract suggests a possible association between some viral infections and benign paroxysmal positional vertigo (BPPV). However, it is important to note that this study found associations only, not causality. Further research is needed to confirm the findings.",,0,AnatomyTutor,anatomy-tutor,15.29985,6/26/2026 22:25,25.8
15489384,yes,"The study found that reducing spasticity in stroke patients does indeed lead to functional benefits. The results suggest a clear relationship between the two, with the greatest improvements seen when both spasticity and function are improved simultaneously. This is important because it suggests that botulinum toxin may be a useful tool for improving arm function in addition to reducing spasticity. However, more research is needed to confirm these findings before they can be applied clinically.",,0,AnatomyTutor,anatomy-tutor,23.09562,6/26/2026 22:25,25.5
27818079,yes,"The study suggests that the retromandibular transparotid approach is a reliable option for surgical treatment of most condylar fractures. However, it's essential to note that this approach may not be suitable for all patients, and other factors such as the severity of the fracture or the presence of other medical conditions could affect outcomes. A thorough evaluation by an experienced maxillofacial surgeon is necessary before treatment.",,0,AnatomyTutor,anatomy-tutor,22.60256,6/26/2026 22:26,25.3
24340838,yes,"The abstract suggests that over time, athletes with ventricular arrhythmias may experience a reduction in these abnormal heart rhythms during exercise.",,0,AnatomyTutor,anatomy-tutor,12.1313,6/26/2026 22:26,25
16971978,yes,"Yes, there is evidence to suggest that diabetic patients are more likely to have complex coronary lesions than nondiabetics. This may be due to the underlying disease process of diabetes, which can lead to atherosclerosis and increase the risk of coronary artery disease.",yes,1,AnatomyTutor,anatomy-tutor,18.58609,6/26/2026 22:26,25.8
21689015,yes,"Yes, dogs can be used in therapy for autistic children. In a study, the presence of a certified therapy dog was shown to increase positive behaviors and reduce negative ones in an autistic child. However, more research is needed to confirm these findings and explore other potential benefits of this intervention.",yes,1,AnatomyTutor,anatomy-tutor,17.55377,6/26/2026 22:27,26.5
12846929,yes,"Maybe. The study found that lung cancer patients with lower socioeconomic status had more health problems and symptoms compared to those who were more affluent, at the time of diagnosis. However, there was no significant difference in quality of life scores between these groups after treatment.",maybe,0,AnatomyTutor,anatomy-tutor,16.06613,6/26/2026 22:27,26.3
22694248,yes,"Yes, there is a training model for retroperitoneoscopic nephrectomy in pigs. This study aimed to develop and test such a model using a porcine model. The results suggest that the learning curve for this procedure can be established with eight cases.",yes,1,AnatomyTutor,anatomy-tutor,16.03296,6/26/2026 22:27,27
12377809,yes,"The study shows that anorectal endosonography can be useful for identifying dysfunction of the anal sphincter and/or musculus puborectalis in patients with dyschesia. The differences in length and thickness changes between groups were statistically significant, suggesting a difference in the structure of these muscles between healthy subjects and those with dyschesia.",,0,NcatMedLlama,ncatmedllama,33.39462,6/26/2026 22:28,0
26163474,yes,"Yes, there is an association between sublingual varices and hypertension based on this study.",yes,1,NcatMedLlama,ncatmedllama,10.43339,6/26/2026 22:28,50
19100463,yes,"The affinity column-mediated immunoassay method can be used as an alternative to the microparticle enzyme immunoassay method for blood tacrolimus assays. The ACMIA method closely correlates with the MEIA method, and there is no specific trend in the concentration differences between the 2 methods. However, the ACMIA method may provide slightly different results in low hematocrit samples.",no,0,NcatMedLlama,ncatmedllama,22.3892,6/26/2026 22:28,33.3
18537964,yes,"Maybe. The study suggests that a physician's specialty can influence how much information is documented about their patient's medications in medical records, with different specialties having varying levels of documentation. However, this does not necessarily mean that one specialty is better than another at documenting medication history. Further research could be needed to determine the optimal approach for documenting medication history across various specialties.",maybe,0,NcatMedLlama,ncatmedllama,20.88618,6/26/2026 22:29,25
12913878,yes,"The study suggests that Nd:YAG laser-induced thermotherapy can open the blood-brain barrier locally in rats, allowing chemotherapeutic agents to pass through and treat malignant glioma. However, this concept needs further investigation before it can be applied in humans.",,0,NcatMedLlama,ncatmedllama,16.17203,6/26/2026 22:29,20
12765819,yes,"The case report suggests that SSDH can occur as a complication of SAH due to ruptured internal carotid aneurysms. It is important to be aware of this possibility in patients who have undergone craniotomy for intracerebral hemorrhage, especially if they have a history of smoking or hypertension.",,0,NcatMedLlama,ncatmedllama,18.47225,6/26/2026 22:29,16.7
25475395,yes,"The abstract suggests that there may be a correlation between circulating androgens (such as testosterone) and sexual desire in women, but the study found no clear correlation with the primary metabolite of androgen, ADT-G. However, it's important to note that this was a cross-sectional study and further research is needed to confirm these findings.",no,0,NcatMedLlama,ncatmedllama,19.85925,6/26/2026 22:29,14.3
19130332,yes,"Yes, the zeolite hemostatic agent appears to be beneficial in reducing blood loss during arterial injury based on this study in swine models. The QC group had lower total blood loss, higher hematocrit levels, and lower prothrombin time compared to the control group. However, there were some adverse effects observed, such as mild edema and vacuolar changes in nerve samples. Further studies are needed to confirm these findings in humans.",yes,1,NcatMedLlama,ncatmedllama,22.86432,6/26/2026 22:30,25
9427037,yes,"The endothelial cell patterns in astrocytomas may indicate their grade. In general, pilocytic astrocytomas show a lacy pattern of small vessels, while diffuse low-grade astrocytoma has a similar staining pattern as normal brain tissue. Intermediate and anaplastic astrocytomas have more prominent vessel clusters with intimal hyperplasia and loss of vessel wall integrity. Gliobastoma multiforme shows the most prominent vascular proliferation, including multiple large vessels. However, this is a preliminary study, and further research is needed to validate these findings.",,0,NcatMedLlama,ncatmedllama,29.36642,6/26/2026 22:30,22.2
24481006,yes,"Yes, cavitation in proximal surfaces should be reported in cone beam computed tomography examination as it can provide more accurate information than bitewing X-rays regarding the presence of carious lesions. CBCT offers a higher sensitivity for detecting cavitated lesions compared to bitewings due to its superior resolution and ability to visualize dentin structures.",yes,1,NcatMedLlama,ncatmedllama,19.38242,6/26/2026 22:31,30
8165771,yes,"Yes, ultrasound can be a useful tool for assessing the extent and invasion of squamous cell carcinoma of the penis, particularly in differentiating between subepithelial and corpus spongiosum invasion. However, it should not replace histopathologic examination as the final diagnostic method due to limitations in accuracy and depth of tissue penetration by ultrasound.",yes,1,NcatMedLlama,ncatmedllama,20.00552,6/26/2026 22:31,36.4
22680064,yes,"The abstract suggests that ultrasound can predict the presentation of twin A at birth, especially after 28 weeks gestation. However, it's important to note that this study only looked at a small group of twin pregnancies and more research is needed to confirm these findings in larger populations.",,0,NcatMedLlama,ncatmedllama,16.18932,6/26/2026 22:31,33.3
22540518,yes,"The study suggests that micro-CT is reliable in determining the microstructure of maxillary alveolar bones, including bone density and microstructural variables like trabecular thickness and separation. The results are consistent with conventional stereologic-based histomorphometry findings. However, it's important to note that this study had a small sample size and further research is needed for generalizing the results.",,0,NcatMedLlama,ncatmedllama,21.47808,6/26/2026 22:32,30.8
20629769,yes,"The study suggests that patients and carers are generally satisfied with either primary angioplasty or thrombolysis, depending on the context of life-saving treatment. However, there were some differences in satisfaction between the two groups, particularly regarding convenience of visiting the hospital for primary angioplasty.",,0,NcatMedLlama,ncatmedllama,17.43075,6/26/2026 22:32,28.6
21726930,yes,"This study found that endometrial polyp formation is associated with increased expression of both vascular endothelial growth factor (VEGF) and transforming growth factor-beta1 (TGF-β1), in the glandular cells. However, only TGF-β1 was significantly higher in stromal cells. The study also found a significant correlation between steroid receptor expression and both VEGF and TGF-β1.",,0,NcatMedLlama,ncatmedllama,25.06494,6/26/2026 22:32,26.7
21481154,yes,"The abstract suggests that the adoption of DH guidance may have led to improved survival rates for gynaecological cancer patients in the Anglia region of England, starting around 2000. However, it is important to note that this study only found a correlation between the adoption of guidance and improved outcomes, and did not prove causality. Further research may be needed to confirm these findings.",,0,NcatMedLlama,ncatmedllama,21.7111,6/26/2026 22:33,25
22902073,yes,"Based on the abstract you provided, it appears that knowing a fetus' estimated weight by ultrasound may be associated with an increased risk of cesarean delivery. However, this study only found an association and did not prove cause and effect. Further research is needed to confirm these findings and understand why US-EFW might influence CD rates.",,0,NcatMedLlama,ncatmedllama,17.81156,6/26/2026 22:33,23.5
26370095,yes,"Maybe. While the study suggests that financial incentives may be cost-effective for smoking cessation during pregnancy, there are limitations to the study and further research is needed to confirm these findings.",maybe,0,NcatMedLlama,ncatmedllama,14.86919,6/26/2026 22:33,22.2
18041059,yes,"Yes, the study suggests that adjuvant aromatase inhibitors may increase cardiovascular risk in postmenopausal women with early breast cancer. The absolute difference in cardiovascular events between tamoxifen and aromatase inhibitor arms was statistically significant, translating to 189 patients needed to harm one patient. However, the study also found that thromboembolic events were more frequent in the tamoxifen arm than in the aromatase inhibitor arm.",yes,1,NcatMedLlama,ncatmedllama,27.33724,6/26/2026 22:34,26.3
15041506,yes,Maybe. The survey found that many surgeons were concerned about the risk of anaphylaxis when using minimally invasive techniques to treat liver hydatid cysts.,maybe,0,NcatMedLlama,ncatmedllama,11.94886,6/26/2026 22:34,25
11146778,yes,"The study suggests that the APACHE II score may not be a reliable marker of physiological impairment in emergency surgical patients, as it is affected by treatment and might lead to bias in comparisons of groups. Postoperative monitoring with the APACHE II score is clinically irrelevant.",,0,NcatMedLlama,ncatmedllama,16.60147,6/26/2026 22:34,23.8
27281318,yes,"Maybe, depending on how much flexion is used during knee surgery and how accurate the surgeon's measurements are. The study found that the femoral tunnel length increased as the knee was flexed, but there were no significant differences in distances to important lateral structures. However, a trend toward longer distances to the common peroneal nerve with more flexion was observed. It is crucial for surgeons to carefully measure and plan their procedures to avoid damaging these critical structures.",maybe,0,NcatMedLlama,ncatmedllama,26.18569,6/26/2026 22:35,22.7
21645374,yes,"The study investigated the role of mitochondria during programmed cell death (PCD) in lace plant leaves. The results showed that mitochondrial dynamics changed during PCD, with different stages of PCD having distinct mitochondrial characteristics. This suggests a possible link between mitochondrial function and PCD. However, further research is needed to fully understand the relationship between these two processes.",,0,NcatMedLlama,ncatmedllama,22.5138,6/26/2026 22:35,21.7
9465206,yes,"No, MRI cannot fully replace diagnostic arthroscopy for occult post-traumatic lesions of the knee. While MRI can detect bone bruises, subchondral, and osteochondral injuries, it may not always depict associated ligament or meniscal damage. Arthroscopy provides a more comprehensive view of the joint and its surrounding structures. However, MRI can be useful in ruling out other diagnoses like osteoarthritis or soft tissue lesions.",no,0,NcatMedLlama,ncatmedllama,29.67951,6/26/2026 22:36,20.8
25887165,yes,"Yes, sensation usually returns to the nasal tip after microfat injections. In this study, the touch threshold value decreased immediately after the procedure but recovered gradually over time.",yes,1,NcatMedLlama,ncatmedllama,13.34789,6/26/2026 22:36,24
15995461,yes,"Yes, some U.S. states have higher/lower injury mortality rates than others based on data from 1983-1995. Group 1 states had above-average rates of road traffic deaths and other forms of injury, while group 2 states had lower rates of road traffic deaths but higher rates of other injuries.",yes,1,NcatMedLlama,ncatmedllama,17.04975,6/26/2026 22:36,26.9
21850494,yes,"Maybe, because it seems that the study found prognostic factors for mortality in patients with HRS not suitable for liver transplantation.",maybe,0,NcatMedLlama,ncatmedllama,11.94504,6/26/2026 22:36,25.9
19106867,yes,"Maybe, because it's a new format for managing mass casualties in trauma centers. It involves using ultrasound to triage patients more quickly than traditional methods might allow. This could potentially help save more lives during surges of gravely wounded victims.",maybe,0,NcatMedLlama,ncatmedllama,14.07974,6/26/2026 22:36,25
21342862,yes,"Maybe, as the abstract suggests that there is a positive correlation between EQ-5D and MacNew subscales in patients with acute coronary syndrome. However, more research is needed to confirm this finding.",maybe,0,NcatMedLlama,ncatmedllama,12.8347,6/26/2026 22:37,24.1
24352924,yes,"The abstract suggests that portable ultrasonography can be used to evaluate Schanz pin placement during extremity fracture fixation, but there may be some underestimation of protrusion length due to the limitations of ultrasound technology. However, interobserver repeatability is good, suggesting that multiple examiners can use this method with minimal training.",,0,NcatMedLlama,ncatmedllama,18.76519,6/26/2026 22:37,23.3
16147837,yes,"Yes, grandmultiparity is an independent risk factor for adverse perinatal outcomes, including abruptio placentae, preterm delivery, fetal macrosomia, neonatal death, postpartum hemorrhage, and blood transfusion.",yes,1,NcatMedLlama,ncatmedllama,16.1808,6/26/2026 22:37,25.8
26879871,yes,"The study suggests that there may be differences in depression diagnosis and antidepressant prescribing based on location, with some ethnic groups being less likely to receive these treatments compared to white British patients. The reasons for this are not clear but could involve cultural or environmental factors. However, more research is needed to confirm these findings.",,0,NcatMedLlama,ncatmedllama,18.74382,6/26/2026 22:38,25
15918864,yes,"Yes, there are differences in learning needs between postpartum women of different socioeconomic statuses. While breastfeeding and infant care/behavior were common concerns across all groups, women from lower socioeconomic backgrounds reported more unmet learning needs related to infant care/behavior. This suggests that healthcare providers should consider the diverse information needs of postpartum women when providing education and support.",yes,1,NcatMedLlama,ncatmedllama,21.72121,6/26/2026 22:38,27.3
22075911,yes,"The study found that new recruits in the British Army had more dental decay and a greater need for treatment than those in the Royal Navy or the Royal Air Force. The sample size was calculated, data collected at initial training establishments, and diagnostic criteria developed to identify dental health differences between Services.",,0,NcatMedLlama,ncatmedllama,16.65093,6/26/2026 22:38,26.5
11035130,yes,"The study suggests that stopping folic acid supplementation in patients established on methotrexate may lead to an increased incidence of nausea and neutropenia. However, there is no conclusive proof that it decreases the efficacy of methotrexate. It's important to consult with a healthcare professional before stopping any supplementation regimen.",no,0,NcatMedLlama,ncatmedllama,20.77571,6/26/2026 22:39,25.7
21228436,yes,"The study found that teaching medical students how to investigate medication errors can change their attitudes towards patient safety, as measured by questionnaire items related to these attitudes. The majority of students felt that the curriculum was relevant and should remain part of the clerkship.",,0,NcatMedLlama,ncatmedllama,14.88125,6/26/2026 22:39,25
11833948,yes,"Yes, there is an association between delay in transfer to a rehabilitation unit and outcome for older patients with fracture of the proximal femur. A longer hospital stay was found among those who experienced delays.",yes,1,NcatMedLlama,ncatmedllama,12.58099,6/26/2026 22:39,27
17682349,yes,"Based on this study, there are gender differences in reasons for delaying seeking medical help. Women were more likely to delay seeking care due to social and cultural barriers, while men were more likely to delay because they did not recognize the symptoms or felt embarrassed about experiencing a heart attack. These findings highlight the importance of addressing these barriers to improve health outcomes in African American communities.",,0,NcatMedLlama,ncatmedllama,19.30972,6/26/2026 22:39,26.3
17355582,yes,"Based on the study, yes, better ambulatory care predicts health-related quality of life outcomes for patients with chronic disease. Improving process of care can lead to improved patient outcomes in terms of quality of life.",,0,NcatMedLlama,ncatmedllama,13.61699,6/26/2026 22:40,25.6
15597845,yes,"The combination of 2-methoxyestradiol with various chemotherapy drugs in vitro resulted in an additive inhibitory effect on human ovarian cancer cell proliferation, particularly when used at lower concentrations.",,0,NcatMedLlama,ncatmedllama,14.0566,6/26/2026 22:40,25
10158597,yes,"Maybe. The study suggests that having a dedicated discharge coordinator can improve the quality of discharge planning and reduce problems experienced by patients after discharge. However, there is no evidence to suggest that this role improves the timeliness or efficiency of community services after discharge.",maybe,0,NcatMedLlama,ncatmedllama,15.92493,6/26/2026 22:40,24.4
27549226,yes,"The impact of MPH programs on health system strengthening in low- and middle-income countries is a complex question that depends on various factors. While the study found that graduates were able to influence their workplaces and society, it's important to consider the broader social and economic context when evaluating the effectiveness of MPH programs. The study highlighted the need for further research into how these programs can be optimized to achieve maximum impact in different settings.",,0,NcatMedLlama,ncatmedllama,24.4294,6/26/2026 22:41,23.8
26348845,yes,"Yes, rapid prescreening can detect glandular cell abnormalities in Pap smears. The study found that RPS identified 39 out of 107 samples (36.4%) with a final cytological diagnosis of glandular cell abnormality. However, it's important to note that RPS may not detect all cases of glandular cell abnormalities, as evidenced by the 11 false-negative cases found in this study.",yes,1,NcatMedLlama,ncatmedllama,24.86258,6/26/2026 22:41,25.6
25588461,yes,"The research suggests that transcranial direct current stimulation may be useful in differentiating between unresponsive wakefulness syndrome and minimally conscious state patients. The study found that a-tDCS increased cortical connectivity and excitability in healthy individuals, as well as in patients with disorders of consciousness, including those with unresponsive wakefulness syndrome. However, the results suggest that more research is needed to confirm these findings and determine their clinical implications.",,0,NcatMedLlama,ncatmedllama,24.51652,6/26/2026 22:41,25
23359100,yes,"Etoricoxib is effective in preventing heterotopic ossification after primary total hip arthroplasty, according to this study. However, the sample size was small, so further research is needed to confirm these findings.",,0,NcatMedLlama,ncatmedllama,14.65328,6/26/2026 22:42,24.4
26548832,yes,The study found that the reliability of baseline patient-reported outcomes (PROs) data captured via FTE-dependent versus non-FTE-dependent methodologies was similar.,,0,NcatMedLlama,ncatmedllama,15.75557,6/26/2026 22:42,23.9
25756710,yes,"Yes, emergency physicians can accurately assess acute vertigo in the emergency department using STANDING. The tool showed high sensitivity and specificity for central acute vertigo according to senior audiologist evaluation.",yes,1,NcatMedLlama,ncatmedllama,16.0139,6/26/2026 22:42,25.5
20297950,yes,Fenofibrate was found to reduce the percentage of time spent with arterial oxygen saturation levels below 90%.,,0,NcatMedLlama,ncatmedllama,14.22229,6/26/2026 22:42,25
24622801,yes,"The study found that a fast-resorbable, antibacterial-loaded hydrogel can deliver antibacterial compounds in vitro and reduce bacterial colonization and biofilm formation on implanted biomaterials during press-fit insertion. This suggests that the coating may be effective at preventing or reducing implant-related infections, which are a significant concern in orthopaedics.
",,0,NcatMedLlama,ncatmedllama,22.25587,6/26/2026 22:43,24.5
9722752,yes,"The study suggests that bone anchor fixation can improve the outcome of percutaneous bladder neck suspension for female stress urinary incontinence. However, it's important to note that this is a specific type of surgery and results may vary depending on individual circumstances.",,0,NcatMedLlama,ncatmedllama,16.10135,6/26/2026 22:43,24
20577124,yes,"Yes, there is evidence that leptin is involved in phagocytic NADPH oxidase overactivity in obesity. The study found a positive correlation between plasma levels of leptin and phagocytic NADPH oxidase activity in obese patients. This association remained significant after controlling for other factors.",yes,1,NcatMedLlama,ncatmedllama,19.67128,6/26/2026 22:43,25.5
19027440,yes,"The study suggests that a third of newly diagnosed head and neck cancer patients reported relatively high levels of fears of recurrence at the time of diagnosis, with 12% still reporting similar levels of fear six to eight months after treatment. The researchers found that pre-treatment fears and optimism directly predicted fears of cancer recurrence after treatment.",,0,NcatMedLlama,ncatmedllama,19.31715,6/26/2026 22:44,25
18239988,yes,"The answer is yes, laboratory markers can be useful for differentiating nonalcoholic from alcoholic steatohepatitis. In this study, the AST/ALT ratio and MCV were found to be more common in alcoholic steatohepatitis patients than non-alcoholic ones. However, it is important to note that these markers are not specific for NASH or ASH and may not always be present. Further studies are needed to validate these findings and determine their clinical usefulness.",,0,NcatMedLlama,ncatmedllama,25.80783,6/26/2026 22:44,24.5
27858166,yes,"The anatomy of the aortic arch can influence the severity of traumatic aortic injury, according to this study. The angle and size of the aortic arch were found to be significantly associated with the occurrence of type III damage.",,0,NcatMedLlama,ncatmedllama,15.10675,6/26/2026 22:44,24.1
27050489,yes,"The study found that idiopathic misty mesentery is relatively common, occurring in about 7% of patients who underwent abdominal CT scans for unrelated reasons. Obesity was the most common underlying factor. However, it's important to note that this condition is usually harmless and doesn't require treatment unless symptoms persist or worsen over time.",,0,NcatMedLlama,ncatmedllama,20.15978,6/26/2026 22:45,23.6
16266387,yes,"The study suggests that eating fast food, specifically hamburgers, may be associated with an increased risk of wheeze and current asthma symptoms in children. However, the association is not as strong for atopy or BHR (exercise-induced bronchial hyperresponsiveness).",,0,NcatMedLlama,ncatmedllama,18.3723,6/26/2026 22:45,23.2
27287237,yes,"The experts in this study did not always agree on whether antimicrobial prescriptions were appropriate or not, even when using a reference standard. This suggests that there may be variability in how doctors evaluate the quality of antimicrobial prescribing. It is important to continue researching and developing methods for assessing and improving antimicrobial stewardship.",,0,NcatMedLlama,ncatmedllama,20.45377,6/26/2026 22:45,22.8
11079675,yes,"This study suggests that pulmonary valve replacement in adults late after repair of tetralogy of Fallot may not be too late. The results indicate that the procedure can improve right ventricular function, even in patients with pre-operative values<0.40. However, the study has a small sample size and further research is needed to confirm these findings.",,0,NcatMedLlama,ncatmedllama,20.70508,6/26/2026 22:46,22.4
10331115,yes,"Based on the PET study described in the abstract, amoxapine does not appear to be an atypical antipsychotic because it has a higher 5-HT2 than D2 occupancy and does not meet the criteria of having high serotonin (5-HT)2 occupancy; greater 5-HT2 than dopamine (D)2 occupancy, and a higher incidence of extrapyramidal side effects when its D2 occupancy exceeds 80%. Therefore, amoxapine is not an atypical antipsychotic.",,0,NcatMedLlama,ncatmedllama,26.85773,6/26/2026 22:46,22
18594195,yes,"The abstract suggests that older patients who refuse to participate in a self-management intervention differ from those who agree to participate in terms of their physical functioning, living situation, and relationship status. The main reasons for refusal were lack of time, travel distance, and transport problems.",,0,NcatMedLlama,ncatmedllama,15.35314,6/26/2026 22:46,21.7
22497340,yes,"The answer is maybe, as there are conflicting findings in the literature regarding the role of otolith organs input in horizontal semicircular canal ocular reflex. The study you mentioned suggests that the eyeball's rotation axis can be affected by changes in gravity direction on the head, but other studies have found no such effect. Further research is needed to clarify this relationship.",no,0,NcatMedLlama,ncatmedllama,18.30349,6/26/2026 22:47,21.3
16769333,yes,"The study suggests that preoperative tracheobronchoscopy can help identify unsuspected complications or malformations in newborns with esophageal atresia, potentially guiding surgical treatment decisions. However, it's essential to weigh the potential benefits against the risks of the procedure and consider individual patient factors.",,0,NcatMedLlama,ncatmedllama,18.90374,6/26/2026 22:47,21
20571467,yes,"Maybe, depending on the recipient's age at the time of transplantation. Younger recipients may have a better outcome due to their lower risk of chronic kidney disease progression. However, elderly donors tend to have higher creatinine levels and more advanced kidney damage, which could negatively impact graft function.",maybe,0,NcatMedLlama,ncatmedllama,19.72294,6/26/2026 22:47,20.6
12094116,yes,"The study found that muscle power is related to running speed with changes of direction, but only when it comes to reactive strength. This means that athletes who are able to quickly change their body position and move in a new direction have an advantage when it comes to sprinting with changes of direction.",,0,NcatMedLlama,ncatmedllama,16.20053,6/26/2026 22:48,20.3
17276182,yes,"This study suggests that inherited mutations in KCNQ1 can contribute to the development of atrial fibrillation, potentially through mechanisms involving cardiac stretch. The findings suggest a link between genetic and environmental factors in the pathogenesis of AF.",,0,NcatMedLlama,ncatmedllama,14.71981,6/26/2026 22:48,20
26419377,yes,"The study found that during arthroscopic acetabular labral repair, there is a risk of perforation to the pelvic cavity starting at a drill depth of 20 mm. Therefore, it's important to carefully plan and execute the surgery to minimize this risk.",,0,NcatMedLlama,ncatmedllama,16.62738,6/26/2026 22:48,19.7
23810330,yes,"Maybe, depending on the specific context and population studied. Intraoperative neuromonitoring may help surgeons avoid damaging nerves during TME for rectal cancer, potentially leading to better functional outcomes. However, this study only found a trend towards improved sexual function in patients undergoing IONM. Further research is needed to confirm these findings and establish the optimal approach for TME in different patient populations.
",maybe,0,NcatMedLlama,ncatmedllama,21.44064,6/26/2026 22:49,19.4
15151701,yes,"The role for peer review is an area of ongoing research in healthcare quality assessment. This study suggests that implicit chart reviews may be more reliable when evaluating conditions where there is a well-established evidence base (e.g., diabetes and hypertension). However, the reliability of single physician reviews for other conditions (e.g., COPD or acute conditions) was lower, indicating that additional reviewers are needed to provide more accurate assessments.",,0,NcatMedLlama,ncatmedllama,23.96363,6/26/2026 22:49,19.1
23736032,yes,"The answer is yes. The multidisciplinary team approach is the standard of care for breast cancer management, and this study evaluates the concordance between MDT decisions and patient management.",,0,NcatMedLlama,ncatmedllama,12.95175,6/26/2026 22:49,18.8
28143468,yes,"The study suggests that using a performance measurement system strategically can directly enhance healthcare processes. It also shows that managers' perception of having discretion to make decisions is positively affected by the use of PMS, although this indirect effect is not significant.",,0,NcatMedLlama,ncatmedllama,14.39293,6/26/2026 22:49,18.6
23495128,yes,"Yes, patients can use color to describe osteoarthritis pain. In a study, patients associated red with high-intensity pain, grey or black for aching pain, and purple for mild pain. They also thought they could communicate their pain in this way to healthcare professionals. However, there are potential issues about the standardization of color use.",yes,1,NcatMedLlama,ncatmedllama,18.80209,6/26/2026 22:50,19.7
12121321,yes,"The abstract suggests that mossy fibers do release GABA. The study found that electrical stimuli of the dentate gyrus elicited monosynaptic GABAA receptor-mediated synaptic signals in CA3 pyramidal neurons, indicating that mossy fibers are capable of releasing GABA.",,0,NcatMedLlama,ncatmedllama,19.21824,6/26/2026 22:50,19.4
18570208,yes,The abstract suggests that severe macrosomia may be present as early as 11-14 weeks of gestation.,,0,NcatMedLlama,ncatmedllama,10.69353,6/26/2026 22:50,19.2
28707539,yes,"This study suggests that measuring visceral adipose tissue area at a level 3 cm above the lower margin of L3 can give an accurate representation of VAT volume changes in individuals over time. However, it's essential to consult with a healthcare professional before making any conclusions based on these findings.",,0,NcatMedLlama,ncatmedllama,16.38101,6/26/2026 22:51,18.9
22117569,yes,"The answer is yes because embedding advance care planning models in organizational structures was shown to be feasible in community palliative care settings, even with adaptations and changes to existing quality audit processes.",yes,1,NcatMedLlama,ncatmedllama,11.78981,6/26/2026 22:51,20
18783922,yes,"The study suggests that there may be a role for cytokines in epilepsy, but more research is needed to confirm this finding. The study found differences in serum cytokine levels between patients with new onset seizures and those with epilepsy, suggesting the possibility of a cytokine-mediated mechanism underlying the pathophysiology of epilepsy. However, further investigation is required to establish causality.",,0,NcatMedLlama,ncatmedllama,24.46933,6/26/2026 22:51,19.7
15528969,yes,"The study suggests that expert breast pathology assessment can have an impact on the management of DCIS, particularly for patients with high-risk features. This highlights the importance of accurate and complete pathologic reporting, which may require specialized expertise in breast disease.",,0,NcatMedLlama,ncatmedllama,16.1119,6/26/2026 22:51,19.5
19482903,yes,"The study found that peak oxygen uptake (.)Vo(2)peak measured during a graded treadmill exercise test may not be a true reflection of the maximum oxygen uptake (.)Vo(2)max in children with spina bifida who are ambulatory. The study suggests that other factors, such as fitness level and cardiovascular response to exercise, can affect the accuracy of peak oxygen uptake measurements in this population. It is important to consider these findings when interpreting Vo(2)peak values in children with spina bifida.",,0,NcatMedLlama,ncatmedllama,29.46324,6/26/2026 22:52,19.2
11977907,yes,"The relationship between the side-to-side difference in systolic brachial arterial blood pressure and the severity of subclavian steal syndrome is not well understood. This study found that patients with complete reversal or alternating flow patterns on vertebral artery ultrasound had a higher systemic blood pressure difference than those with systolic deceleration pattern. However, more research is needed to confirm these findings and establish the clinical significance of this observation.",,0,NcatMedLlama,ncatmedllama,25.37284,6/26/2026 22:52,19
17306983,yes,"Yes, size-reducing ascending aortoplasty can be an option for some patients undergoing modern aortic surgery. It involves reducing the diameter of the ascending aorta using external reinforcement with a non-coated Dacron prosthesis. This technique has been associated with low hospital mortality and morbidity, as well as stable performance in long-term follow-up. However, it's important to note that this procedure is not established for all patients or diameters, and the decision should be made on a case-by-case basis with a cardiac surgeon.",yes,1,NcatMedLlama,ncatmedllama,29.31633,6/26/2026 22:53,20
24318956,yes,"The study found that men who used digoxin had a lower risk of developing prostate cancer compared to those who did not use it. The association was stronger among men with more frequent PSA tests over the previous five years. However, this does not mean that digoxin is a causal factor in preventing PCa; further research is needed to confirm these findings.",,0,NcatMedLlama,ncatmedllama,19.90042,6/26/2026 22:53,19.8
22266735,yes,"The study suggests that adopting the IADPSG criteria for gestational diabetes mellitus screening is cost-effective when postdelivery care reduces future diabetes incidence. However, without effective postdelivery interventions, the strategy is not cost-effective. This is a valuable finding to consider in healthcare resource allocation decisions.",,0,NcatMedLlama,ncatmedllama,20.27859,6/26/2026 22:54,19.5
22453060,yes,"The answer is yes, the four-diagram manual can enable laypersons to operate a Laryngeal Mask Supreme® in manikins. The study showed that after brief instruction, most participants were able to correctly insert and ventilate the device within two minutes. However, it's important to note that the study was conducted on manikins, so further research is needed to determine whether the same results would be seen in real-world situations.",,0,NcatMedLlama,ncatmedllama,23.90599,6/26/2026 22:54,19.3
10401824,yes,"Yes, laparoscopic reoperation for failed antireflux surgery is feasible. The study found that 46 patients underwent successful laparoscopic reoperation for various reasons, including hiatal hernia, fundoplication breakdown, and misdiagnosed achalasia. The mean duration of surgery was 3.5 hours, and the conversion rate from laparoscopic to open procedure was 20%. Mortality was zero, and hospital stay averaged 2.3 days. Follow-up was possible in 76% of patients at an average of 17 months after surgery, with a well-being score of 8.6 before and 2.9 after surgery (P<.001). Thirty-one patients were satisfied with their decision to undergo reoperation.",yes,1,NcatMedLlama,ncatmedllama,41.6023,6/26/2026 22:55,20.2
15208005,yes,"Based on the abstract provided, it appears that low levels of EPA and DHA in red blood cells (the Omega-3 Index) are independently associated with increased risk of death from coronary heart disease. The study suggests that maintaining a higher level of these omega-3 fatty acids through diet or supplementation may reduce the risk of CHD mortality, including sudden cardiac death.",,0,NcatMedLlama,ncatmedllama,21.22013,6/26/2026 22:55,20
16713745,yes,"The study suggests that measuring interleukin-8 levels in pancreatic juice collected during endoscopy can help differentiate between a normal pancreas, chronic pancreatitis, pancreatic cancer, and the presence of other pancreatic diseases. However, more research is needed to confirm these findings before they become clinical practice.",,0,NcatMedLlama,ncatmedllama,19.3775,6/26/2026 22:55,19.8
21864397,yes,"Combined modality treatment can be beneficial for NPC patients with lung metastasis alone, as suggested by this study. However, more research is needed to confirm these findings.",,0,NcatMedLlama,ncatmedllama,13.29658,6/26/2026 22:56,19.5
25810292,yes,"The study suggests that minimally invasive mitral valve repair using artificial chords is reproducible and applicable in routine surgery. However, the sample size was small, and further studies are needed to confirm these findings.",,0,NcatMedLlama,ncatmedllama,14.14933,6/26/2026 22:56,19.3
11943048,yes,Hospice care in nursing homes can improve the management of pain at the end of life. The study found that hospice residents were more likely to receive regular treatment for daily pain compared to nonhospice residents.,,0,NcatMedLlama,ncatmedllama,16.32947,6/26/2026 22:56,19.1
23347337,yes,"The study suggests that intensive chemotherapy is safe for rural cancer patients, with similar outcomes compared to urban patients. However, the study has some limitations, such as a small sample size and retrospective nature of data collection. Further research is needed to confirm these findings.",,0,NcatMedLlama,ncatmedllama,16.95351,6/26/2026 22:56,18.9
23992109,yes,"The study suggests that urinary biomarkers can be used to assess tubulointerstitial lesions of the solitary kidney, providing a non-invasive approach for diagnosis and monitoring.",,0,NcatMedLlama,ncatmedllama,15.44305,6/26/2026 22:57,18.7
10922093,yes,"The study found that open access endoscopy can lead to less information and explanation being provided to patients compared to those referred from a gastrointestinal subspecialty clinic. However, patient satisfaction with the procedure was similar between the two groups. The results suggest that there may be a need for further education about the importance of informed consent for outpatient endoscopy procedures.",,0,NcatMedLlama,ncatmedllama,19.81458,6/26/2026 22:57,18.5
26601554,yes,"This study suggests a possible link between viral infections and benign paroxysmal positional vertigo (BPPV). The researchers found that patients with BPPV had higher levels of certain viruses than healthy controls, especially during specific times of the year. However, this does not prove causality, as other factors may also play a role in BPPV. Further investigation is needed to confirm these findings and determine if preventing or treating viral infections could help manage BPPV symptoms.",,0,NcatMedLlama,ncatmedllama,24.21716,6/26/2026 22:57,18.3
15489384,yes,"Yes, reducing spasticity does translate into functional benefit. This study found that when spasticity is reduced, it can lead to improved arm function. The relationship between the two is clear in patients receiving botulinum toxin but not in those receiving a placebo or a higher dose of the drug.",yes,1,NcatMedLlama,ncatmedllama,17.38133,6/26/2026 22:58,19.1
27818079,yes,"The retromandibular transparotid approach is considered a reliable option for the surgical treatment of condylar fractures, based on this study's findings. The approach allows for safe and effective reduction of these complex fractures with minimal complications or long-term sequelae. However, it should be noted that this approach may not be suitable for all patients, so a thorough evaluation is necessary before making treatment decisions.",,0,NcatMedLlama,ncatmedllama,21.99488,6/26/2026 22:58,18.9
24340838,yes,"No, ventricular arrhythmias do not subside over time in athletes. In fact, most of these athletes had far fewer ventricular arrhythmias during their follow-up exercise test compared to their initial test. This suggests that the condition may persist even after a long period of time.",no,0,NcatMedLlama,ncatmedllama,17.81281,6/26/2026 22:58,18.8
16971978,yes,"Yes, the study suggests that patients with diabetes mellitus are more likely to have complex coronary lesions such as bifurcation and ostial lesions compared to those without diabetes. This may be due to the increased atherosclerotic burden in diabetic patients.",yes,1,NcatMedLlama,ncatmedllama,18.26513,6/26/2026 22:59,19.6
21689015,yes,"The study suggests that dogs can help children with autism spectrum disorder display more positive behaviors, such as smiling and physical contact, and fewer negative behaviors like aggression. However, the sample size was small and there were only two treatment conditions, so further research is needed to confirm these findings.",,0,NcatMedLlama,ncatmedllama,16.95184,6/26/2026 22:59,19.4
12846929,yes,"The answer is yes, socioeconomic status does matter in lung cancer patients' quality of life. The study found that patients from lower socioeconomic backgrounds reported more health problems, less functioning, and more symptoms compared to affluent patients at baseline. However, no consistent pattern emerged after three months.",no,0,NcatMedLlama,ncatmedllama,17.74978,6/26/2026 22:59,19.2
22694248,yes,"The answer is yes. Researchers developed a training model for retroperitoneoscopic nephrectomy in pigs to simulate the whole procedure, from creating the space to nephrectomy completion. The experimental learning curve was eight cases.",,0,NcatMedLlama,ncatmedllama,14.50623,6/26/2026 22:59,19
12377809,yes,"Anorectal endosonography is useful for evaluating dyschesia since it can reveal abnormalities in the anal sphincter and puborectalis muscle, which are hallmarks of this condition.",,0,MedLlama2,medllama2,20.58038,6/27/2026 0:06,0
26163474,yes,"Yes, there is an association between sublingual varices and hypertension as indicated by the study findings. The presence of sublingual varices suggests that the patient may have undiagnosed hypertension.",yes,1,MedLlama2,medllama2,11.46429,6/27/2026 0:06,50
19100463,yes,"Maybe. The study found a strong correlation between the results of the ACMIA and MEIA methods, which suggests that they are interchangeable for tacrolimus therapeutic drug monitoring in kidney or liver transplant recipients. However, there was a slight tendency for higher differences between the two methods when hematocrit levels were low. This may be due to differences in sample handling and processing between the two methods.

Explanation: Both methods showed good correlation, but some small differences in results occurred, possibly related to differences in sample preparation or processing. However, these differences are not likely to affect clinical decision-making.",maybe,0,MedLlama2,medllama2,22.94259,6/27/2026 0:07,33.3
18537964,yes,"The study found that a physician's specialty can impact how thoroughly their patients' medication history is documented in their case notes. Specifically, Cardiology and Chest had the highest scores for adverse drug reactions and adherence to medications, while Gastroenterology, Psychiatry, and Endocrine had the highest scores for use of alcohol, illicit drugs, dietary restrictions, etc. The findings suggest that physicians' specialty may be a factor in how well patients' medication history is documented. However, further research is needed to confirm this association.",,0,MedLlama2,medllama2,21.43369,6/27/2026 0:07,25
12913878,yes,"The study suggests that LITT-induced disruption of the blood-brain barrier could potentially allow for the local delivery of chemotherapeutic agents to treat malignant glioma. Therefore, the answer is ""yes."" However, further research would be required to confirm its efficacy and safety before it could be applied in clinical settings.",,0,MedLlama2,medllama2,13.57254,6/27/2026 0:07,20
12765819,yes,"This patient developed SSDH following subarachnoid hemorrhage due to a ruptured internal carotid aneurysm. While this is the first reported case, it suggests that SSDH may be a sequela of SAH. The patient's symptoms were managed conservatively without any significant complications.",,0,MedLlama2,medllama2,13.08839,6/27/2026 0:08,16.7
25475395,yes,"This study did not find a strong correlation between serum levels of androgens (FT, TT) and sexual desire in women overall or in specific age subgroups. However, the metabolite ADT-G showed some positive correlations with sexual desire in certain age groups. These findings suggest that other factors beyond just circulating androgen levels may be involved in regulating sexual desire. (Source: J Sex Med 2015;12(1):136-143)",,0,MedLlama2,medllama2,18.61299,6/27/2026 0:08,14.3
19130332,yes,"QC-ACS, the zeolite hemostatic agent, is beneficial in reducing blood loss during arterial injury. The study showed that QC application resulted in slower drop in blood pressure and significantly lower total blood loss compared to control group. However, there were mild edematous and vacuolar changes observed in nerve tissues possibly due to the zeolite component of QC-ACS. Therefore, future studies may be needed to determine if these changes have any clinical relevance.",,0,MedLlama2,medllama2,17.8303,6/27/2026 0:08,12.5
9427037,yes,"This study evaluated the endothelial patterns in astrocytoma surgical specimens and compared them to those found in normal brains using confocal microscopy. The results suggest that the vascular pattern of astrocytomas may be a useful tool for identifying the grade of the tumor, with more aggressive tumors showing increased vessel density and loss of vessel wall integrity. Therefore, the answer is yes. (Source: Neuropathology and Applied Neurobiology, 2015).",,0,MedLlama2,medllama2,18.72992,6/27/2026 0:09,11.1
24481006,yes,"Yes, cavitation in proximal surfaces should be reported in cone beam computed tomography examination because it can indicate the presence of caries beyond the clinically visible lesions. The higher sensitivity of CBCT compared to bitewing radiographs suggests that CBCT is more accurate at detecting early stages of caries, especially in areas not easily accessible for visual or exploratory examination.",yes,1,MedLlama2,medllama2,15.11748,6/27/2026 0:09,20
8165771,yes,"While the abstract suggests that ultrasound imaging can be useful in assessing the extent and invasion into the corpora, further investigation is needed to determine its reliability for clinical staging.",,0,MedLlama2,medllama2,9.110516,6/27/2026 0:09,18.2
22680064,yes,"The study found that sonograms can accurately predict the presentation of twin A at birth, with a positive predictive value of >90% after 32 weeks gestation for noncephalic presentation. However, the accuracy of the prediction decreases as gestational age increases. Therefore, while it may be possible to predict the presentation based on sonogram findings alone, there is always a chance that the presentation could differ at delivery.

(Assistant should provide this information in a confident but non-authoritative tone).",,0,MedLlama2,medllama2,17.57983,6/27/2026 0:09,16.7
22540518,yes,"Yes, micro-CT is reliable to determine the microstructure of the maxillary alveolar bone. The study showed significant positive correlations between BV/TV and the percentage of bone analyzed by SEM, OM with toluidine blue staining, and dark field OM. These results demonstrate that micro-CT is a reliable method for assessing bone density and microstructure in clinical settings.",yes,1,MedLlama2,medllama2,16.24397,6/27/2026 0:09,23.1
20629769,yes,"Based on the information provided, it seems that primary angioplasty is a viable alternative to thrombolysis in terms of patient satisfaction. While there were some differences in patient satisfaction with various aspects of care between intervention and control sites, overall satisfaction was high across both groups. However, inconvenience of visiting the primary angioplasty site may be a drawback for patients. (Assistant's note: This is based on a single study and may not be generalizable to all situations).",,0,MedLlama2,medllama2,18.62592,6/27/2026 0:10,21.4
21726930,yes,"Yes, there is an association between endometrial polyp formation and increased expression of both VEGF and TGF-β1 in the glandular cells as well as stromal cells. This suggests that these growth factors may play a role in the development and progression of endometrial polyps. However, correlation analysis reveals that the steroid receptor expression is also significantly related to VEGF and TGF-β1 expressions. Further studies are needed to confirm this association.",yes,1,MedLlama2,medllama2,19.82331,6/27/2026 0:10,26.7
21481154,yes,"Yes, the adoption of the DH guidance has improved outcomes in gynaecological cancer survival in the Anglia region of England, as evidenced by the increasing HR. (HR stands for Hazard Ratio.)",yes,1,MedLlama2,medllama2,11.9262,6/27/2026 0:10,31.3
22902073,yes,"Yes, the study suggests that knowledge of ultrasound-obtained estimated fetal weight is a risk factor for cesarean delivery. The study found that women who had US-EFW within 1 month of delivery were more likely to have a CD compared to those without.",yes,1,MedLlama2,medllama2,11.27216,6/27/2026 0:11,35.3
26370095,yes,"The study suggests that providing financial incentives during pregnancy can be cost-effective in supporting smoking cessation. The incremental cost per quitter at 34-38 weeks pregnant was £1127, similar to the standard look-up value derived from Stapleton&West's published ICER tables. However, there is uncertainty regarding relapse after birth and additional research may be beneficial to further confirm these findings.
Please note that this analysis only considers the NHS perspective and does not take into account other potential benefits of cessation, such as improved health outcomes for both mother and baby.",,0,MedLlama2,medllama2,23.05951,6/27/2026 0:11,33.3
18041059,yes,"The study shows that AIs, compared to tamoxifen, result in significantly more cardiovascular events in postmenopausal women with early breast cancer (P<0.0001). However, both interventions are associated with thromboembolic events. The NNH values suggest that 85 patients need to be treated with AIs for one additional cardiovascular event compared to tamoxifen.
Therefore, the answer is yes, there is an increased risk of cardiovascular disease in postmenopausal women who receive AIs compared to those who receive tamoxifen. ",,0,MedLlama2,medllama2,24.22868,6/27/2026 0:11,31.6
15041506,yes,"Fear of anaphylactic shock is a potential barrier to wider adoption of percutaneous and laparoscopic techniques in liver hydatid cyst treatment, according to the study.",,0,MedLlama2,medllama2,9.707368,6/27/2026 0:11,30
11146778,yes,"The study suggests that the APACHE II score is not a reliable marker of physiological impairment in emergency surgical patients, as it can be affected by treatment and might lead to bias in evaluating treatment policies. While there was some correlation between the initial and postoperative APACHE II scores, the difference between the two was statistically significant. The study also found that the predicted mortality based on the ICU admission score did not match the observed mortality rate. (Word count: 150)",,0,MedLlama2,medllama2,18.52837,6/27/2026 0:12,28.6
27281318,yes,"Yes, this study suggests that flexible instruments can create adequate femoral tunnel lengths at 90° of knee flexion in anterior cruciate ligament reconstruction. The intra-osseous length increased with increased knee flexion, but the distance to important lateral structures was not significantly different among the groups. (Level V)",yes,1,MedLlama2,medllama2,15.99446,6/27/2026 0:12,31.8
21645374,yes,"From the abstract, we can see that the researchers used different methods to examine the role of mitochondria during PCD in the lace plant (Aponogeton madagascariensis). They used a TUNEL assay to detect fragmented DNA, and they examined chloroplasts and transvacuolar strands using live cell imaging. In addition, they investigated the effect of cyclosporine A on PCD in lace plants. Although we don't know the specific outcome of this research, it seems that mitochondria play a role during PCD in the lace plant, as indicated by changes observed in the distribution, motility, and membrane potential of mitochondria.",,0,MedLlama2,medllama2,25.74067,6/27/2026 0:13,30.4
9465206,yes,"Yes, this study suggests that MRI can be used to detect occult bone and cartilage injuries in patients with a history of musculoskeletal trauma and persistent knee pain. Arthroscopy is still the gold standard for diagnosis, but MRI may be useful as an initial screening tool or follow-up examination. (307 words)",yes,1,MedLlama2,medllama2,18.61917,6/27/2026 0:13,33.3
25887165,yes,"The study found that sensation returns to the nasal tip following microfat injections, as measured by objective and subjective assessments. There was a gradual improvement in touch threshold values over time, with differences detected between different measurement points (P<.05). Also, there was a decrease in paresthesia after the injection.
Therefore, yes, sensation does return to the nasal tip following microfat injections.",,0,MedLlama2,medllama2,17.19056,6/27/2026 0:13,32
15995461,yes,"The abstract suggests a correlation between rates of road traffic deaths and other forms of injury, such as falling, poisoning, drowning, fire, suffocation, homicide, and suicide, among the six states with the highest rates of road traffic deaths. However, the same pattern is not observed for the six states with the lowest rates of road traffic deaths. Therefore, the answer to the biomedical research question is yes, but more research is needed to determine the cause-and-effect relationship between these factors.",,0,MedLlama2,medllama2,17.14045,6/27/2026 0:13,30.8
21850494,yes,"The study suggests that serum creatinine levels at the initiation of treatment are a prognostic factor for mortality in patients with hepatorenal syndrome type 1 associated with cirrhosis, who are not suitable for liver transplantation. This suggests that routine monitoring of these patients may help identify those who have a poorer prognosis. However, further research is needed to confirm these findings and determine the optimal therapeutic approach in this population.",,0,MedLlama2,medllama2,18.52867,6/27/2026 0:14,29.6
19106867,yes,"This abstract describes a new method for categorizing and prioritizing patients during a mass casualty event, such as a suicide bombing. The authors suggest that using ultrasound to assess severity could be beneficial in high-stress situations where decisions need to be made quickly. The results suggest that this approach is effective in identifying the most critically injured patients and prioritizing them for immediate surgical intervention.",,0,MedLlama2,medllama2,14.75619,6/27/2026 0:14,28.6
21342862,yes,"The study found a positive correlation between the EQ-5D and MacNew subscales, suggesting validity of the EQ-5D in patients with acute coronary syndrome (ACS). It also found that MacNew global score was significantly effective on EQ-5D index score. So, the answer is yes.",,0,MedLlama2,medllama2,12.91111,6/27/2026 0:14,27.6
24352924,yes,"This study is a yes, as portable ultrasonography can accurately confirm Schanz pin placement during fracture fixation, and it has good interobserver repeatability. However, there might be some degree of underestimation in the measurement due to technical limitations, but it's not significant in the range of 5-12 mm.",,0,MedLlama2,medllama2,14.07707,6/27/2026 0:14,26.7
16147837,yes,"The study found that grandmultiparous women are at higher risk for several adverse perinatal outcomes compared to multiparous women who are 30 years or older as controls, including abruptio placentae, preterm delivery, fetal macrosomia, neonatal death, postpartum hemorrhage and blood transfusion. Yes, grandmultiparity appears to be an independent risk factor for adverse perinatal outcomes. (See reference) [1]",,0,MedLlama2,medllama2,18.36006,6/27/2026 0:15,25.8
26879871,yes,"Yes, there are differences in depression diagnosis and antidepressant prescribing based on location. The study found that ethnic minority groups were less likely to be newly diagnosed with depression or prescribed antidepressants compared to white British patients. The results also showed an inverse relationship between neighborhood ethnic density and new depression diagnosis for some groups, where an increase of 10% own-ethnic density was associated with a statistically significant reduced odds of depression for Pakistani, Indian, African, and Bangladeshi patients. However, black Caribbean patients showed the opposite effect.",yes,1,MedLlama2,medllama2,22.02088,6/27/2026 0:15,28.1
15918864,yes,"Yes, there are differences in learning needs between postpartum women from low and high socioeconomic backgrounds even when they report similar concerns at hospital discharge.",yes,1,MedLlama2,medllama2,9.973255,6/27/2026 0:15,30.3
22075911,yes,"Based on this abstract, there seems to be a difference in dental health among new recruits to each Service. The Army had a higher prevalence of dental decay and greater treatment resource need than the Royal Navy or Royal Air Force. However, it is unclear what the full extent of these findings may indicate. More research would be needed to determine the reasons for this difference in dental health among new recruits.",,0,MedLlama2,medllama2,15.58025,6/27/2026 0:16,29.4
11035130,yes,"This question is difficult to answer based only on the provided abstract, as it lacks sufficient information regarding the specific patient population and treatment regimen being studied. Without more data, there is no clear indication for whether or not patients with rheumatoid arthritis established on methotrexate and folic acid supplements should continue these supplements long-term. Therefore, I would answer ""maybe"" to this question until more information becomes available.",no,0,MedLlama2,medllama2,18.15019,6/27/2026 0:16,28.6
21228436,yes,"Yes, this study suggests that providing medical students with opportunities to investigate medication errors can positively impact their attitudes towards patient safety. The Learning From Defects tool is a useful framework for investigating errors in a systems-based manner, promoting critical thinking and reflection about the causes of adverse events. These skills are essential for future clinicians to provide safe care for patients.",yes,1,MedLlama2,medllama2,14.26985,6/27/2026 0:16,30.6
11833948,yes,"The study found that delaying transfer to a rehabilitation unit for older patients can result in longer hospital stays and increased risk of discharge to more dependent residences.
Explanation: Delayed transfer to a rehabilitation ward for older adults resulted in higher odds of long-term care placement and longer hospital stays due to the age-related decline in physical function. Early transfer to specialized care can help mitigate these outcomes by providing targeted interventions tailored to their needs.

Now, what are some potential reasons why there might be a delay in transfer? Could it be due to logistical issues or staffing shortages?",,0,MedLlama2,medllama2,21.85188,6/27/2026 0:16,29.7
17682349,yes,"This study found that women had a longer median delay time than men, but this difference was not significant. Additionally, single women and those who were alone when symptoms began delayed longer than their counterparts. However, there were some notable differences within the gender category. For example, women who received advice to seek help or call 911 had shorter delays compared to women who were not advised to do so. These findings suggest that there are specific factors influencing delay times for African American men and women. (Assistant can provide more details if asked.)",,0,MedLlama2,medllama2,18.48132,6/27/2026 0:17,28.9
17355582,yes,"The study found that better process of care predicts health-related quality of life outcomes for patients with chronic disease. Specifically, the study found that patients who received higher levels of quality care had smaller declines in their physical component summary score over a 30-month period compared to those receiving lower levels of care. This suggests that paying attention to process of care can have important implications for patient outcomes. (46 words)",,0,MedLlama2,medllama2,15.46872,6/27/2026 0:17,28.2
15597845,yes,"Depending on the cell type, this may be possible but only at low concentrations of chemotherapy.",,0,MedLlama2,medllama2,6.768797,6/27/2026 0:17,27.5
10158597,yes,"The study shows that a dedicated discharge coordinator does improve the quality of hospital discharge. There is a reduction in problems experienced by patients after discharge and in perceived need for medical and healthcare services. The intervention did not, however, have an impact on the timeliness or effectiveness of community services after discharge, nor on the appropriateness or efficiency of bed use.",,0,MedLlama2,medllama2,14.90933,6/27/2026 0:17,26.8
27549226,yes,"It is likely that MPH programs contribute to strengthening health systems in low- and middle-income countries. Graduates reported developing competencies relevant to workplace management, leadership, innovation, teaching, training, advocacy, and community engagement. Findings suggest that program impact could be seen at multiple levels, including the individual, team/unit, organization, country, and global levels. However, there are limitations of self-selection bias, missing data, and possible social acceptability bias. The findings suggest that MPH education can have a positive impact on workplace management, leadership, and innovation, but more research is needed to confirm the study's findings across different contexts.",,0,MedLlama2,medllama2,25.02353,6/27/2026 0:18,26.2
26348845,yes,"The abstract discusses the detection of glandular cell abnormalities using rapid prescreening (RPS). The results indicate that RPS is relatively effective in detecting some cases of these abnormalities, particularly those with a high grade squamous intraepithelial lesion or carcinoma. However, there are limitations to the method and false negative cases may occur. Therefore, it's important to use RPS in conjunction with full screening (FS) for more accurate diagnosis.",,0,MedLlama2,medllama2,19.40029,6/27/2026 0:18,25.6
25588461,yes,"The study suggests that tDCS can potentially be useful in differentiating between UWS and MCS patients by boosting cortical connectivity and excitability, which might be an indicator of residual conscious awareness in the former group. (Note: It is important to note that this is a correlational study and further research is needed to confirm these findings).",,0,MedLlama2,medllama2,14.41459,6/27/2026 0:18,25
23359100,yes,"The study suggests that etoricoxib is effective in preventing heterotopic ossification after primary total hip arthroplasty. However, it is important to note that the sample size was small and further studies with larger populations are needed for more definitive conclusions.",,0,MedLlama2,medllama2,12.04184,6/27/2026 0:19,24.4
26548832,yes,"No, the results suggest that the two methods of capturing PRO data are reliable and produce similar results.",no,0,MedLlama2,medllama2,10.20259,6/27/2026 0:19,23.9
25756710,yes,"This study shows that emergency physicians can accurately assess acute vertigo in the ED with high sensitivity and specificity when using a validated clinical diagnostic tool like STANDING. The results suggest good inter-observer agreement among EPs, indicating reliable application of the method.",,0,MedLlama2,medllama2,14.43321,6/27/2026 0:19,23.4
20297950,yes,"Fenofibrate showed a potential therapeutic effect on some sleep indices in this exploratory study. However, the results should be interpreted cautiously due to several limitations, including short treatment duration and lack of correction for multiplicity of testing.",,0,MedLlama2,medllama2,14.85672,6/27/2026 0:19,22.9
24622801,yes,"Maybe. While the study suggests that the hydrogel may be able to reduce bacterial colonization and biofilm formation, further studies are needed to determine if this effect translates in vivo. The feasibility of intraoperative coating and its resistance to press-fit implant insertion should also be assessed in larger animal models before a clinical application can be considered.",maybe,0,MedLlama2,medllama2,15.43408,6/27/2026 0:20,22.4
9722752,yes,"The study found that using a bone anchor fixation system improved the outcome of percutaneous bladder neck suspension for female stress urinary incontinence. The procedure was successful in 68% of cases, with 43% experiencing complete continence and 24% showing significant improvement. However, minor complications were observed in some patients.",,0,MedLlama2,medllama2,14.36845,6/27/2026 0:20,22
20577124,yes,"The study suggests that there is an association between plasma levels of leptin and phagocytic nicotinamide adenine dinucleotide phosphate (NADPH) oxidase activity in obesity, which may contribute to the development of cardiovascular diseases. The mechanism involves a direct activation of NADPH oxidase by leptin through the phosphatidylinositol 3-kinase and protein kinase C pathways. This could have implications for the prevention or treatment of obesity-related cardiovascular diseases.",,0,MedLlama2,medllama2,22.69968,6/27/2026 0:20,21.6
19027440,yes,"According to the abstract, fears of recurrence in head and neck cancer survivors can be predicted using measures such as illness perceptions, coping, and anxiety and depression levels collected prior to treatment and six to eight months after treatment. So yes!",,0,MedLlama2,medllama2,12.3827,6/27/2026 0:20,21.2
18239988,yes,"Based on the given abstract, yes, routine laboratory markers are useful in differentiating nonalcoholic from alcoholic steatohepatitis. The MCV is elevated in most cases of alcoholic steatohepatitis and normal in all nonalcoholic cases.",,0,MedLlama2,medllama2,13.20114,6/27/2026 0:21,20.8
27858166,yes,"From this study, we can see that the anatomy of the aortic arch does influence the severity of traumatic aortic injury. The more acute the angle of the aortic arch is, the higher the risk for type III damage. This information could be useful in helping to identify patients at risk for severe TAI.",,0,MedLlama2,medllama2,13.76876,6/27/2026 0:21,20.4
27050489,yes,"No, the paper does not investigate the relationship between obesity and misty mesentery. The study aimed to assess the prevalence of incidentally detected idiopathic misty mesentery on computed tomography (CT) and to summarize the pathologies leading to this appearance.",no,0,MedLlama2,medllama2,12.36404,6/27/2026 0:21,20
16266387,yes,"The study found that hamburger consumption is associated with wheeze and allergic disease, even after adjusting for lifestyle factors like BMI. Yes.",,0,MedLlama2,medllama2,10.30756,6/27/2026 0:21,19.6
27287237,yes,"Based on the abstract provided, there is a general agreement between experts regarding the appropriateness of antimicrobial agents prescribed for different indications (80% overall agreement). However, there is variability among specialists in some cases, suggesting that more research is needed to improve inter-rater and intrarater reliability.",,0,MedLlama2,medllama2,14.17928,6/27/2026 0:21,19.3
11079675,yes,"No, this study did not suggest that adults who undergo pulmonary valve replacement too late after repair of tetralogy of Fallot will have poor outcomes. In fact, it seems to support the idea that surgical timing may not be a critical factor in determining long-term RV function in these patients.",no,0,MedLlama2,medllama2,14.56278,6/27/2026 0:22,19
10331115,yes,"Based on the abstract, amoxapine does not meet the criteria for an atypical antipsychotic because it shows high serotonin (5-HT)2 occupancy and greater 5-HT2 than dopamine (D)2 occupancy. Therefore, the answer is no. (Reference: G. E. G. H. D. Janssen et al., ""Pharmacologic and behavioral characterization of amoxapine,"" Neuropsychopharmacology, vol. 30, no. 12, pp. 2567-2580, 2005.)",,0,MedLlama2,medllama2,22.13724,6/27/2026 0:22,18.6
18594195,yes,"This is a case study on older adults who refuse to participate in self-management intervention programs. Results show that these patients tend to have higher levels of physical disability and are more likely to live further away from the location of the program. The main reasons for refusal include lack of time, transport issues, and distance between their homes and the program location.
",,0,MedLlama2,medllama2,14.1112,6/27/2026 0:22,18.3
22497340,yes,"The study found that horizontal semicircular canal ocular reflex is indeed influenced by otolith organs input, as observed in eye movements in response to changes in head position.",,0,MedLlama2,medllama2,8.142951,6/27/2026 0:22,18
16769333,yes,"Preoperative tracheobronchoscopy can help identify unsuspected carinal fistulas and other respiratory abnormalities, which can inform surgical planning and potentially improve outcomes. Yes.",,0,MedLlama2,medllama2,10.62529,6/27/2026 0:23,17.7
20571467,yes,The study suggests that kidneys from elderly donors can be safely implanted in young recipients without a significant difference in outcomes at 10 years.,,0,MedLlama2,medllama2,10.61107,6/27/2026 0:23,17.5
12094116,yes,"Yes, there is an association between muscle power and running speed with changes of direction. While there was no significant relationship found between concentric leg power and straight sprinting speed, the relationships between reactive strength and straight speed were statistically significant. Additionally, participants who were better at turning in one direction tended to have a reactive strength dominance in the leg responsible for the push-off action.",yes,1,MedLlama2,medllama2,14.7424,6/27/2026 0:23,18.8
17276182,yes,"This study suggests that genetic mutations in KCNQ1 may play a role in inherited forms of atrial fibrillation in individuals with hypertension. The study found that stretch-sensitive mutant channels exhibited altered channel kinetics and shortened action potential duration, which could contribute to the development of atrial arrhythmias under stressful conditions such as hypertension. (Less)
Yes, there may be a link between genetic and environmental factors in the pathogenesis of atrial fibrillation, specifically related to stretch-sensitive KCNQ1 mutations. The study suggests that these mutations could contribute to the development of atrial arrhythmias under stressful conditions such as hypertension. (More)
Explanation: This study suggests a possible link between genetic and environmental factors in the pathogenesis of atrial fibrillation, specifically related to stretch-sensitive KCNQ1 mutations. These mutations may cause altered channel kinetics and shortened action potential duration, which could contribute to the development of atrial arrhythmias under stressful conditions such as hypertension. Future studies could investigate this association further in larger populations. (Less)",,0,MedLlama2,medllama2,37.70291,6/27/2026 0:24,18.5
26419377,yes,"This study investigated the risk of injury to nearby structures during arthroscopic acetabular labral repair. The results indicate that there is a small risk of perforation to the pelvic cavity, but it increases with deeper drilling. Therefore, surgeons should be cautious when drilling too deeply into the bone.

Reply: Maybe. Surgeons should be aware of the potential risks and take precautions when drilling during arthroscopic acetabular labral repair.",,0,MedLlama2,medllama2,19.59953,6/27/2026 0:24,18.2
23810330,yes,"Maybe, as the study suggests that patients who undergo open TME with intraoperative neuromonitoring may have better functional outcomes compared to those without this technique. The results indicate that IONM can help preserve nerve function during surgery, potentially leading to better urogenital and anorectal outcomes post-surgery. (Please provide more information if the user would like).",maybe,0,MedLlama2,medllama2,15.75801,6/27/2026 0:24,17.9
15151701,yes,"This study aimed to develop and test a more reliable method for assessing the quality of care for chronic diseases using implicit chart reviews by multiple physicians. The results showed that the reliability of peer review was higher for conditions with a well-developed evidence base (diabetes and hypertension), but lower for those with less developed evidence (COPD and acute conditions). While the findings suggest that peer review may not be reliable enough to use in this context, they also highlight the potential benefits of collective physician review, particularly when assessing quality of care for diseases with a strong body of research guiding best practices.",,0,MedLlama2,medllama2,22.06652,6/27/2026 0:25,17.6
23736032,yes,"The study found that 91.5% of multidisciplinary team decisions in breast cancer management were concordant with subsequent patient management, while 4.5% were discordant and the remaining 4% had no MDT decision.",no,0,MedLlama2,medllama2,11.67929,6/27/2026 0:25,17.4
28143468,yes,"Yes, the abstract suggests that using performance measurement systems can directly improve healthcare processes. However, there is a need for further research to confirm these findings and to understand the mediating factors involved. (102 words)",yes,1,MedLlama2,medllama2,9.578579,6/27/2026 0:25,18.6
23495128,yes,"The study found that patients generally accepted the idea of using colour to describe osteoarthritis pain, but not all participants felt comfortable with it as a method. The most common choices for high-intensity pain were red due to its association with inflammation and negative emotions, while absence of pain was linked to positive emotional feelings such as purity or calmness. Participants thought they could use colour to describe their pain to healthcare professionals.",,0,MedLlama2,medllama2,16.31792,6/27/2026 0:25,18.3
12121321,yes,"Yes, mossy fibers do release GABA. The evidence suggests that mossy fibers are a source of inhibitory input to the CA3 region of the hippocampus.",yes,1,MedLlama2,medllama2,10.60933,6/27/2026 0:25,19.4
18570208,yes,"This study suggests that severe macrosomia may be present as early as 11-14 weeks of gestation based on measurements taken at nuchal translucency screening. (Note: The association between birth weight and the difference in measured versus expected fetal size was found, but it is unclear whether this relationship predicts severe macrosomia.)",,0,MedLlama2,medllama2,14.54752,6/27/2026 0:26,19.2
28707539,yes,"Yes, this study suggests that measuring visceral adipose tissue area at a single level (specifically 3 cm above the lower margin of L3) can provide an accurate representation of VAT volume changes over time. However, it's important to note that other factors such as body composition and bone density may also affect CT imaging results.",yes,1,MedLlama2,medllama2,13.55333,6/27/2026 0:26,20.3
22117569,yes,"Yes, the model was feasible with some adaptation and modification to suit local context. (Explanation below)
The study found that it was possible to embed the advance care planning model into community palliative care services in Victoria, Australia, even though this type of service is often seen as more challenging than other settings such as aged or acute care. The key adaptation was the concept of community, which widened the impact of the model beyond the traditional family-centred approach. (Explanation below)
The services adapted the model to fit their own context and way of working, which is important for successful implementation in any setting. The quality audit processes were also modified to consolidate the model into routine palliative care practice. This study demonstrates that the advance care planning model can be feasible even in community settings where resources are limited and the need for flexibility is higher. (Explanation below)
Conclusion: The findings suggest that embedding advance care planning into community palliative care services is feasible, but adaptation to local contexts is essential. It's important to have a flexible approach to quality audit processes when implementing the model in these settings.",yes,1,MedLlama2,medllama2,34.78595,6/27/2026 0:27,21.3
18783922,yes,"The study suggests that cytokines are involved in epilepsy, particularly during the postictal phase when levels of TNF-alpha, IFN-gamma, IL-1beta, and IL-6 decrease. This could indicate an immunological response during seizure activity. However, no significant differences were found between new onset seizures and epilepsy group. Further research is needed to understand the role of cytokines in various types of seizures.",no,0,MedLlama2,medllama2,20.23547,6/27/2026 0:27,21.1
15528969,yes,"The study suggests that there is significant inter-observer variability in pathologic reporting of DCIS, which may impact management decisions. The authors suggest that expert breast pathology assessment can improve risk assessment and treatment planning. However, more research is needed to confirm these findings.",,0,MedLlama2,medllama2,12.94595,6/27/2026 0:27,20.8
19482903,yes,"Yes, the study suggests that peak oxygen uptake measured during a graded treadmill exercise test is indeed a true reflection of maximum oxygen uptake in children with spina bifida who are ambulatory.",yes,1,MedLlama2,medllama2,11.66811,6/27/2026 0:27,21.8
11977907,yes,The study investigated the relationship between different vertebral artery waveform types and the side-to-side difference in systolic blood pressure in patients with sonographically proven subclavian steal syndrome. The study found that patients with complete reversal of flow or alternating flow had a significantly higher systolic blood pressure difference compared to those with systolic deceleration. Yes.,,0,MedLlama2,medllama2,16.5624,6/27/2026 0:28,21.5
17306983,yes,"Yes, size-reducing ascending aortoplasty with external reinforcement can be an option for certain patients undergoing modern aortic surgery. This technique has been shown to be effective in reducing the diameter of the ascending aorta and stabilizing the aortic wall over long-term follow-up. However, the specific patient indications and criteria are not yet established. (The author's opinion)",yes,1,MedLlama2,medllama2,16.89734,6/27/2026 0:28,22.5
24318956,yes,"Maybe. The study suggests that there may be an association between digoxin use and reduced risk of prostate cancer, particularly among men with a higher number of PSA tests in the previous five years. However, further studies are needed to confirm these findings.",maybe,0,MedLlama2,medllama2,12.00022,6/27/2026 0:28,22.2
22266735,yes,"The study suggests that adopting the IADPSG criteria for screening gestational diabetes would be cost-effective only when postdelivery care reduces diabetes incidence, which is not guaranteed in practice. The ICER was $20,336 per QALY gained when postdelivery care was accomplished.",,0,MedLlama2,medllama2,14.54154,6/27/2026 0:28,22
22453060,yes,"Yes, the instruction manual was found to be effective in teaching laypersons how to use the Laryngeal Mask Supreme® correctly. The study showed that with brief training and a well-designed manual, laypeople could successfully insert and ventilate the device on a manikin, even those without prior BLS training or technical education. (125 words)",yes,1,MedLlama2,medllama2,15.95941,6/27/2026 0:29,22.9
10401824,yes,"Yes, laparoscopic reoperation for failed antireflux surgery is feasible. This study demonstrates that it can be safely performed using a standardized approach, and the results suggest improved long-term outcomes compared to initial surgical failure.",yes,1,MedLlama2,medllama2,14.79335,6/27/2026 0:29,23.8
15208005,yes,"The answer to this question is yes. The abstract suggests that low levels of EPA + DHA in red blood cells are independently associated with increased risk of death from coronary heart disease. Therefore, having a higher Omega-3 Index (i.e., the percentage of EPA + DHA in red blood cells) may be protective against CHD mortality.",,0,MedLlama2,medllama2,14.48745,6/27/2026 0:29,23.5
16713745,yes,"The study found that interleukin-8 concentration in pancreatic juice can potentially discriminate between patients with normal pancreas, chronic pancreatitis, pancreatic cancer, and the presence of other pancreatic diseases. However, individual cytokine concentrations did not differ significantly between chronic pancreatitis and pancreatic cancer.",,0,MedLlama2,medllama2,14.87436,6/27/2026 0:29,23.3
21864397,yes,"Yes, this study suggests that combined modality treatment (surgery and/or radiation therapy along with chemotherapy) may be beneficial for certain patients with NPC and lung metastasis alone, particularly those with a longer disease-free interval between the primary cancer diagnosis and the development of lung metastases. The authors suggest that their findings support the notion of tailored treatment strategies based on patient factors rather than the sole presence or absence of distant metastasis. (However, the study was limited to patients from a single institution and may not be representative of all NPC patients).",yes,1,MedLlama2,medllama2,21.08878,6/27/2026 0:30,24.1
25810292,yes,"Yes, because the study demonstrated that neochordal repair is effective in minimally invasive video-assisted mitral valve repair, with high rates of procedural success and low rates of adverse outcomes.",yes,1,MedLlama2,medllama2,11.11524,6/27/2026 0:30,25
11943048,yes,"Yes. The study shows that hospice care is associated with improved management of pain at the end of life in nursing home residents. Hospice residents were more likely to receive regular treatment for daily pain, and less likely to be prescribed nonrecommended analgesics compared to nonhospice residents.",yes,1,MedLlama2,medllama2,15.51848,6/27/2026 0:30,25.8
23347337,yes,"Maybe, depending on the specific treatment protocols used. While this study suggests that intensive chemotherapy can be safely administered at a rural hospital, it's important to consider other factors such as patient accessibility and transportation issues. Additionally, local medical facilities should have adequate resources for managing side effects.",maybe,0,MedLlama2,medllama2,14.27944,6/27/2026 0:30,25.6
23992109,yes,"The study suggests that urinary biomarkers can be used to assess tubulointerstitial lesions in patients with a solitary kidney, regardless of their genetic or acquired origin. The correlation between urinary biomarkers and eGFR was significant, indicating the potential utility of these markers for monitoring kidney function in SK patients. (Word: maybe)

Note: While the study suggests the possibility of using urinary biomarkers to assess tubulointerstitial lesions in patients with a solitary kidney, further research is needed to confirm this finding and determine its clinical implications.",,0,MedLlama2,medllama2,23.4752,6/27/2026 0:31,25.3
10922093,yes,"The study suggests that open access endoscopy may result in less informed patient consent compared to a referral-based system from a specialized gastroenterology clinic. However, the patients' overall satisfaction and examination results were similar between the two groups.",,0,MedLlama2,medllama2,12.15921,6/27/2026 0:31,25
26601554,yes,The abstract suggests that there may be a role for viral infections in benign paroxysmal positional vertigo. It is worth noting this study was retrospective and further research with larger sample sizes and controlled studies are needed to confirm the findings.,,0,MedLlama2,medllama2,10.99032,6/27/2026 0:31,24.7
15489384,yes,"The study found that reducing spasticity was linked to improved arm function, although the exact mechanism is unclear. The results suggest that botulinum toxin may improve both spasticity and arm function simultaneously.

",,0,MedLlama2,medllama2,10.9107,6/27/2026 0:31,24.5
27818079,yes,"The study suggests that the retromandibular transparotid approach is a safe and reliable option for treating condylar fractures, with restoration of preinjury occlusion and satisfactory esthetic outcomes. However, it's important to note that this approach may not be suitable for all patients or types of fractures.",,0,MedLlama2,medllama2,14.2346,6/27/2026 0:32,24.2
24340838,yes,"The long-term incidence of ventricular arrhythmias among athletes following a positive exercise stress test has been investigated in this study. The results suggest that these arrhythmias often resolve with time, with most athletes showing significant reduction in arrhythmia occurrence at follow-up testing. However, the study's sample size is relatively small and further research is needed to confirm these findings.",,0,MedLlama2,medllama2,16.124,6/27/2026 0:32,24
16971978,yes,"This study suggests that patients with diabetes have a higher prevalence of complex coronary lesions compared to non-diabetics (9.8% versus 4.3%, P=0.001, and 38.4% versus 29.2%, P=0.003). This is an important finding as patients with diabetes may require more aggressive treatment strategies to reduce their coronary risk. The presence of DM and older age were found to be independent predictors for bifurcation and ostial lesions, which highlights the need for further investigation into the pathophysiology of these findings.",,0,MedLlama2,medllama2,23.89008,6/27/2026 0:32,23.7
21689015,yes,"The answer to this question appears to be yes, based on the abstract. The study found that exposure to a certified therapy dog during one-to-one structured activities resulted in more frequent and longer durations of positive behaviors compared to the control group without the dog. This suggests that dogs can prime autistic children for therapy. However, additional studies are needed to confirm this finding.",,0,MedLlama2,medllama2,15.48095,6/27/2026 0:32,23.5
12846929,yes,"No, socioeconomic status does not significantly impact lung cancer patients' quality of life scores three months after initial treatment, according to this study. While lower socioeconomic status patients reported more health problems and less functioning at baseline compared to their affluent counterparts, these differences were not observed in the follow-up assessment. (Source: The Lung Cancer Patient's Quality of Life and Survival Study Group.)",no,0,MedLlama2,medllama2,16.6341,6/27/2026 0:33,23.2
22694248,yes,"While there is no established model for teaching and practicing retroperitoneoscopic nephrectomy, this study provides some insights into developing a training model using pigs. The findings suggest that it may take around eight cases to establish an experimental learning curve for the procedure. However, more studies are required to validate these results.",no,0,MedLlama2,medllama2,13.63161,6/27/2026 0:33,23
12377809,yes,"Yes

The study found significant differences in anal sphincter and musculus puborectalis dimensions between patients with dyschesia and healthy controls during straining, suggesting dysfunction of these muscles in dyschesia patients. This supports the use of anorectal endosonography as a valuable diagnostic tool for identifying underlying issues contributing to dyschesia. The study's findings have implications for understanding the pathophysiology of dyschesia.",yes,1,Llama3_2,llama3.2,17.37234,6/27/2026 0:33,100
26163474,yes,"Yes

The study found an association between sublingual varices and hypertension, indicating that patients with grade 1 sublingual varices had higher mean systolic (132 mmHg) and diastolic blood pressure (83 mmHg) compared to those without sublingual varices. The positive predictive value of sublingual varices for hypertension is also significant at 0.5, suggesting that patients with sublingual varices are more likely to have hypertension. This suggests a potential link between the two conditions.",yes,1,Llama3_2,llama3.2,9.267217,6/27/2026 0:33,100
19100463,yes,"Yes.

The affinity column-mediated immunoassay method is suitable as an alternative to the microparticle enzyme immunoassay method for blood tacrolimus assays because it closely correlated with the results of the MEIA method, indicating comparable accuracy in measuring tacrolimus concentrations. The methods also showed no significant trends or influences on hematocrit levels, suggesting a reliable and consistent measurement of tacrolimus levels in whole-blood samples.",yes,1,Llama3_2,llama3.2,7.652028,6/27/2026 0:34,100
18537964,yes,"Yes.

The abstract suggests that there is a significant influence of physicians' specialties on both the depth and frequency of medication history recorded in patient case notes, with certain specialties documenting more specific or relevant information than others. This implies that physicians' specialties do indeed impact the recording of medication history, making ""yes"" the correct answer.",yes,1,Llama3_2,llama3.2,5.915963,6/27/2026 0:34,100
12913878,yes,"Yes.

The abstract suggests that Nd:YAG laser-induced thermo therapy (LITT) can temporarily open the blood-brain barrier (BBB), allowing for a locoregional passage of chemotherapeutic agents, such as paclitaxel, into brain tissue. This could potentially provide a new approach for adjuvant glioma therapy. The study demonstrates that LITT induces an opening of the BBB, which is accompanied by extravasation of Evans blue and other markers, and that paclitaxel can be detected in brain samples after treatment.",yes,1,Llama3_2,llama3.2,8.873236,6/27/2026 0:34,100
12765819,yes,"Maybe

This answer is based on the fact that while a subarachnoid hemorrhage (SAH) due to a ruptured internal carotid aneurysm led to a spinal subdural hematoma, it was not directly caused by the rupture of an intracranial aneurysm, but rather likely as a sequela or complication of the initial SAH.",maybe,0,Llama3_2,llama3.2,6.913261,6/27/2026 0:34,83.3
25475395,yes,"Yes

The study found that there is a correlation between certain levels of androgens (free testosterone, androstenedione) and sexual desire in women, particularly in younger age groups. However, the relationship was not as clear-cut for other androgen measures like total testosterone and DHEAS, or for androsterone glucuronide (ADT-G). This suggests that the role of androgens in female sexual desire may be more complex than previously thought.",yes,1,Llama3_2,llama3.2,8.143576,6/27/2026 0:34,85.7
19130332,yes,"Yes

The use of zeolite hemostatic agent (QuikClot) was found to be beneficial in reducing blood loss during arterial injury, as evidenced by decreased total blood loss and higher hematocrit levels in the QC group compared to the control group. Additionally, the application of QC led to a slower drop in mean arterial pressure, indicating improved hemodynamic stability.",yes,1,Llama3_2,llama3.2,6.631416,6/27/2026 0:34,87.5
9427037,yes,"Yes

The study found that different grades of astrocytomas had distinct endothelial cell patterns. Pilocytic astrocytomas showed lacy clusters of small-to-medium sized vessels, while higher-grade tumors (diffuse low grade, intermediate grade, anaplastic astrocytoma, and glioblastoma multiforme) exhibited increased vessel density with features such as intimal hyperplasia and loss of vessel wall integrity.",yes,1,Llama3_2,llama3.2,7.400642,6/27/2026 0:34,88.9
24481006,yes,"Yes.

The abstract suggests that cavitation in proximal surfaces can be reliably detected using cone beam computed tomography (CBCT) over traditional bitewing examinations, as evidenced by the higher sensitivity and overall accuracy of CBCT in detecting lesions with or without cavitation. This indicates that reporting cavitation in CBCT examinations would likely provide more accurate information than relying solely on bitewing radiographs.",yes,1,Llama3_2,llama3.2,6.722723,6/27/2026 0:34,90
8165771,yes,"Yes

The abstract suggests that ultrasound examination can be a useful addition to clinical staging for squamous cell carcinoma of the penis, as it can accurately measure maximum tumor thickness and detect invasion into specific layers of the corpus cavernosum. However, its limitations are also noted, such as not being able to distinguish between subepithelial tissue and corpus spongiosum invasion in the glans region. Overall, the study supports the use of ultrasound as a diagnostic tool in clinical staging.",yes,1,Llama3_2,llama3.2,7.736103,6/27/2026 0:35,90.9
22680064,yes,"Yes.

The study found that third trimester ultrasounds had high positive predictive values (95% and >90%) for predicting the presentation of twin A at delivery, indicating a strong ability to accurately predict the presentation. This suggests that early sonograms can be reliable in determining whether a twin will present cephalically or noncephalically at birth.",yes,1,Llama3_2,llama3.2,6.013583,6/27/2026 0:35,91.7
22540518,yes,"Yes.

The study found significant positive correlations between micro-CT measurements and conventional stereologic-based histomorphometry methods, such as SEM and OM staining techniques, indicating that micro-CT can be a reliable tool for assessing the microstructure of maxillary alveolar bone. The strong correlation coefficients suggest that micro-CT accurately captured the relationships between bone density (BV/TV) and osseous microstructural variables like trabecular thickness and separation.",yes,1,Llama3_2,llama3.2,7.838279,6/27/2026 0:35,92.3
20629769,yes,"Yes.

The study found higher patient satisfaction rates for speed of treatment, although convenience of visiting was slightly lower at intervention sites, carers accepted the inconvenience for a life-saving treatment. However, overall satisfaction with care was high in both groups, suggesting that primary angioplasty can be an acceptable alternative to thrombolysis.",yes,1,Llama3_2,llama3.2,5.889068,6/27/2026 0:35,92.9
21726930,yes,"Yes

The abstract states that the study found increased expression of vascular endothelial growth factor (VEGF) and transforming growth factor-beta1 (TGF-β1) in endometrial polyps compared to adjacent endometrial tissue, indicating a possible association between these factors and endometrial polyp formation.",yes,1,Llama3_2,llama3.2,6.579368,6/27/2026 0:35,93.3
21481154,yes,"Yes

The study found that there was an improvement in survival rates for gynaecological cancer patients diagnosed between 1996 and 2003, with a marked improvement taking place around the year 2000. This coincidence of improved survival rates with the introduction of Department of Health guidance and the adoption of case management by multidisciplinary teams with surgical concentration in specialist hospitals suggests that centralisation of care and use of multidisciplinary management may have contributed to this improvement. The fact that adjustment for treatments or method of case follow-up did not attenuate these improvements further supports this conclusion.",yes,1,Llama3_2,llama3.2,9.423994,6/27/2026 0:35,93.8
22902073,yes,"Yes.

The study suggests that having an estimated fetal weight by ultrasound is a significant risk factor for cesarean delivery, as indicated by the higher CD rates among women with US-EFW and the increased risk when the EFW exceeds 3500g. This finding may be due to various factors, such as differences in uterine capacity or placental function, associated with fetal weight.",yes,1,Llama3_2,llama3.2,6.545139,6/27/2026 0:35,94.1
26370095,yes,"No

The incremental cost per quitter (£1127) is above the standard look-up value derived from Stapleton&West's published ICER tables (£1390 per quitter).",no,0,Llama3_2,llama3.2,4.53706,6/27/2026 0:35,88.9
18041059,yes,"Yes

The study found that adjuvant aromatase inhibitors increased the risk of cardiovascular events (CVAE) compared to tamoxifen in postmenopausal women with early breast cancer, with a significant increase in thromboembolic events. The absolute difference in event rates between the two arms was 0.52%, indicating that patients treated with aromatase inhibitors would need to be exposed to nearly 200 more patients than those treated with tamoxifen to prevent one cardiovascular event.",yes,1,Llama3_2,llama3.2,8.772428,6/27/2026 0:36,89.5
15041506,yes,"Yes

The abstract suggests that surgeons' fear of anaphylactic shock is a significant barrier to adopting percutaneous and laparoscopic techniques in treating liver hydatid cysts. This fear led to the majority of non-adopters citing it as their main reason, indicating its discouraging effect on these surgical methods.",yes,1,Llama3_2,llama3.2,5.521321,6/27/2026 0:36,90
11146778,yes,"No.

The study suggests that the APACHE II score is not a reliable marker of physiological impairment, as it increased significantly after admission to the ICU due to potential biases in treatment effects and postoperative care. This indicates that the score may not accurately reflect the patient's physiological status at the time of admission or during postoperative recovery.",no,0,Llama3_2,llama3.2,6.18057,6/27/2026 0:36,85.7
27281318,yes,"Yes.

The study found that using a flexible reamer system, femoral tunnel lengths of greater than 20 mm can be created at 90° of knee flexion, suggesting that it is possible to create adequate femoral tunnel lengths with this technique. However, the distances to the common peroneal nerve and femoral attachment of the LCL were not consistently safe across all groups, highlighting the need for caution in this approach.",yes,1,Llama3_2,llama3.2,8.15497,6/27/2026 0:36,86.4
21645374,yes,"Yes

The study demonstrates the role of mitochondria during programmed cell death in lace plant leaves by showing that changes in mitochondrial dynamics, such as increased motility and membrane potential, occur before DNA fragmentation. Additionally, treatment with cyclosporine A reduces the number of perforations in leaves, suggesting that mitochondrial permeability transition pore formation may play a role in PCD. This evidence supports the idea that mitochondria are involved in remodelling lace plant leaves during programmed cell death.",yes,1,Llama3_2,llama3.2,8.547586,6/27/2026 0:36,87
9465206,yes,"Yes

The abstract suggests that magnetic resonance imaging (MRI) can be a substitute for diagnostic arthroscopy in detecting and characterizing occult posttraumatic lesions of the knee. MRI was able to identify three types of injuries, including bone bruises, subchondral injuries, and osteochondral injuries, with similar signal intensity patterns as those detected by arthroscopy.",yes,1,Llama3_2,llama3.2,7.661211,6/27/2026 0:36,87.5
25887165,yes,"Yes

The study found that sensation in the nasal tip initially decreased after microfat grafting, but then gradually recovered over time, indicating that sensation does indeed return to the nasal tip. This recovery is supported by the significant differences detected between measurement points and the gradual diminishment of paresthesia.",yes,1,Llama3_2,llama3.2,5.688776,6/27/2026 0:36,88
15995461,yes,"Yes

The study found a significant correlation between states with high road traffic death rates and those with above-average rates of other forms of injury. Conversely, states with low road traffic death rates also tended to have lower rates of these other injuries. This suggests that U.S. states with higher injury mortality rates often share underlying factors contributing to increased risk.",yes,1,Llama3_2,llama3.2,5.640382,6/27/2026 0:36,88.5
21850494,yes,"Yes

The study identified two prognostic factors for mortality in patients with hepatorenal syndrome: increased serum creatinine at the initiation of therapy and urinary sodium 6-10 mEq/l at the initiation of therapy, which suggest potential biomarkers or indicators of kidney function that can predict patient outcomes.",yes,1,Llama3_2,llama3.2,6.121485,6/27/2026 0:36,88.9
19106867,yes,"Yes.

The French-German Military Trauma Group's experience in Afghanistan during the wave of suicide bombings highlights a need for more efficient mass-casualty triage and management systems to handle multiple, severely injured patients simultaneously. The introduction of systematic ultrasound exams as part of a surgical triage system allowed for re-categorization of cases and timely emergency surgeries, demonstrating the potential effectiveness of this new format in ""surge"" management.",yes,1,Llama3_2,llama3.2,6.846497,6/27/2026 0:37,89.3
21342862,yes,"Yes.

The study demonstrates that there is a significant relationship between the EQ-5D index score and the MacNew heart-related quality of life scale, indicating its validity as a quality of life instrument in patients with acute coronary syndrome. The correlation coefficients and multiple linear regression analyses suggest a strong positive relationship between the two measures. This supports the use of EQ-5D as a valid tool to assess quality of life in this patient population.",yes,1,Llama3_2,llama3.2,7.309874,6/27/2026 0:37,89.7
24352924,yes,"No

The study found that ultrasonography underestimates Schanz pin placement by an average of 10% and displays a proportional bias, which increases as the magnitude of pin protrusion increases. This suggests that while ultrasonography can provide accurate measurements within a certain range (5-12 mm), it is not reliable for assessing larger pin placements.",no,0,Llama3_2,llama3.2,6.292649,6/27/2026 0:37,86.7
16147837,yes,"Yes.

The study found that grandmultiparous women were at a significantly higher risk for several adverse perinatal outcomes, including abruptio placentae, preterm delivery, fetal macrosomia, neonatal death, postpartum hemorrhage, and blood transfusion. These findings suggest that having multiple births (three or more) in adulthood may be associated with increased risks of pregnancy complications.",yes,1,Llama3_2,llama3.2,7.168445,6/27/2026 0:37,87.1
26879871,yes,"Yes

The study found a significant variation in depression diagnosis and antidepressant prescribing among different ethnic groups, with black and minority ethnic patients being up to four times less likely to receive a depression diagnosis or antidepressants compared to white British patients, suggesting location-specific differences may play a role.",yes,1,Llama3_2,llama3.2,5.609814,6/27/2026 0:37,87.5
15918864,yes,"Yes.

The study found significant differences in unmet learning needs between postpartum women of low and higher socioeconomic status, despite similar concerns being identified by women across both groups. Women from lower socioeconomic backgrounds reported more unmet learning needs related to various topics, suggesting that socioeconomic status can impact the information needs of postpartum women.",yes,1,Llama3_2,llama3.2,6.239684,6/27/2026 0:37,87.9
22075911,yes,"Yes

The study found that new recruits to the British Armed Forces have a significantly lower dental health compared to those in the Royal Navy and Royal Air Force, with higher prevalence rates of dental decay and greater treatment resource need among Army recruits. Additionally, Army recruits were more likely to come from deprived quintiles, suggesting socioeconomic factors may contribute to these differences. This supports the notion that differential dental health exists among new recruits joining each Service.",yes,1,Llama3_2,llama3.2,7.309008,6/27/2026 0:37,88.2
11035130,yes,"No,

The study found that stopping folic acid supplementation resulted in an increased incidence of nausea in patients taking methotrexate (45% vs 7%), suggesting that folic acid may be necessary to mitigate certain side effects. Additionally, some patients in the placebo group discontinued treatment due to neutropenia, highlighting a potential benefit of folic acid supplementation in preventing severe toxicity.",no,0,Llama3_2,llama3.2,6.919708,6/27/2026 0:37,85.7
21228436,yes,"Yes

The study found significant changes in medical students' attitudes towards patient safety after they were taught to investigate medication errors using a systems-based approach. This suggests that incorporating patient-safety curricula into medical education can have a positive impact on students' perceptions of patient safety. The curriculum was well-received by the students, indicating its potential effectiveness in shaping their attitudes.",yes,1,Llama3_2,llama3.2,6.177631,6/27/2026 0:37,86.1
11833948,yes,"Yes

The study found that delayed transfer to a rehabilitation unit for older patients with proximal femur fractures resulted in a longer hospital stay, which suggests that timely transfer can have a positive impact on patient outcomes. However, age was the only predictor of discharge to a more dependent residence, indicating that while timing may be important, it is not the sole determining factor in this outcome.",yes,1,Llama3_2,llama3.2,6.349346,6/27/2026 0:38,86.5
17682349,yes,"Yes.

The study found significant gender differences in delay time, with women generally delaying longer than men. Additionally, specific factors such as being alone, receiving advice to seek help, and type of insurance also influenced delay time for both genders. These findings suggest that there are indeed gender differences in the reasons why African Americans delay seeking medical help for AMI symptoms.",yes,1,Llama3_2,llama3.2,6.219936,6/27/2026 0:38,86.8
17355582,yes,"Yes

The study found a positive relationship between better process of care and higher health-related quality of life outcomes, specifically a smaller decline in physical component scores among patients who received better process of care. This suggests that improving the ambulatory process of care can lead to better health outcomes for patients with chronic disease. The incremental increase in SF-12 scores associated with applying the best quartile of process of care also supports this conclusion.",yes,1,Llama3_2,llama3.2,7.13989,6/27/2026 0:38,87.2
15597845,yes,"Yes

The combination of 2-methoxyestradiol (2ME) with certain chemotherapeutics, such as epirubicine and carboplatin, resulted in an additive inhibitory effect on the proliferation of human ovary cancer cells at lower concentrations. This suggests that 2ME may be able to reduce the dosages of these chemotherapeutic agents when used in combination, which could lead to improved treatment outcomes for patients with ovarian cancer.",yes,1,Llama3_2,llama3.2,7.621293,6/27/2026 0:38,87.5
10158597,yes,"Yes

The introduction of a dedicated discharge coordinator led to an improvement in hospital discharge quality, including reduced problems experienced by patients after discharge and increased patient health satisfaction. The coordinator's role streamlined the discharge planning process, ensuring a more thorough and coordinated transfer of care from hospital to home. However, there was no significant impact on timely or effective provision of community services or bed use efficiency.",yes,1,Llama3_2,llama3.2,6.858772,6/27/2026 0:38,87.8
27549226,yes,"Yes

The study found that MPH programs had a significant impact on the workplace, with graduates reporting changes in management and leadership roles, as well as introducing innovations such as research centers and advocacy initiatives. Additionally, graduates were able to exert influence beyond their workplaces through policy advisory roles, national reach, and capacity building, suggesting that these programs can contribute to health system strengthening in low- and middle-income countries.",yes,1,Llama3_2,llama3.2,7.732508,6/27/2026 0:38,88.1
26348845,yes,"Maybe.

The study suggests that rapid prescreening (RPS) may have a limited sensitivity for detecting glandular cell abnormalities, as only 36.4% of flagged samples were found to be true positives, and 54.2% of false-negative cases were also detected by RPS, indicating some ability to pick up these cases, but likely missing many others.",maybe,0,Llama3_2,llama3.2,6.902929,6/27/2026 0:38,86
25588461,yes,"Yes

The study found that transcranial direct current stimulation (tDCS) was effective in enhancing cortical connectivity and excitability in both healthy individuals and minimally conscious state patients, but only partially revealed residual networks sustaining fragmentary behavioral patterns in unresponsive wakefulness syndrome patients. This suggests that tDCS may be useful in differentiating between UWS and MCS patients based on electrophysiological parameters.",yes,1,Llama3_2,llama3.2,7.024615,6/27/2026 0:38,86.4
23359100,yes,"Yes

The study suggests that etoricoxib is effective in preventing heterotopic ossification after primary total hip arthroplasty, with a success rate of 62%. This is promising as an alternative to traditional NSAIDs that are associated with gastrointestinal side effects. The low incidence of Brooker grade 2 ossification also supports the use of etoricoxib for this purpose.",yes,1,Llama3_2,llama3.2,6.855232,6/27/2026 0:39,86.7
26548832,yes,"Maybe

The study found a high correlation between baseline PRO data captured using FTE-dependent versus non-FTE-dependent methodologies, suggesting that both methods are measuring similar things. However, there was no significant difference in PROs of baseline pain and functional disability between the two methods, indicating that while they may be related, they might not capture identical aspects of patient-reported outcomes.",maybe,0,Llama3_2,llama3.2,7.545954,6/27/2026 0:39,84.8
25756710,yes,"Yes.

The study shows that emergency physicians can accurately diagnose acute vertigo using the STANDING tool, with high sensitivity and specificity rates for identifying central causes of vertigo. The Cohen's kappa values indicate good inter-rater reliability among the physicians, suggesting a reliable diagnostic tool in this context.",yes,1,Llama3_2,llama3.2,6.118595,6/27/2026 0:39,85.1
20297950,yes,"Yes.

The study found that fenofibrate treatment significantly reduced the percentage of time with arterial oxygen saturation <90%, indicating improved oxygenation in patients with sleep apnoea syndrome, while also reducing obstructive apnoeas and non-cortical micro-awakenings per hour. Although the AHI was not significantly changed, these findings suggest a potential role for fenofibrate in managing symptoms of sleep apnoea syndrome.",yes,1,Llama3_2,llama3.2,8.521532,6/27/2026 0:39,85.4
24622801,yes,"Yes.

The study demonstrated that a fast-resorbable, antibacterial-loaded hydrogel coating can effectively reduce bacterial colonization and biofilm formation in vitro, as evidenced by the complete release of antibacterial compounds within 96 hours and significant bactericidal and antibiofilm effects observed. The hydrogel also showed feasibility and resistance to press-fit implant insertion, making it a potential solution for reducing implant-related infections.",yes,1,Llama3_2,llama3.2,7.062733,6/27/2026 0:39,85.7
9722752,yes,"Yes

The bone anchor fixation seems to improve the outcome of percutaneous bladder neck suspension by providing a more stable fixation point, reducing the risk of removal due to complications such as infection or dislocation. This is evident from the higher success rate of 68% compared to previously published results, although the study had only a small sample size and a limited follow-up period.",yes,1,Llama3_2,llama3.2,6.587113,6/27/2026 0:39,86
20577124,yes,"Yes

The study found that obese individuals have increased phagocytic NADPH oxidase activity and higher levels of plasma leptin, which positively correlate with each other and with carotid intima-media thickness. Additionally, in-vitro experiments showed that leptin directly induces NADPH oxidase activation through specific signaling pathways, suggesting a causal relationship between leptin and phagocytic overactivity in obesity.",yes,1,Llama3_2,llama3.2,7.526914,6/27/2026 0:39,86.3
19027440,yes,"Yes

The study found that pre-treatment fears and optimism are strong predictors of long-term fears of recurrence in head and neck cancer survivors. Specifically, the researchers discovered a direct relationship between pre-treatment fears and post-treatment fears, suggesting that individuals with high levels of fear before treatment are more likely to continue experiencing fear after treatment. This suggests that addressing pre-treatment fears may be crucial in reducing long-term fear of recurrence.",yes,1,Llama3_2,llama3.2,7.335476,6/27/2026 0:39,86.5
18239988,yes,"Yes

The study found that the MCV was elevated in 53% of ASH patients, indicating a possible difference between NASH and ASH, which could be useful in differentiation. Additionally, other laboratory markers like AST/ALT ratio also showed significant differences between the two conditions. This suggests that routine laboratory markers can be useful in distinguishing nonalcoholic steatohepatitis from alcoholic steatohepatitis.",yes,1,Llama3_2,llama3.2,7.454397,6/27/2026 0:40,86.8
27858166,yes,"Yes.

The study suggests a link between the anatomy of the aortic arch and the severity of traumatic aortic injury, specifically type III damage, which is associated with a significant increase in aortic arch angle. This indicates that the shape and orientation of the aortic arch may play a role in determining the extent of the injury.",yes,1,Llama3_2,llama3.2,5.987004,6/27/2026 0:40,87
27050489,yes,"Yes

The study found an isolated incidental idiopathic misty mesentery in approximately 7% of patients who underwent abdominal CT scans, mostly due to obesity. Obesity was a significant factor in the prevalence of this condition, suggesting that it could be triggering cause for incidentally detected idiopathic misty mesentery on multidetector computed tomography.",yes,1,Llama3_2,llama3.2,6.301725,6/27/2026 0:40,87.3
16266387,yes,"Yes

The study found an independent risk of hamburger consumption associated with having a history and current wheeze in children, suggesting that fast food may be related to asthma symptoms. Additionally, the study noted that takeaway consumption 1+ times a week had a marginally significant relationship with exercise-induced bronchial hyperresponsiveness (BHR), which is another indicator of respiratory health. However, it's worth noting that there was no effect on atopy.",yes,1,Llama3_2,llama3.2,8.19147,6/27/2026 0:40,87.5
27287237,yes,"Yes

The study found that specialists agreed with a reference standard assessment in 80% of cases, indicating a reasonable level of agreement among experts in their evaluations of antimicrobial prescribing appropriateness. This suggests that, at the expert level, there is a general consensus on what constitutes appropriate antimicrobial use.",yes,1,Llama3_2,llama3.2,5.668508,6/27/2026 0:40,87.7
11079675,yes,"Yes.

The study found that the right ventricular ejection fraction (RVEF) remained relatively unchanged after pulmonary valve replacement, but patients with higher pre-operative RVEF values (> 0.40) were more likely to maintain or improve their RVEF post-operatively, suggesting that operating later may not significantly impact outcomes in these cases.",yes,1,Llama3_2,llama3.2,6.511363,6/27/2026 0:40,87.9
10331115,yes,"Yes

The study found that amoxapine's serotonin (5-HT)2 occupancy was high even at lower doses, and its dopamine (D)2 occupancy was also dose-dependent but always below the threshold for extrapyramidal side effects. This profile suggests that amoxapine does not conform to the typical characteristics of atypical antipsychotics, which typically have higher D2 occupancy at lower doses.",yes,1,Llama3_2,llama3.2,6.925849,6/27/2026 0:40,88.1
18594195,yes,"Yes.

This answer is based on the fact that the study compared characteristics and reasons for refusal between those who agreed to participate (participants) and those who refused (refusers). The refusers had certain demographic differences from participants, such as greater mobility restrictions, living further away, and having a partner.",yes,1,Llama3_2,llama3.2,5.526441,6/27/2026 0:40,88.3
22497340,yes,"No

The abstract suggests that eye movements are influenced by changes in body position, which indicates that the horizontal semicircular canal ocular reflex is primarily controlled by linear vestibular input (from otolith organs) rather than angular vestibular input (from horizontal canals). The observed asymmetry of nystagmus in different head positions further supports this idea.",no,0,Llama3_2,llama3.2,5.833684,6/27/2026 0:40,86.9
16769333,yes,"Yes.

The study found that preoperative tracheobronchoscopy in newborns with esophageal atresia was clinically useful in 28 patients, and modified their surgical approach in 15 cases. It also helped identify previously undetected malformations of the respiratory tree. This suggests that preoperative TBS can have a positive impact on diagnosis and treatment outcomes for these patients.",yes,1,Llama3_2,llama3.2,7.090292,6/27/2026 0:41,87.1
20571467,yes,"Yes.

Although there was no significant difference in survival rates between the two groups of patients, young recipients with kidneys from elderly donors had higher creatinine levels after 1-10 years post-transplantation, indicating potential long-term complications.",yes,1,Llama3_2,llama3.2,5.281978,6/27/2026 0:41,87.3
12094116,yes,"Maybe

The relationship between muscle power and running speed, especially with changes of direction, is complex and not fully established. While the study found significant correlations between reactive strength and straight sprinting speed, the relationships between concentric power and both straight and change-of-direction speeds were non-significant or weak. This suggests that while reactive strength may play a role in overall sprint performance, muscle power may be more related to other factors, such as technique or neuromuscular coordination.",maybe,0,Llama3_2,llama3.2,7.672695,6/27/2026 0:41,85.9
17276182,yes,"Maybe

This answer is based on the fact that the study found one specific mutation (R14C) associated with an increased current in response to cell swelling/stretch, which could link genetic and environmental factors in the pathogenesis of atrial fibrillation. However, it's unclear if this finding applies broadly to KCNQ1 mutations or if it's a specific example.",maybe,0,Llama3_2,llama3.2,6.503181,6/27/2026 0:41,84.6
26419377,yes,"Yes.

The study found that there were a total of 14 injuries in 60 penetrations during acetabular labral repair, indicating some level of risk to pelvic anatomical structures. However, the risk was relatively low and did not result in significant importance. The mean depth for all insertions was calculated as 31.7 mm, which suggests that the depth can be managed carefully to minimize risks.",yes,1,Llama3_2,llama3.2,7.03326,6/27/2026 0:41,84.8
23810330,yes,"Yes.

The study found that intraoperative neuromonitoring was associated with better functional outcomes, particularly for urogenital function, as evidenced by lower rates of urinary dysfunction and higher residual urine volumes in patients undergoing TME with IONM compared to those without. Additionally, the IONM group showed a trend towards lower rates of sexual dysfunction after surgery. This suggests that IONM may be an effective tool in preserving functional outcomes in rectal cancer patients.",yes,1,Llama3_2,llama3.2,8.004294,6/27/2026 0:41,85.1
15151701,yes,"Yes

The study found higher reliability in peer review for chronic disease conditions with well-established evidence bases, such as diabetes and hypertension, compared to those with less developed evidence bases like COPD. This suggests that peer review can be a reliable tool for assessing quality of care in certain clinical contexts. The collective judgment of multiple reviewers was able to distinguish more differences in patient care, leading to higher reliability ratings.",yes,1,Llama3_2,llama3.2,7.205428,6/27/2026 0:41,85.3
23736032,yes,"Yes.

The study found that the vast majority (91.5%) of multidisciplinary team decisions were concordant with subsequent patient management, indicating a high level of agreement between the team's recommendations and actual treatment outcomes. This suggests that patients received what the team had recommended, although there were some discordant cases where this was not the case. The 'unjustifiable' and 'justifiable' categories help to explain these discrepancies.",yes,1,Llama3_2,llama3.2,7.435186,6/27/2026 0:41,85.5
28143468,yes,"Yes

The study suggests that using Performance Measurement Systems strategically can lead to improved processes in healthcare organizations, as well as increased perceived managerial discretion. This implies that performance measurement systems can be a useful tool when used effectively and meaningfully. The results support the idea that PMS can have a positive impact on process performance when utilized strategically.",yes,1,Llama3_2,llama3.2,5.701178,6/27/2026 0:42,85.7
23495128,yes,"Yes

This answer is based on the fact that most patients found the idea of using color to describe osteoarthritis pain to be generally acceptable. They associated different colors with various levels of pain intensity, such as red for high-intensity pain and grey/black for aching pain. However, some issues around interpretability and standardization were raised, but overall, the majority thought they could use color to communicate their pain to healthcare professionals.",yes,1,Llama3_2,llama3.2,7.416172,6/27/2026 0:42,85.9
12121321,yes,"Yes.

The study demonstrates that electrical stimuli recruiting dentate granule cells elicit GABA-mediated synaptic signals in CA3 pyramidal neurons, suggesting that mossy fibers release GABA. This finding satisfies the criteria for inhibitory neurotransmission and distinguishes mossy fiber-CA3 synapses from other glutamatergic projections.",yes,1,Llama3_2,llama3.2,6.172724,6/27/2026 0:42,86.1
18570208,yes,"Yes.

The study found that there was a significant association between the discrepancy in fetal size (measured CRL vs. expected CRL) at 11-14 weeks' gestation and severe macrosomia at delivery, suggesting that macrosomia can be manifested early in pregnancy, around this time frame. This indicates that prenatal screening measures may potentially identify pregnancies at risk of producing a severely large baby.",yes,1,Llama3_2,llama3.2,6.975296,6/27/2026 0:42,86.3
28707539,yes,"Yes

This is because the study found that a specific CT slice location (3 cm above the lower margin of L3) showed strong correlations between VAT area, VAT volume, and body weight changes, suggesting that VAT area measurement at this level can represent visceral adipose tissue volume. The r values (0.853 and 0.902) indicate moderate to high correlations, supporting this conclusion.",yes,1,Llama3_2,llama3.2,6.565263,6/27/2026 0:42,86.5
22117569,yes,"Yes.

The abstract states that a multi-site action research was conducted with three Victorian community palliative care services in Australia, and it was found that it was feasible to embed an advance care planning model into their organizational structures. The study identified that changes to quality audit processes were essential for consolidating the model into routine practice, suggesting that while there were some challenges, the model can be implemented effectively in community settings.",yes,1,Llama3_2,llama3.2,6.745154,6/27/2026 0:42,86.7
18783922,yes,"Yes.

The study found elevated levels of certain cytokines, such as IL-6, TNF-alpha, and IL-1beta, in patients with epilepsy compared to healthy controls. These findings suggest that cytokines may play a role in the pathophysiology of epilepsy, particularly in relation to seizures and seizure-free periods.",yes,1,Llama3_2,llama3.2,6.74037,6/27/2026 0:42,86.8
15528969,yes,"Yes.

The abstract suggests that expert breast pathology assessment had a significant impact on the management of ductal carcinoma in situ, leading to changes in local recurrence risk assessments and treatment recommendations for a substantial number of cases. The high inter-observer variability between initial and secondary reports highlights the importance of expert review in achieving accurate diagnosis and appropriate management.",yes,1,Llama3_2,llama3.2,6.10065,6/27/2026 0:42,87
19482903,yes,"Maybe

The study found that 15 out of the 20 participating children met at least two criteria for maximal oxygen uptake, indicating that peak oxygen uptake measured during treadmill testing might be a reflection of maximum oxygen uptake in some cases. However, five children showed improvement during supramaximal testing, suggesting that peak oxygen uptake may not always accurately reflect maximum oxygen uptake.",maybe,0,Llama3_2,llama3.2,6.726834,6/27/2026 0:42,85.9
11977907,yes,"Yes.

The study found that patients with subclavian steal syndrome had a significant blood pressure difference between arms, which was more pronounced in those with completely reversed flow or alternating flow in their vertebral artery waveforms compared to those with systolic deceleration. This suggests that the severity of steal can be predicted by the blood pressure difference and the type of vertebral artery waveform.",yes,1,Llama3_2,llama3.2,6.947492,6/27/2026 0:43,86.1
17306983,yes,"Yes

The study suggests that size-reducing ascending aortoplasty with external reinforcement is a viable option for patients with an enlarged ascending aorta, as it was associated with low hospital mortality and morbidity, and resulted in significant reduction in aortic diameter measurements. The procedure also showed stable performance in long-term follow-up.",yes,1,Llama3_2,llama3.2,6.288931,6/27/2026 0:43,86.3
24318956,yes,"No.

The study found that digoxin use for cardiovascular disease was not strongly associated with an increased risk of prostate cancer in this specific population-based case-control study. In fact, the data suggested a reduction in PCa risk among those taking digoxin. The association was also more pronounced among individuals with frequent PSA tests, but overall, the evidence did not support a significant link between digoxin use and increased PCa risk.",no,0,Llama3_2,llama3.2,7.598118,6/27/2026 0:43,85.2
22266735,yes,"Yes

The study suggests that adopting the IADPSG criteria for diagnosing gestational diabetes mellitus (GDM) would be cost-effective if it leads to a reduction in future diabetes incidence through postdelivery care and counseling. The ICER of $20,336 per QALY gained indicates that the IADPSG strategy is more effective than the current standard of care, making it a viable option.",yes,1,Llama3_2,llama3.2,7.383928,6/27/2026 0:43,85.4
22453060,yes,"Yes

The study shows that laypersons who followed the simple instructions from a 4 diagram manual were able to successfully insert and operate the Laryngeal Mask Supreme device, with most participants inserting it correctly in under 2 minutes. This suggests that an instruction manual like this can empower non-medical individuals to perform lifesaving CPR procedures effectively.",yes,1,Llama3_2,llama3.2,6.688531,6/27/2026 0:43,85.5
10401824,yes,"Yes

The abstract suggests that laparoscopic reoperation for failed antireflux surgery is feasible, as demonstrated by the successful completion of a large number of procedures without major complications or mortality. The conversion rate was also low in the last 10 patients, indicating improved technique over time. Additionally, most patients reported high levels of satisfaction with their decision to have reoperation.",yes,1,Llama3_2,llama3.2,7.674992,6/27/2026 0:43,85.7
15208005,yes,"Yes

The abstract states that low intakes or blood levels of EPA + DHA are independently associated with increased risk of death from coronary heart disease (CHD), and suggests that the Omega-3 Index, a measure of RBC fatty acid composition, can be used as a new risk factor for CHD mortality. The relationship between the Omega-3 Index and CHD mortality was found to be inversely associated, with higher indices indicating greater cardioprotection.",yes,1,Llama3_2,llama3.2,7.896991,6/27/2026 0:43,85.9
16713745,yes,"Yes

The study found that interleukin-8 levels in pancreatic juice could discriminate between normal pancreas and pancreatic disease, including chronic pancreatitis and pancreatic cancer. This suggests a potential biomarker for the presence of pancreatic diseases.",yes,1,Llama3_2,llama3.2,4.880051,6/27/2026 0:43,86
21864397,yes,"Yes

The study found that patients treated with combined modality treatment had significantly longer overall and post-metastasis survival times compared to those treated with chemotherapy alone. The results suggest that combined therapy may be beneficial for selected cases of nasopharyngeal carcinoma with lung metastasis, particularly those with a disease-free interval greater than 1 year. This indicates a positive outcome for the use of combined modality treatment in this specific subgroup.",yes,1,Llama3_2,llama3.2,7.690587,6/27/2026 0:44,86.2
25810292,yes,"Yes

The study demonstrates that minimally invasive mitral valve repair using artificial chords is effective in achieving long-term results, with zero instances of recurrent regurgitation or reoperations. The use of artificial chords appears to be reproducible and stable, reducing the complexity of the procedure compared to traditional techniques.",yes,1,Llama3_2,llama3.2,5.861809,6/27/2026 0:44,86.4
11943048,yes,"Yes.

The study found that hospice care was associated with better analgesic management of daily pain at the end of life, as indicated by higher rates of regular treatment for daily pain among hospice residents compared to non-hospice residents. This suggests that enrollment in hospice care may lead to more effective pain management.",yes,1,Llama3_2,llama3.2,6.998052,6/27/2026 0:44,86.5
23347337,yes,"Yes

The study suggests that intensive chemotherapy is safe for rural cancer patients, as evidenced by the low rates of febrile neutropenia, diarrhoea, and vomiting compared to urban patients, as well as no toxic deaths occurring in either group. The fact that dose intensities were comparable between urban and rural patients also supports this conclusion.",yes,1,Llama3_2,llama3.2,6.518752,6/27/2026 0:44,86.7
23992109,yes,"Yes

The study suggests that urinary biomarkers such as NAG, alpha-1-microglobulin, and albuminuria can be used to assess tubulointerstitial lesions of the solitary kidney, providing a non-invasive approach for its evaluation. These biomarkers showed significant correlations with eGFR in both acquired and congenital solitary kidney patients, indicating their potential as diagnostic tools.",yes,1,Llama3_2,llama3.2,7.699474,6/27/2026 0:44,86.8
10922093,yes,"Yes

The abstract suggests that open access endoscopy may compromise patient informed consent and satisfaction due to inadequate pre-procedure information and explanation. This is evident from the study's findings that patients referred for open access endoscopy reported receiving less information about their procedure than those referred from a specialized GI clinic, despite similar satisfaction scores when sedation was used.",yes,1,Llama3_2,llama3.2,6.408708,6/27/2026 0:44,87
26601554,yes,"Yes

The study found significant associations between viral infections (specifically HSV1, adenovirus, Herpes zoster, EBV, CMV, influenza, and parainfluenza virus) and benign paroxysmal positional vertigo in patients compared to healthy controls. The observed seasonal variation suggests that viral infections may play a role in the development of BPPV, particularly during specific months of the year. This supports the idea that viral infections could be a contributing factor to the condition.",yes,1,Llama3_2,llama3.2,8.016174,6/27/2026 0:44,87.1
15489384,yes,"Yes

The study found a significant relationship between reduced spasticity and improved arm function in patients who received botulinum toxin injections at specific doses (500-1000 units). The maximum changes in both composite measures occurred concurrently, suggesting that reducing spasticity can lead to functional benefits. However, the relationship was not observed in those treated with placebo or higher doses of botulinum toxin.",yes,1,Llama3_2,llama3.2,7.08329,6/27/2026 0:44,87.2
27818079,yes,"Yes

This conclusion is supported by the fact that the study did not report any permanent neurologic impairments or major postoperative complications, and most patients experienced restored preinjury occlusion and temporomandibular joint health. Additionally, esthetic outcomes were deemed satisfactory by both clinicians and patients, indicating a successful approach for the treatment of condylar fractures.",yes,1,Llama3_2,llama3.2,6.452217,6/27/2026 0:44,87.4
24340838,yes,"Maybe.

The study found that athletes with ventricular arrhythmias experienced a reduction in the frequency of these arrhythmias over time, suggesting that they may subside as athletes continue to engage in physical activity. However, the magnitude of this change and whether it is sufficient to eliminate the risk of sudden death are unclear. Further research would be needed to determine if this trend holds true for all athletes with ventricular arrhythmias.",maybe,0,Llama3_2,llama3.2,7.505636,6/27/2026 0:45,86.5
16971978,yes,"Yes.

The study found that patients with diabetes mellitus had a significantly higher prevalence of complex coronary lesions such as bifurcation and ostial lesions compared to nondiabetic patients, suggesting a greater burden of coronary atherosclerosis in diabetic individuals. This finding is consistent with the known increased risk of cardiovascular disease in people with diabetes. The results support the hypothesis that diabetes mellitus may be associated with an increased frequency of complex coronary lesions.",yes,1,Llama3_2,llama3.2,7.887309,6/27/2026 0:45,86.6
21689015,yes,"Yes.

The study found that in the presence of a therapy dog, the autistic child displayed more frequent and longer durations of positive behaviors such as smiling and physical contact, while exhibiting fewer and shorter instances of negative behaviors like aggression. This suggests that the canine-assisted therapy had a positive impact on the child's behavior.",yes,1,Llama3_2,llama3.2,5.765961,6/27/2026 0:45,86.7
12846929,yes,"Yes

The study found that patients of lower socioeconomic status had more health problems, less functioning, and more symptoms compared to their affluent counterparts, even after controlling for other factors. This suggests that socioeconomic status does indeed matter in terms of quality of life in lung cancer patients. However, the lack of significant differences at follow-up assessment may indicate that some improvements are possible with treatment and other interventions.",yes,1,Llama3_2,llama3.2,6.751081,6/27/2026 0:45,86.9
22694248,yes,"Yes.

The study successfully developed a training model for retroperitoneoscopic nephrectomy using piglets and demonstrated an experimental learning curve of eight cases. This suggests that there is indeed a model that can be used to teach and practice retroperitoneoscopic nephrectomy, at least in a porcine model.",yes,1,Llama3_2,llama3.2,5.795564,6/27/2026 0:45,87
12377809,yes,Maybe,maybe,0,Llama3_2_1B,llama3.2:1b,10.49231,6/27/2026 0:45,0
26163474,yes,Yes,yes,1,Llama3_2_1B,llama3.2:1b,1.652672,6/27/2026 0:45,50
19100463,yes,No,no,0,Llama3_2_1B,llama3.2:1b,1.484466,6/27/2026 0:45,33.3
18537964,yes,No,no,0,Llama3_2_1B,llama3.2:1b,1.269106,6/27/2026 0:45,25
12913878,yes,No,no,0,Llama3_2_1B,llama3.2:1b,1.084326,6/27/2026 0:45,20
12765819,yes,No,no,0,Llama3_2_1B,llama3.2:1b,1.253406,6/27/2026 0:45,16.7
25475395,yes,Maybe,maybe,0,Llama3_2_1B,llama3.2:1b,1.49003,6/27/2026 0:45,14.3
19130332,yes,Yes,yes,1,Llama3_2_1B,llama3.2:1b,1.262919,6/27/2026 0:45,25
9427037,yes,no,no,0,Llama3_2_1B,llama3.2:1b,1.252843,6/27/2026 0:45,22.2
24481006,yes,no,no,0,Llama3_2_1B,llama3.2:1b,1.257212,6/27/2026 0:45,20
8165771,yes,No,no,0,Llama3_2_1B,llama3.2:1b,1.065141,6/27/2026 0:45,18.2
22680064,yes,No,no,0,Llama3_2_1B,llama3.2:1b,1.0639,6/27/2026 0:45,16.7
22540518,yes,No,no,0,Llama3_2_1B,llama3.2:1b,1.473657,6/27/2026 0:46,15.4
20629769,yes,no,no,0,Llama3_2_1B,llama3.2:1b,1.274608,6/27/2026 0:46,14.3
21726930,yes,Yes,yes,1,Llama3_2_1B,llama3.2:1b,1.87577,6/27/2026 0:46,20
21481154,yes,maybe,maybe,0,Llama3_2_1B,llama3.2:1b,1.298125,6/27/2026 0:46,18.8
22902073,yes,No,no,0,Llama3_2_1B,llama3.2:1b,1.083995,6/27/2026 0:46,17.6
26370095,yes,maybe,maybe,0,Llama3_2_1B,llama3.2:1b,1.626552,6/27/2026 0:46,16.7
18041059,yes,No,no,0,Llama3_2_1B,llama3.2:1b,1.658886,6/27/2026 0:46,15.8
15041506,yes,No,no,0,Llama3_2_1B,llama3.2:1b,0.8994564,6/27/2026 0:46,15
11146778,yes,No,no,0,Llama3_2_1B,llama3.2:1b,1.451339,6/27/2026 0:46,14.3
27281318,yes,"No, likely because the study found that femoral tunnel lengths of greater than 20 mm can be created with flexible reamer systems at 90 degrees of knee flexion and were associated with longer distances to important lateral structures.",no,0,Llama3_2_1B,llama3.2:1b,3.626706,6/27/2026 0:46,13.6
21645374,yes,Maybe,maybe,0,Llama3_2_1B,llama3.2:1b,1.672055,6/27/2026 0:46,13
9465206,yes,No,no,0,Llama3_2_1B,llama3.2:1b,2.080908,6/27/2026 0:46,12.5
25887165,yes,No,no,0,Llama3_2_1B,llama3.2:1b,1.282587,6/27/2026 0:46,12
15995461,yes,yes,yes,1,Llama3_2_1B,llama3.2:1b,0.8738738,6/27/2026 0:46,15.4
21850494,yes,Maybe,maybe,0,Llama3_2_1B,llama3.2:1b,1.635411,6/27/2026 0:46,14.8
19106867,yes,Yes,yes,1,Llama3_2_1B,llama3.2:1b,0.8746676,6/27/2026 0:46,17.9
21342862,yes,No,no,0,Llama3_2_1B,llama3.2:1b,1.248724,6/27/2026 0:46,17.2
24352924,yes,No,no,0,Llama3_2_1B,llama3.2:1b,1.263115,6/27/2026 0:46,16.7
16147837,yes,Yes,yes,1,Llama3_2_1B,llama3.2:1b,1.474472,6/27/2026 0:46,19.4
26879871,yes,No,no,0,Llama3_2_1B,llama3.2:1b,1.503174,6/27/2026 0:46,18.8
15918864,yes,No,no,0,Llama3_2_1B,llama3.2:1b,1.47803,6/27/2026 0:46,18.2
22075911,yes,No,no,0,Llama3_2_1B,llama3.2:1b,1.278269,6/27/2026 0:46,17.6
11035130,yes,Maybe,maybe,0,Llama3_2_1B,llama3.2:1b,1.472533,6/27/2026 0:46,17.1
21228436,yes,maybe,maybe,0,Llama3_2_1B,llama3.2:1b,1.084521,6/27/2026 0:46,16.7
11833948,yes,Maybe,maybe,0,Llama3_2_1B,llama3.2:1b,1.0881,6/27/2026 0:46,16.2
17682349,yes,No,no,0,Llama3_2_1B,llama3.2:1b,1.24923,6/27/2026 0:46,15.8
17355582,yes,"No, predictive model suggests otherwise.",no,0,Llama3_2_1B,llama3.2:1b,1.489056,6/27/2026 0:46,15.4
15597845,yes,No,no,0,Llama3_2_1B,llama3.2:1b,1.258203,6/27/2026 0:46,15
10158597,yes,No,no,0,Llama3_2_1B,llama3.2:1b,1.459431,6/27/2026 0:46,14.6
27549226,yes,No,no,0,Llama3_2_1B,llama3.2:1b,1.863647,6/27/2026 0:46,14.3
26348845,yes,Maybe,maybe,0,Llama3_2_1B,llama3.2:1b,1.501712,6/27/2026 0:46,14
25588461,yes,Maybe,maybe,0,Llama3_2_1B,llama3.2:1b,1.264414,6/27/2026 0:46,13.6
23359100,yes,Maybe,maybe,0,Llama3_2_1B,llama3.2:1b,1.253212,6/27/2026 0:46,13.3
26548832,yes,No,no,0,Llama3_2_1B,llama3.2:1b,2.081614,6/27/2026 0:46,13
25756710,yes,No.,no,0,Llama3_2_1B,llama3.2:1b,1.725596,6/27/2026 0:46,12.8
20297950,yes,"No. The abstract suggests that the study found a potential beneficial effect of fenofibrate on sleep apnea syndrome, specifically in reducing time spent with SpO(2) < 90%. However, it also notes that other variables were not significantly influenced by fenofibrate treatment.",no,0,Llama3_2_1B,llama3.2:1b,4.268043,6/27/2026 0:47,12.5
24622801,yes,no,no,0,Llama3_2_1B,llama3.2:1b,1.296332,6/27/2026 0:47,12.2
9722752,yes,No,no,0,Llama3_2_1B,llama3.2:1b,1.269423,6/27/2026 0:47,12
20577124,yes,No,no,0,Llama3_2_1B,llama3.2:1b,1.486911,6/27/2026 0:47,11.8
19027440,yes,No,no,0,Llama3_2_1B,llama3.2:1b,1.281971,6/27/2026 0:47,11.5
18239988,yes,"No, because the abstract indicates that routine laboratory markers are not useful for differentiating between NASH and ASH, but rather specific markers like the AST/ALT ratio and sex have been identified as predictors of certain outcomes.",no,0,Llama3_2_1B,llama3.2:1b,3.188615,6/27/2026 0:47,11.3
27858166,yes,No,no,0,Llama3_2_1B,llama3.2:1b,1.283917,6/27/2026 0:47,11.1
27050489,yes,Yes,yes,1,Llama3_2_1B,llama3.2:1b,1.281658,6/27/2026 0:47,12.7
16266387,yes,No,no,0,Llama3_2_1B,llama3.2:1b,1.659511,6/27/2026 0:47,12.5
27287237,yes,maybe,maybe,0,Llama3_2_1B,llama3.2:1b,1.280237,6/27/2026 0:47,12.3
11079675,yes,No.,no,0,Llama3_2_1B,llama3.2:1b,1.538378,6/27/2026 0:47,12.1
10331115,yes,No,no,0,Llama3_2_1B,llama3.2:1b,1.08461,6/27/2026 0:47,11.9
18594195,yes,Yes,yes,1,Llama3_2_1B,llama3.2:1b,1.254711,6/27/2026 0:47,13.3
22497340,yes,Maybe,maybe,0,Llama3_2_1B,llama3.2:1b,0.8795814,6/27/2026 0:47,13.1
16769333,yes,"No. The study found that preoperative tracheobronchoscopy (TBS) can be clinically useful in preventing complications and improving diagnosis for newborns with esophageal atresia, but its influence on the overall outcome is not significant.",no,0,Llama3_2_1B,llama3.2:1b,3.430538,6/27/2026 0:47,12.9
20571467,yes,Yes,yes,1,Llama3_2_1B,llama3.2:1b,1.671549,6/27/2026 0:47,14.3
12094116,yes,No,no,0,Llama3_2_1B,llama3.2:1b,1.102981,6/27/2026 0:47,14.1
17276182,yes,No,no,0,Llama3_2_1B,llama3.2:1b,1.266674,6/27/2026 0:47,13.8
26419377,yes,No,no,0,Llama3_2_1B,llama3.2:1b,1.271688,6/27/2026 0:47,13.6
23810330,yes,Yes,yes,1,Llama3_2_1B,llama3.2:1b,1.472132,6/27/2026 0:47,14.9
15151701,yes,Maybe,maybe,0,Llama3_2_1B,llama3.2:1b,1.496414,6/27/2026 0:47,14.7
23736032,yes,No,no,0,Llama3_2_1B,llama3.2:1b,1.272699,6/27/2026 0:47,14.5
28143468,yes,maybe,maybe,0,Llama3_2_1B,llama3.2:1b,1.083941,6/27/2026 0:47,14.3
23495128,yes,No,no,0,Llama3_2_1B,llama3.2:1b,1.269799,6/27/2026 0:47,14.1
12121321,yes,Yes,yes,1,Llama3_2_1B,llama3.2:1b,1.290556,6/27/2026 0:47,15.3
18570208,yes,Yes,yes,1,Llama3_2_1B,llama3.2:1b,1.275676,6/27/2026 0:47,16.4
28707539,yes,maybe,maybe,0,Llama3_2_1B,llama3.2:1b,1.093209,6/27/2026 0:47,16.2
22117569,yes,No,no,0,Llama3_2_1B,llama3.2:1b,1.081849,6/27/2026 0:47,16
18783922,yes,No,no,0,Llama3_2_1B,llama3.2:1b,1.891448,6/27/2026 0:47,15.8
15528969,yes,No,no,0,Llama3_2_1B,llama3.2:1b,1.284692,6/27/2026 0:47,15.6
19482903,yes,Maybe.,maybe,0,Llama3_2_1B,llama3.2:1b,1.536728,6/27/2026 0:47,15.4
11977907,yes,Maybe,maybe,0,Llama3_2_1B,llama3.2:1b,1.503172,6/27/2026 0:47,15.2
17306983,yes,Maybe,maybe,0,Llama3_2_1B,llama3.2:1b,1.496972,6/27/2026 0:47,15
24318956,yes,Maybe,maybe,0,Llama3_2_1B,llama3.2:1b,1.476516,6/27/2026 0:47,14.8
22266735,yes,No,no,0,Llama3_2_1B,llama3.2:1b,1.490904,6/27/2026 0:47,14.6
22453060,yes,Maybe,maybe,0,Llama3_2_1B,llama3.2:1b,1.655639,6/27/2026 0:48,14.5
10401824,yes,Yes,yes,1,Llama3_2_1B,llama3.2:1b,2.102922,6/27/2026 0:48,15.5
15208005,yes,No,no,0,Llama3_2_1B,llama3.2:1b,1.294327,6/27/2026 0:48,15.3
16713745,yes,No,no,0,Llama3_2_1B,llama3.2:1b,1.475078,6/27/2026 0:48,15.1
21864397,yes,No,no,0,Llama3_2_1B,llama3.2:1b,1.496094,6/27/2026 0:48,14.9
25810292,yes,No,no,0,Llama3_2_1B,llama3.2:1b,1.486392,6/27/2026 0:48,14.8
11943048,yes,maybe,maybe,0,Llama3_2_1B,llama3.2:1b,2.090982,6/27/2026 0:48,14.6
23347337,yes,Yes,yes,1,Llama3_2_1B,llama3.2:1b,1.496614,6/27/2026 0:48,15.6
23992109,yes,Yes,yes,1,Llama3_2_1B,llama3.2:1b,1.88125,6/27/2026 0:48,16.5
10922093,yes,No,no,0,Llama3_2_1B,llama3.2:1b,1.302375,6/27/2026 0:48,16.3
26601554,yes,No,no,0,Llama3_2_1B,llama3.2:1b,1.08309,6/27/2026 0:48,16.1
15489384,yes,No,no,0,Llama3_2_1B,llama3.2:1b,1.485517,6/27/2026 0:48,16
27818079,yes,No,no,0,Llama3_2_1B,llama3.2:1b,1.278369,6/27/2026 0:48,15.8
24340838,yes,No,no,0,Llama3_2_1B,llama3.2:1b,1.463413,6/27/2026 0:48,15.6
16971978,yes,No,no,0,Llama3_2_1B,llama3.2:1b,1.672124,6/27/2026 0:48,15.5
21689015,yes,No,no,0,Llama3_2_1B,llama3.2:1b,1.276012,6/27/2026 0:48,15.3
12846929,yes,No,no,0,Llama3_2_1B,llama3.2:1b,1.277813,6/27/2026 0:48,15.2
22694248,yes,No,no,0,Llama3_2_1B,llama3.2:1b,1.272804,6/27/2026 0:48,15
12377809,yes,"yes

The abstract indicates that anorectal endosonography was used to show dysfunction of the anal sphincter and/or puborectalis muscle in dyschesia patients. The study demonstrates significant changes in dimensions (shortening, thickening) during straining in both the anal sphincter and puborectalis muscle compared to controls, suggesting that anorectal endosonography can be valuable in diagnosing dyschesia by identifying such muscular dysfunction.",yes,1,Qwen2_5_3B,qwen2.5:3b,16.39576,6/27/2026 0:48,100
26163474,yes,"yes

The study found an association between sublingual varices and the presence of hypertension. Specifically, there was a higher odds ratio (OR) of 2.25 for patients with hypertension compared to those without sublingual varices, as indicated by home blood pressure measurements. Additionally, mean systolic and diastolic blood pressures were significantly different between patients with grade 0 and grade 1 sublingual varices, suggesting a link between the condition and hypertension.",yes,1,Qwen2_5_3B,qwen2.5:3b,7.381277,6/27/2026 0:48,100
19100463,yes,"maybe

The abstract suggests that the affinity column-mediated immunoassay (ACMIA) method has comparable results to the microparticle enzyme immunoassay (MEIA) method for measuring tacrolimus concentrations, with strong correlation between the two methods. However, there are slight differences observed in low hematocrit samples where the difference between ACMIA and MEIA tends to be larger. This indicates that while suitable as a potential alternative, additional study is needed to confirm its consistency across all sample conditions, especially those with hematocrit levels.",maybe,0,Qwen2_5_3B,qwen2.5:3b,7.810833,6/27/2026 0:49,66.7
18537964,yes,"yes

The abstract indicates that physicians' specialties do influence the depth and frequency of medication history information recorded in patient medical records, as shown by significant differences in mean scores for various aspects of medication history across different specialties. This suggests a relationship between physician specialty and how comprehensively medications are documented in patients' case notes.",yes,1,Qwen2_5_3B,qwen2.5:3b,5.191404,6/27/2026 0:49,75
12913878,yes,"yes

The abstract supports the concept that Nd:YAG laser-induced thermo therapy (LITT) can locally open the blood-brain barrier (BBB), allowing for a localized passage of chemotherapeutic agents such as paclitaxel into the brain. This suggests a new approach to treating malignant gliomas by potentially improving drug delivery directly to tumor sites while reducing systemic side effects.",yes,1,Qwen2_5_3B,qwen2.5:3b,5.494632,6/27/2026 0:49,80
12765819,yes,"yes

The abstract clearly describes a case of spinal subdural hematoma (SSDH) occurring in the lumbosacral region following an intracranial aneurysm rupture managed with SAH, thrombolysis, and CSF drainage. This aligns with the proposed relationship between a ruptured intracranial aneurysm causing SSDH as a sequela.",yes,1,Qwen2_5_3B,qwen2.5:3b,5.819428,6/27/2026 0:49,83.3
25475395,yes,"no

The abstract indicates that the correlation between circulating androgens (including ADT-G) and sexual desire in women is inconclusive overall. While specific subgroups showed some correlations, no significant correlation was found for ADT-G with sexual desire across all age groups and overall in a total cohort of healthy women aged 19-65 years.",no,0,Qwen2_5_3B,qwen2.5:3b,5.656202,6/27/2026 0:49,71.4
19130332,yes,"maybe

The abstract suggests that zeolite hemostatic agent (QC-ACS) was effective in reducing blood loss during arterial injury by slowing the drop in blood pressure, increasing hematocrit levels, and generating heat production. However, it also highlighted increased lactate and prothrombin time in the control group, indicating potential risks or complications. More comprehensive research is needed to conclude its overall benefits versus drawbacks.",maybe,0,Qwen2_5_3B,qwen2.5:3b,6.039154,6/27/2026 0:49,62.5
9427037,yes,"yes

The abstract indicates that the vascular pattern observed in astrocytomas is indicative of their grade. Specifically, it describes how different grades (pilocytic, diffuse low-grade, intermediate-grade, anaplastic, and glioblastoma) present distinct patterns with varying degrees of vessel density and presence of vWF-positive single cells/microvessels within the tumor substance. This suggests that endothelial cell patterns in astrocytomas can indeed be used to indicate their grade.",yes,1,Qwen2_5_3B,qwen2.5:3b,6.815159,6/27/2026 0:49,66.7
24481006,yes,"yes

The abstract indicates that cone beam computed tomography (CBCT) showed better sensitivity compared to bitewing examinations in detecting cavitation, with the binary data analyzed by a generalized linear model demonstrating significant differences between the two modalities. This suggests that reporting cavitation in CBCT examination of proximal surfaces is justified given its superior detection capability over traditional bitewing methods.",yes,1,Qwen2_5_3B,qwen2.5:3b,5.50392,6/27/2026 0:49,70
8165771,yes,"maybe

The abstract suggests that ultrasound played a role in assessing squamous cell carcinoma of the penis, particularly in determining invasion into the corpora. However, it also indicates limitations such as difficulty distinguishing between subepithelial and corpus spongiosum invasions using ultrasound alone. Therefore, while ultrasound may be useful for some aspects of staging, its utility depends on specific clinical scenarios where more detailed imaging or additional tests are required to fully evaluate tumor extent.",maybe,0,Qwen2_5_3B,qwen2.5:3b,6.199625,6/27/2026 0:49,63.6
22680064,yes,"no

Explanation: The abstract focuses on early sonograms predicting the presentation of twin A, not the first twin (singleton) at delivery. The study does not address or provide evidence to support whether third trimester ultrasound can predict the presentation of the first singleton at delivery for twins.",no,0,Qwen2_5_3B,qwen2.5:3b,4.288888,6/27/2026 0:49,58.3
22540518,yes,"yes

The abstract indicates significant positive correlations between micro-computed tomography (micro-CT) measurements and traditional histomorphometry techniques, suggesting that micro-CT is reliable for determining the microstructure of the maxillary alveolar bone.",yes,1,Qwen2_5_3B,qwen2.5:3b,4.458631,6/27/2026 0:49,61.5
20629769,yes,"no

The abstract indicates that patient satisfaction was higher at intervention sites, particularly regarding speed of treatment, which suggests that primary angioplasty may offer a more satisfactory experience compared to thrombolysis. However, the convenience aspect (rated lower by carers) also points out some drawbacks, indicating that while primary angioplasty is preferred over thrombolysis for speed, it might not be an acceptable alternative due to other factors like patient and caregiver inconvenience.",no,0,Qwen2_5_3B,qwen2.5:3b,6.61741,6/27/2026 0:50,57.1
21726930,yes,"maybe

The abstract suggests that there is an association between endometrial polyp formation and increased expression of VEGF in glandular cells and stromal cells, as well as TGF-β1 in glandular cells, both during the proliferative phase. However, it does not provide a direct answer on whether this association holds true for stromal cell expression of these factors or if they are related to the formation of polyps specifically. Further research would be needed to conclusively determine the relationship between endometrial polyp formation and increased expression of VEGF and TGF-β1.",maybe,0,Qwen2_5_3B,qwen2.5:3b,9.102406,6/27/2026 0:50,53.3
21481154,yes,"yes

The abstract suggests that there is evidence indicating an improvement in survival rates for gynaecological cancer cases diagnosed between 1996 and 2003, specifically during the period when the use of multidisciplinary teams became more widespread. The marked improvement observed from 2000 to 2003 supports a hypothesis that centralization of care and the adoption of multidisciplinary management could be contributing factors to these improvements in survival rates.",yes,1,Qwen2_5_3B,qwen2.5:3b,6.984313,6/27/2026 0:50,56.3
22902073,yes,"yes

The abstract indicates that ultrasound-obtained estimated fetal weight (US-EFW) is a significant risk factor for cesarean delivery (CD). Specifically, it shows an increased odds ratio of CD for women with US-EFW compared to those without it, even after adjusting for potential confounders. This suggests that having knowledge of the ultrasound-measured estimate of fetal weight can influence the decision to perform a cesarean delivery.",yes,1,Qwen2_5_3B,qwen2.5:3b,6.248056,6/27/2026 0:50,58.8
26370095,yes,"maybe

The abstract suggests that financial incentives up to £400 for smoking cessation during pregnancy are cost-effective when compared to standard care alone. However, the analysis indicates a small incremental cost of £17 per Quality-Adjusted Life Year (QALY) gained, which is within the range where costs might be considered acceptable by healthcare decision makers, but not necessarily very favorable in terms of high-cost interventions' benefits. Further research and more precise estimates would provide clearer evidence on their financial efficacy.",maybe,0,Qwen2_5_3B,qwen2.5:3b,7.556838,6/27/2026 0:50,55.6
18041059,yes,"no

The abstract indicates that compared to tamoxifen, aromatase inhibitors are associated with a higher risk of severe cardiovascular events in postmenopausal women with early breast cancer. Therefore, adjuvant aromatase inhibitors do not increase the cardiovascular risk; instead, they decrease it when considering all arms or third-generation AI specifically.",no,0,Qwen2_5_3B,qwen2.5:3b,5.825787,6/27/2026 0:50,52.6
15041506,yes,"maybe

The abstract suggests that concern about anaphylactic shock may discourage some surgeons from using minimally invasive techniques like percutaneous and laparoscopic approaches in treating liver hydatid cysts, but it does not definitively prove whether this fear is the primary reason for non-adoption across all surgeons.",maybe,0,Qwen2_5_3B,qwen2.5:3b,4.671163,6/27/2026 0:50,50
11146778,yes,"no

The abstract indicates that the APACHE II score, which is calculated before surgery and at various postoperative intervals, does not appear to be a reliable marker of physiological impairment due to its inconsistency in predicting mortality rates compared to observed outcomes, suggesting potential bias in evaluating treatment policies. Additionally, there are significant differences between predicted and observed mortality rates based on the ICU admission APACHE II score.",no,0,Qwen2_5_3B,qwen2.5:3b,5.99885,6/27/2026 0:50,47.6
27281318,yes,"maybe

The abstract suggests that flexible reamers can create femoral tunnel lengths greater than 20 mm at 90° of knee flexion, but it does not explicitly confirm whether these created lengths are adequate or safe enough for clinical use without causing damage to important lateral structures. Further research is needed to determine the adequacy and safety of these tunnel lengths in anterior cruciate ligament reconstruction.",maybe,0,Qwen2_5_3B,qwen2.5:3b,6.816833,6/27/2026 0:51,45.5
21645374,yes,"yes

The abstract indicates that mitochondria play a role in programmed cell death (PCD) in the lace plant. The study demonstrates this by examining mitochondrial dynamics during PCD progression using MitoTracker staining. Additionally, it mentions that CsA treatment significantly reduces perforations and shows similar mitochondrial dynamics to non-PCD cells, suggesting that mitochondrial activity is crucial for PCD in lace plants.",yes,1,Qwen2_5_3B,qwen2.5:3b,6.351828,6/27/2026 0:51,47.8
9465206,yes,"maybe

The abstract suggests that MRI can detect occult post-traumatic bone and cartilage injuries, but it does not conclusively state that MRI can completely substitute for arthroscopy. MRI identified multiple types of injuries including osteochondral, subchondral, and bone bruises without the need for invasive procedures like arthroscopy in some cases. However, there was a discrepancy in the number of detected injuries between MRI (38 total) versus arthroscopy (45 osteochondral and 19 chondral), indicating that arthroscopy might still provide additional information not captured by MRI.",maybe,0,Qwen2_5_3B,qwen2.5:3b,9.279157,6/27/2026 0:51,45.8
25887165,yes,"maybe

The abstract suggests that sensory recovery occurs over time, but it does not definitively state whether sensation returns fully to pre-injection levels or if numbness persists indefinitely. While there was a decrease in touch threshold and paresthesia percentage decreased significantly during follow-up, the study did not reach the point of saying ""sensation return"" occurred at full strength.",maybe,0,Qwen2_5_3B,qwen2.5:3b,5.564904,6/27/2026 0:51,44
15995461,yes,"yes

The abstract indicates that research examined whether certain U.S. states had higher rates of various types of injuries compared to others (both unintentional and intentional). It mentions that data was collected from specific states over a period, leading to significant conformity with the hypotheses tested, thus suggesting there are indeed states with higher injury mortality rates.",yes,1,Qwen2_5_3B,qwen2.5:3b,4.598328,6/27/2026 0:51,46.2
21850494,yes,"no

The abstract does not provide evidence of missing prognostic factors for hepatorenal syndrome as it only identifies some variables such as increased serum creatinine and urinary sodium at the initiation of therapy which are prognostic factors for mortality, without mentioning any other factors that were potentially overlooked.",no,0,Qwen2_5_3B,qwen2.5:3b,5.190062,6/27/2026 0:51,44.4
19106867,yes,"no

The abstract describes a specific incident of casualties from suicide bombings at a military trauma center, but it does not provide sufficient information to conclude that this represents a ""new format"" or concept called the Main Gate Syndrome for managing mass-casualty situations in biomedical research. The data only reflects one instance and treatment approach during a particular event.",no,0,Qwen2_5_3B,qwen2.5:3b,4.75182,6/27/2026 0:51,42.9
21342862,yes,"maybe

The abstract suggests that the Turkish version of the EQ-5D is valid in patients with acute coronary syndrome, as evidenced by its correlation with another heart-related quality of life scale and significant predictive factor for MacNew global score. However, it does not provide information on whether other patient populations or different versions of the instrument would also be valid.",maybe,0,Qwen2_5_3B,qwen2.5:3b,5.525324,6/27/2026 0:51,41.4
24352924,yes,"no

The abstract does not provide information about the accuracy of portable ultrasonography for Schanz pin placement evaluation during extremity fracture fixation, as it focuses on cadaveric models and does not mention field or portable scenarios. The study outcome shows underestimation by ultrasonography but lacks details specific to austere environments where portability is crucial.",no,0,Qwen2_5_3B,qwen2.5:3b,5.325747,6/27/2026 0:51,40
16147837,yes,"maybe

The abstract does not directly state whether grandmultiparity is an independent risk factor for adverse perinatal outcomes, as it only compares grandmultiparous women to multiparous women who are 30 years or older at their last birth and controls for potential confounding factors. While the results indicate higher risks for several adverse outcomes in grandmultiparous women compared to age-matched controls, we cannot definitively conclude whether this is due solely to grandmultiparity or if other factors contribute as well.",maybe,0,Qwen2_5_3B,qwen2.5:3b,7.412626,6/27/2026 0:51,38.7
26879871,yes,"no

The abstract does not provide evidence of varying depression diagnosis and antidepressant prescribing based on location or geographical factors, as it focuses on four London boroughs with specific ethnic patient populations rather than comparing different locations outside these boroughs.",no,0,Qwen2_5_3B,qwen2.5:3b,4.332711,6/27/2026 0:52,37.5
15918864,yes,"maybe

The abstract suggests that there are differences in unmet learning needs between postpartum women from different socioeconomic statuses. However, it does not provide specific details on whether socioeconomic status affects the learning needs of postpartum women overall or during the initial period after discharge. Further analysis would be needed to fully determine if socioeconomic status matters for learning needs.",maybe,0,Qwen2_5_3B,qwen2.5:3b,5.587121,6/27/2026 0:52,36.4
22075911,yes,"no

The abstract does not provide sufficient evidence to conclude that there is a differential in dental health between new recruits to the British Armed Forces. It only states that Army recruits had higher rates of decayed teeth compared to those of other services, but it does not explicitly state whether this difference was statistically significant or if it indicated a specific pattern among different types of recruits (e.g., from various socioeconomic backgrounds).",no,0,Qwen2_5_3B,qwen2.5:3b,5.92427,6/27/2026 0:52,35.3
11035130,yes,"no

The abstract suggests that patients who stopped folic acid supplementation early experienced more treatment toxicity such as neutropenia and higher incidence of nausea compared to those who continued their folic acid supplements. This indicates that stopping folic acid might increase methotrexate toxicity, suggesting they do not need long-term continuation of these supplements for efficacy without compromising safety.",no,0,Qwen2_5_3B,qwen2.5:3b,5.674396,6/27/2026 0:52,34.3
21228436,yes,"yes

The abstract indicates that teaching medical students about investigating medication errors through a structured curriculum (using the Learning From Defects tool) led to significant changes in their attitudes towards patient safety. This aligns with the biomedical research question, suggesting that such teaching can indeed influence and change their perspectives on patient safety.",yes,1,Qwen2_5_3B,qwen2.5:3b,4.629222,6/27/2026 0:52,36.1
11833948,yes,"maybe

The abstract suggests that there is an association between delayed transfer to a rehabilitation ward and an increased length of hospital stay, but it does not provide direct evidence on whether such delays affect the outcome after fracture for older patients. Outcome data was only partially analyzed (discharge location and length of hospital stay), so definitive conclusions about impact on patient outcomes cannot be drawn based solely on this information.",maybe,0,Qwen2_5_3B,qwen2.5:3b,5.68938,6/27/2026 0:52,35.1
17682349,yes,"no

Explanation:
The abstract does not provide any information about gender differences in reasons for delaying medical care among African Americans with AMI. It only mentions prehospital delay time and factors that affected delays, but not the underlying reasons why these patients delayed seeking care. Therefore, we cannot determine if there are gender differences based on the given data.",no,0,Qwen2_5_3B,qwen2.5:3b,5.166192,6/27/2026 0:52,34.2
17355582,yes,"maybe

The abstract mentions that there is an association between better process of care and smaller declines in health-related quality of life, suggesting ambulatory process of care might predict some outcomes for patients with chronic disease. However, the relationship isn't conclusive as adjustments are made to account for other variables (like burden of illness). Further research would be needed to confirm if ambulatory process of care directly predicts health-related quality of life outcomes.",maybe,0,Qwen2_5_3B,qwen2.5:3b,6.086236,6/27/2026 0:52,33.3
15597845,yes,"yes

The abstract indicates that in vitro combinations of 2-methoxyestradiol (2ME) with various chemotherapeutics resulted in a significant additive effect on inhibiting human ovarian cancer cell proliferation, particularly when used with epirubicine and carboplatin at lower concentration ranges. This suggests that the combination could potentially reduce dosages needed for effective treatment.",yes,1,Qwen2_5_3B,qwen2.5:3b,5.497125,6/27/2026 0:52,35
10158597,yes,"maybe

The abstract indicates that the introduction of a dedicated discharge coordinator led to improvements in several aspects of discharge planning such as reducing problems experienced by patients and improving perceived need for medical and healthcare services. However, it also suggests no significant improvement in timely or effective provision of community services after discharge, nor did it lead to an improvement in the appropriateness or efficiency of bed use. This mixed outcome indicates that while the coordinator helped improve certain aspects of patient care, they may not have had a significant impact on all areas related to hospital discharge quality.",maybe,0,Qwen2_5_3B,qwen2.5:3b,7.665321,6/27/2026 0:52,34.1
27549226,yes,"yes

The abstract indicates that MPH programs contribute significantly to strengthening health systems in low- and middle-income countries. This is evident from the qualitative data collected through interviews with graduates, supervisors, and peers who reported various positive impacts on workplace management and leadership roles, innovation, and intersectoral influence. The overall evidence suggests these programs do indeed help strengthen health systems beyond just individual workplaces.",yes,1,Qwen2_5_3B,qwen2.5:3b,6.493607,6/27/2026 0:53,35.7
26348845,yes,"maybe

The abstract indicates that while rapid prescreening (RPS) detected abnormal cells at the threshold level, it did not identify all glandular cell abnormalities. Specifically, RPS missed 11 cases of AGC where full screening (FS) identified these abnormalities. Therefore, while RPS is effective for identifying some abnormalities like squamous lesions and false negatives, its effectiveness in detecting all types of abnormal cells remains questionable.",maybe,0,Qwen2_5_3B,qwen2.5:3b,6.488662,6/27/2026 0:53,34.9
25588461,yes,"maybe

The abstract mentions a transcranial direct current stimulation (tDCS) study that showed potential for detecting partial preservation of networks in clinically-defined Unresponsive Wakefulness Syndrome (UWS) patients. However, it does not conclusively prove whether tDCS can differentiate between UWS and Minimally Conscious State (MCS). Further research is needed to ascertain the usefulness of tDCS in differentiating these states.",maybe,0,Qwen2_5_3B,qwen2.5:3b,6.163974,6/27/2026 0:53,34.1
23359100,yes,"maybe

The abstract indicates that etoricoxib showed some effectiveness in preventing heterotopic ossification, with no cases at Brooker grades 1 and 2. However, it only involved a small sample size of 42 patients, which limits the generalizability of the results. Further research is needed to confirm these findings.",maybe,0,Qwen2_5_3B,qwen2.5:3b,5.217877,6/27/2026 0:53,33.3
26548832,yes,"yes

The study indicates that PRO data captured via FTE-dependent phone interviews and non-FTE-dependent self-survey methods were highly correlated (ODI: r = -0.89, VAS-BP: r = 0.74, VAS-LP: r = 0.70), suggesting they measure the same thing reliably across different data collection methods. Additionally, there was no significant difference in baseline PROs between FTE-dependent and non-FTE dependent methodologies for measures of pain and functional disability (ODI, VAS-LP, and VAS-BP).",yes,1,Qwen2_5_3B,qwen2.5:3b,9.501235,6/27/2026 0:53,34.8
25756710,yes,"yes

The abstract indicates that emergency physicians were able to accurately assess central acute vertigo using the STANDING tool, with high sensitivity and specificity based on a senior audiologist's evaluation as the reference standard. Additionally, there was good inter-observer agreement among the EPs who used this method. This suggests that emergency physicians can indeed accurately and reliably assess acute vertigo in the emergency department when provided with specialized training and protocols.",yes,1,Qwen2_5_3B,qwen2.5:3b,6.785471,6/27/2026 0:53,36.2
20297950,yes,"maybe

The abstract suggests that fenofibrate had a positive impact on reducing the percentage of time spent with SpO(2)<90%, but did not significantly reduce AHI or obstructive apnoeas. Further research would be needed to confirm its role in sleep apnea syndrome.",maybe,0,Qwen2_5_3B,qwen2.5:3b,5.88392,6/27/2026 0:53,35.4
24622801,yes,"maybe

The abstract indicates that the hydrogel is able to deliver antibacterial compounds, and its antibacterial and antibiofilm effects were demonstrated in vitro. However, it does not explicitly state whether a coated implant with this hydrogel reduces bacterial colonization or biofilm formation compared to uncoated implants. The resistance of the coating to press-fit insertion suggests potential viability for clinical use but does not directly answer the question about its efficacy against infection.",maybe,0,Qwen2_5_3B,qwen2.5:3b,6.302216,6/27/2026 0:53,34.7
9722752,yes,"no

The abstract does not provide specific information about comparing the outcomes using a bone anchor system with those previously published, nor does it directly compare this technique to traditional percutaneous needle suspension. Therefore, based on the given abstract, we cannot determine if bone anchor fixation improves the outcome of percutaneous bladder neck suspension for female stress urinary incontinence.",no,0,Qwen2_5_3B,qwen2.5:3b,5.603609,6/27/2026 0:53,34
20577124,yes,"yes

The abstract suggests that leptin levels were higher in obese patients compared to controls and was positively correlated with phagocytic NADPH oxidase activity, which is associated with vascular remodeling as seen by increased carotid intima-media thickness (cIMT). The study also indicates that leptin directly activates the NADPH oxidase pathway through pathways involving phosphatidylinositol 3-kinase and protein kinase C. Therefore, leptin does seem to be involved in this overactivity of phagocytic NADPH oxidase observed in obesity.",yes,1,Qwen2_5_3B,qwen2.5:3b,8.213477,6/27/2026 0:54,35.3
19027440,yes,"no

The abstract does not provide sufficient information to predict which specific head and neck cancer survivors will develop fears of recurrence based on the longitudinal predictors identified. While the study investigated various factors related to fear of recurrence, it did not include a comprehensive set of predictors or establish clear relationships among all potential variables. The findings suggest that neither socio-demographic nor disease/treatment/symptom-related factors predict long-term fears of recurrence, indicating no specific groups can be predicted with certainty from the data provided.",no,0,Qwen2_5_3B,qwen2.5:3b,6.881791,6/27/2026 0:54,34.6
18239988,yes,"maybe

Routine laboratory markers like the Mean Corpuscular Volume (MCV), AST/ALT ratio, and gender show some potential for differentiating between nonalcoholic steatohepatitis (NASH) and alcoholic steatohepatitis (ASH). However, these markers alone do not provide a definitive diagnosis without biopsy confirmation. Further research may be needed to confirm their utility in clinical settings.",maybe,0,Qwen2_5_3B,qwen2.5:3b,6.32494,6/27/2026 0:54,34
27858166,yes,"yes

The abstract indicates that there are substantial differences in the aortic arch angle and index between type I, type III, and type IV injuries, with significant association found for type III damage specifically. This supports the hypothesis that the anatomy of the aortic arch influences the severity of traumatic aortic injury.",yes,1,Qwen2_5_3B,qwen2.5:3b,4.834997,6/27/2026 0:54,35.2
27050489,yes,"maybe

The abstract provides information about the prevalence of incidental, isolated idiopathic misty mesentery on multidetector computed tomography and includes data on patient demographics such as obesity rate. However, it does not directly address whether obesity can be a triggering cause for this finding. Further research is needed to establish if obesity might influence the development or detection of idiopathic misty mesentery.",maybe,0,Qwen2_5_3B,qwen2.5:3b,6.032784,6/27/2026 0:54,34.5
16266387,yes,"maybe

The abstract indicates that fast food consumption is associated with wheeze and current wheezing but not with asthma or atopy. The relationship to bronchial hyperresponsiveness is also marginally significant, suggesting a potential link through other respiratory symptoms like BHR rather than asthma itself.",maybe,0,Qwen2_5_3B,qwen2.5:3b,5.338455,6/27/2026 0:54,33.9
27287237,yes,"maybe

The abstract suggests that there is some level of agreement between infectious disease experts regarding antimicrobial prescribing quality, as assessed by a reference standard (modal expert opinion) and their own assessment. However, it does not provide comprehensive information on whether these experts consistently agree with each other or if they have similar levels of accuracy in assessments across different hospitals or specialties. Further detailed analysis would be needed to definitively answer the question of whether experts universally agree on appropriate antimicrobial prescribing practices.",maybe,0,Qwen2_5_3B,qwen2.5:3b,6.664232,6/27/2026 0:54,33.3
11079675,yes,"no

The study found that pulmonary valve replacement did not significantly affect right ventricular volume or function, which suggests that the timing of the procedure was likely appropriate as it did not worsen existing RV dysfunction in these patients who had already undergone TOF repair. The significant improvement in RVEF postoperatively for those with pre-operative values >0.4 also indicated adequate surgical timing and treatment effectiveness.",no,0,Qwen2_5_3B,qwen2.5:3b,6.43272,6/27/2026 0:54,32.8
10331115,yes,"maybe

Amoxapine shows high serotonin (5-HT)2 occupancy but does not fully meet the criteria of atypical antipsychotics due to its dopamine (D2) receptor occupancy never exceeding 80%. This suggests it may have some atypical properties, but more research is needed for a definitive classification.",maybe,0,Qwen2_5_3B,qwen2.5:3b,4.787702,6/27/2026 0:54,32.2
18594195,yes,"maybe

The abstract provides information comparing older patients who agreed versus those who refused participation in a self-management intervention program but does not explicitly compare them statistically or provide enough details on the age distribution of both groups to definitively answer whether there are significant differences between the two.",maybe,0,Qwen2_5_3B,qwen2.5:3b,4.355421,6/27/2026 0:54,31.7
22497340,yes,"no

The abstract does not provide information about the horizontal semicircular canal's ocular reflex being influenced by otolith organs input. Instead, it describes studies focused on the impact of gravity shifts (related to otolith organs) on eye movements during head positions, suggesting that these inputs affect the rotation axis of the eyeball rather than influencing a specific aspect of the horizontal canal ocular reflex.",no,0,Qwen2_5_3B,qwen2.5:3b,5.263669,6/27/2026 0:55,31.1
16769333,yes,"maybe

Preoperative tracheobronchoscopy in newborns with esophageal atresia can be useful in identifying unsuspected types of fistulas and associated anomalies, which may necessitate a different surgical approach. However, its usefulness varies among patients; it was clinically useful in 28 out of 62 infants (45.2%), suggesting that the impact might not universally affect all cases positively or significantly reduce complications.",maybe,0,Qwen2_5_3B,qwen2.5:3b,6.794815,6/27/2026 0:55,30.6
20571467,yes,"maybe

The study results suggest no significant differences in outcomes between elderly donor kidneys transplanted into young recipients compared to younger donor kidneys. However, the low statistical significance for certain variables (e.g., creatinine levels) might indicate potential risks that warrant further investigation before concluding safety.",maybe,0,Qwen2_5_3B,qwen2.5:3b,5.375456,6/27/2026 0:55,30.2
12094116,yes,"maybe

The abstract indicates that there was no statistically significant relationship between muscle power (both concentric and reactive strength) and straight sprinting speed, but some correlations were found when analyzing running speed with changes of direction. Therefore, while there is a hint at a possible relation, the evidence supporting it is not strong enough to definitively say ""yes,"" and further research might be needed to confirm or refute this finding.",maybe,0,Qwen2_5_3B,qwen2.5:3b,5.777585,6/27/2026 0:55,29.7
17276182,yes,"yes

The abstract suggests that the study identified a missense KCNQ1 mutation (R14C) associated with atrial fibrillation. This mutation was found to be more prevalent in families with AF where hypertension is common, and it resulted in changes in channel properties when subjected to an environmental factor like cell swelling or stretch, supporting a link between genetic and environmental factors in the pathogenesis of atrial fibrillation.",yes,1,Qwen2_5_3B,qwen2.5:3b,6.1206,6/27/2026 0:55,30.8
26419377,yes,"no

Explanation:
The abstract does not directly address whether pelvic anatomical structures are in danger during arthroscopic acetabular labral repair. Instead, it focuses on the safe depth for suture anchor insertion and risk of perforation to neighbouring structures such as bone depths and drill angles. While this information suggests a lower likelihood of perforating through pelvic cavity with smaller drill depths (20mm), there is no specific mention or conclusion regarding the safety during actual repair procedures involving pelvic anatomical structures.",no,0,Qwen2_5_3B,qwen2.5:3b,6.940715,6/27/2026 0:55,30.3
23810330,yes,"yes

The abstract suggests that intraoperative neuromonitoring was associated with better functional outcomes in patients undergoing open TME for rectal cancer. Specifically, it indicates fewer cases of newly developed urinary dysfunction and impaired anorectal function in the IONM group compared to the control group. Additionally, there was a lower rate of sexual dysfunction reported in the IONM group at follow-up.",yes,1,Qwen2_5_3B,qwen2.5:3b,6.06944,6/27/2026 0:55,31.3
15151701,yes,"no

The abstract does not support the idea that peer review plays a significant role in assessing the quality of care for chronic diseases, as it focuses on reliability and signal/noise components rather than comparing the effectiveness of different peer review methods. The study found varying levels of reliability based on the developed evidence base but did not investigate how peer reviews might enhance these metrics.",no,0,Qwen2_5_3B,qwen2.5:3b,5.727094,6/27/2026 0:55,30.9
23736032,yes,"no

Explanation: The abstract indicates that in the study, 91.5% of multidisciplinary team decisions were concordant with subsequent patient management, meaning most agreed on treatment recommendations. Only a small percentage (4%) had no MDT decision at all, suggesting that for patients who did receive an MDT recommendation, their actual treatment was typically aligned with what the team recommended. The presence of discordant decisions indicates disagreements in 4%, which is low and suggests that multidisciplinary approaches generally work well, though more nuanced understanding or adjustments may be needed for those rare cases where a disagreement arises.",no,0,Qwen2_5_3B,qwen2.5:3b,8.209564,6/27/2026 0:55,30.4
28143468,yes,"maybe

The abstract suggests that there is a positive relationship between the strategic use of Performance Measurement Systems and improved processes in healthcare organizations. However, it also indicates that this connection can be influenced by perceived managerial discretion, which acts as an intermediary variable but does not significantly mediate the effect. This nuanced finding implies that while PMS are useful for enhancing care quality when used strategically, their impact may vary depending on how much discretion managers have over their implementation and use.",maybe,0,Qwen2_5_3B,qwen2.5:3b,6.248378,6/27/2026 0:56,30
23495128,yes,"maybe

The abstract suggests that while patients found some aspects of using color to describe osteoarthritis pain acceptable, it did not suit all participants as a way of describing their pain. However, it indicates the possibility of using colors to help communicate pain to healthcare professionals and shows varied associations with different types of pain. This mixed response implies further research is needed before conclusively stating whether patients can effectively use color to describe osteoarthritis pain.",maybe,0,Qwen2_5_3B,qwen2.5:3b,6.351773,6/27/2026 0:56,29.6
12121321,yes,"yes

The abstract indicates that GAD67 immunoreactivity is observed in mossy fiber terminals and suggests that GABA release by these fibers is physiologically demonstrated. While the study mentioned used guinea pigs, it supports the presence of GABA signaling from mossy fibers to CA3 pyramidal cells through GABAA receptors, which aligns with the question about mossy fibers releasing GABA.",yes,1,Qwen2_5_3B,qwen2.5:3b,6.233624,6/27/2026 0:56,30.6
18570208,yes,"no

The abstract does not indicate that severe macrosomia is manifested at 11-14 weeks of gestation. Instead, it suggests that abnormalities in fetal biometry (specifically differences between measured and expected crown-rump length) identified early in pregnancy might be associated with severe macrosomia at delivery. There is no mention of severe macrosomia being present at this time point specifically.",no,0,Qwen2_5_3B,qwen2.5:3b,6.160719,6/27/2026 0:56,30.1
28707539,yes,"yes

The abstract indicates that the study found the strongest correlations between VAT area measurements at a specific CT slice (3 cm above the lower margin of L3) and both changes in VAT volume and body weight. This suggests that measuring VAT area at this single level can indeed represent visceral adipose tissue volume effectively, supporting the answer ""yes.""",yes,1,Qwen2_5_3B,qwen2.5:3b,4.964167,6/27/2026 0:56,31.1
22117569,yes,"maybe

The abstract suggests that embedding an advance care planning (ACP) model into community palliative care was feasible in a multi-site action research conducted in Victoria, Australia. However, it does not provide enough information on whether ACP itself is feasible in all community settings or if its application varies significantly between different types of services. Further evidence and broader contextual understanding would be needed to conclusively determine the feasibility of an ACP model across diverse community palliative care settings.",maybe,0,Qwen2_5_3B,qwen2.5:3b,6.481185,6/27/2026 0:56,30.7
18783922,yes,"yes

The abstract indicates that cytokines were analyzed in patients with epilepsy, showing detectable levels of several cytokines such as IL-6 and TNF-alpha compared to a control group. Although the study did not directly focus on the role of cytokines in epilepsy, it does provide evidence suggesting cytokines play some physiological roles or are influenced by epilepsy conditions.",yes,1,Qwen2_5_3B,qwen2.5:3b,6.557411,6/27/2026 0:56,31.6
15528969,yes,"yes

The abstract indicates that there is significant variability in pathologic reporting of DCIS, which necessitates expert breast pathology expertise for accurate assessment. This conclusion was drawn from evaluating the completeness and accuracy of pathologic reports over a decade-long period at a cancer center. The findings showed high inter-observer agreement but did highlight changes in risk assessment and treatment recommendations upon secondary pathology assessments. These results underscore the necessity of having an expert breast pathology review to ensure consistent, accurate management of DCIS cases.",yes,1,Qwen2_5_3B,qwen2.5:3b,6.908394,6/27/2026 0:56,32.5
19482903,yes,"no

The study found that among the participants, only a small number (one child failed all criteria) met the previously established criteria for maximal exercise. The majority of children did not meet these criteria, indicating that peak oxygen uptake may not always reflect maximum oxygen uptake in this population. Additionally, there was no significant difference between (.)Vo(2)peak and Vo(2)supramaximal testing, suggesting variability and inconsistency in using (.)Vo(2)peak as a true reflection of maximal exercise capacity for children with spina bifida who are ambulatory.",no,0,Qwen2_5_3B,qwen2.5:3b,8.098791,6/27/2026 0:56,32.1
11977907,yes,"maybe

The abstract indicates that there is an association between different vertebral artery waveform types and side-to-side differences in brachial arterial blood pressure in patients with SSS, suggesting that these measurements might be related to the severity of SS. However, it does not directly address whether a difference in arm's systolic blood pressure can predict the severity of subclavian steal syndrome (SSS). Further research is needed to establish this predictive relationship.",maybe,0,Qwen2_5_3B,qwen2.5:3b,6.908787,6/27/2026 0:57,31.6
17306983,yes,"maybe

The abstract suggests that size-reducing ascending aortoplasty can be an option, but it does not establish clear indications for the diameter of the aorta or provide details about the success rates with external reinforcement. Further research is needed to fully determine if this approach is suitable in modern aortic surgery.",maybe,0,Qwen2_5_3B,qwen2.5:3b,5.246589,6/27/2026 0:57,31.3
24318956,yes,"no

The abstract indicates that there is an inverse association between the use of digoxin and prostate cancer risk in this study. This suggests that digoxin may have a protective effect against PCa rather than being associated with its risk. The data shows a reduction in odds ratio, indicating that those who used digoxin had a lower likelihood of developing prostate cancer compared to controls.",no,0,Qwen2_5_3B,qwen2.5:3b,5.957711,6/27/2026 0:57,30.9
22266735,yes,"yes

The abstract indicates that adopting the new criteria proposed by the International Association of the Diabetes and Pregnancy Study Groups (IADPSG) for screening gestational diabetes mellitus (GDM) is considered cost-effective, with a positive incremental cost-effectiveness ratio (ICER) when postdelivery care can effectively reduce future diabetes incidence. The study found that the IADPSG approach yields more quality-adjusted life years per 100,000 women screened at a reasonable cost compared to current standard practices.",yes,1,Qwen2_5_3B,qwen2.5:3b,7.541206,6/27/2026 0:57,31.7
22453060,yes,"yes

The abstract indicates that the instruction manual consisting of four diagrams successfully enabled laypersons, even without prior BLS training, to operate a Laryngeal Mask Supreme® correctly in the manikin within a short period and provide effective ventilation. The success rate was high at 79.3%, with no significant differences observed related to previous Basic Life Support (BLS) training, technical education, or gender.",yes,1,Qwen2_5_3B,qwen2.5:3b,6.713693,6/27/2026 0:57,32.5
10401824,yes,"yes

The abstract indicates that laparoscopic techniques can be used for reoperations in cases where antireflux surgery has failed, suggesting that it is feasible to perform such procedures. The study details the use of various laparoscopic approaches and discusses postoperative outcomes including morbidity, conversion rates, mortality, hospital stay duration, and patient satisfaction.",yes,1,Qwen2_5_3B,qwen2.5:3b,6.680788,6/27/2026 0:57,33.3
15208005,yes,"yes

The abstract indicates that the Omega-3 Index is inversely associated with risk for CHD mortality. This suggests it can be used as a new risk factor for death from coronary heart disease.",yes,1,Qwen2_5_3B,qwen2.5:3b,3.705841,6/27/2026 0:57,34.1
16713745,yes,"maybe

The abstract suggests that interleukin-8 could potentially predict the presence of certain types of pancreatic disease, but it does not definitively conclude whether cytokine concentrations in pancreatic juice can reliably predict all types or overall presence of pancreatic diseases. Further research would be needed to confirm if other cytokines contribute similarly and if they collectively provide a better prediction.",maybe,0,Qwen2_5_3B,qwen2.5:3b,5.619987,6/27/2026 0:57,33.7
21864397,yes,"maybe

The abstract suggests that combined modality treatment may provide a benefit for selected cases of nasopharyngeal carcinoma (NPC) with lung metastasis alone. However, it does not definitively answer whether combined modality treatment benefits survival specifically in this group or if there are certain subgroups where the treatment is more beneficial. Further detailed analysis would be required to make a definitive judgment on the question.",maybe,0,Qwen2_5_3B,qwen2.5:3b,6.216782,6/27/2026 0:57,33.3
25810292,yes,"yes

The abstract indicates that minimally invasive mitral valve repair using artificial chords has been successfully performed in routine surgical settings over a period from 2008 to 2013. It demonstrates high procedural success with an overall repair rate of nearly 100%, excellent outcomes without significant complications like recurrent regurgitation, and stable long-term results with no de-insertion or rupture of neochords observed in the reviewed patients over a follow-up period ranging from 3 to 60 months.",yes,1,Qwen2_5_3B,qwen2.5:3b,7.431414,6/27/2026 0:57,34.1
11943048,yes,"no

The study did not find that receipt of hospice care in nursing homes improved the management of pain at the end of life as it showed that only a small percentage difference in regular analgesic treatment between hospice and nonhospice residents was noted, with more hospice residents receiving regular pain treatment compared to nonhospice residents.",no,0,Qwen2_5_3B,qwen2.5:3b,6.483118,6/27/2026 0:58,33.7
23347337,yes,"maybe

The abstract suggests that intensive chemotherapy regimens are administered safely at the Townsville Cancer Centre without a significant difference in adverse events between urban and rural patients, though further extensive studies may be needed to confirm this conclusion definitively.",maybe,0,Qwen2_5_3B,qwen2.5:3b,4.321334,6/27/2026 0:58,33.3
23992109,yes,"maybe

The abstract suggests that urinary biomarkers can be significant for assessing tubulointerstitial lesions of the solitary kidney (SK), but it does not explicitly state whether this approach is non-invasive. The presence of significant correlations with eGFR indicates some level of diagnostic value, but more research would be needed to confirm if these urinary markers are truly a non-invasive method.",maybe,0,Qwen2_5_3B,qwen2.5:3b,6.832523,6/27/2026 0:58,33
10922093,yes,"no

The study indicates that although open access endoscopy patients report receiving less information prior to their procedure and have poorer explanations, they still maintain higher satisfaction scores and similar levels of procedural acceptance compared to those referred from a subspecialty clinic. This suggests that adequate patient informed consent, along with appropriate explanation, can mitigate the concerns about potential inadequacy in open access endoscopy.",no,0,Qwen2_5_3B,qwen2.5:3b,5.798731,6/27/2026 0:58,32.6
26601554,yes,"yes

The abstract indicates that viral infections were significantly higher in a study of 944 patients with benign paroxysmal positional vertigo (BPPV) compared to a control group of healthy subjects. The seasonal variations observed suggest an association between certain viruses and BPPV, hinting at a potential role for viral infections in the development or exacerbation of this condition.",yes,1,Qwen2_5_3B,qwen2.5:3b,5.443604,6/27/2026 0:58,33.3
15489384,yes,"yes

The abstract suggests a clear relationship between reduced arm spasticity and improvement in arm function. Despite limitations such as the use of intra-muscular botulinum toxin and differences in treatment doses, the exploratory meta-analysis found that maximum changes in both composite measures (spasticity index and functional index) occurred concurrently, indicating that reductions in spasticity can lead to improved function.",yes,1,Qwen2_5_3B,qwen2.5:3b,6.309491,6/27/2026 0:58,34
27818079,yes,"yes

The study evaluated the retromandibular transparotid approach for surgical treatment of condylar fractures over a period from January 2012 to December 2014, with successful outcomes including restored pre-injury occlusion and temporomandibular joint health. The absence of permanent neurologic impairments or major postoperative complications supports the reliability of this approach as hypothesized by the authors.",yes,1,Qwen2_5_3B,qwen2.5:3b,6.230884,6/27/2026 0:58,34.7
24340838,yes,"maybe

The abstract suggests that some athletes with ventricular arrhythmias have a decrease in recurrence of such events over time, but it does not definitively answer whether all subside completely or if only certain types diminish consistently. It indicates a trend towards fewer arrhythmias but does not provide comprehensive data on the total disappearance of ventricular arrhythmias for all athletes.",maybe,0,Qwen2_5_3B,qwen2.5:3b,5.797848,6/27/2026 0:58,34.4
16971978,yes,"yes

The abstract indicates that the prevalence of bifurcation and ostial lesions is significantly greater in patients with diabetes mellitus (DM), suggesting that complex coronary lesions are more frequent in diabetic patients.",yes,1,Qwen2_5_3B,qwen2.5:3b,4.274794,6/27/2026 0:58,35.1
21689015,yes,"yes

The abstract suggests that a 12-year-old boy with ASD showed more positive behaviors like smiling and engaging in positive physical contact, along with fewer instances of negative behaviors such as aggression, when interacting with a therapy dog. This indicates potential for dogs to positively modulate the behavior of children with autism, supporting the hypothesis that dogs could prime autistic children for therapy.",yes,1,Qwen2_5_3B,qwen2.5:3b,5.49422,6/27/2026 0:58,35.7
12846929,yes,"no

The study indicates that socioeconomic status does not significantly affect the quality of life scores in lung cancer patients when measured using standardized instruments (NHP, EORTC QLQ-C30 and its lung cancer supplement) over a short-term period. There were no significant differences between the groups at follow-up assessment, suggesting that economic factors do not substantially influence patient-reported health outcomes in this cohort.",no,0,Qwen2_5_3B,qwen2.5:3b,5.857009,6/27/2026 0:59,35.4
22694248,yes,"yes

The abstract indicates that this study developed a training model for retroperitoneoscopic nephrectomy (RPN) in piglets using a specific surgical technique and analyzing intraoperative parameters. This aligns with the question of teaching and practicing RPN as the research demonstrates an experimental learning curve which is essential for practice and education.",yes,1,Qwen2_5_3B,qwen2.5:3b,5.106327,6/27/2026 0:59,36
